[
    {
        "PRN": "D2778296",
        "SEQ_NUM": 1,
        "BLOCK": "A",
        "FLOOR": "1",
        "FLAT": NaN,
        "HOUSE_NUM_PREFIX": 339.0,
        "STREET_NAME_ENG": "TAI HANG ROAD",
        "STREET_NAME_CHN": "大坑道",
        "AREA_DESC_ENG": "HONG KONG",
        "AREA_DESC_CHN": "香港",
        "FREE_FORMAT_ADDR_ENG": "RESIDENTIAL UNIT ON 1ST FLOOR WITH BALCONY AND GARDEN OF BLOCK A \"339 TAI HANG ROAD\" NO. 339 TAI HANG ROAD HONG KONG",
        "FREE_FORMAT_ADDR_CHN": NaN,
        "DEV_NAME_ENG": "339 TAI HANG ROAD",
        "DEV_NAME_CHN": NaN,
        "FIRST_REFERENCE_LOT_PRN": "C4451813"
    },
    {
        "PRN": "D2778307",
        "SEQ_NUM": 1,
        "BLOCK": "A",
        "FLOOR": "2",
        "FLAT": NaN,
        "HOUSE_NUM_PREFIX": 339.0,
        "STREET_NAME_ENG": "TAI HANG ROAD",
        "STREET_NAME_CHN": "大坑道",
        "AREA_DESC_ENG": "HONG KONG",
        "AREA_DESC_CHN": "香港",
        "FREE_FORMAT_ADDR_ENG": "RESIDENTIAL UNIT ON 2ND FLOOR WITH BALCONY AND UTILITY PLATFORM OF BLOCK A \"339 TAI HANG ROAD\" NO. 339 TAI HANG ROAD HONG KONG",
        "FREE_FORMAT_ADDR_CHN": NaN,
        "DEV_NAME_ENG": "339 TAI HANG ROAD",
        "DEV_NAME_CHN": NaN,
        "FIRST_REFERENCE_LOT_PRN": "C4451813"
    },
    {
        "PRN": "D2778319",
        "SEQ_NUM": 1,
        "BLOCK": "A",
        "FLOOR": "3",
        "FLAT": NaN,
        "HOUSE_NUM_PREFIX": 339.0,
        "STREET_NAME_ENG": "TAI HANG ROAD",
        "STREET_NAME_CHN": "大坑道",
        "AREA_DESC_ENG": "HONG KONG",
        "AREA_DESC_CHN": "香港",
        "FREE_FORMAT_ADDR_ENG": "RESIDENTIAL UNIT ON 3RD FLOOR WITH BALCONY AND UTILITY PLATFORM OF BLOCK A \"339 TAI HANG ROAD\" NO. 339 TAI HANG ROAD HONG KONG",
        "FREE_FORMAT_ADDR_CHN": NaN,
        "DEV_NAME_ENG": "339 TAI HANG ROAD",
        "DEV_NAME_CHN": NaN,
        "FIRST_REFERENCE_LOT_PRN": "C4451813"
    },
    {
        "PRN": "D2778328",
        "SEQ_NUM": 1,
        "BLOCK": "A",
        "FLOOR": "4",
        "FLAT": NaN,
        "HOUSE_NUM_PREFIX": 339.0,
        "STREET_NAME_ENG": "TAI HANG ROAD",
        "STREET_NAME_CHN": "大坑道",
        "AREA_DESC_ENG": "HONG KONG",
        "AREA_DESC_CHN": "香港",
        "FREE_FORMAT_ADDR_ENG": "RESIDENTIAL UNIT ON 4TH FLOOR WITH BALCONY AND UTILITY PLATFORM OF BLOCK A \"339 TAI HANG ROAD\" NO. 339 TAI HANG ROAD HONG KONG",
        "FREE_FORMAT_ADDR_CHN": NaN,
        "DEV_NAME_ENG": "339 TAI HANG ROAD",
        "DEV_NAME_CHN": NaN,
        "FIRST_REFERENCE_LOT_PRN": "C4451813"
    },
    {
        "PRN": "D2778330",
        "SEQ_NUM": 1,
        "BLOCK": "A",
        "FLOOR": "5",
        "FLAT": NaN,
        "HOUSE_NUM_PREFIX": 339.0,
        "STREET_NAME_ENG": "TAI HANG ROAD",
        "STREET_NAME_CHN": "大坑道",
        "AREA_DESC_ENG": "HONG KONG",
        "AREA_DESC_CHN": "香港",
        "FREE_FORMAT_ADDR_ENG": "RESIDENTIAL UNIT (BEING A DUPLEX FLAT) ON 5TH FLOOR AND 6TH FLOOR WITH PRIVATE LIFT LIFT PIT ON 4TH FLOOR BALCONY UTILITY PLATFORM STAIRHOOD ROOF AND TOP ROOF OF BLOCK A \"339 TAI HANG ROAD\" NO. 339 TAI HANG ROAD HONG KONG",
        "FREE_FORMAT_ADDR_CHN": NaN,
        "DEV_NAME_ENG": "339 TAI HANG ROAD",
        "DEV_NAME_CHN": NaN,
        "FIRST_REFERENCE_LOT_PRN": "C4451813"
    },
    {
        "PRN": "D2778348",
        "SEQ_NUM": 1,
        "BLOCK": "B",
        "FLOOR": "1",
        "FLAT": NaN,
        "HOUSE_NUM_PREFIX": 339.0,
        "STREET_NAME_ENG": "TAI HANG ROAD",
        "STREET_NAME_CHN": "大坑道",
        "AREA_DESC_ENG": "HONG KONG",
        "AREA_DESC_CHN": "香港",
        "FREE_FORMAT_ADDR_ENG": "RESIDENTIAL UNIT (BEING A DUPLEX FLAT) ON 1ST FLOOR AND 2ND FLOOR WITH ENTRANCE ON GROUND FLOOR BALCONY UTILITY PLATFORM AND GARDEN OF BLOCK B \"339 TAI HANG ROAD\" NO. 339 TAI HANG ROAD HONG KONG",
        "FREE_FORMAT_ADDR_CHN": NaN,
        "DEV_NAME_ENG": "339 TAI HANG ROAD",
        "DEV_NAME_CHN": NaN,
        "FIRST_REFERENCE_LOT_PRN": "C4451813"
    },
    {
        "PRN": "D2778354",
        "SEQ_NUM": 1,
        "BLOCK": "B",
        "FLOOR": "3",
        "FLAT": NaN,
        "HOUSE_NUM_PREFIX": 339.0,
        "STREET_NAME_ENG": "TAI HANG ROAD",
        "STREET_NAME_CHN": "大坑道",
        "AREA_DESC_ENG": "HONG KONG",
        "AREA_DESC_CHN": "香港",
        "FREE_FORMAT_ADDR_ENG": "RESIDENTIAL UNIT ON 3RD FLOOR WITH BALCONY AND UTILITY PLATFORM OF BLOCK B \"339 TAI HANG ROAD\" NO. 339 TAI HANG ROAD HONG KONG",
        "FREE_FORMAT_ADDR_CHN": NaN,
        "DEV_NAME_ENG": "339 TAI HANG ROAD",
        "DEV_NAME_CHN": NaN,
        "FIRST_REFERENCE_LOT_PRN": "C4451813"
    },
    {
        "PRN": "D2778365",
        "SEQ_NUM": 1,
        "BLOCK": "B",
        "FLOOR": "4",
        "FLAT": NaN,
        "HOUSE_NUM_PREFIX": 339.0,
        "STREET_NAME_ENG": "TAI HANG ROAD",
        "STREET_NAME_CHN": "大坑道",
        "AREA_DESC_ENG": "HONG KONG",
        "AREA_DESC_CHN": "香港",
        "FREE_FORMAT_ADDR_ENG": "RESIDENTIAL UNIT ON 4TH FLOOR WITH BALCONY AND UTILITY PLATFORM OF BLOCK B \"339 TAI HANG ROAD\" NO. 339 TAI HANG ROAD HONG KONG",
        "FREE_FORMAT_ADDR_CHN": NaN,
        "DEV_NAME_ENG": "339 TAI HANG ROAD",
        "DEV_NAME_CHN": NaN,
        "FIRST_REFERENCE_LOT_PRN": "C4451813"
    },
    {
        "PRN": "D2778377",
        "SEQ_NUM": 1,
        "BLOCK": "B",
        "FLOOR": "5",
        "FLAT": NaN,
        "HOUSE_NUM_PREFIX": 339.0,
        "STREET_NAME_ENG": "TAI HANG ROAD",
        "STREET_NAME_CHN": "大坑道",
        "AREA_DESC_ENG": "HONG KONG",
        "AREA_DESC_CHN": "香港",
        "FREE_FORMAT_ADDR_ENG": "RESIDENTIAL UNIT (BEING A DUPLEX FLAT) ON 5TH FLOOR AND 6TH FLOOR WITH BALCONY UTILITY PLATFORM STAIRHOOD ROOF AND TOP ROOF OF BLOCK B \"339 TAI HANG ROAD\" NO. 339 TAI HANG ROAD HONG KONG",
        "FREE_FORMAT_ADDR_CHN": NaN,
        "DEV_NAME_ENG": "339 TAI HANG ROAD",
        "DEV_NAME_CHN": NaN,
        "FIRST_REFERENCE_LOT_PRN": "C4451813"
    }
]