[
    {
        "PRN": "B1449349",
        "SEQ_NUM": 1,
        "BLOCK": "11",
        "FLOOR": "G",
        "FLAT": NaN,
        "HOUSE_NUM_PREFIX": NaN,
        "STREET_NAME_ENG": NaN,
        "STREET_NAME_CHN": NaN,
        "AREA_DESC_ENG": NaN,
        "AREA_DESC_CHN": NaN,
        "FREE_FORMAT_ADDR_ENG": "G/F INCLUDING THE GARDEN BLOCK 11 OF ARTS GARDEN 55E NGA YIU TAU YUEN LONG NEW TERRITORIES",
        "FREE_FORMAT_ADDR_CHN": NaN,
        "DEV_NAME_ENG": "ARTS GARDEN",
        "DEV_NAME_CHN": "雅仕花園",
        "FIRST_REFERENCE_LOT_PRN": "C5031950"
    },
    {
        "PRN": "B1449353",
        "SEQ_NUM": 1,
        "BLOCK": "11",
        "FLOOR": "1",
        "FLAT": NaN,
        "HOUSE_NUM_PREFIX": NaN,
        "STREET_NAME_ENG": NaN,
        "STREET_NAME_CHN": NaN,
        "AREA_DESC_ENG": NaN,
        "AREA_DESC_CHN": NaN,
        "FREE_FORMAT_ADDR_ENG": "1/F INCLUDING THE BALCONY BLOCK 11 OF ARTS GARDEN 55E NGA YIU TAU YUEN LONG NEW TERRITORIES",
        "FREE_FORMAT_ADDR_CHN": NaN,
        "DEV_NAME_ENG": "ARTS GARDEN",
        "DEV_NAME_CHN": "雅仕花園",
        "FIRST_REFERENCE_LOT_PRN": "C5031950"
    },
    {
        "PRN": "B1449504",
        "SEQ_NUM": 1,
        "BLOCK": "6",
        "FLOOR": "G",
        "FLAT": NaN,
        "HOUSE_NUM_PREFIX": NaN,
        "STREET_NAME_ENG": NaN,
        "STREET_NAME_CHN": NaN,
        "AREA_DESC_ENG": NaN,
        "AREA_DESC_CHN": NaN,
        "FREE_FORMAT_ADDR_ENG": "G/F INCLUDING THE GARDEN OF BLOCK 6 OF ARTS GARDEN 55E NGA YIU TAU SECTION B OF LOT NO.3365 IN DD116 YUEN LONG NEW TERRITORIES",
        "FREE_FORMAT_ADDR_CHN": NaN,
        "DEV_NAME_ENG": "ARTS GARDEN",
        "DEV_NAME_CHN": "雅仕花園",
        "FIRST_REFERENCE_LOT_PRN": "C5031824"
    },
    {
        "PRN": "B1449516",
        "SEQ_NUM": 1,
        "BLOCK": "6",
        "FLOOR": "1",
        "FLAT": NaN,
        "HOUSE_NUM_PREFIX": NaN,
        "STREET_NAME_ENG": NaN,
        "STREET_NAME_CHN": NaN,
        "AREA_DESC_ENG": NaN,
        "AREA_DESC_CHN": NaN,
        "FREE_FORMAT_ADDR_ENG": "1/F INCLUDING THE BALCONY AND THE OPEN SPACE BLOCK 6 OF ARTS GARDEN 55E NGA YIU TAU S.B OF LOT NO.3365 IN DD116 YUEN LONG N.T.",
        "FREE_FORMAT_ADDR_CHN": NaN,
        "DEV_NAME_ENG": "ARTS GARDEN",
        "DEV_NAME_CHN": "雅仕花園",
        "FIRST_REFERENCE_LOT_PRN": "C5031824"
    },
    {
        "PRN": "B1449606",
        "SEQ_NUM": 1,
        "BLOCK": "10",
        "FLOOR": "G",
        "FLAT": NaN,
        "HOUSE_NUM_PREFIX": NaN,
        "STREET_NAME_ENG": NaN,
        "STREET_NAME_CHN": NaN,
        "AREA_DESC_ENG": NaN,
        "AREA_DESC_CHN": NaN,
        "FREE_FORMAT_ADDR_ENG": "G/F INCLUDING GARDEN & OPEN SPACE BLK 10 OF ARTS GARDEN NGA YIU TAU SECTION B OF LOT NO.3405 IN DD116 YUEN LONG NEW TERRITORIES",
        "FREE_FORMAT_ADDR_CHN": NaN,
        "DEV_NAME_ENG": "ARTS GARDEN",
        "DEV_NAME_CHN": "雅仕花園",
        "FIRST_REFERENCE_LOT_PRN": "C3053931"
    },
    {
        "PRN": "B1449617",
        "SEQ_NUM": 1,
        "BLOCK": "10",
        "FLOOR": "1",
        "FLAT": NaN,
        "HOUSE_NUM_PREFIX": NaN,
        "STREET_NAME_ENG": NaN,
        "STREET_NAME_CHN": NaN,
        "AREA_DESC_ENG": NaN,
        "AREA_DESC_CHN": NaN,
        "FREE_FORMAT_ADDR_ENG": "1/F INCLUDING THE BALCONY BLK 10 OF ARTS GARDEN NGA YIU TAU SECTION B OF LOT NO.3405 IN DD116 YUEN LONG NEW TERRITORIES",
        "FREE_FORMAT_ADDR_CHN": NaN,
        "DEV_NAME_ENG": "ARTS GARDEN",
        "DEV_NAME_CHN": "雅仕花園",
        "FIRST_REFERENCE_LOT_PRN": "C3053931"
    },
    {
        "PRN": "B1453710",
        "SEQ_NUM": 1,
        "BLOCK": "3",
        "FLOOR": "1",
        "FLAT": NaN,
        "HOUSE_NUM_PREFIX": NaN,
        "STREET_NAME_ENG": NaN,
        "STREET_NAME_CHN": NaN,
        "AREA_DESC_ENG": NaN,
        "AREA_DESC_CHN": NaN,
        "FREE_FORMAT_ADDR_ENG": "FIRST FLOOR INCLUDING THE BALCONY BLOCK 3 OF ARTS GARDEN 52E NGA YIU TAU S.S.2 OF S.B OF LOT NO.3366 IN DD116 Y.L. N.T.",
        "FREE_FORMAT_ADDR_CHN": NaN,
        "DEV_NAME_ENG": "ARTS GARDEN",
        "DEV_NAME_CHN": "雅仕花園",
        "FIRST_REFERENCE_LOT_PRN": "C6723843"
    },
    {
        "PRN": "B1453720",
        "SEQ_NUM": 1,
        "BLOCK": "9",
        "FLOOR": "G",
        "FLAT": NaN,
        "HOUSE_NUM_PREFIX": NaN,
        "STREET_NAME_ENG": NaN,
        "STREET_NAME_CHN": NaN,
        "AREA_DESC_ENG": NaN,
        "AREA_DESC_CHN": NaN,
        "FREE_FORMAT_ADDR_ENG": "G/F WITH THE GARDEN OF BLOCK 9 ARTS GARDEN 55E NGA YIU TAU YUEN LONG NEW TERRITORIES ",
        "FREE_FORMAT_ADDR_CHN": NaN,
        "DEV_NAME_ENG": "ARTS GARDEN",
        "DEV_NAME_CHN": "雅仕花園",
        "FIRST_REFERENCE_LOT_PRN": "C3053947"
    },
    {
        "PRN": "B1466005",
        "SEQ_NUM": 1,
        "BLOCK": "4",
        "FLOOR": "G",
        "FLAT": NaN,
        "HOUSE_NUM_PREFIX": NaN,
        "STREET_NAME_ENG": NaN,
        "STREET_NAME_CHN": NaN,
        "AREA_DESC_ENG": NaN,
        "AREA_DESC_CHN": NaN,
        "FREE_FORMAT_ADDR_ENG": "G/F INCLUDING THE GARDEN BLOCK 4 OF ARTS GARDEN 55E NGA YIU TAU YUEN LONG NEW TERRITORIES",
        "FREE_FORMAT_ADDR_CHN": NaN,
        "DEV_NAME_ENG": "ARTS GARDEN",
        "DEV_NAME_CHN": "雅仕花園",
        "FIRST_REFERENCE_LOT_PRN": "C3053234"
    },
    {
        "PRN": "B1466013",
        "SEQ_NUM": 1,
        "BLOCK": "4",
        "FLOOR": "1",
        "FLAT": NaN,
        "HOUSE_NUM_PREFIX": NaN,
        "STREET_NAME_ENG": NaN,
        "STREET_NAME_CHN": NaN,
        "AREA_DESC_ENG": NaN,
        "AREA_DESC_CHN": NaN,
        "FREE_FORMAT_ADDR_ENG": "1/F INCLUDING THE BALCONY BLOCK 4 OF ARTS GARDEN 55E NGA YIU TAU YUEN LONG NEW TERRITORIES",
        "FREE_FORMAT_ADDR_CHN": NaN,
        "DEV_NAME_ENG": "ARTS GARDEN",
        "DEV_NAME_CHN": "雅仕花園",
        "FIRST_REFERENCE_LOT_PRN": "C3053234"
    },
    {
        "PRN": "B1467341",
        "SEQ_NUM": 1,
        "BLOCK": "7",
        "FLOOR": "G",
        "FLAT": NaN,
        "HOUSE_NUM_PREFIX": NaN,
        "STREET_NAME_ENG": NaN,
        "STREET_NAME_CHN": NaN,
        "AREA_DESC_ENG": NaN,
        "AREA_DESC_CHN": NaN,
        "FREE_FORMAT_ADDR_ENG": "G/F INCLUDING THE GARDEN BLOCK 7 OF ARTS GARDEN 55E NGA YIU TAU YUEN LONG NEW TERRITORIES",
        "FREE_FORMAT_ADDR_CHN": NaN,
        "DEV_NAME_ENG": "ARTS GARDEN",
        "DEV_NAME_CHN": "雅仕花園",
        "FIRST_REFERENCE_LOT_PRN": "C3053207"
    },
    {
        "PRN": "B1467357",
        "SEQ_NUM": 1,
        "BLOCK": "7",
        "FLOOR": "1",
        "FLAT": NaN,
        "HOUSE_NUM_PREFIX": NaN,
        "STREET_NAME_ENG": NaN,
        "STREET_NAME_CHN": NaN,
        "AREA_DESC_ENG": NaN,
        "AREA_DESC_CHN": NaN,
        "FREE_FORMAT_ADDR_ENG": "1/F INCLUDING THE BALCONY BLOCK 7 OF ARTS GARDEN 55E NGA YIU TAU YUEN LONG NEW TERRITORIES",
        "FREE_FORMAT_ADDR_CHN": NaN,
        "DEV_NAME_ENG": "ARTS GARDEN",
        "DEV_NAME_CHN": "雅仕花園",
        "FIRST_REFERENCE_LOT_PRN": "C3053207"
    },
    {
        "PRN": "B1467366",
        "SEQ_NUM": 1,
        "BLOCK": "7",
        "FLOOR": "2",
        "FLAT": NaN,
        "HOUSE_NUM_PREFIX": NaN,
        "STREET_NAME_ENG": NaN,
        "STREET_NAME_CHN": NaN,
        "AREA_DESC_ENG": NaN,
        "AREA_DESC_CHN": NaN,
        "FREE_FORMAT_ADDR_ENG": "2/F INCLUDING THE BALCONY ADJACENT THERETO AND THE ROOF THEREOF BLOCK 7 OF ARTS GARDEN 55E NGA YIU TAU YUEN LONG NEW TERRITORIES",
        "FREE_FORMAT_ADDR_CHN": NaN,
        "DEV_NAME_ENG": "ARTS GARDEN",
        "DEV_NAME_CHN": "雅仕花園",
        "FIRST_REFERENCE_LOT_PRN": "C3053207"
    },
    {
        "PRN": "B4806475",
        "SEQ_NUM": 1,
        "BLOCK": "10",
        "FLOOR": "2",
        "FLAT": NaN,
        "HOUSE_NUM_PREFIX": NaN,
        "STREET_NAME_ENG": NaN,
        "STREET_NAME_CHN": NaN,
        "AREA_DESC_ENG": NaN,
        "AREA_DESC_CHN": NaN,
        "FREE_FORMAT_ADDR_ENG": "2/F INCLUDING THE BALCONY AND ROOF BLK 10 OF ARTS GARDEN NGA YIU TAU SECTION B OF LOT NO.3405 IN DD116 YUEN LONG NEW TERRITORIES",
        "FREE_FORMAT_ADDR_CHN": NaN,
        "DEV_NAME_ENG": "ARTS GARDEN",
        "DEV_NAME_CHN": "雅仕花園",
        "FIRST_REFERENCE_LOT_PRN": "C3053931"
    },
    {
        "PRN": "B4807125",
        "SEQ_NUM": 1,
        "BLOCK": "3",
        "FLOOR": "2",
        "FLAT": NaN,
        "HOUSE_NUM_PREFIX": NaN,
        "STREET_NAME_ENG": NaN,
        "STREET_NAME_CHN": NaN,
        "AREA_DESC_ENG": NaN,
        "AREA_DESC_CHN": NaN,
        "FREE_FORMAT_ADDR_ENG": "2/F INCLUDING THE BALCONY & OPEN SPACE & ROOF BLK 3 OF ARTS GARDEN 52E NGA YIU TAU S.S.2 OF S.B OF LOT NO.3366 IN DD116 Y.L. N.T.",
        "FREE_FORMAT_ADDR_CHN": NaN,
        "DEV_NAME_ENG": "ARTS GARDEN",
        "DEV_NAME_CHN": "雅仕花園",
        "FIRST_REFERENCE_LOT_PRN": "C6723843"
    },
    {
        "PRN": "B5335501",
        "SEQ_NUM": 1,
        "BLOCK": "9",
        "FLOOR": "2",
        "FLAT": NaN,
        "HOUSE_NUM_PREFIX": NaN,
        "STREET_NAME_ENG": NaN,
        "STREET_NAME_CHN": NaN,
        "AREA_DESC_ENG": NaN,
        "AREA_DESC_CHN": NaN,
        "FREE_FORMAT_ADDR_ENG": "2/F INCLUDING THE BALCONY AND OPEN SPACE & ROOF BLK 9 OF ARTS GARDEN 55E NGA YIU TAU YUEN LONG NEW TERRITORIES",
        "FREE_FORMAT_ADDR_CHN": NaN,
        "DEV_NAME_ENG": "ARTS GARDEN",
        "DEV_NAME_CHN": "雅仕花園",
        "FIRST_REFERENCE_LOT_PRN": "C3053947"
    },
    {
        "PRN": "B5671787",
        "SEQ_NUM": 1,
        "BLOCK": "11",
        "FLOOR": "2",
        "FLAT": NaN,
        "HOUSE_NUM_PREFIX": NaN,
        "STREET_NAME_ENG": NaN,
        "STREET_NAME_CHN": NaN,
        "AREA_DESC_ENG": NaN,
        "AREA_DESC_CHN": NaN,
        "FREE_FORMAT_ADDR_ENG": "2/F INCLUDING THE BALCONY  THE OPEN SPACE & ROOF OF BLOCK 11 ARTS GARDEN 55E NGA YIU TAU YUEN LONG NEW TERRITORIES",
        "FREE_FORMAT_ADDR_CHN": NaN,
        "DEV_NAME_ENG": "ARTS GARDEN",
        "DEV_NAME_CHN": "雅仕花園",
        "FIRST_REFERENCE_LOT_PRN": "C5031950"
    },
    {
        "PRN": "B7495955",
        "SEQ_NUM": 1,
        "BLOCK": "1",
        "FLOOR": "2",
        "FLAT": NaN,
        "HOUSE_NUM_PREFIX": NaN,
        "STREET_NAME_ENG": NaN,
        "STREET_NAME_CHN": NaN,
        "AREA_DESC_ENG": NaN,
        "AREA_DESC_CHN": NaN,
        "FREE_FORMAT_ADDR_ENG": "2/F INCLUDING THE BALCONY & ROOF BLOCK 1 OF ARTS GARDEN 55E NGA YIU TAU YUEN LONG NEW TERRITORIES",
        "FREE_FORMAT_ADDR_CHN": NaN,
        "DEV_NAME_ENG": "ARTS GARDEN",
        "DEV_NAME_CHN": "雅仕花園",
        "FIRST_REFERENCE_LOT_PRN": "C3053279"
    },
    {
        "PRN": "B8021848",
        "SEQ_NUM": 1,
        "BLOCK": "1",
        "FLOOR": "G",
        "FLAT": NaN,
        "HOUSE_NUM_PREFIX": NaN,
        "STREET_NAME_ENG": NaN,
        "STREET_NAME_CHN": NaN,
        "AREA_DESC_ENG": NaN,
        "AREA_DESC_CHN": NaN,
        "FREE_FORMAT_ADDR_ENG": "G/F INCLUDING THE GARDEN BLOCK 1 OF ARTS GARDEN 55E NGA YIU TAU YUEN LONG NEW TERRITORIES",
        "FREE_FORMAT_ADDR_CHN": NaN,
        "DEV_NAME_ENG": "ARTS GARDEN",
        "DEV_NAME_CHN": "雅仕花園",
        "FIRST_REFERENCE_LOT_PRN": "C3053279"
    },
    {
        "PRN": "B8693813",
        "SEQ_NUM": 1,
        "BLOCK": "3",
        "FLOOR": "G",
        "FLAT": NaN,
        "HOUSE_NUM_PREFIX": NaN,
        "STREET_NAME_ENG": NaN,
        "STREET_NAME_CHN": NaN,
        "AREA_DESC_ENG": NaN,
        "AREA_DESC_CHN": NaN,
        "FREE_FORMAT_ADDR_ENG": "GROUND FLOOR INCLUDING THE GARDEN BLOCK 3 OF ARTS GARDEN 52E NGA YIU TAU YUEN LONG NEW TERRITORIES",
        "FREE_FORMAT_ADDR_CHN": NaN,
        "DEV_NAME_ENG": "ARTS GARDEN",
        "DEV_NAME_CHN": "雅仕花園",
        "FIRST_REFERENCE_LOT_PRN": "C6723843"
    },
    {
        "PRN": "B8693829",
        "SEQ_NUM": 1,
        "BLOCK": "9",
        "FLOOR": "1",
        "FLAT": NaN,
        "HOUSE_NUM_PREFIX": NaN,
        "STREET_NAME_ENG": NaN,
        "STREET_NAME_CHN": NaN,
        "AREA_DESC_ENG": NaN,
        "AREA_DESC_CHN": NaN,
        "FREE_FORMAT_ADDR_ENG": "FIRST FLOOR INCLUDING THE BALCONY BLOCK 9 OF ARTS GARDEN 55E NGA YIU TAU YUEN LONG NEW TERRITORIES",
        "FREE_FORMAT_ADDR_CHN": NaN,
        "DEV_NAME_ENG": "ARTS GARDEN",
        "DEV_NAME_CHN": "雅仕花園",
        "FIRST_REFERENCE_LOT_PRN": "C3053947"
    },
    {
        "PRN": "B8694519",
        "SEQ_NUM": 1,
        "BLOCK": "1",
        "FLOOR": "1",
        "FLAT": NaN,
        "HOUSE_NUM_PREFIX": NaN,
        "STREET_NAME_ENG": NaN,
        "STREET_NAME_CHN": NaN,
        "AREA_DESC_ENG": NaN,
        "AREA_DESC_CHN": NaN,
        "FREE_FORMAT_ADDR_ENG": "1/F INCLUDING THE BALCONY BLOCK 1 OF ARTS GARDEN 55E NGA YIU TAU YUEN LONG NEW TERRITORIES",
        "FREE_FORMAT_ADDR_CHN": NaN,
        "DEV_NAME_ENG": "ARTS GARDEN",
        "DEV_NAME_CHN": "雅仕花園",
        "FIRST_REFERENCE_LOT_PRN": "C3053279"
    },
    {
        "PRN": "C0173801",
        "SEQ_NUM": 1,
        "BLOCK": "6",
        "FLOOR": "2",
        "FLAT": NaN,
        "HOUSE_NUM_PREFIX": NaN,
        "STREET_NAME_ENG": NaN,
        "STREET_NAME_CHN": NaN,
        "AREA_DESC_ENG": NaN,
        "AREA_DESC_CHN": NaN,
        "FREE_FORMAT_ADDR_ENG": "2/F INCLUDING THE BALCONY AND ROOF BLOCK 6 OF ARTS GARDEN 55E NGA YIU TAU S.B OF LOT NO.3365 IN DD116 YUEN LONG N.T.",
        "FREE_FORMAT_ADDR_CHN": NaN,
        "DEV_NAME_ENG": "ARTS GARDEN",
        "DEV_NAME_CHN": "雅仕花園",
        "FIRST_REFERENCE_LOT_PRN": "C5031824"
    },
    {
        "PRN": "C0175861",
        "SEQ_NUM": 1,
        "BLOCK": "4",
        "FLOOR": "2",
        "FLAT": NaN,
        "HOUSE_NUM_PREFIX": NaN,
        "STREET_NAME_ENG": NaN,
        "STREET_NAME_CHN": NaN,
        "AREA_DESC_ENG": NaN,
        "AREA_DESC_CHN": NaN,
        "FREE_FORMAT_ADDR_ENG": "2/F INCLUDING BALCONY OPEN SPACE AND ROOF OF BLOCK 4 OF ARTS GARDEN 55E NGA YIU TAU YUEN LONG NEW TERRITORIES",
        "FREE_FORMAT_ADDR_CHN": NaN,
        "DEV_NAME_ENG": "ARTS GARDEN",
        "DEV_NAME_CHN": "雅仕花園",
        "FIRST_REFERENCE_LOT_PRN": "C3053234"
    }
]