[
    {
        "PRN": "B1496724",
        "SEQ_NUM": 1,
        "BLOCK": "C",
        "FLOOR": "2",
        "FLAT": NaN,
        "HOUSE_NUM_PREFIX": NaN,
        "STREET_NAME_ENG": NaN,
        "STREET_NAME_CHN": NaN,
        "AREA_DESC_ENG": NaN,
        "AREA_DESC_CHN": NaN,
        "FREE_FORMAT_ADDR_ENG": "2/F AND THE ROOF BLOCK C OF BANCO GARDEN 502 SHUI TSIU SAN TSUEN YUEN LONG NEW TERRITORIES",
        "FREE_FORMAT_ADDR_CHN": NaN,
        "DEV_NAME_ENG": "BANCO GARDEN",
        "DEV_NAME_CHN": "宏潤軒",
        "FIRST_REFERENCE_LOT_PRN": "C5625744"
    },
    {
        "PRN": "B1497085",
        "SEQ_NUM": 1,
        "BLOCK": "D",
        "FLOOR": "G",
        "FLAT": NaN,
        "HOUSE_NUM_PREFIX": NaN,
        "STREET_NAME_ENG": NaN,
        "STREET_NAME_CHN": NaN,
        "AREA_DESC_ENG": NaN,
        "AREA_DESC_CHN": NaN,
        "FREE_FORMAT_ADDR_ENG": "G/F AND THE GARDEN BLOCK D OF BANCO GARDEN 501 SHUI TSIU SAN TSUEN YUEN LONG NEW TERRITORIES",
        "FREE_FORMAT_ADDR_CHN": NaN,
        "DEV_NAME_ENG": "BANCO GARDEN",
        "DEV_NAME_CHN": "宏潤軒",
        "FIRST_REFERENCE_LOT_PRN": "C3075921"
    },
    {
        "PRN": "B1497093",
        "SEQ_NUM": 1,
        "BLOCK": "D",
        "FLOOR": "1",
        "FLAT": NaN,
        "HOUSE_NUM_PREFIX": NaN,
        "STREET_NAME_ENG": NaN,
        "STREET_NAME_CHN": NaN,
        "AREA_DESC_ENG": NaN,
        "AREA_DESC_CHN": NaN,
        "FREE_FORMAT_ADDR_ENG": "1/F BLOCK D OF BANCO GARDEN 501 SHUI TSIU SAN TSUEN YUEN LONG NEW TERRITORIES",
        "FREE_FORMAT_ADDR_CHN": NaN,
        "DEV_NAME_ENG": "BANCO GARDEN",
        "DEV_NAME_CHN": "宏潤軒",
        "FIRST_REFERENCE_LOT_PRN": "C3075921"
    },
    {
        "PRN": "B4812533",
        "SEQ_NUM": 1,
        "BLOCK": "C",
        "FLOOR": "G",
        "FLAT": NaN,
        "HOUSE_NUM_PREFIX": NaN,
        "STREET_NAME_ENG": NaN,
        "STREET_NAME_CHN": NaN,
        "AREA_DESC_ENG": NaN,
        "AREA_DESC_CHN": NaN,
        "FREE_FORMAT_ADDR_ENG": "G/F AND THE GARDEN BLOCK C OF BANCO GARDEN 502 SHUI TSIU SAN TSUEN YUEN LONG NEW TERRITORIES",
        "FREE_FORMAT_ADDR_CHN": NaN,
        "DEV_NAME_ENG": "BANCO GARDEN",
        "DEV_NAME_CHN": "宏潤軒",
        "FIRST_REFERENCE_LOT_PRN": "C5625744"
    },
    {
        "PRN": "B4812543",
        "SEQ_NUM": 1,
        "BLOCK": "C",
        "FLOOR": "1",
        "FLAT": NaN,
        "HOUSE_NUM_PREFIX": NaN,
        "STREET_NAME_ENG": NaN,
        "STREET_NAME_CHN": NaN,
        "AREA_DESC_ENG": NaN,
        "AREA_DESC_CHN": NaN,
        "FREE_FORMAT_ADDR_ENG": "1/F BLOCK C OF BANCO GARDEN 502 SHUI TSIU SAN TSUEN YUEN LONG NEW TERRITORIES",
        "FREE_FORMAT_ADDR_CHN": NaN,
        "DEV_NAME_ENG": "BANCO GARDEN",
        "DEV_NAME_CHN": "宏潤軒",
        "FIRST_REFERENCE_LOT_PRN": "C5625744"
    },
    {
        "PRN": "B7498374",
        "SEQ_NUM": 1,
        "BLOCK": "D",
        "FLOOR": "2",
        "FLAT": NaN,
        "HOUSE_NUM_PREFIX": NaN,
        "STREET_NAME_ENG": NaN,
        "STREET_NAME_CHN": NaN,
        "AREA_DESC_ENG": NaN,
        "AREA_DESC_CHN": NaN,
        "FREE_FORMAT_ADDR_ENG": "2/F AND THE ROOF BLOCK D OF BANCO GARDEN 501 SHUI TSIU SAN TSUEN YUEN LONG NEW TERRITORIES",
        "FREE_FORMAT_ADDR_CHN": NaN,
        "DEV_NAME_ENG": "BANCO GARDEN",
        "DEV_NAME_CHN": "宏潤軒",
        "FIRST_REFERENCE_LOT_PRN": "C3075921"
    },
    {
        "PRN": "D0219496",
        "SEQ_NUM": 1,
        "BLOCK": "B",
        "FLOOR": "1",
        "FLAT": NaN,
        "HOUSE_NUM_PREFIX": NaN,
        "STREET_NAME_ENG": NaN,
        "STREET_NAME_CHN": NaN,
        "AREA_DESC_ENG": NaN,
        "AREA_DESC_CHN": NaN,
        "FREE_FORMAT_ADDR_ENG": "FIRST FLOOR BLOCK B OF BANCO GARDEN NO.503 SHUI TSIU SAN TSUEN YUEN LONG NEW TERRITORIES",
        "FREE_FORMAT_ADDR_CHN": NaN,
        "DEV_NAME_ENG": "BANCO GARDEN",
        "DEV_NAME_CHN": "宏潤軒",
        "FIRST_REFERENCE_LOT_PRN": "C3075914"
    },
    {
        "PRN": "D0219506",
        "SEQ_NUM": 1,
        "BLOCK": "B",
        "FLOOR": "2",
        "FLAT": NaN,
        "HOUSE_NUM_PREFIX": NaN,
        "STREET_NAME_ENG": NaN,
        "STREET_NAME_CHN": NaN,
        "AREA_DESC_ENG": NaN,
        "AREA_DESC_CHN": NaN,
        "FREE_FORMAT_ADDR_ENG": "SECOND FLOOR AND THE ROOF BLOCK B OF BANCO GARDEN NO.503 SHUI TSIU SAN TSUEN YUEN LONG NEW TERRITORIES",
        "FREE_FORMAT_ADDR_CHN": NaN,
        "DEV_NAME_ENG": "BANCO GARDEN",
        "DEV_NAME_CHN": "宏潤軒",
        "FIRST_REFERENCE_LOT_PRN": "C3075914"
    },
    {
        "PRN": "D0219514",
        "SEQ_NUM": 1,
        "BLOCK": "B",
        "FLOOR": "G",
        "FLAT": NaN,
        "HOUSE_NUM_PREFIX": NaN,
        "STREET_NAME_ENG": NaN,
        "STREET_NAME_CHN": NaN,
        "AREA_DESC_ENG": NaN,
        "AREA_DESC_CHN": NaN,
        "FREE_FORMAT_ADDR_ENG": "GROUND FLOOR AND THE GARDEN BLOCK B OF BANCO GARDEN NO.503 SHUI TSIU SAN TSUEN YUEN LONG NEW TERRITORIES",
        "FREE_FORMAT_ADDR_CHN": NaN,
        "DEV_NAME_ENG": "BANCO GARDEN",
        "DEV_NAME_CHN": "宏潤軒",
        "FIRST_REFERENCE_LOT_PRN": "C3075914"
    },
    {
        "PRN": "D2062012",
        "SEQ_NUM": 1,
        "BLOCK": "A",
        "FLOOR": "1",
        "FLAT": NaN,
        "HOUSE_NUM_PREFIX": NaN,
        "STREET_NAME_ENG": NaN,
        "STREET_NAME_CHN": NaN,
        "AREA_DESC_ENG": NaN,
        "AREA_DESC_CHN": NaN,
        "FREE_FORMAT_ADDR_ENG": "FIRST FLOOR INCLUDING THE BALCONY APPURTENANT THERETO BLOCK A OF BANCO GARDEN NO. 505 SHUI TSIU SAN TSUEN YUEN LONG NEW TERRITORIES",
        "FREE_FORMAT_ADDR_CHN": NaN,
        "DEV_NAME_ENG": "BANCO GARDEN",
        "DEV_NAME_CHN": "宏潤軒",
        "FIRST_REFERENCE_LOT_PRN": "C5034646"
    },
    {
        "PRN": "D2062026",
        "SEQ_NUM": 1,
        "BLOCK": "A",
        "FLOOR": "2",
        "FLAT": NaN,
        "HOUSE_NUM_PREFIX": NaN,
        "STREET_NAME_ENG": NaN,
        "STREET_NAME_CHN": NaN,
        "AREA_DESC_ENG": NaN,
        "AREA_DESC_CHN": NaN,
        "FREE_FORMAT_ADDR_ENG": "SECOND FLOOR INCLUDING THE BALCONY APPURTENANT THERETO AND THE ROOF THEREOF BLOCK A OF BANCO GARDEN NO. 505 SHUI TSIU SAN TSUEN YUEN LONG NEW TERRITORIES",
        "FREE_FORMAT_ADDR_CHN": NaN,
        "DEV_NAME_ENG": "BANCO GARDEN",
        "DEV_NAME_CHN": "宏潤軒",
        "FIRST_REFERENCE_LOT_PRN": "C5034646"
    },
    {
        "PRN": "D2062038",
        "SEQ_NUM": 1,
        "BLOCK": "A",
        "FLOOR": "G",
        "FLAT": NaN,
        "HOUSE_NUM_PREFIX": NaN,
        "STREET_NAME_ENG": NaN,
        "STREET_NAME_CHN": NaN,
        "AREA_DESC_ENG": NaN,
        "AREA_DESC_CHN": NaN,
        "FREE_FORMAT_ADDR_ENG": "GROUND FLOOR TOGETHER WITH THE GARDEN ADJACENT THERETO BLOCK A OF BANCO GARDEN NO. 505 SHUI TSIU SAN TSUEN YUEN LONG NEW TERRITORIES",
        "FREE_FORMAT_ADDR_CHN": NaN,
        "DEV_NAME_ENG": "BANCO GARDEN",
        "DEV_NAME_CHN": "宏潤軒",
        "FIRST_REFERENCE_LOT_PRN": "C5034646"
    }
]