[
    {
        "PRN": "A7330926",
        "SEQ_NUM": 1,
        "BLOCK": "1",
        "FLOOR": NaN,
        "FLAT": NaN,
        "HOUSE_NUM_PREFIX": 8.0,
        "STREET_NAME_ENG": "PO FUNG TERRACE",
        "STREET_NAME_CHN": "寶豐台",
        "AREA_DESC_ENG": "TSUEN WAN",
        "AREA_DESC_CHN": "荃灣",
        "FREE_FORMAT_ADDR_ENG": "HOUSE NO.1 & CAR PARKING SPACE NO.1 BLOSSOM TERRACE 8 PO FUNG TERRACE TING KAU TSUEN WAN NEW TERRITORIES",
        "FREE_FORMAT_ADDR_CHN": NaN,
        "DEV_NAME_ENG": "BLOSSOM TERRACE",
        "DEV_NAME_CHN": NaN,
        "FIRST_REFERENCE_LOT_PRN": "C4758185"
    },
    {
        "PRN": "A7330930",
        "SEQ_NUM": 1,
        "BLOCK": "10",
        "FLOOR": NaN,
        "FLAT": NaN,
        "HOUSE_NUM_PREFIX": 8.0,
        "STREET_NAME_ENG": "PO FUNG TERRACE",
        "STREET_NAME_CHN": "寶豐台",
        "AREA_DESC_ENG": "TSUEN WAN",
        "AREA_DESC_CHN": "荃灣",
        "FREE_FORMAT_ADDR_ENG": "HOUSE NO.10 & CAR PARKING SPACE NO.10 BLOSSOM TERRACE 8 PO FUNG TERRACE TING KAU TSUEN WAN NEW TERRITORIES",
        "FREE_FORMAT_ADDR_CHN": NaN,
        "DEV_NAME_ENG": "BLOSSOM TERRACE",
        "DEV_NAME_CHN": NaN,
        "FIRST_REFERENCE_LOT_PRN": "C4758185"
    },
    {
        "PRN": "A7330941",
        "SEQ_NUM": 1,
        "BLOCK": "2",
        "FLOOR": NaN,
        "FLAT": NaN,
        "HOUSE_NUM_PREFIX": 8.0,
        "STREET_NAME_ENG": "PO FUNG TERRACE",
        "STREET_NAME_CHN": "寶豐台",
        "AREA_DESC_ENG": "TSUEN WAN",
        "AREA_DESC_CHN": "荃灣",
        "FREE_FORMAT_ADDR_ENG": "HOUSE NO.2 & CAR PARKING SPACE NO.2 BLOSSOM TERRACE 8 PO FUNG TERRACE TING KAU TSUEN WAN NEW TERRITORIES",
        "FREE_FORMAT_ADDR_CHN": NaN,
        "DEV_NAME_ENG": "BLOSSOM TERRACE",
        "DEV_NAME_CHN": NaN,
        "FIRST_REFERENCE_LOT_PRN": "C4758185"
    },
    {
        "PRN": "A7330952",
        "SEQ_NUM": 1,
        "BLOCK": "4",
        "FLOOR": NaN,
        "FLAT": NaN,
        "HOUSE_NUM_PREFIX": 8.0,
        "STREET_NAME_ENG": "PO FUNG TERRACE",
        "STREET_NAME_CHN": "寶豐台",
        "AREA_DESC_ENG": "TSUEN WAN",
        "AREA_DESC_CHN": "荃灣",
        "FREE_FORMAT_ADDR_ENG": "HOUSE NO.4 & CAR PARKING SPACE NO.4 BLOSSOM TERRACE 8 PO FUNG TERRACE TING KAU TSUEN WAN NEW TERRITORIES",
        "FREE_FORMAT_ADDR_CHN": NaN,
        "DEV_NAME_ENG": "BLOSSOM TERRACE",
        "DEV_NAME_CHN": NaN,
        "FIRST_REFERENCE_LOT_PRN": "C4758185"
    },
    {
        "PRN": "A7330968",
        "SEQ_NUM": 1,
        "BLOCK": "6",
        "FLOOR": NaN,
        "FLAT": NaN,
        "HOUSE_NUM_PREFIX": 8.0,
        "STREET_NAME_ENG": "PO FUNG TERRACE",
        "STREET_NAME_CHN": "寶豐台",
        "AREA_DESC_ENG": "TSUEN WAN",
        "AREA_DESC_CHN": "荃灣",
        "FREE_FORMAT_ADDR_ENG": "HOUSE NO.6 & CAR PARKING SPACE NO.6 BLOSSOM TERRACE 8 PO FUNG TERRACE TING KAU TSUEN WAN NEW TERRITORIES",
        "FREE_FORMAT_ADDR_CHN": NaN,
        "DEV_NAME_ENG": "BLOSSOM TERRACE",
        "DEV_NAME_CHN": NaN,
        "FIRST_REFERENCE_LOT_PRN": "C4758185"
    },
    {
        "PRN": "A7330975",
        "SEQ_NUM": 1,
        "BLOCK": "7",
        "FLOOR": NaN,
        "FLAT": NaN,
        "HOUSE_NUM_PREFIX": 8.0,
        "STREET_NAME_ENG": "PO FUNG TERRACE",
        "STREET_NAME_CHN": "寶豐台",
        "AREA_DESC_ENG": "TSUEN WAN",
        "AREA_DESC_CHN": "荃灣",
        "FREE_FORMAT_ADDR_ENG": "HOUSE NO.7 & CAR PARKING SPACE NO.7 BLOSSOM TERRACE 8 PO FUNG TERRACE TING KAU TSUEN WAN NEW TERRITORIES",
        "FREE_FORMAT_ADDR_CHN": NaN,
        "DEV_NAME_ENG": "BLOSSOM TERRACE",
        "DEV_NAME_CHN": NaN,
        "FIRST_REFERENCE_LOT_PRN": "C4758185"
    },
    {
        "PRN": "B4293473",
        "SEQ_NUM": 1,
        "BLOCK": "8",
        "FLOOR": NaN,
        "FLAT": NaN,
        "HOUSE_NUM_PREFIX": 8.0,
        "STREET_NAME_ENG": "PO FUNG TERRACE",
        "STREET_NAME_CHN": "寶豐台",
        "AREA_DESC_ENG": "TSUEN WAN",
        "AREA_DESC_CHN": "荃灣",
        "FREE_FORMAT_ADDR_ENG": "HOUSE NO.8 & CAR PARKING SPACE NO.8 BLOSSOM TERRACE 8 PO FUNG TERRACE TING KAU TSUEN WAN NEW TERRITORIES",
        "FREE_FORMAT_ADDR_CHN": NaN,
        "DEV_NAME_ENG": "BLOSSOM TERRACE",
        "DEV_NAME_CHN": NaN,
        "FIRST_REFERENCE_LOT_PRN": "C4758185"
    },
    {
        "PRN": "B4293488",
        "SEQ_NUM": 1,
        "BLOCK": "9",
        "FLOOR": NaN,
        "FLAT": NaN,
        "HOUSE_NUM_PREFIX": 8.0,
        "STREET_NAME_ENG": "PO FUNG TERRACE",
        "STREET_NAME_CHN": "寶豐台",
        "AREA_DESC_ENG": "TSUEN WAN",
        "AREA_DESC_CHN": "荃灣",
        "FREE_FORMAT_ADDR_ENG": "HOUSE NO.9 & CAR PARKING SPACE NO.9 BLOSSOM TERRACE 8 PO FUNG TERRACE TING KAU TSUEN WAN NEW TERRITORIES",
        "FREE_FORMAT_ADDR_CHN": NaN,
        "DEV_NAME_ENG": "BLOSSOM TERRACE",
        "DEV_NAME_CHN": NaN,
        "FIRST_REFERENCE_LOT_PRN": "C4758185"
    },
    {
        "PRN": "B6974214",
        "SEQ_NUM": 1,
        "BLOCK": "5",
        "FLOOR": NaN,
        "FLAT": NaN,
        "HOUSE_NUM_PREFIX": 8.0,
        "STREET_NAME_ENG": "PO FUNG TERRACE",
        "STREET_NAME_CHN": "寶豐台",
        "AREA_DESC_ENG": "TSUEN WAN",
        "AREA_DESC_CHN": "荃灣",
        "FREE_FORMAT_ADDR_ENG": "HOUSE NO.5 & CAR PARKING SPACE NO.5 BLOSSOM TERRACE 8 PO FUNG TERRACE TING KAU TSUEN WAN NEW TERRITORIES",
        "FREE_FORMAT_ADDR_CHN": NaN,
        "DEV_NAME_ENG": "BLOSSOM TERRACE",
        "DEV_NAME_CHN": NaN,
        "FIRST_REFERENCE_LOT_PRN": "C4758185"
    },
    {
        "PRN": "B9659814",
        "SEQ_NUM": 1,
        "BLOCK": "3",
        "FLOOR": NaN,
        "FLAT": NaN,
        "HOUSE_NUM_PREFIX": 8.0,
        "STREET_NAME_ENG": "PO FUNG TERRACE",
        "STREET_NAME_CHN": "寶豐台",
        "AREA_DESC_ENG": "TSUEN WAN",
        "AREA_DESC_CHN": "荃灣",
        "FREE_FORMAT_ADDR_ENG": "HOUSE NO.3 & CAR PARKING SPACE NO.3 BLOSSOM TERRACE 8 PO FUNG TERRACE TING KAU TSUEN WAN NEW TERRITORIES",
        "FREE_FORMAT_ADDR_CHN": NaN,
        "DEV_NAME_ENG": "BLOSSOM TERRACE",
        "DEV_NAME_CHN": NaN,
        "FIRST_REFERENCE_LOT_PRN": "C4758185"
    }
]