[
    {
        "PRN": "A5754583",
        "SEQ_NUM": 1,
        "BLOCK": "CAMB",
        "FLOOR": "G",
        "FLAT": "SH001",
        "HOUSE_NUM_PREFIX": 68.0,
        "STREET_NAME_ENG": "PAU CHUNG STREET",
        "STREET_NAME_CHN": "炮仗街",
        "AREA_DESC_ENG": "KOWLOON",
        "AREA_DESC_CHN": "九龍",
        "FREE_FORMAT_ADDR_ENG": "SHOP NO. 1 ON GROUND FLOOR CAMBO MANSION NOS. 68-80 PAU CHUNG STREET KOWLOON",
        "FREE_FORMAT_ADDR_CHN": NaN,
        "DEV_NAME_ENG": "CAMBO MANSION",
        "DEV_NAME_CHN": "金寶大厦",
        "FIRST_REFERENCE_LOT_PRN": "C5456056"
    },
    {
        "PRN": "A5754593",
        "SEQ_NUM": 1,
        "BLOCK": "CAMB",
        "FLOOR": "G",
        "FLAT": "SH002",
        "HOUSE_NUM_PREFIX": 68.0,
        "STREET_NAME_ENG": "PAU CHUNG STREET",
        "STREET_NAME_CHN": "炮仗街",
        "AREA_DESC_ENG": "KOWLOON",
        "AREA_DESC_CHN": "九龍",
        "FREE_FORMAT_ADDR_ENG": "SHOP NO. 2 ON GROUND FLOOR CAMBO MANSION NOS.68-80 PAU CHUNG STREET KOWLOON",
        "FREE_FORMAT_ADDR_CHN": NaN,
        "DEV_NAME_ENG": "CAMBO MANSION",
        "DEV_NAME_CHN": "金寶大厦",
        "FIRST_REFERENCE_LOT_PRN": "C5456056"
    },
    {
        "PRN": "A5754606",
        "SEQ_NUM": 1,
        "BLOCK": "CAMB",
        "FLOOR": "G",
        "FLAT": "SH003",
        "HOUSE_NUM_PREFIX": 68.0,
        "STREET_NAME_ENG": "PAU CHUNG STREET",
        "STREET_NAME_CHN": "炮仗街",
        "AREA_DESC_ENG": "KOWLOON",
        "AREA_DESC_CHN": "九龍",
        "FREE_FORMAT_ADDR_ENG": "SHOP NO. 3 ON GROUND FLOOR CAMBO MANSION NOS.68-80 PAU CHUNG STREET KOWLOON",
        "FREE_FORMAT_ADDR_CHN": NaN,
        "DEV_NAME_ENG": "CAMBO MANSION",
        "DEV_NAME_CHN": "金寶大厦",
        "FIRST_REFERENCE_LOT_PRN": "C5456056"
    },
    {
        "PRN": "A5754615",
        "SEQ_NUM": 1,
        "BLOCK": "CAMB",
        "FLOOR": "G",
        "FLAT": "SH004",
        "HOUSE_NUM_PREFIX": 68.0,
        "STREET_NAME_ENG": "PAU CHUNG STREET",
        "STREET_NAME_CHN": "炮仗街",
        "AREA_DESC_ENG": "KOWLOON",
        "AREA_DESC_CHN": "九龍",
        "FREE_FORMAT_ADDR_ENG": "SHOP NO. 4 ON GROUND FLOOR CAMBO MANSION NOS. 68-80 PAU CHUNG STREET KOWLOON",
        "FREE_FORMAT_ADDR_CHN": NaN,
        "DEV_NAME_ENG": "CAMBO MANSION",
        "DEV_NAME_CHN": "金寶大厦",
        "FIRST_REFERENCE_LOT_PRN": "C5456056"
    },
    {
        "PRN": "A5754623",
        "SEQ_NUM": 1,
        "BLOCK": "CAMB",
        "FLOOR": "G",
        "FLAT": "SH005",
        "HOUSE_NUM_PREFIX": 68.0,
        "STREET_NAME_ENG": "PAU CHUNG STREET",
        "STREET_NAME_CHN": "炮仗街",
        "AREA_DESC_ENG": "KOWLOON",
        "AREA_DESC_CHN": "九龍",
        "FREE_FORMAT_ADDR_ENG": "SHOP NO.5 ON GROUND FLOOR CAMBO MANSION NOS. 68-80 PAU CHUNG STREET KOWLOON",
        "FREE_FORMAT_ADDR_CHN": NaN,
        "DEV_NAME_ENG": "CAMBO MANSION",
        "DEV_NAME_CHN": "金寶大厦",
        "FIRST_REFERENCE_LOT_PRN": "C5456056"
    },
    {
        "PRN": "A5758004",
        "SEQ_NUM": 1,
        "BLOCK": "CAMB",
        "FLOOR": "1",
        "FLAT": "A",
        "HOUSE_NUM_PREFIX": 76.0,
        "STREET_NAME_ENG": "PAU CHUNG STREET",
        "STREET_NAME_CHN": "炮仗街",
        "AREA_DESC_ENG": "KOWLOON",
        "AREA_DESC_CHN": "九龍",
        "FREE_FORMAT_ADDR_ENG": "FLAT A ON 1ST FLOOR INCLUDING PORTION OF FLAT ROOF CAMBO MANSION NO.76 PAU CHUNG STREET KOWLOON",
        "FREE_FORMAT_ADDR_CHN": NaN,
        "DEV_NAME_ENG": "CAMBO MANSION",
        "DEV_NAME_CHN": "金寶大厦",
        "FIRST_REFERENCE_LOT_PRN": "C5456056"
    },
    {
        "PRN": "A5758016",
        "SEQ_NUM": 1,
        "BLOCK": "CAMB",
        "FLOOR": "10",
        "FLAT": "A",
        "HOUSE_NUM_PREFIX": 76.0,
        "STREET_NAME_ENG": "PAU CHUNG STREET",
        "STREET_NAME_CHN": "炮仗街",
        "AREA_DESC_ENG": "KOWLOON",
        "AREA_DESC_CHN": "九龍",
        "FREE_FORMAT_ADDR_ENG": "FLAT A ON 10TH FLOOR CAMBO MANSION NO.76 PAU CHUNG STREET KOWLOON",
        "FREE_FORMAT_ADDR_CHN": NaN,
        "DEV_NAME_ENG": "CAMBO MANSION",
        "DEV_NAME_CHN": "金寶大厦",
        "FIRST_REFERENCE_LOT_PRN": "C5456056"
    },
    {
        "PRN": "A5758024",
        "SEQ_NUM": 1,
        "BLOCK": "CAMB",
        "FLOOR": "11",
        "FLAT": "A",
        "HOUSE_NUM_PREFIX": 76.0,
        "STREET_NAME_ENG": "PAU CHUNG STREET",
        "STREET_NAME_CHN": "炮仗街",
        "AREA_DESC_ENG": "KOWLOON",
        "AREA_DESC_CHN": "九龍",
        "FREE_FORMAT_ADDR_ENG": "FLAT A ON 11TH FLOOR CAMBO MANSION NO.76 PAU CHUNG STREET KOWLOON",
        "FREE_FORMAT_ADDR_CHN": NaN,
        "DEV_NAME_ENG": "CAMBO MANSION",
        "DEV_NAME_CHN": "金寶大厦",
        "FIRST_REFERENCE_LOT_PRN": "C5456056"
    },
    {
        "PRN": "A5758039",
        "SEQ_NUM": 1,
        "BLOCK": "CAMB",
        "FLOOR": "2",
        "FLAT": "A",
        "HOUSE_NUM_PREFIX": 76.0,
        "STREET_NAME_ENG": "PAU CHUNG STREET",
        "STREET_NAME_CHN": "炮仗街",
        "AREA_DESC_ENG": "KOWLOON",
        "AREA_DESC_CHN": "九龍",
        "FREE_FORMAT_ADDR_ENG": "FLAT A ON 2ND FLOOR CAMBO MANSION NO.76 PAU CHUNG STREET KOWLOON",
        "FREE_FORMAT_ADDR_CHN": NaN,
        "DEV_NAME_ENG": "CAMBO MANSION",
        "DEV_NAME_CHN": "金寶大厦",
        "FIRST_REFERENCE_LOT_PRN": "C5456056"
    },
    {
        "PRN": "A5758044",
        "SEQ_NUM": 1,
        "BLOCK": "CAMB",
        "FLOOR": "5",
        "FLAT": "A",
        "HOUSE_NUM_PREFIX": 76.0,
        "STREET_NAME_ENG": "PAU CHUNG STREET",
        "STREET_NAME_CHN": "炮仗街",
        "AREA_DESC_ENG": "KOWLOON",
        "AREA_DESC_CHN": "九龍",
        "FREE_FORMAT_ADDR_ENG": "FLAT A ON 5TH FLOOR CAMBO MANSION NO.76 PAU CHUNG STREET KOWLOON",
        "FREE_FORMAT_ADDR_CHN": NaN,
        "DEV_NAME_ENG": "CAMBO MANSION",
        "DEV_NAME_CHN": "金寶大厦",
        "FIRST_REFERENCE_LOT_PRN": "C5456056"
    },
    {
        "PRN": "A5758056",
        "SEQ_NUM": 1,
        "BLOCK": "CAMB",
        "FLOOR": "9",
        "FLAT": "A",
        "HOUSE_NUM_PREFIX": 76.0,
        "STREET_NAME_ENG": "PAU CHUNG STREET",
        "STREET_NAME_CHN": "炮仗街",
        "AREA_DESC_ENG": "KOWLOON",
        "AREA_DESC_CHN": "九龍",
        "FREE_FORMAT_ADDR_ENG": "FLAT A ON 9TH FLOOR CAMBO MANSION NO.76 PAU CHUNG STREET KOWLOON",
        "FREE_FORMAT_ADDR_CHN": NaN,
        "DEV_NAME_ENG": "CAMBO MANSION",
        "DEV_NAME_CHN": "金寶大厦",
        "FIRST_REFERENCE_LOT_PRN": "C5456056"
    },
    {
        "PRN": "A5758065",
        "SEQ_NUM": 1,
        "BLOCK": "CAMB",
        "FLOOR": "10",
        "FLAT": "B",
        "HOUSE_NUM_PREFIX": 76.0,
        "STREET_NAME_ENG": "PAU CHUNG STREET",
        "STREET_NAME_CHN": "炮仗街",
        "AREA_DESC_ENG": "KOWLOON",
        "AREA_DESC_CHN": "九龍",
        "FREE_FORMAT_ADDR_ENG": "FLAT B ON 10TH FLOOR CAMBO MANSION NO.76 PAU CHUNG STREET KOWLOON",
        "FREE_FORMAT_ADDR_CHN": NaN,
        "DEV_NAME_ENG": "CAMBO MANSION",
        "DEV_NAME_CHN": "金寶大厦",
        "FIRST_REFERENCE_LOT_PRN": "C5456056"
    },
    {
        "PRN": "A5758076",
        "SEQ_NUM": 1,
        "BLOCK": "CAMB",
        "FLOOR": "11",
        "FLAT": "B",
        "HOUSE_NUM_PREFIX": 76.0,
        "STREET_NAME_ENG": "PAU CHUNG STREET",
        "STREET_NAME_CHN": "炮仗街",
        "AREA_DESC_ENG": "KOWLOON",
        "AREA_DESC_CHN": "九龍",
        "FREE_FORMAT_ADDR_ENG": "FLAT B ON 11TH FLOOR CAMBO MANSION NO.76 PAU CHUNG STREET KOWLOON",
        "FREE_FORMAT_ADDR_CHN": NaN,
        "DEV_NAME_ENG": "CAMBO MANSION",
        "DEV_NAME_CHN": "金寶大厦",
        "FIRST_REFERENCE_LOT_PRN": "C5456056"
    },
    {
        "PRN": "A5758086",
        "SEQ_NUM": 1,
        "BLOCK": "CAMB",
        "FLOOR": "12",
        "FLAT": "B",
        "HOUSE_NUM_PREFIX": 76.0,
        "STREET_NAME_ENG": "PAU CHUNG STREET",
        "STREET_NAME_CHN": "炮仗街",
        "AREA_DESC_ENG": "KOWLOON",
        "AREA_DESC_CHN": "九龍",
        "FREE_FORMAT_ADDR_ENG": "FLAT B ON 12TH FLOOR CAMBO MANSION NO.76 PAU CHUNG STREET KOWLOON",
        "FREE_FORMAT_ADDR_CHN": NaN,
        "DEV_NAME_ENG": "CAMBO MANSION",
        "DEV_NAME_CHN": "金寶大厦",
        "FIRST_REFERENCE_LOT_PRN": "C5456056"
    },
    {
        "PRN": "A5758098",
        "SEQ_NUM": 1,
        "BLOCK": "CAMB",
        "FLOOR": "2",
        "FLAT": "B",
        "HOUSE_NUM_PREFIX": 76.0,
        "STREET_NAME_ENG": "PAU CHUNG STREET",
        "STREET_NAME_CHN": "炮仗街",
        "AREA_DESC_ENG": "KOWLOON",
        "AREA_DESC_CHN": "九龍",
        "FREE_FORMAT_ADDR_ENG": "FLAT B ON 2ND FLOOR CAMBO MANSION NO.76 PAU CHUNG STREET KOWLOON",
        "FREE_FORMAT_ADDR_CHN": NaN,
        "DEV_NAME_ENG": "CAMBO MANSION",
        "DEV_NAME_CHN": "金寶大厦",
        "FIRST_REFERENCE_LOT_PRN": "C5456056"
    },
    {
        "PRN": "A5758100",
        "SEQ_NUM": 1,
        "BLOCK": "CAMB",
        "FLOOR": "7",
        "FLAT": "B",
        "HOUSE_NUM_PREFIX": 76.0,
        "STREET_NAME_ENG": "PAU CHUNG STREET",
        "STREET_NAME_CHN": "炮仗街",
        "AREA_DESC_ENG": "KOWLOON",
        "AREA_DESC_CHN": "九龍",
        "FREE_FORMAT_ADDR_ENG": "FLAT B ON 7TH FLOOR CAMBO MANSION NO.76 PAU CHUNG STREET KOWLOON",
        "FREE_FORMAT_ADDR_CHN": NaN,
        "DEV_NAME_ENG": "CAMBO MANSION",
        "DEV_NAME_CHN": "金寶大厦",
        "FIRST_REFERENCE_LOT_PRN": "C5456056"
    },
    {
        "PRN": "A5758115",
        "SEQ_NUM": 1,
        "BLOCK": "CAMB",
        "FLOOR": "8",
        "FLAT": "B",
        "HOUSE_NUM_PREFIX": 76.0,
        "STREET_NAME_ENG": "PAU CHUNG STREET",
        "STREET_NAME_CHN": "炮仗街",
        "AREA_DESC_ENG": "KOWLOON",
        "AREA_DESC_CHN": "九龍",
        "FREE_FORMAT_ADDR_ENG": "FLAT B ON 8TH FLOOR CAMBO MANSION NO.76 PAU CHUNG STREET KOWLOON",
        "FREE_FORMAT_ADDR_CHN": NaN,
        "DEV_NAME_ENG": "CAMBO MANSION",
        "DEV_NAME_CHN": "金寶大厦",
        "FIRST_REFERENCE_LOT_PRN": "C5456056"
    },
    {
        "PRN": "A5758128",
        "SEQ_NUM": 1,
        "BLOCK": "CAMB",
        "FLOOR": "1",
        "FLAT": "C",
        "HOUSE_NUM_PREFIX": 76.0,
        "STREET_NAME_ENG": "PAU CHUNG STREET",
        "STREET_NAME_CHN": "炮仗街",
        "AREA_DESC_ENG": "KOWLOON",
        "AREA_DESC_CHN": "九龍",
        "FREE_FORMAT_ADDR_ENG": "FLAT C ON 1ST FLOOR INCLUDING PORTION OF FLAT ROOF CAMBO MANSION NO.76 PAU CHUNG STREET KOWLOON",
        "FREE_FORMAT_ADDR_CHN": NaN,
        "DEV_NAME_ENG": "CAMBO MANSION",
        "DEV_NAME_CHN": "金寶大厦",
        "FIRST_REFERENCE_LOT_PRN": "C5456056"
    },
    {
        "PRN": "A5758138",
        "SEQ_NUM": 1,
        "BLOCK": "CAMB",
        "FLOOR": "10",
        "FLAT": "C",
        "HOUSE_NUM_PREFIX": 76.0,
        "STREET_NAME_ENG": "PAU CHUNG STREET",
        "STREET_NAME_CHN": "炮仗街",
        "AREA_DESC_ENG": "KOWLOON",
        "AREA_DESC_CHN": "九龍",
        "FREE_FORMAT_ADDR_ENG": "FLAT C ON 10TH FLOOR CAMBO MANSION NO.76 PAU CHUNG STREET KOWLOON",
        "FREE_FORMAT_ADDR_CHN": NaN,
        "DEV_NAME_ENG": "CAMBO MANSION",
        "DEV_NAME_CHN": "金寶大厦",
        "FIRST_REFERENCE_LOT_PRN": "C5456056"
    },
    {
        "PRN": "A5758146",
        "SEQ_NUM": 1,
        "BLOCK": "CAMB",
        "FLOOR": "11",
        "FLAT": "C",
        "HOUSE_NUM_PREFIX": 76.0,
        "STREET_NAME_ENG": "PAU CHUNG STREET",
        "STREET_NAME_CHN": "炮仗街",
        "AREA_DESC_ENG": "KOWLOON",
        "AREA_DESC_CHN": "九龍",
        "FREE_FORMAT_ADDR_ENG": "FLAT C ON 11TH FLOOR CAMBO MANSION NO.76 PAU CHUNG STREET KOWLOON",
        "FREE_FORMAT_ADDR_CHN": NaN,
        "DEV_NAME_ENG": "CAMBO MANSION",
        "DEV_NAME_CHN": "金寶大厦",
        "FIRST_REFERENCE_LOT_PRN": "C5456056"
    },
    {
        "PRN": "A5758156",
        "SEQ_NUM": 1,
        "BLOCK": "CAMB",
        "FLOOR": "12",
        "FLAT": "C",
        "HOUSE_NUM_PREFIX": 76.0,
        "STREET_NAME_ENG": "PAU CHUNG STREET",
        "STREET_NAME_CHN": "炮仗街",
        "AREA_DESC_ENG": "KOWLOON",
        "AREA_DESC_CHN": "九龍",
        "FREE_FORMAT_ADDR_ENG": "FLAT C ON 12TH FLOOR CAMBO MANSION NO.76 PAU CHUNG STREET KOWLOON",
        "FREE_FORMAT_ADDR_CHN": NaN,
        "DEV_NAME_ENG": "CAMBO MANSION",
        "DEV_NAME_CHN": "金寶大厦",
        "FIRST_REFERENCE_LOT_PRN": "C5456056"
    },
    {
        "PRN": "A5758165",
        "SEQ_NUM": 1,
        "BLOCK": "CAMB",
        "FLOOR": "2",
        "FLAT": "C",
        "HOUSE_NUM_PREFIX": 76.0,
        "STREET_NAME_ENG": "PAU CHUNG STREET",
        "STREET_NAME_CHN": "炮仗街",
        "AREA_DESC_ENG": "KOWLOON",
        "AREA_DESC_CHN": "九龍",
        "FREE_FORMAT_ADDR_ENG": "FLAT C ON 2ND FLOOR CAMBO MANSION NO.76 PAU CHUNG STREET KOWLOON",
        "FREE_FORMAT_ADDR_CHN": NaN,
        "DEV_NAME_ENG": "CAMBO MANSION",
        "DEV_NAME_CHN": "金寶大厦",
        "FIRST_REFERENCE_LOT_PRN": "C5456056"
    },
    {
        "PRN": "A5758177",
        "SEQ_NUM": 1,
        "BLOCK": "CAMB",
        "FLOOR": "3",
        "FLAT": "C",
        "HOUSE_NUM_PREFIX": 76.0,
        "STREET_NAME_ENG": "PAU CHUNG STREET",
        "STREET_NAME_CHN": "炮仗街",
        "AREA_DESC_ENG": "KOWLOON",
        "AREA_DESC_CHN": "九龍",
        "FREE_FORMAT_ADDR_ENG": "FLAT C ON 3RD FLOOR CAMBO MANSION NO.76 PAU CHUNG STREET KOWLOON",
        "FREE_FORMAT_ADDR_CHN": NaN,
        "DEV_NAME_ENG": "CAMBO MANSION",
        "DEV_NAME_CHN": "金寶大厦",
        "FIRST_REFERENCE_LOT_PRN": "C5456056"
    },
    {
        "PRN": "A5758183",
        "SEQ_NUM": 1,
        "BLOCK": "CAMB",
        "FLOOR": "4",
        "FLAT": "C",
        "HOUSE_NUM_PREFIX": 76.0,
        "STREET_NAME_ENG": "PAU CHUNG STREET",
        "STREET_NAME_CHN": "炮仗街",
        "AREA_DESC_ENG": "KOWLOON",
        "AREA_DESC_CHN": "九龍",
        "FREE_FORMAT_ADDR_ENG": "FLAT C ON 4TH FLOOR CAMBO MANSION NO.76 PAU CHUNG STREET KOWLOON",
        "FREE_FORMAT_ADDR_CHN": NaN,
        "DEV_NAME_ENG": "CAMBO MANSION",
        "DEV_NAME_CHN": "金寶大厦",
        "FIRST_REFERENCE_LOT_PRN": "C5456056"
    },
    {
        "PRN": "A5758196",
        "SEQ_NUM": 1,
        "BLOCK": "CAMB",
        "FLOOR": "5",
        "FLAT": "C",
        "HOUSE_NUM_PREFIX": 76.0,
        "STREET_NAME_ENG": "PAU CHUNG STREET",
        "STREET_NAME_CHN": "炮仗街",
        "AREA_DESC_ENG": "KOWLOON",
        "AREA_DESC_CHN": "九龍",
        "FREE_FORMAT_ADDR_ENG": "FLAT C ON 5TH FLOOR CAMBO MANSION NO.76 PAU CHUNG STREET KOWLOON",
        "FREE_FORMAT_ADDR_CHN": NaN,
        "DEV_NAME_ENG": "CAMBO MANSION",
        "DEV_NAME_CHN": "金寶大厦",
        "FIRST_REFERENCE_LOT_PRN": "C5456056"
    },
    {
        "PRN": "A5758202",
        "SEQ_NUM": 1,
        "BLOCK": "CAMB",
        "FLOOR": "7",
        "FLAT": "C",
        "HOUSE_NUM_PREFIX": 76.0,
        "STREET_NAME_ENG": "PAU CHUNG STREET",
        "STREET_NAME_CHN": "炮仗街",
        "AREA_DESC_ENG": "KOWLOON",
        "AREA_DESC_CHN": "九龍",
        "FREE_FORMAT_ADDR_ENG": "FLAT C ON 7TH FLOOR CAMBO MANSION NO.76 PAU CHUNG STREET KOWLOON",
        "FREE_FORMAT_ADDR_CHN": NaN,
        "DEV_NAME_ENG": "CAMBO MANSION",
        "DEV_NAME_CHN": "金寶大厦",
        "FIRST_REFERENCE_LOT_PRN": "C5456056"
    },
    {
        "PRN": "A5758216",
        "SEQ_NUM": 1,
        "BLOCK": "CAMB",
        "FLOOR": "8",
        "FLAT": "C",
        "HOUSE_NUM_PREFIX": 76.0,
        "STREET_NAME_ENG": "PAU CHUNG STREET",
        "STREET_NAME_CHN": "炮仗街",
        "AREA_DESC_ENG": "KOWLOON",
        "AREA_DESC_CHN": "九龍",
        "FREE_FORMAT_ADDR_ENG": "FLAT C ON 8TH FLOOR CAMBO MANSION NO.76 PAU CHUNG STREET KOWLOON",
        "FREE_FORMAT_ADDR_CHN": NaN,
        "DEV_NAME_ENG": "CAMBO MANSION",
        "DEV_NAME_CHN": "金寶大厦",
        "FIRST_REFERENCE_LOT_PRN": "C5456056"
    },
    {
        "PRN": "A5758226",
        "SEQ_NUM": 1,
        "BLOCK": "CAMB",
        "FLOOR": "9",
        "FLAT": "C",
        "HOUSE_NUM_PREFIX": 76.0,
        "STREET_NAME_ENG": "PAU CHUNG STREET",
        "STREET_NAME_CHN": "炮仗街",
        "AREA_DESC_ENG": "KOWLOON",
        "AREA_DESC_CHN": "九龍",
        "FREE_FORMAT_ADDR_ENG": "FLAT C ON 9TH FLOOR CAMBO MANSION NO.76 PAU CHUNG STREET KOWLOON",
        "FREE_FORMAT_ADDR_CHN": NaN,
        "DEV_NAME_ENG": "CAMBO MANSION",
        "DEV_NAME_CHN": "金寶大厦",
        "FIRST_REFERENCE_LOT_PRN": "C5456056"
    },
    {
        "PRN": "A5758239",
        "SEQ_NUM": 1,
        "BLOCK": "CAMB",
        "FLOOR": "11",
        "FLAT": "D",
        "HOUSE_NUM_PREFIX": 76.0,
        "STREET_NAME_ENG": "PAU CHUNG STREET",
        "STREET_NAME_CHN": "炮仗街",
        "AREA_DESC_ENG": "KOWLOON",
        "AREA_DESC_CHN": "九龍",
        "FREE_FORMAT_ADDR_ENG": "FLAT D ON 11TH FLOOR CAMBO MANSION NO.76 PAU CHUNG STREET KOWLOON",
        "FREE_FORMAT_ADDR_CHN": NaN,
        "DEV_NAME_ENG": "CAMBO MANSION",
        "DEV_NAME_CHN": "金寶大厦",
        "FIRST_REFERENCE_LOT_PRN": "C5456056"
    },
    {
        "PRN": "A5758249",
        "SEQ_NUM": 1,
        "BLOCK": "CAMB",
        "FLOOR": "12",
        "FLAT": "D",
        "HOUSE_NUM_PREFIX": 76.0,
        "STREET_NAME_ENG": "PAU CHUNG STREET",
        "STREET_NAME_CHN": "炮仗街",
        "AREA_DESC_ENG": "KOWLOON",
        "AREA_DESC_CHN": "九龍",
        "FREE_FORMAT_ADDR_ENG": "FLAT D ON 12TH FLOOR CAMBO MANSION NO.76 PAU CHUNG STREET KOWLOON",
        "FREE_FORMAT_ADDR_CHN": NaN,
        "DEV_NAME_ENG": "CAMBO MANSION",
        "DEV_NAME_CHN": "金寶大厦",
        "FIRST_REFERENCE_LOT_PRN": "C5456056"
    },
    {
        "PRN": "A5758250",
        "SEQ_NUM": 1,
        "BLOCK": "CAMB",
        "FLOOR": "4",
        "FLAT": "D",
        "HOUSE_NUM_PREFIX": 76.0,
        "STREET_NAME_ENG": "PAU CHUNG STREET",
        "STREET_NAME_CHN": "炮仗街",
        "AREA_DESC_ENG": "KOWLOON",
        "AREA_DESC_CHN": "九龍",
        "FREE_FORMAT_ADDR_ENG": "FLAT D ON 4TH FLOOR CAMBO MANSION NO.76 PAU CHUNG STREET KOWLOON",
        "FREE_FORMAT_ADDR_CHN": NaN,
        "DEV_NAME_ENG": "CAMBO MANSION",
        "DEV_NAME_CHN": "金寶大厦",
        "FIRST_REFERENCE_LOT_PRN": "C5456056"
    },
    {
        "PRN": "A5758268",
        "SEQ_NUM": 1,
        "BLOCK": "CAMB",
        "FLOOR": "7",
        "FLAT": "D",
        "HOUSE_NUM_PREFIX": 76.0,
        "STREET_NAME_ENG": "PAU CHUNG STREET",
        "STREET_NAME_CHN": "炮仗街",
        "AREA_DESC_ENG": "KOWLOON",
        "AREA_DESC_CHN": "九龍",
        "FREE_FORMAT_ADDR_ENG": "FLAT D ON 7TH FLOOR CAMBO MANSION NO.76 PAU CHUNG STREET KOWLOON",
        "FREE_FORMAT_ADDR_CHN": NaN,
        "DEV_NAME_ENG": "CAMBO MANSION",
        "DEV_NAME_CHN": "金寶大厦",
        "FIRST_REFERENCE_LOT_PRN": "C5456056"
    },
    {
        "PRN": "A5758273",
        "SEQ_NUM": 1,
        "BLOCK": "CAMB",
        "FLOOR": "2",
        "FLAT": "E",
        "HOUSE_NUM_PREFIX": 76.0,
        "STREET_NAME_ENG": "PAU CHUNG STREET",
        "STREET_NAME_CHN": "炮仗街",
        "AREA_DESC_ENG": "KOWLOON",
        "AREA_DESC_CHN": "九龍",
        "FREE_FORMAT_ADDR_ENG": "FLAT E ON 2ND FLOOR CAMBO MANSION NO.76 PAU CHUNG STREET KOWLOON",
        "FREE_FORMAT_ADDR_CHN": NaN,
        "DEV_NAME_ENG": "CAMBO MANSION",
        "DEV_NAME_CHN": "金寶大厦",
        "FIRST_REFERENCE_LOT_PRN": "C5456056"
    },
    {
        "PRN": "A5758284",
        "SEQ_NUM": 1,
        "BLOCK": "CAMB",
        "FLOOR": "3",
        "FLAT": "E",
        "HOUSE_NUM_PREFIX": 76.0,
        "STREET_NAME_ENG": "PAU CHUNG STREET",
        "STREET_NAME_CHN": "炮仗街",
        "AREA_DESC_ENG": "KOWLOON",
        "AREA_DESC_CHN": "九龍",
        "FREE_FORMAT_ADDR_ENG": "FLAT E ON 3RD FLOOR CAMBO MANSION NO.76 PAU CHUNG STREET KOWLOON",
        "FREE_FORMAT_ADDR_CHN": NaN,
        "DEV_NAME_ENG": "CAMBO MANSION",
        "DEV_NAME_CHN": "金寶大厦",
        "FIRST_REFERENCE_LOT_PRN": "C5456056"
    },
    {
        "PRN": "A5758295",
        "SEQ_NUM": 1,
        "BLOCK": "CAMB",
        "FLOOR": "4",
        "FLAT": "E",
        "HOUSE_NUM_PREFIX": 76.0,
        "STREET_NAME_ENG": "PAU CHUNG STREET",
        "STREET_NAME_CHN": "炮仗街",
        "AREA_DESC_ENG": "KOWLOON",
        "AREA_DESC_CHN": "九龍",
        "FREE_FORMAT_ADDR_ENG": "FLAT E ON 4TH FLOOR CAMBO MANSION NO.76 PAU CHUNG STREET KOWLOON",
        "FREE_FORMAT_ADDR_CHN": NaN,
        "DEV_NAME_ENG": "CAMBO MANSION",
        "DEV_NAME_CHN": "金寶大厦",
        "FIRST_REFERENCE_LOT_PRN": "C5456056"
    },
    {
        "PRN": "A5758307",
        "SEQ_NUM": 1,
        "BLOCK": "CAMB",
        "FLOOR": "5",
        "FLAT": "E",
        "HOUSE_NUM_PREFIX": 76.0,
        "STREET_NAME_ENG": "PAU CHUNG STREET",
        "STREET_NAME_CHN": "炮仗街",
        "AREA_DESC_ENG": "KOWLOON",
        "AREA_DESC_CHN": "九龍",
        "FREE_FORMAT_ADDR_ENG": "FLAT E ON 5TH FLOOR CAMBO MANSION NO.76 PAU CHUNG STREET KOWLOON",
        "FREE_FORMAT_ADDR_CHN": NaN,
        "DEV_NAME_ENG": "CAMBO MANSION",
        "DEV_NAME_CHN": "金寶大厦",
        "FIRST_REFERENCE_LOT_PRN": "C5456056"
    },
    {
        "PRN": "A5758319",
        "SEQ_NUM": 1,
        "BLOCK": "CAMB",
        "FLOOR": "6",
        "FLAT": "E",
        "HOUSE_NUM_PREFIX": 76.0,
        "STREET_NAME_ENG": "PAU CHUNG STREET",
        "STREET_NAME_CHN": "炮仗街",
        "AREA_DESC_ENG": "KOWLOON",
        "AREA_DESC_CHN": "九龍",
        "FREE_FORMAT_ADDR_ENG": "FLAT E ON 6TH FLOOR CAMBO MANSION NO.76 PAU CHUNG STREET KOWLOON",
        "FREE_FORMAT_ADDR_CHN": NaN,
        "DEV_NAME_ENG": "CAMBO MANSION",
        "DEV_NAME_CHN": "金寶大厦",
        "FIRST_REFERENCE_LOT_PRN": "C5456056"
    },
    {
        "PRN": "A5758324",
        "SEQ_NUM": 1,
        "BLOCK": "CAMB",
        "FLOOR": "8",
        "FLAT": "E",
        "HOUSE_NUM_PREFIX": 76.0,
        "STREET_NAME_ENG": "PAU CHUNG STREET",
        "STREET_NAME_CHN": "炮仗街",
        "AREA_DESC_ENG": "KOWLOON",
        "AREA_DESC_CHN": "九龍",
        "FREE_FORMAT_ADDR_ENG": "FLAT E ON 8TH FLOOR CAMBO MANSION NO.76 PAU CHUNG STREET KOWLOON",
        "FREE_FORMAT_ADDR_CHN": NaN,
        "DEV_NAME_ENG": "CAMBO MANSION",
        "DEV_NAME_CHN": "金寶大厦",
        "FIRST_REFERENCE_LOT_PRN": "C5456056"
    },
    {
        "PRN": "A5758334",
        "SEQ_NUM": 1,
        "BLOCK": "CAMB",
        "FLOOR": "9",
        "FLAT": "E",
        "HOUSE_NUM_PREFIX": 76.0,
        "STREET_NAME_ENG": "PAU CHUNG STREET",
        "STREET_NAME_CHN": "炮仗街",
        "AREA_DESC_ENG": "KOWLOON",
        "AREA_DESC_CHN": "九龍",
        "FREE_FORMAT_ADDR_ENG": "FLAT E ON 9TH FLOOR CAMBO MANSION NO.76 PAU CHUNG STREET KOWLOON",
        "FREE_FORMAT_ADDR_CHN": NaN,
        "DEV_NAME_ENG": "CAMBO MANSION",
        "DEV_NAME_CHN": "金寶大厦",
        "FIRST_REFERENCE_LOT_PRN": "C5456056"
    },
    {
        "PRN": "A5758345",
        "SEQ_NUM": 1,
        "BLOCK": "CAMB",
        "FLOOR": "1",
        "FLAT": "F",
        "HOUSE_NUM_PREFIX": 76.0,
        "STREET_NAME_ENG": "PAU CHUNG STREET",
        "STREET_NAME_CHN": "炮仗街",
        "AREA_DESC_ENG": "KOWLOON",
        "AREA_DESC_CHN": "九龍",
        "FREE_FORMAT_ADDR_ENG": "FLAT F ON 1ST FLOOR INCLUDING PORTION OF THE FLAT ROOF CAMBO MANSION NO.76 PAU CHUNG STREET KOWLOON",
        "FREE_FORMAT_ADDR_CHN": NaN,
        "DEV_NAME_ENG": "CAMBO MANSION",
        "DEV_NAME_CHN": "金寶大厦",
        "FIRST_REFERENCE_LOT_PRN": "C5456056"
    },
    {
        "PRN": "A5758356",
        "SEQ_NUM": 1,
        "BLOCK": "CAMB",
        "FLOOR": "10",
        "FLAT": "F",
        "HOUSE_NUM_PREFIX": 76.0,
        "STREET_NAME_ENG": "PAU CHUNG STREET",
        "STREET_NAME_CHN": "炮仗街",
        "AREA_DESC_ENG": "KOWLOON",
        "AREA_DESC_CHN": "九龍",
        "FREE_FORMAT_ADDR_ENG": "FLAT F ON 10TH FLOOR CAMBO MANSION NO.76 PAU CHUNG STREET KOWLOON",
        "FREE_FORMAT_ADDR_CHN": NaN,
        "DEV_NAME_ENG": "CAMBO MANSION",
        "DEV_NAME_CHN": "金寶大厦",
        "FIRST_REFERENCE_LOT_PRN": "C5456056"
    },
    {
        "PRN": "A5758363",
        "SEQ_NUM": 1,
        "BLOCK": "CAMB",
        "FLOOR": "11",
        "FLAT": "F",
        "HOUSE_NUM_PREFIX": 76.0,
        "STREET_NAME_ENG": "PAU CHUNG STREET",
        "STREET_NAME_CHN": "炮仗街",
        "AREA_DESC_ENG": "KOWLOON",
        "AREA_DESC_CHN": "九龍",
        "FREE_FORMAT_ADDR_ENG": "FLAT F ON 11TH FLOOR CAMBO MANSION NO.76 PAU CHUNG STREET KOWLOON",
        "FREE_FORMAT_ADDR_CHN": NaN,
        "DEV_NAME_ENG": "CAMBO MANSION",
        "DEV_NAME_CHN": "金寶大厦",
        "FIRST_REFERENCE_LOT_PRN": "C5456056"
    },
    {
        "PRN": "A5758377",
        "SEQ_NUM": 1,
        "BLOCK": "CAMB",
        "FLOOR": "12",
        "FLAT": "F",
        "HOUSE_NUM_PREFIX": 76.0,
        "STREET_NAME_ENG": "PAU CHUNG STREET",
        "STREET_NAME_CHN": "炮仗街",
        "AREA_DESC_ENG": "KOWLOON",
        "AREA_DESC_CHN": "九龍",
        "FREE_FORMAT_ADDR_ENG": "FLAT F ON 12TH FLOOR CAMBO MANSION NO.76 PAU CHUNG STREET KOWLOON",
        "FREE_FORMAT_ADDR_CHN": NaN,
        "DEV_NAME_ENG": "CAMBO MANSION",
        "DEV_NAME_CHN": "金寶大厦",
        "FIRST_REFERENCE_LOT_PRN": "C5456056"
    },
    {
        "PRN": "A5758388",
        "SEQ_NUM": 1,
        "BLOCK": "CAMB",
        "FLOOR": "5",
        "FLAT": "F",
        "HOUSE_NUM_PREFIX": 76.0,
        "STREET_NAME_ENG": "PAU CHUNG STREET",
        "STREET_NAME_CHN": "炮仗街",
        "AREA_DESC_ENG": "KOWLOON",
        "AREA_DESC_CHN": "九龍",
        "FREE_FORMAT_ADDR_ENG": "FLAT F ON 5TH FLOOR CAMBO MANSION NO.76 PAU CHUNG STREET KOWLOON",
        "FREE_FORMAT_ADDR_CHN": NaN,
        "DEV_NAME_ENG": "CAMBO MANSION",
        "DEV_NAME_CHN": "金寶大厦",
        "FIRST_REFERENCE_LOT_PRN": "C5456056"
    },
    {
        "PRN": "A5758391",
        "SEQ_NUM": 1,
        "BLOCK": "CAMB",
        "FLOOR": "8",
        "FLAT": "F",
        "HOUSE_NUM_PREFIX": 76.0,
        "STREET_NAME_ENG": "PAU CHUNG STREET",
        "STREET_NAME_CHN": "炮仗街",
        "AREA_DESC_ENG": "KOWLOON",
        "AREA_DESC_CHN": "九龍",
        "FREE_FORMAT_ADDR_ENG": "FLAT F ON 8TH FLOOR CAMBO MANSION NO.76 PAU CHUNG STREET KOWLOON",
        "FREE_FORMAT_ADDR_CHN": NaN,
        "DEV_NAME_ENG": "CAMBO MANSION",
        "DEV_NAME_CHN": "金寶大厦",
        "FIRST_REFERENCE_LOT_PRN": "C5456056"
    },
    {
        "PRN": "A5758405",
        "SEQ_NUM": 1,
        "BLOCK": "CAMB",
        "FLOOR": "9",
        "FLAT": "F",
        "HOUSE_NUM_PREFIX": 76.0,
        "STREET_NAME_ENG": "PAU CHUNG STREET",
        "STREET_NAME_CHN": "炮仗街",
        "AREA_DESC_ENG": "KOWLOON",
        "AREA_DESC_CHN": "九龍",
        "FREE_FORMAT_ADDR_ENG": "FLAT F ON 9TH FLOOR CAMBO MANSION NO.76 PAU CHUNG STREET KOWLOON",
        "FREE_FORMAT_ADDR_CHN": NaN,
        "DEV_NAME_ENG": "CAMBO MANSION",
        "DEV_NAME_CHN": "金寶大厦",
        "FIRST_REFERENCE_LOT_PRN": "C5456056"
    },
    {
        "PRN": "B4098213",
        "SEQ_NUM": 1,
        "BLOCK": "CAMB",
        "FLOOR": "4",
        "FLAT": "A",
        "HOUSE_NUM_PREFIX": 76.0,
        "STREET_NAME_ENG": "PAU CHUNG STREET",
        "STREET_NAME_CHN": "炮仗街",
        "AREA_DESC_ENG": "KOWLOON",
        "AREA_DESC_CHN": "九龍",
        "FREE_FORMAT_ADDR_ENG": "FLAT A ON 4TH FLOOR CAMBO MANSION NO.76 PAU CHUNG STREET KOWLOON",
        "FREE_FORMAT_ADDR_CHN": NaN,
        "DEV_NAME_ENG": "CAMBO MANSION",
        "DEV_NAME_CHN": "金寶大厦",
        "FIRST_REFERENCE_LOT_PRN": "C5456056"
    },
    {
        "PRN": "B4098225",
        "SEQ_NUM": 1,
        "BLOCK": "CAMB",
        "FLOOR": "7",
        "FLAT": "A",
        "HOUSE_NUM_PREFIX": 76.0,
        "STREET_NAME_ENG": "PAU CHUNG STREET",
        "STREET_NAME_CHN": "炮仗街",
        "AREA_DESC_ENG": "KOWLOON",
        "AREA_DESC_CHN": "九龍",
        "FREE_FORMAT_ADDR_ENG": "FLAT A ON 7TH FLOOR CAMBO MANSION NO.76 PAU CHUNG STREET KOWLOON",
        "FREE_FORMAT_ADDR_CHN": NaN,
        "DEV_NAME_ENG": "CAMBO MANSION",
        "DEV_NAME_CHN": "金寶大厦",
        "FIRST_REFERENCE_LOT_PRN": "C5456056"
    },
    {
        "PRN": "B4098233",
        "SEQ_NUM": 1,
        "BLOCK": "CAMB",
        "FLOOR": "3",
        "FLAT": "B",
        "HOUSE_NUM_PREFIX": 76.0,
        "STREET_NAME_ENG": "PAU CHUNG STREET",
        "STREET_NAME_CHN": "炮仗街",
        "AREA_DESC_ENG": "KOWLOON",
        "AREA_DESC_CHN": "九龍",
        "FREE_FORMAT_ADDR_ENG": "FLAT B ON 3RD FLOOR CAMBO MANSION NO.76 PAU CHUNG STREET KOWLOON",
        "FREE_FORMAT_ADDR_CHN": NaN,
        "DEV_NAME_ENG": "CAMBO MANSION",
        "DEV_NAME_CHN": "金寶大厦",
        "FIRST_REFERENCE_LOT_PRN": "C5456056"
    },
    {
        "PRN": "B4098249",
        "SEQ_NUM": 1,
        "BLOCK": "CAMB",
        "FLOOR": "6",
        "FLAT": "C",
        "HOUSE_NUM_PREFIX": 76.0,
        "STREET_NAME_ENG": "PAU CHUNG STREET",
        "STREET_NAME_CHN": "炮仗街",
        "AREA_DESC_ENG": "KOWLOON",
        "AREA_DESC_CHN": "九龍",
        "FREE_FORMAT_ADDR_ENG": "FLAT C ON 6TH FLOOR CAMBO MANSION NO.76 PAU CHUNG STREET KOWLOON",
        "FREE_FORMAT_ADDR_CHN": NaN,
        "DEV_NAME_ENG": "CAMBO MANSION",
        "DEV_NAME_CHN": "金寶大厦",
        "FIRST_REFERENCE_LOT_PRN": "C5456056"
    },
    {
        "PRN": "B4098256",
        "SEQ_NUM": 1,
        "BLOCK": "CAMB",
        "FLOOR": "1",
        "FLAT": "D",
        "HOUSE_NUM_PREFIX": 76.0,
        "STREET_NAME_ENG": "PAU CHUNG STREET",
        "STREET_NAME_CHN": "炮仗街",
        "AREA_DESC_ENG": "KOWLOON",
        "AREA_DESC_CHN": "九龍",
        "FREE_FORMAT_ADDR_ENG": "FLAT D ON 1ST FLOOR INCLUDING PORTION OF THE FLAT ROOF CAMBO MANSION NO.76 PAU CHUNG STREET KOWLOON",
        "FREE_FORMAT_ADDR_CHN": NaN,
        "DEV_NAME_ENG": "CAMBO MANSION",
        "DEV_NAME_CHN": "金寶大厦",
        "FIRST_REFERENCE_LOT_PRN": "C5456056"
    },
    {
        "PRN": "B4098263",
        "SEQ_NUM": 1,
        "BLOCK": "CAMB",
        "FLOOR": "2",
        "FLAT": "D",
        "HOUSE_NUM_PREFIX": 76.0,
        "STREET_NAME_ENG": "PAU CHUNG STREET",
        "STREET_NAME_CHN": "炮仗街",
        "AREA_DESC_ENG": "KOWLOON",
        "AREA_DESC_CHN": "九龍",
        "FREE_FORMAT_ADDR_ENG": "FLAT D ON 2ND FLOOR CAMBO MANSION NO.76 PAU CHUNG STREET KOWLOON",
        "FREE_FORMAT_ADDR_CHN": NaN,
        "DEV_NAME_ENG": "CAMBO MANSION",
        "DEV_NAME_CHN": "金寶大厦",
        "FIRST_REFERENCE_LOT_PRN": "C5456056"
    },
    {
        "PRN": "B4098276",
        "SEQ_NUM": 1,
        "BLOCK": "CAMB",
        "FLOOR": "12",
        "FLAT": "E",
        "HOUSE_NUM_PREFIX": 76.0,
        "STREET_NAME_ENG": "PAU CHUNG STREET",
        "STREET_NAME_CHN": "炮仗街",
        "AREA_DESC_ENG": "KOWLOON",
        "AREA_DESC_CHN": "九龍",
        "FREE_FORMAT_ADDR_ENG": "FLAT E ON 12TH FLOOR CAMBO MANSION NO.76 PAU CHUNG STREET KOWLOON",
        "FREE_FORMAT_ADDR_CHN": NaN,
        "DEV_NAME_ENG": "CAMBO MANSION",
        "DEV_NAME_CHN": "金寶大厦",
        "FIRST_REFERENCE_LOT_PRN": "C5456056"
    },
    {
        "PRN": "B5194527",
        "SEQ_NUM": 1,
        "BLOCK": "CAMB",
        "FLOOR": "1",
        "FLAT": "E",
        "HOUSE_NUM_PREFIX": 76.0,
        "STREET_NAME_ENG": "PAU CHUNG STREET",
        "STREET_NAME_CHN": "炮仗街",
        "AREA_DESC_ENG": "KOWLOON",
        "AREA_DESC_CHN": "九龍",
        "FREE_FORMAT_ADDR_ENG": "FLAT E ON 1ST FLOOR INCLUDING PORTION OF THE FLAT ROOF CAMBO MANSION NO.76 PAU CHUNG STREET KOWLOON",
        "FREE_FORMAT_ADDR_CHN": NaN,
        "DEV_NAME_ENG": "CAMBO MANSION",
        "DEV_NAME_CHN": "金寶大厦",
        "FIRST_REFERENCE_LOT_PRN": "C5456056"
    },
    {
        "PRN": "B5527712",
        "SEQ_NUM": 1,
        "BLOCK": "CAMB",
        "FLOOR": "2",
        "FLAT": "F",
        "HOUSE_NUM_PREFIX": 76.0,
        "STREET_NAME_ENG": "PAU CHUNG STREET",
        "STREET_NAME_CHN": "炮仗街",
        "AREA_DESC_ENG": "KOWLOON",
        "AREA_DESC_CHN": "九龍",
        "FREE_FORMAT_ADDR_ENG": "FLAT F ON 2ND FLOOR CAMBO MANSION NO.76 PAU CHUNG STREET KOWLOON",
        "FREE_FORMAT_ADDR_CHN": NaN,
        "DEV_NAME_ENG": "CAMBO MANSION",
        "DEV_NAME_CHN": "金寶大厦",
        "FIRST_REFERENCE_LOT_PRN": "C5456056"
    },
    {
        "PRN": "B5864960",
        "SEQ_NUM": 1,
        "BLOCK": "CAMB",
        "FLOOR": "6",
        "FLAT": "B",
        "HOUSE_NUM_PREFIX": 76.0,
        "STREET_NAME_ENG": "PAU CHUNG STREET",
        "STREET_NAME_CHN": "炮仗街",
        "AREA_DESC_ENG": "KOWLOON",
        "AREA_DESC_CHN": "九龍",
        "FREE_FORMAT_ADDR_ENG": "FLAT B ON 6TH FLOOR CAMBO MANSION NO.76 PAU CHUNG STREET KOWLOON",
        "FREE_FORMAT_ADDR_CHN": NaN,
        "DEV_NAME_ENG": "CAMBO MANSION",
        "DEV_NAME_CHN": "金寶大厦",
        "FIRST_REFERENCE_LOT_PRN": "C5456056"
    },
    {
        "PRN": "B6778346",
        "SEQ_NUM": 1,
        "BLOCK": "CAMB",
        "FLOOR": "G",
        "FLAT": "SH013",
        "HOUSE_NUM_PREFIX": 68.0,
        "STREET_NAME_ENG": "PAU CHUNG STREET",
        "STREET_NAME_CHN": "炮仗街",
        "AREA_DESC_ENG": "KOWLOON",
        "AREA_DESC_CHN": "九龍",
        "FREE_FORMAT_ADDR_ENG": "SHOP NO.13 ON GROUND FLOOR CAMBO MANSION NOS. 68-80 PAU CHUNG STREET KOWLOON",
        "FREE_FORMAT_ADDR_CHN": NaN,
        "DEV_NAME_ENG": "CAMBO MANSION",
        "DEV_NAME_CHN": "金寶大厦",
        "FIRST_REFERENCE_LOT_PRN": "C5456056"
    },
    {
        "PRN": "B6778719",
        "SEQ_NUM": 1,
        "BLOCK": "CAMB",
        "FLOOR": "3",
        "FLAT": "A",
        "HOUSE_NUM_PREFIX": 76.0,
        "STREET_NAME_ENG": "PAU CHUNG STREET",
        "STREET_NAME_CHN": "炮仗街",
        "AREA_DESC_ENG": "KOWLOON",
        "AREA_DESC_CHN": "九龍",
        "FREE_FORMAT_ADDR_ENG": "FLAT A ON 3RD FLOOR CAMBO MANSION NO.76 PAU CHUNG STREET KOWLOON",
        "FREE_FORMAT_ADDR_CHN": NaN,
        "DEV_NAME_ENG": "CAMBO MANSION",
        "DEV_NAME_CHN": "金寶大厦",
        "FIRST_REFERENCE_LOT_PRN": "C5456056"
    },
    {
        "PRN": "B6778729",
        "SEQ_NUM": 1,
        "BLOCK": "CAMB",
        "FLOOR": "6",
        "FLAT": "A",
        "HOUSE_NUM_PREFIX": 76.0,
        "STREET_NAME_ENG": "PAU CHUNG STREET",
        "STREET_NAME_CHN": "炮仗街",
        "AREA_DESC_ENG": "KOWLOON",
        "AREA_DESC_CHN": "九龍",
        "FREE_FORMAT_ADDR_ENG": "FLAT A ON 6TH FLOOR CAMBO MANSION NO.76 PAU CHUNG STREET KOWLOON",
        "FREE_FORMAT_ADDR_CHN": NaN,
        "DEV_NAME_ENG": "CAMBO MANSION",
        "DEV_NAME_CHN": "金寶大厦",
        "FIRST_REFERENCE_LOT_PRN": "C5456056"
    },
    {
        "PRN": "B6778738",
        "SEQ_NUM": 1,
        "BLOCK": "CAMB",
        "FLOOR": "8",
        "FLAT": "A",
        "HOUSE_NUM_PREFIX": 76.0,
        "STREET_NAME_ENG": "PAU CHUNG STREET",
        "STREET_NAME_CHN": "炮仗街",
        "AREA_DESC_ENG": "KOWLOON",
        "AREA_DESC_CHN": "九龍",
        "FREE_FORMAT_ADDR_ENG": "FLAT A ON 8TH FLOOR CAMBO MANSION NO.76 PAU CHUNG STREET KOWLOON",
        "FREE_FORMAT_ADDR_CHN": NaN,
        "DEV_NAME_ENG": "CAMBO MANSION",
        "DEV_NAME_CHN": "金寶大厦",
        "FIRST_REFERENCE_LOT_PRN": "C5456056"
    },
    {
        "PRN": "B6778744",
        "SEQ_NUM": 1,
        "BLOCK": "CAMB",
        "FLOOR": "9",
        "FLAT": "B",
        "HOUSE_NUM_PREFIX": 76.0,
        "STREET_NAME_ENG": "PAU CHUNG STREET",
        "STREET_NAME_CHN": "炮仗街",
        "AREA_DESC_ENG": "KOWLOON",
        "AREA_DESC_CHN": "九龍",
        "FREE_FORMAT_ADDR_ENG": "FLAT B ON 9TH FLOOR CAMBO MANSION NO.76 PAU CHUNG STREET KOWLOON",
        "FREE_FORMAT_ADDR_CHN": NaN,
        "DEV_NAME_ENG": "CAMBO MANSION",
        "DEV_NAME_CHN": "金寶大厦",
        "FIRST_REFERENCE_LOT_PRN": "C5456056"
    },
    {
        "PRN": "B6778757",
        "SEQ_NUM": 1,
        "BLOCK": "CAMB",
        "FLOOR": "10",
        "FLAT": "E",
        "HOUSE_NUM_PREFIX": 76.0,
        "STREET_NAME_ENG": "PAU CHUNG STREET",
        "STREET_NAME_CHN": "炮仗街",
        "AREA_DESC_ENG": "KOWLOON",
        "AREA_DESC_CHN": "九龍",
        "FREE_FORMAT_ADDR_ENG": "FLAT E ON 10TH FLOOR CAMBO MANSION NO.76 PAU CHUNG STREET KOWLOON",
        "FREE_FORMAT_ADDR_CHN": NaN,
        "DEV_NAME_ENG": "CAMBO MANSION",
        "DEV_NAME_CHN": "金寶大厦",
        "FIRST_REFERENCE_LOT_PRN": "C5456056"
    },
    {
        "PRN": "B6778760",
        "SEQ_NUM": 1,
        "BLOCK": "CAMB",
        "FLOOR": "4",
        "FLAT": "F",
        "HOUSE_NUM_PREFIX": 76.0,
        "STREET_NAME_ENG": "PAU CHUNG STREET",
        "STREET_NAME_CHN": "炮仗街",
        "AREA_DESC_ENG": "KOWLOON",
        "AREA_DESC_CHN": "九龍",
        "FREE_FORMAT_ADDR_ENG": "FLAT F ON 4TH FLOOR CAMBO MANSION NO.76 PAU CHUNG STREET KOWLOON",
        "FREE_FORMAT_ADDR_CHN": NaN,
        "DEV_NAME_ENG": "CAMBO MANSION",
        "DEV_NAME_CHN": "金寶大厦",
        "FIRST_REFERENCE_LOT_PRN": "C5456056"
    },
    {
        "PRN": "B6778770",
        "SEQ_NUM": 1,
        "BLOCK": "CAMB",
        "FLOOR": "7",
        "FLAT": "F",
        "HOUSE_NUM_PREFIX": 76.0,
        "STREET_NAME_ENG": "PAU CHUNG STREET",
        "STREET_NAME_CHN": "炮仗街",
        "AREA_DESC_ENG": "KOWLOON",
        "AREA_DESC_CHN": "九龍",
        "FREE_FORMAT_ADDR_ENG": "FLAT F ON 7TH FLOOR CAMBO MANSION NO.76 PAU CHUNG STREET KOWLOON",
        "FREE_FORMAT_ADDR_CHN": NaN,
        "DEV_NAME_ENG": "CAMBO MANSION",
        "DEV_NAME_CHN": "金寶大厦",
        "FIRST_REFERENCE_LOT_PRN": "C5456056"
    },
    {
        "PRN": "B7880428",
        "SEQ_NUM": 1,
        "BLOCK": "CAMB",
        "FLOOR": "10",
        "FLAT": "D",
        "HOUSE_NUM_PREFIX": 76.0,
        "STREET_NAME_ENG": "PAU CHUNG STREET",
        "STREET_NAME_CHN": "炮仗街",
        "AREA_DESC_ENG": "KOWLOON",
        "AREA_DESC_CHN": "九龍",
        "FREE_FORMAT_ADDR_ENG": "FLAT D ON 10TH FLOOR CAMBO MANSION NO.76 PAU CHUNG STREET KOWLOON",
        "FREE_FORMAT_ADDR_CHN": NaN,
        "DEV_NAME_ENG": "CAMBO MANSION",
        "DEV_NAME_CHN": "金寶大厦",
        "FIRST_REFERENCE_LOT_PRN": "C5456056"
    },
    {
        "PRN": "B7880431",
        "SEQ_NUM": 1,
        "BLOCK": "CAMB",
        "FLOOR": "6",
        "FLAT": "F",
        "HOUSE_NUM_PREFIX": 76.0,
        "STREET_NAME_ENG": "PAU CHUNG STREET",
        "STREET_NAME_CHN": "炮仗街",
        "AREA_DESC_ENG": "KOWLOON",
        "AREA_DESC_CHN": "九龍",
        "FREE_FORMAT_ADDR_ENG": "FLAT F ON 6TH FLOOR CAMBO MANSION NO.76 PAU CHUNG STREET KOWLOON",
        "FREE_FORMAT_ADDR_CHN": NaN,
        "DEV_NAME_ENG": "CAMBO MANSION",
        "DEV_NAME_CHN": "金寶大厦",
        "FIRST_REFERENCE_LOT_PRN": "C5456056"
    },
    {
        "PRN": "B8213008",
        "SEQ_NUM": 1,
        "BLOCK": "CAMB",
        "FLOOR": "3",
        "FLAT": "D",
        "HOUSE_NUM_PREFIX": 76.0,
        "STREET_NAME_ENG": "PAU CHUNG STREET",
        "STREET_NAME_CHN": "炮仗街",
        "AREA_DESC_ENG": "KOWLOON",
        "AREA_DESC_CHN": "九龍",
        "FREE_FORMAT_ADDR_ENG": "FLAT D ON 3RD FLOOR CAMBO MANSION NO.76 PAU CHUNG STREET KOWLOON",
        "FREE_FORMAT_ADDR_CHN": NaN,
        "DEV_NAME_ENG": "CAMBO MANSION",
        "DEV_NAME_CHN": "金寶大厦",
        "FIRST_REFERENCE_LOT_PRN": "C5456056"
    },
    {
        "PRN": "B8213012",
        "SEQ_NUM": 1,
        "BLOCK": "CAMB",
        "FLOOR": "9",
        "FLAT": "D",
        "HOUSE_NUM_PREFIX": 76.0,
        "STREET_NAME_ENG": "PAU CHUNG STREET",
        "STREET_NAME_CHN": "炮仗街",
        "AREA_DESC_ENG": "KOWLOON",
        "AREA_DESC_CHN": "九龍",
        "FREE_FORMAT_ADDR_ENG": "FLAT D ON 9TH FLOOR CAMBO MANSION NO.76 PAU CHUNG STREET KOWLOON",
        "FREE_FORMAT_ADDR_CHN": NaN,
        "DEV_NAME_ENG": "CAMBO MANSION",
        "DEV_NAME_CHN": "金寶大厦",
        "FIRST_REFERENCE_LOT_PRN": "C5456056"
    },
    {
        "PRN": "B9463356",
        "SEQ_NUM": 1,
        "BLOCK": "CAMB",
        "FLOOR": "1",
        "FLAT": "B",
        "HOUSE_NUM_PREFIX": 76.0,
        "STREET_NAME_ENG": "PAU CHUNG STREET",
        "STREET_NAME_CHN": "炮仗街",
        "AREA_DESC_ENG": "KOWLOON",
        "AREA_DESC_CHN": "九龍",
        "FREE_FORMAT_ADDR_ENG": "FLAT B ON 1ST FLOOR INCLUDING PORTION OF THE FLAT ROOF CAMBO MANSION NO.76 PAU CHUNG STREET KOWLOON",
        "FREE_FORMAT_ADDR_CHN": NaN,
        "DEV_NAME_ENG": "CAMBO MANSION",
        "DEV_NAME_CHN": "金寶大厦",
        "FIRST_REFERENCE_LOT_PRN": "C5456056"
    },
    {
        "PRN": "B9463361",
        "SEQ_NUM": 1,
        "BLOCK": "CAMB",
        "FLOOR": "5",
        "FLAT": "B",
        "HOUSE_NUM_PREFIX": 76.0,
        "STREET_NAME_ENG": "PAU CHUNG STREET",
        "STREET_NAME_CHN": "炮仗街",
        "AREA_DESC_ENG": "KOWLOON",
        "AREA_DESC_CHN": "九龍",
        "FREE_FORMAT_ADDR_ENG": "FLAT B ON 5TH FLOOR CAMBO MANSION NO.76 PAU CHUNG STREET KOWLOON",
        "FREE_FORMAT_ADDR_CHN": NaN,
        "DEV_NAME_ENG": "CAMBO MANSION",
        "DEV_NAME_CHN": "金寶大厦",
        "FIRST_REFERENCE_LOT_PRN": "C5456056"
    },
    {
        "PRN": "B9463378",
        "SEQ_NUM": 1,
        "BLOCK": "CAMB",
        "FLOOR": "5",
        "FLAT": "D",
        "HOUSE_NUM_PREFIX": 76.0,
        "STREET_NAME_ENG": "PAU CHUNG STREET",
        "STREET_NAME_CHN": "炮仗街",
        "AREA_DESC_ENG": "KOWLOON",
        "AREA_DESC_CHN": "九龍",
        "FREE_FORMAT_ADDR_ENG": "FLAT D ON 5TH FLOOR CAMBO MANSION NO.76 PAU CHUNG STREET KOWLOON",
        "FREE_FORMAT_ADDR_CHN": NaN,
        "DEV_NAME_ENG": "CAMBO MANSION",
        "DEV_NAME_CHN": "金寶大厦",
        "FIRST_REFERENCE_LOT_PRN": "C5456056"
    },
    {
        "PRN": "B9463382",
        "SEQ_NUM": 1,
        "BLOCK": "CAMB",
        "FLOOR": "6",
        "FLAT": "D",
        "HOUSE_NUM_PREFIX": 76.0,
        "STREET_NAME_ENG": "PAU CHUNG STREET",
        "STREET_NAME_CHN": "炮仗街",
        "AREA_DESC_ENG": "KOWLOON",
        "AREA_DESC_CHN": "九龍",
        "FREE_FORMAT_ADDR_ENG": "FLAT D ON 6TH FLOOR CAMBO MANSION NO.76 PAU CHUNG STREET KOWLOON",
        "FREE_FORMAT_ADDR_CHN": NaN,
        "DEV_NAME_ENG": "CAMBO MANSION",
        "DEV_NAME_CHN": "金寶大厦",
        "FIRST_REFERENCE_LOT_PRN": "C5456056"
    },
    {
        "PRN": "B9463398",
        "SEQ_NUM": 1,
        "BLOCK": "CAMB",
        "FLOOR": "8",
        "FLAT": "D",
        "HOUSE_NUM_PREFIX": 76.0,
        "STREET_NAME_ENG": "PAU CHUNG STREET",
        "STREET_NAME_CHN": "炮仗街",
        "AREA_DESC_ENG": "KOWLOON",
        "AREA_DESC_CHN": "九龍",
        "FREE_FORMAT_ADDR_ENG": "FLAT D ON 8TH FLOOR CAMBO MANSION NO.76 PAU CHUNG STREET KOWLOON",
        "FREE_FORMAT_ADDR_CHN": NaN,
        "DEV_NAME_ENG": "CAMBO MANSION",
        "DEV_NAME_CHN": "金寶大厦",
        "FIRST_REFERENCE_LOT_PRN": "C5456056"
    },
    {
        "PRN": "C0560743",
        "SEQ_NUM": 1,
        "BLOCK": "CAMB",
        "FLOOR": "3",
        "FLAT": "F",
        "HOUSE_NUM_PREFIX": 76.0,
        "STREET_NAME_ENG": "PAU CHUNG STREET",
        "STREET_NAME_CHN": "炮仗街",
        "AREA_DESC_ENG": "KOWLOON",
        "AREA_DESC_CHN": "九龍",
        "FREE_FORMAT_ADDR_ENG": "FLAT F ON 3RD FLOOR CAMBO MANSION NO.76 PAU CHUNG STREET KOWLOON",
        "FREE_FORMAT_ADDR_CHN": NaN,
        "DEV_NAME_ENG": "CAMBO MANSION",
        "DEV_NAME_CHN": "金寶大厦",
        "FIRST_REFERENCE_LOT_PRN": "C5456056"
    },
    {
        "PRN": "C0895484",
        "SEQ_NUM": 1,
        "BLOCK": "CAMB",
        "FLOOR": "11",
        "FLAT": "E",
        "HOUSE_NUM_PREFIX": 76.0,
        "STREET_NAME_ENG": "PAU CHUNG STREET",
        "STREET_NAME_CHN": "炮仗街",
        "AREA_DESC_ENG": "KOWLOON",
        "AREA_DESC_CHN": "九龍",
        "FREE_FORMAT_ADDR_ENG": "FLAT E ON 11TH FLOOR CAMBO MANSION NO.76 PAU CHUNG STREET KOWLOON",
        "FREE_FORMAT_ADDR_CHN": NaN,
        "DEV_NAME_ENG": "CAMBO MANSION",
        "DEV_NAME_CHN": "金寶大厦",
        "FIRST_REFERENCE_LOT_PRN": "C5456056"
    },
    {
        "PRN": "C0895492",
        "SEQ_NUM": 1,
        "BLOCK": "CAMB",
        "FLOOR": "7",
        "FLAT": "E",
        "HOUSE_NUM_PREFIX": 76.0,
        "STREET_NAME_ENG": "PAU CHUNG STREET",
        "STREET_NAME_CHN": "炮仗街",
        "AREA_DESC_ENG": "KOWLOON",
        "AREA_DESC_CHN": "九龍",
        "FREE_FORMAT_ADDR_ENG": "FLAT E ON 7TH FLOOR CAMBO MANSION NO.76 PAU CHUNG STREET KOWLOON",
        "FREE_FORMAT_ADDR_CHN": NaN,
        "DEV_NAME_ENG": "CAMBO MANSION",
        "DEV_NAME_CHN": "金寶大厦",
        "FIRST_REFERENCE_LOT_PRN": "C5456056"
    },
    {
        "PRN": "C1228685",
        "SEQ_NUM": 1,
        "BLOCK": "CAMB",
        "FLOOR": "4",
        "FLAT": "B",
        "HOUSE_NUM_PREFIX": 76.0,
        "STREET_NAME_ENG": "PAU CHUNG STREET",
        "STREET_NAME_CHN": "炮仗街",
        "AREA_DESC_ENG": "KOWLOON",
        "AREA_DESC_CHN": "九龍",
        "FREE_FORMAT_ADDR_ENG": "FLAT B ON 4TH FLOOR CAMBO MANSION NO.76 PAU CHUNG STREET KOWLOON",
        "FREE_FORMAT_ADDR_CHN": NaN,
        "DEV_NAME_ENG": "CAMBO MANSION",
        "DEV_NAME_CHN": "金寶大厦",
        "FIRST_REFERENCE_LOT_PRN": "C5456056"
    }
]