[
    {
        "PRN": "A0519047",
        "SEQ_NUM": 1,
        "BLOCK": "C",
        "FLOOR": "2",
        "FLAT": "C22",
        "HOUSE_NUM_PREFIX": 28.0,
        "STREET_NAME_ENG": "COOMBE ROAD",
        "STREET_NAME_CHN": "甘道",
        "AREA_DESC_ENG": "HONG KONG",
        "AREA_DESC_CHN": "香港",
        "FREE_FORMAT_ADDR_ENG": "FLAT C22 ON 2ND FLOOR OF BLOCK C CAROLINA MANSIONS NOS.28 30 32 & 34 COOMBE ROAD HONG KONG",
        "FREE_FORMAT_ADDR_CHN": NaN,
        "DEV_NAME_ENG": "CAROLINA MANSIONS",
        "DEV_NAME_CHN": NaN,
        "FIRST_REFERENCE_LOT_PRN": "C4716951"
    },
    {
        "PRN": "A0519055",
        "SEQ_NUM": 1,
        "BLOCK": "C",
        "FLOOR": "3",
        "FLAT": "C31",
        "HOUSE_NUM_PREFIX": 28.0,
        "STREET_NAME_ENG": "COOMBE ROAD",
        "STREET_NAME_CHN": "甘道",
        "AREA_DESC_ENG": "HONG KONG",
        "AREA_DESC_CHN": "香港",
        "FREE_FORMAT_ADDR_ENG": "FLAT C31 ON 3RD FLOOR OF BLOCK C CAROLINA MANSIONS NOS.28 30 32 & 34 COOMBE ROAD HONG KONG",
        "FREE_FORMAT_ADDR_CHN": NaN,
        "DEV_NAME_ENG": "CAROLINA MANSIONS",
        "DEV_NAME_CHN": NaN,
        "FIRST_REFERENCE_LOT_PRN": "C4716951"
    },
    {
        "PRN": "A0519066",
        "SEQ_NUM": 1,
        "BLOCK": "C",
        "FLOOR": "4",
        "FLAT": "C41",
        "HOUSE_NUM_PREFIX": 28.0,
        "STREET_NAME_ENG": "COOMBE ROAD",
        "STREET_NAME_CHN": "甘道",
        "AREA_DESC_ENG": "HONG KONG",
        "AREA_DESC_CHN": "香港",
        "FREE_FORMAT_ADDR_ENG": "FLAT C41 ON 4TH FLOOR OF BLOCK C CAROLINA MANSIONS NOS.28 30 32 & 34 COOMBE ROAD HONG KONG",
        "FREE_FORMAT_ADDR_CHN": NaN,
        "DEV_NAME_ENG": "CAROLINA MANSIONS",
        "DEV_NAME_CHN": NaN,
        "FIRST_REFERENCE_LOT_PRN": "C4716951"
    },
    {
        "PRN": "A0519074",
        "SEQ_NUM": 1,
        "BLOCK": "C",
        "FLOOR": "4",
        "FLAT": "C42",
        "HOUSE_NUM_PREFIX": 28.0,
        "STREET_NAME_ENG": "COOMBE ROAD",
        "STREET_NAME_CHN": "甘道",
        "AREA_DESC_ENG": "HONG KONG",
        "AREA_DESC_CHN": "香港",
        "FREE_FORMAT_ADDR_ENG": "FLAT C42 ON 4TH FLOOR OF BLOCK C CAROLINA MANSIONS NOS.28 30 32 & 34 COOMBE ROAD HONG KONG",
        "FREE_FORMAT_ADDR_CHN": NaN,
        "DEV_NAME_ENG": "CAROLINA MANSIONS",
        "DEV_NAME_CHN": NaN,
        "FIRST_REFERENCE_LOT_PRN": "C4716951"
    },
    {
        "PRN": "A0519089",
        "SEQ_NUM": 1,
        "BLOCK": "C",
        "FLOOR": "5",
        "FLAT": "C52",
        "HOUSE_NUM_PREFIX": 28.0,
        "STREET_NAME_ENG": "COOMBE ROAD",
        "STREET_NAME_CHN": "甘道",
        "AREA_DESC_ENG": "HONG KONG",
        "AREA_DESC_CHN": "香港",
        "FREE_FORMAT_ADDR_ENG": "FLAT C52 ON 5TH FLOOR OF BLOCK C CAROLINA MANSIONS NOS.28 30 32 & 34 COOMBE ROAD HONG KONG",
        "FREE_FORMAT_ADDR_CHN": NaN,
        "DEV_NAME_ENG": "CAROLINA MANSIONS",
        "DEV_NAME_CHN": NaN,
        "FIRST_REFERENCE_LOT_PRN": "C4716951"
    },
    {
        "PRN": "A0519097",
        "SEQ_NUM": 1,
        "BLOCK": "C",
        "FLOOR": "6",
        "FLAT": "C62",
        "HOUSE_NUM_PREFIX": 28.0,
        "STREET_NAME_ENG": "COOMBE ROAD",
        "STREET_NAME_CHN": "甘道",
        "AREA_DESC_ENG": "HONG KONG",
        "AREA_DESC_CHN": "香港",
        "FREE_FORMAT_ADDR_ENG": "FLAT C62 ON 6TH FLOOR OF BLOCK C CAROLINA MANSIONS NOS.28 30 32 & 34 COOMBE ROAD HONG KONG",
        "FREE_FORMAT_ADDR_CHN": NaN,
        "DEV_NAME_ENG": "CAROLINA MANSIONS",
        "DEV_NAME_CHN": NaN,
        "FIRST_REFERENCE_LOT_PRN": "C4716951"
    },
    {
        "PRN": "A0519108",
        "SEQ_NUM": 1,
        "BLOCK": "C",
        "FLOOR": "7",
        "FLAT": "C71",
        "HOUSE_NUM_PREFIX": 28.0,
        "STREET_NAME_ENG": "COOMBE ROAD",
        "STREET_NAME_CHN": "甘道",
        "AREA_DESC_ENG": "HONG KONG",
        "AREA_DESC_CHN": "香港",
        "FREE_FORMAT_ADDR_ENG": "FLAT C71 ON 7TH FLOOR (INCLUDING SUCH PORTION OF THE MAIN ROOF OF BLOCK C ) OF BLOCK C CAROLINA MANSIONS NOS.28 30 32 & 34 COOMBE ROAD HONG KONG",
        "FREE_FORMAT_ADDR_CHN": NaN,
        "DEV_NAME_ENG": "CAROLINA MANSIONS",
        "DEV_NAME_CHN": NaN,
        "FIRST_REFERENCE_LOT_PRN": "C4716951"
    },
    {
        "PRN": "A0519117",
        "SEQ_NUM": 1,
        "BLOCK": "D",
        "FLOOR": "1",
        "FLAT": "D11",
        "HOUSE_NUM_PREFIX": 28.0,
        "STREET_NAME_ENG": "COOMBE ROAD",
        "STREET_NAME_CHN": "甘道",
        "AREA_DESC_ENG": "HONG KONG",
        "AREA_DESC_CHN": "香港",
        "FREE_FORMAT_ADDR_ENG": "FLAT D11 ON 1ST FLOOR OF BLOCK D CAROLINA MANSIONS NOS.28 30 32 & 34 COOMBE ROAD HONG KONG",
        "FREE_FORMAT_ADDR_CHN": NaN,
        "DEV_NAME_ENG": "CAROLINA MANSIONS",
        "DEV_NAME_CHN": NaN,
        "FIRST_REFERENCE_LOT_PRN": "C4716951"
    },
    {
        "PRN": "A0519124",
        "SEQ_NUM": 1,
        "BLOCK": "D",
        "FLOOR": "3",
        "FLAT": "D31",
        "HOUSE_NUM_PREFIX": 28.0,
        "STREET_NAME_ENG": "COOMBE ROAD",
        "STREET_NAME_CHN": "甘道",
        "AREA_DESC_ENG": "HONG KONG",
        "AREA_DESC_CHN": "香港",
        "FREE_FORMAT_ADDR_ENG": "FLAT D31 ON 3RD FLOOR OF BLOCK D CAROLINA MANSIONS NOS.28 30 32 & 34 COOMBE ROAD HONG KONG",
        "FREE_FORMAT_ADDR_CHN": NaN,
        "DEV_NAME_ENG": "CAROLINA MANSIONS",
        "DEV_NAME_CHN": NaN,
        "FIRST_REFERENCE_LOT_PRN": "C4716951"
    },
    {
        "PRN": "A0519135",
        "SEQ_NUM": 1,
        "BLOCK": "D",
        "FLOOR": "3",
        "FLAT": "D32",
        "HOUSE_NUM_PREFIX": 28.0,
        "STREET_NAME_ENG": "COOMBE ROAD",
        "STREET_NAME_CHN": "甘道",
        "AREA_DESC_ENG": "HONG KONG",
        "AREA_DESC_CHN": "香港",
        "FREE_FORMAT_ADDR_ENG": "FLAT D32 ON 3RD FLOOR OF BLOCK D CAROLINA MANSIONS NOS.28 30 32 & 34 COOMBE ROAD HONG KONG",
        "FREE_FORMAT_ADDR_CHN": NaN,
        "DEV_NAME_ENG": "CAROLINA MANSIONS",
        "DEV_NAME_CHN": NaN,
        "FIRST_REFERENCE_LOT_PRN": "C4716951"
    },
    {
        "PRN": "A0519145",
        "SEQ_NUM": 1,
        "BLOCK": "D",
        "FLOOR": "4",
        "FLAT": "D41",
        "HOUSE_NUM_PREFIX": 28.0,
        "STREET_NAME_ENG": "COOMBE ROAD",
        "STREET_NAME_CHN": "甘道",
        "AREA_DESC_ENG": "HONG KONG",
        "AREA_DESC_CHN": "香港",
        "FREE_FORMAT_ADDR_ENG": "FLAT D41 ON 4TH FLOOR OF BLOCK D CAROLINA MANSIONS NOS.28 30 32 & 34 COOMBE ROAD HONG KONG",
        "FREE_FORMAT_ADDR_CHN": NaN,
        "DEV_NAME_ENG": "CAROLINA MANSIONS",
        "DEV_NAME_CHN": NaN,
        "FIRST_REFERENCE_LOT_PRN": "C4716951"
    },
    {
        "PRN": "A0519158",
        "SEQ_NUM": 1,
        "BLOCK": "D",
        "FLOOR": "6",
        "FLAT": "D62",
        "HOUSE_NUM_PREFIX": 28.0,
        "STREET_NAME_ENG": "COOMBE ROAD",
        "STREET_NAME_CHN": "甘道",
        "AREA_DESC_ENG": "HONG KONG",
        "AREA_DESC_CHN": "香港",
        "FREE_FORMAT_ADDR_ENG": "FLAT D62 ON 6TH FLOOR OF BLOCK D CAROLINA MANSIONS NOS.28 30 32 & 34 COOMBE ROAD HONG KONG",
        "FREE_FORMAT_ADDR_CHN": NaN,
        "DEV_NAME_ENG": "CAROLINA MANSIONS",
        "DEV_NAME_CHN": NaN,
        "FIRST_REFERENCE_LOT_PRN": "C4716951"
    },
    {
        "PRN": "A0519160",
        "SEQ_NUM": 1,
        "BLOCK": "D",
        "FLOOR": "7",
        "FLAT": "D71",
        "HOUSE_NUM_PREFIX": 28.0,
        "STREET_NAME_ENG": "COOMBE ROAD",
        "STREET_NAME_CHN": "甘道",
        "AREA_DESC_ENG": "HONG KONG",
        "AREA_DESC_CHN": "香港",
        "FREE_FORMAT_ADDR_ENG": "FLAT D71 ON 7TH FLOOR OF BLOCK D & PORTION OF MAIN ROOF OF BLK. D OF CAROLINA MANSIONS NOS.28 30 32 & 34 COOMBE ROAD HONG KONG",
        "FREE_FORMAT_ADDR_CHN": NaN,
        "DEV_NAME_ENG": "CAROLINA MANSIONS",
        "DEV_NAME_CHN": NaN,
        "FIRST_REFERENCE_LOT_PRN": "C4716951"
    },
    {
        "PRN": "A0519172",
        "SEQ_NUM": 1,
        "BLOCK": "D",
        "FLOOR": "7",
        "FLAT": "D72",
        "HOUSE_NUM_PREFIX": 28.0,
        "STREET_NAME_ENG": "COOMBE ROAD",
        "STREET_NAME_CHN": "甘道",
        "AREA_DESC_ENG": "HONG KONG",
        "AREA_DESC_CHN": "香港",
        "FREE_FORMAT_ADDR_ENG": "FLAT D72 ON 7TH FLOOR OF BLOCK D & PORTION OF MAIN ROOF CAROLINA MANSIONS NOS.28 30 32 & 34 COOMBE ROAD HONG KONG",
        "FREE_FORMAT_ADDR_CHN": NaN,
        "DEV_NAME_ENG": "CAROLINA MANSIONS",
        "DEV_NAME_CHN": NaN,
        "FIRST_REFERENCE_LOT_PRN": "C4716951"
    },
    {
        "PRN": "B3445200",
        "SEQ_NUM": 1,
        "BLOCK": "C",
        "FLOOR": "7",
        "FLAT": "C72",
        "HOUSE_NUM_PREFIX": 28.0,
        "STREET_NAME_ENG": "COOMBE ROAD",
        "STREET_NAME_CHN": "甘道",
        "AREA_DESC_ENG": "HONG KONG",
        "AREA_DESC_CHN": "香港",
        "FREE_FORMAT_ADDR_ENG": "FLAT C72 ON 7/F OF BLOCK C AND A PORTION OF THE MAIN ROOF CAROLINA MANSIONS 28 30 32 & 34 COOMBE ROAD H.K.",
        "FREE_FORMAT_ADDR_CHN": NaN,
        "DEV_NAME_ENG": "CAROLINA MANSIONS",
        "DEV_NAME_CHN": NaN,
        "FIRST_REFERENCE_LOT_PRN": "C4716951"
    },
    {
        "PRN": "B3445212",
        "SEQ_NUM": 1,
        "BLOCK": "D",
        "FLOOR": "1",
        "FLAT": "D12",
        "HOUSE_NUM_PREFIX": 28.0,
        "STREET_NAME_ENG": "COOMBE ROAD",
        "STREET_NAME_CHN": "甘道",
        "AREA_DESC_ENG": "HONG KONG",
        "AREA_DESC_CHN": "香港",
        "FREE_FORMAT_ADDR_ENG": "FLAT D12 ON 1ST FLOOR OF BLOCK D CAROLINA MANSIONS NOS.28 30 32 & 34 COOMBE ROAD HONG KONG",
        "FREE_FORMAT_ADDR_CHN": NaN,
        "DEV_NAME_ENG": "CAROLINA MANSIONS",
        "DEV_NAME_CHN": NaN,
        "FIRST_REFERENCE_LOT_PRN": "C4716951"
    },
    {
        "PRN": "B3445224",
        "SEQ_NUM": 1,
        "BLOCK": "D",
        "FLOOR": "5",
        "FLAT": "D51",
        "HOUSE_NUM_PREFIX": 28.0,
        "STREET_NAME_ENG": "COOMBE ROAD",
        "STREET_NAME_CHN": "甘道",
        "AREA_DESC_ENG": "HONG KONG",
        "AREA_DESC_CHN": "香港",
        "FREE_FORMAT_ADDR_ENG": "FLAT D51 ON 5TH FLOOR OF BLOCK D CAROLINA MANSIONS NOS.28 30 32 & 34 COOMBE ROAD HONG KONG",
        "FREE_FORMAT_ADDR_CHN": NaN,
        "DEV_NAME_ENG": "CAROLINA MANSIONS",
        "DEV_NAME_CHN": NaN,
        "FIRST_REFERENCE_LOT_PRN": "C4716951"
    },
    {
        "PRN": "B5063087",
        "SEQ_NUM": 1,
        "BLOCK": "D",
        "FLOOR": "2",
        "FLAT": "D21",
        "HOUSE_NUM_PREFIX": 28.0,
        "STREET_NAME_ENG": "COOMBE ROAD",
        "STREET_NAME_CHN": "甘道",
        "AREA_DESC_ENG": "HONG KONG",
        "AREA_DESC_CHN": "香港",
        "FREE_FORMAT_ADDR_ENG": "FLAT D21 ON 2ND FLOOR OF BLOCK D CAROLINA MANSIONS NOS.28 30 32 & 34 COOMBE ROAD HONG KONG",
        "FREE_FORMAT_ADDR_CHN": NaN,
        "DEV_NAME_ENG": "CAROLINA MANSIONS",
        "DEV_NAME_CHN": NaN,
        "FIRST_REFERENCE_LOT_PRN": "C4716951"
    },
    {
        "PRN": "B5732417",
        "SEQ_NUM": 1,
        "BLOCK": "D",
        "FLOOR": "5",
        "FLAT": "D52",
        "HOUSE_NUM_PREFIX": 28.0,
        "STREET_NAME_ENG": "COOMBE ROAD",
        "STREET_NAME_CHN": "甘道",
        "AREA_DESC_ENG": "HONG KONG",
        "AREA_DESC_CHN": "香港",
        "FREE_FORMAT_ADDR_ENG": "FLAT D52 ON 5TH FLOOR OF BLOCK D CAROLINA MANSIONS NOS.28 30 32 & 34 COOMBE ROAD HONG KONG",
        "FREE_FORMAT_ADDR_CHN": NaN,
        "DEV_NAME_ENG": "CAROLINA MANSIONS",
        "DEV_NAME_CHN": NaN,
        "FIRST_REFERENCE_LOT_PRN": "C4716951"
    },
    {
        "PRN": "B6121328",
        "SEQ_NUM": 1,
        "BLOCK": "C",
        "FLOOR": "2",
        "FLAT": "C21",
        "HOUSE_NUM_PREFIX": 28.0,
        "STREET_NAME_ENG": "COOMBE ROAD",
        "STREET_NAME_CHN": "甘道",
        "AREA_DESC_ENG": "HONG KONG",
        "AREA_DESC_CHN": "香港",
        "FREE_FORMAT_ADDR_ENG": "FLAT C21 ON 2ND FLOOR OF BLOCK C CAROLINA MANSIONS NOS.28 30 32 & 34 COOMBE ROAD HONG KONG",
        "FREE_FORMAT_ADDR_CHN": NaN,
        "DEV_NAME_ENG": "CAROLINA MANSIONS",
        "DEV_NAME_CHN": NaN,
        "FIRST_REFERENCE_LOT_PRN": "C4716951"
    },
    {
        "PRN": "B6121334",
        "SEQ_NUM": 1,
        "BLOCK": "C",
        "FLOOR": "5",
        "FLAT": "C51",
        "HOUSE_NUM_PREFIX": 28.0,
        "STREET_NAME_ENG": "COOMBE ROAD",
        "STREET_NAME_CHN": "甘道",
        "AREA_DESC_ENG": "HONG KONG",
        "AREA_DESC_CHN": "香港",
        "FREE_FORMAT_ADDR_ENG": "FLAT C51 ON 5TH FLOOR OF BLOCK C CAROLINA MANSIONS NOS.28 30 32 & 34 COOMBE ROAD HONG KONG",
        "FREE_FORMAT_ADDR_CHN": NaN,
        "DEV_NAME_ENG": "CAROLINA MANSIONS",
        "DEV_NAME_CHN": NaN,
        "FIRST_REFERENCE_LOT_PRN": "C4716951"
    },
    {
        "PRN": "B6121349",
        "SEQ_NUM": 1,
        "BLOCK": "D",
        "FLOOR": "2",
        "FLAT": "D22",
        "HOUSE_NUM_PREFIX": 28.0,
        "STREET_NAME_ENG": "COOMBE ROAD",
        "STREET_NAME_CHN": "甘道",
        "AREA_DESC_ENG": "HONG KONG",
        "AREA_DESC_CHN": "香港",
        "FREE_FORMAT_ADDR_ENG": "FLAT D22 ON 2ND FLOOR OF BLOCK D CAROLINA MANSIONS NOS.28 30 32 & 34 COOMBE ROAD HONG KONG",
        "FREE_FORMAT_ADDR_CHN": NaN,
        "DEV_NAME_ENG": "CAROLINA MANSIONS",
        "DEV_NAME_CHN": NaN,
        "FIRST_REFERENCE_LOT_PRN": "C4716951"
    },
    {
        "PRN": "B7748179",
        "SEQ_NUM": 1,
        "BLOCK": "C",
        "FLOOR": "1",
        "FLAT": "C11",
        "HOUSE_NUM_PREFIX": 28.0,
        "STREET_NAME_ENG": "COOMBE ROAD",
        "STREET_NAME_CHN": "甘道",
        "AREA_DESC_ENG": "HONG KONG",
        "AREA_DESC_CHN": "香港",
        "FREE_FORMAT_ADDR_ENG": "FLAT C11 ON 1ST FLOOR OF BLOCK C CAROLINA MANSIONS NOS.28 30 32 & 34 COOMBE ROAD HONG KONG",
        "FREE_FORMAT_ADDR_CHN": NaN,
        "DEV_NAME_ENG": "CAROLINA MANSIONS",
        "DEV_NAME_CHN": NaN,
        "FIRST_REFERENCE_LOT_PRN": "C4716951"
    },
    {
        "PRN": "B8083778",
        "SEQ_NUM": 1,
        "BLOCK": "C",
        "FLOOR": "1",
        "FLAT": "C12",
        "HOUSE_NUM_PREFIX": 28.0,
        "STREET_NAME_ENG": "COOMBE ROAD",
        "STREET_NAME_CHN": "甘道",
        "AREA_DESC_ENG": "HONG KONG",
        "AREA_DESC_CHN": "香港",
        "FREE_FORMAT_ADDR_ENG": "FLAT C12 ON 1ST FLOOR OF BLOCK C CAROLINA MANSIONS NOS.28 30 32 & 34 COOMBE ROAD HONG KONG",
        "FREE_FORMAT_ADDR_CHN": NaN,
        "DEV_NAME_ENG": "CAROLINA MANSIONS",
        "DEV_NAME_CHN": NaN,
        "FIRST_REFERENCE_LOT_PRN": "C4716951"
    },
    {
        "PRN": "B8807506",
        "SEQ_NUM": 1,
        "BLOCK": "C",
        "FLOOR": "3",
        "FLAT": "C32",
        "HOUSE_NUM_PREFIX": 28.0,
        "STREET_NAME_ENG": "COOMBE ROAD",
        "STREET_NAME_CHN": "甘道",
        "AREA_DESC_ENG": "HONG KONG",
        "AREA_DESC_CHN": "香港",
        "FREE_FORMAT_ADDR_ENG": "FLAT C32 ON 3RD FLOOR OF BLOCK C CAROLINA MANSIONS NOS.28 30 32 & 34 COOMBE ROAD HONG KONG",
        "FREE_FORMAT_ADDR_CHN": NaN,
        "DEV_NAME_ENG": "CAROLINA MANSIONS",
        "DEV_NAME_CHN": NaN,
        "FIRST_REFERENCE_LOT_PRN": "C4716951"
    },
    {
        "PRN": "B8807519",
        "SEQ_NUM": 1,
        "BLOCK": "C",
        "FLOOR": "6",
        "FLAT": "C61",
        "HOUSE_NUM_PREFIX": 28.0,
        "STREET_NAME_ENG": "COOMBE ROAD",
        "STREET_NAME_CHN": "甘道",
        "AREA_DESC_ENG": "HONG KONG",
        "AREA_DESC_CHN": "香港",
        "FREE_FORMAT_ADDR_ENG": "FLAT C61 ON 6TH FLOOR OF BLOCK C CAROLINA MANSIONS NOS.28 30 32 & 34 COOMBE ROAD HONG KONG",
        "FREE_FORMAT_ADDR_CHN": NaN,
        "DEV_NAME_ENG": "CAROLINA MANSIONS",
        "DEV_NAME_CHN": NaN,
        "FIRST_REFERENCE_LOT_PRN": "C4716951"
    },
    {
        "PRN": "B8807529",
        "SEQ_NUM": 1,
        "BLOCK": "D",
        "FLOOR": "4",
        "FLAT": "D42",
        "HOUSE_NUM_PREFIX": 28.0,
        "STREET_NAME_ENG": "COOMBE ROAD",
        "STREET_NAME_CHN": "甘道",
        "AREA_DESC_ENG": "HONG KONG",
        "AREA_DESC_CHN": "香港",
        "FREE_FORMAT_ADDR_ENG": "FLAT D42 ON 4TH FLOOR OF BLOCK D CAROLINA MANSIONS NOS.28 30 32 & 34 COOMBE ROAD HONG KONG",
        "FREE_FORMAT_ADDR_CHN": NaN,
        "DEV_NAME_ENG": "CAROLINA MANSIONS",
        "DEV_NAME_CHN": NaN,
        "FIRST_REFERENCE_LOT_PRN": "C4716951"
    },
    {
        "PRN": "B8807536",
        "SEQ_NUM": 1,
        "BLOCK": "D",
        "FLOOR": "6",
        "FLAT": "D61",
        "HOUSE_NUM_PREFIX": 28.0,
        "STREET_NAME_ENG": "COOMBE ROAD",
        "STREET_NAME_CHN": "甘道",
        "AREA_DESC_ENG": "HONG KONG",
        "AREA_DESC_CHN": "香港",
        "FREE_FORMAT_ADDR_ENG": "FLAT D61 ON 6TH FLOOR OF BLOCK D CAROLINA MANSIONS NOS.28 30 32 & 34 COOMBE ROAD HONG KONG",
        "FREE_FORMAT_ADDR_CHN": NaN,
        "DEV_NAME_ENG": "CAROLINA MANSIONS",
        "DEV_NAME_CHN": NaN,
        "FIRST_REFERENCE_LOT_PRN": "C4716951"
    }
]