[
    {
        "PRN": "D1178541",
        "SEQ_NUM": 1,
        "BLOCK": "6",
        "FLOOR": "2",
        "FLAT": NaN,
        "HOUSE_NUM_PREFIX": NaN,
        "STREET_NAME_ENG": NaN,
        "STREET_NAME_CHN": NaN,
        "AREA_DESC_ENG": NaN,
        "AREA_DESC_CHN": NaN,
        "FREE_FORMAT_ADDR_ENG": "SECOND FLOOR (WITH BALCONY) AND THE MAIN ROOF THEREOVER AND THE STAIRCASES LEADING FROM THE GROUND FLOOR TO THE SECOND FLOOR BLOCK 6 OF CASA BRAVA NO. 73 TING KOK ROAD TAI PO NEW TERRITORIES",
        "FREE_FORMAT_ADDR_CHN": NaN,
        "DEV_NAME_ENG": "CASA BRAVA",
        "DEV_NAME_CHN": "百星滙",
        "FIRST_REFERENCE_LOT_PRN": "C4849681"
    },
    {
        "PRN": "D1178553",
        "SEQ_NUM": 1,
        "BLOCK": "6",
        "FLOOR": "G",
        "FLAT": NaN,
        "HOUSE_NUM_PREFIX": NaN,
        "STREET_NAME_ENG": NaN,
        "STREET_NAME_CHN": NaN,
        "AREA_DESC_ENG": NaN,
        "AREA_DESC_CHN": NaN,
        "FREE_FORMAT_ADDR_ENG": "GROUND FLOOR AND THE GARDEN THERETO AND FIRST FLOOR (WITH BALCONY) BLOCK 6 OF CASA BRAVA NO. 73 TING KOK ROAD TAI PO NEW TERRITORIES",
        "FREE_FORMAT_ADDR_CHN": NaN,
        "DEV_NAME_ENG": "CASA BRAVA",
        "DEV_NAME_CHN": "百星滙",
        "FIRST_REFERENCE_LOT_PRN": "C4849681"
    },
    {
        "PRN": "D1178567",
        "SEQ_NUM": 1,
        "BLOCK": "3",
        "FLOOR": "G",
        "FLAT": NaN,
        "HOUSE_NUM_PREFIX": NaN,
        "STREET_NAME_ENG": NaN,
        "STREET_NAME_CHN": NaN,
        "AREA_DESC_ENG": NaN,
        "AREA_DESC_CHN": NaN,
        "FREE_FORMAT_ADDR_ENG": "GROUND FLOOR AND THE GARDEN THERETO AND FIRST FLOOR (WITH BALCONY) BLOCK 3 OF CASA BRAVA NO.73 TING KOK ROAD TAI PO NEW TERRITORIES",
        "FREE_FORMAT_ADDR_CHN": NaN,
        "DEV_NAME_ENG": "CASA BRAVA",
        "DEV_NAME_CHN": "百星滙",
        "FIRST_REFERENCE_LOT_PRN": "C5510214"
    },
    {
        "PRN": "D1178589",
        "SEQ_NUM": 1,
        "BLOCK": "3",
        "FLOOR": "2",
        "FLAT": NaN,
        "HOUSE_NUM_PREFIX": NaN,
        "STREET_NAME_ENG": NaN,
        "STREET_NAME_CHN": NaN,
        "AREA_DESC_ENG": NaN,
        "AREA_DESC_CHN": NaN,
        "FREE_FORMAT_ADDR_ENG": "SECOND FLOOR (WITH BALCONY) AND THE MAIN ROOF THEREOVER AND THE STAIRCASES LEADING FROM THE GROUND FLOOR TO THE SECOND FLOOR BLOCK 3 OF CASA BRAVA NO.73 TING KOK ROAD TAI PO NEW TERRITORIES",
        "FREE_FORMAT_ADDR_CHN": NaN,
        "DEV_NAME_ENG": "CASA BRAVA",
        "DEV_NAME_CHN": "百星滙",
        "FIRST_REFERENCE_LOT_PRN": "C5510214"
    },
    {
        "PRN": "D1192066",
        "SEQ_NUM": 1,
        "BLOCK": "9",
        "FLOOR": "2",
        "FLAT": NaN,
        "HOUSE_NUM_PREFIX": NaN,
        "STREET_NAME_ENG": NaN,
        "STREET_NAME_CHN": NaN,
        "AREA_DESC_ENG": NaN,
        "AREA_DESC_CHN": NaN,
        "FREE_FORMAT_ADDR_ENG": "SECOND FLOOR (WITH BALCONY) AND THE MAIN ROOF THEREOVER AND THE STAIRCASES LEADING FROM THE GROUND FLOOR TO THE SECOND FLOOR BLOCK 9 OF CASA BRAVA NO. 73 TING KOK ROAD TAI PO NEW TERRITORIES",
        "FREE_FORMAT_ADDR_CHN": NaN,
        "DEV_NAME_ENG": "CASA BRAVA",
        "DEV_NAME_CHN": "百星滙",
        "FIRST_REFERENCE_LOT_PRN": "C1612213"
    },
    {
        "PRN": "D1192070",
        "SEQ_NUM": 1,
        "BLOCK": "9",
        "FLOOR": "G",
        "FLAT": NaN,
        "HOUSE_NUM_PREFIX": NaN,
        "STREET_NAME_ENG": NaN,
        "STREET_NAME_CHN": NaN,
        "AREA_DESC_ENG": NaN,
        "AREA_DESC_CHN": NaN,
        "FREE_FORMAT_ADDR_ENG": "GROUND FLOOR AND THE GARDEN THERETO AND FIRST FLOOR (WITH BALCONY) BLOCK 9 OF CASA BRAVA NO. 73 TING KOK ROAD TAI PO NEW TERRITORIES",
        "FREE_FORMAT_ADDR_CHN": NaN,
        "DEV_NAME_ENG": "CASA BRAVA",
        "DEV_NAME_CHN": "百星滙",
        "FIRST_REFERENCE_LOT_PRN": "C1612213"
    },
    {
        "PRN": "D1210399",
        "SEQ_NUM": 1,
        "BLOCK": "8",
        "FLOOR": "2",
        "FLAT": NaN,
        "HOUSE_NUM_PREFIX": NaN,
        "STREET_NAME_ENG": NaN,
        "STREET_NAME_CHN": NaN,
        "AREA_DESC_ENG": NaN,
        "AREA_DESC_CHN": NaN,
        "FREE_FORMAT_ADDR_ENG": "SECOND FLOOR (WITH BALCONY) AND THE MAIN ROOF THEREOVER AND THE STAIRCASES LEADING FROM THE GROUND FLOOR TO THE SECOND FLOOR BLOCK 8 OF CASA BRAVA NO. 73 TING KOK ROAD TAI PO NEW TERRITORIES",
        "FREE_FORMAT_ADDR_CHN": NaN,
        "DEV_NAME_ENG": "CASA BRAVA",
        "DEV_NAME_CHN": "百星滙",
        "FIRST_REFERENCE_LOT_PRN": "C6178937"
    },
    {
        "PRN": "D1210408",
        "SEQ_NUM": 1,
        "BLOCK": "8",
        "FLOOR": "G",
        "FLAT": NaN,
        "HOUSE_NUM_PREFIX": NaN,
        "STREET_NAME_ENG": NaN,
        "STREET_NAME_CHN": NaN,
        "AREA_DESC_ENG": NaN,
        "AREA_DESC_CHN": NaN,
        "FREE_FORMAT_ADDR_ENG": "GROUND FLOOR AND THE GARDEN THERETO AND FIRST FLOOR (WITH BALCONY) BLOCK 8 OF CASA BRAVA NO. 73 TING KOK ROAD TAI PO NEW TERRITORIES",
        "FREE_FORMAT_ADDR_CHN": NaN,
        "DEV_NAME_ENG": "CASA BRAVA",
        "DEV_NAME_CHN": "百星滙",
        "FIRST_REFERENCE_LOT_PRN": "C6178937"
    },
    {
        "PRN": "D1210426",
        "SEQ_NUM": 1,
        "BLOCK": "1",
        "FLOOR": "2",
        "FLAT": NaN,
        "HOUSE_NUM_PREFIX": NaN,
        "STREET_NAME_ENG": NaN,
        "STREET_NAME_CHN": NaN,
        "AREA_DESC_ENG": NaN,
        "AREA_DESC_CHN": NaN,
        "FREE_FORMAT_ADDR_ENG": "SECOND FLOOR (WITH BALCONY) AND THE MAIN ROOF THEREOVER AND THE STAIRCASES LEADING FROM THE GROUND FLOOR TO THE SECOND FLOOR BLOCK 1 OF CASA BRAVA NO. 73 TING KOK ROAD TAI PO NEW TERRITORIES",
        "FREE_FORMAT_ADDR_CHN": NaN,
        "DEV_NAME_ENG": "CASA BRAVA",
        "DEV_NAME_CHN": "百星滙",
        "FIRST_REFERENCE_LOT_PRN": "C1612008"
    },
    {
        "PRN": "D1210437",
        "SEQ_NUM": 1,
        "BLOCK": "1",
        "FLOOR": "G",
        "FLAT": NaN,
        "HOUSE_NUM_PREFIX": NaN,
        "STREET_NAME_ENG": NaN,
        "STREET_NAME_CHN": NaN,
        "AREA_DESC_ENG": NaN,
        "AREA_DESC_CHN": NaN,
        "FREE_FORMAT_ADDR_ENG": "GROUND FLOOR AND THE GARDEN THERETO AND FIRST FLOOR (WITH BALCONY) BLOCK 1 OF CASA BRAVA NO. 73 TING KOK ROAD TAI PO NEW TERRITORIES",
        "FREE_FORMAT_ADDR_CHN": NaN,
        "DEV_NAME_ENG": "CASA BRAVA",
        "DEV_NAME_CHN": "百星滙",
        "FIRST_REFERENCE_LOT_PRN": "C1612008"
    },
    {
        "PRN": "D1226469",
        "SEQ_NUM": 1,
        "BLOCK": "5",
        "FLOOR": "1",
        "FLAT": NaN,
        "HOUSE_NUM_PREFIX": NaN,
        "STREET_NAME_ENG": NaN,
        "STREET_NAME_CHN": NaN,
        "AREA_DESC_ENG": NaN,
        "AREA_DESC_CHN": NaN,
        "FREE_FORMAT_ADDR_ENG": "FIRST FLOOR (WITH BALCONY) BLOCK 5 OF CASA BRAVA NO. 73 TING KOK ROAD TAI PO NEW TERRITORIES",
        "FREE_FORMAT_ADDR_CHN": NaN,
        "DEV_NAME_ENG": "CASA BRAVA",
        "DEV_NAME_CHN": "百星滙",
        "FIRST_REFERENCE_LOT_PRN": "C1612099"
    },
    {
        "PRN": "D1226474",
        "SEQ_NUM": 1,
        "BLOCK": "5",
        "FLOOR": "2",
        "FLAT": NaN,
        "HOUSE_NUM_PREFIX": NaN,
        "STREET_NAME_ENG": NaN,
        "STREET_NAME_CHN": NaN,
        "AREA_DESC_ENG": NaN,
        "AREA_DESC_CHN": NaN,
        "FREE_FORMAT_ADDR_ENG": "SECOND FLOOR (WITH BALCONY) AND THE MAIN ROOF THEREOVER AND THE STAIRCASES LEADING FROM THE GROUND FLOOR TO THE SECOND FLOOR BLOCK 5 OF CASA BRAVA NO. 73 TING KOK ROAD TAI PO NEW TERRITORIES",
        "FREE_FORMAT_ADDR_CHN": NaN,
        "DEV_NAME_ENG": "CASA BRAVA",
        "DEV_NAME_CHN": "百星滙",
        "FIRST_REFERENCE_LOT_PRN": "C1612099"
    },
    {
        "PRN": "D1226483",
        "SEQ_NUM": 1,
        "BLOCK": "5",
        "FLOOR": "G",
        "FLAT": NaN,
        "HOUSE_NUM_PREFIX": NaN,
        "STREET_NAME_ENG": NaN,
        "STREET_NAME_CHN": NaN,
        "AREA_DESC_ENG": NaN,
        "AREA_DESC_CHN": NaN,
        "FREE_FORMAT_ADDR_ENG": "GROUND FLOOR AND THE GARDEN THERETO BLOCK 5 OF CASA BRAVA NO. 73 TING KOK ROAD TAI PO NEW TERRITORIES",
        "FREE_FORMAT_ADDR_CHN": NaN,
        "DEV_NAME_ENG": "CASA BRAVA",
        "DEV_NAME_CHN": "百星滙",
        "FIRST_REFERENCE_LOT_PRN": "C1612099"
    },
    {
        "PRN": "D1227987",
        "SEQ_NUM": 1,
        "BLOCK": "7",
        "FLOOR": "2",
        "FLAT": NaN,
        "HOUSE_NUM_PREFIX": NaN,
        "STREET_NAME_ENG": NaN,
        "STREET_NAME_CHN": NaN,
        "AREA_DESC_ENG": NaN,
        "AREA_DESC_CHN": NaN,
        "FREE_FORMAT_ADDR_ENG": "SECOND FLOOR (WITH BALCONY) AND THE MAIN ROOF THEREOVER AND THE STAIRCASES LEADING FROM THE GROUND FLOOR TO THE SECOND FLOOR BLOCK 7 OF CASA BRAVA NO.73 TING KOK ROAD TAI PO NEW TERRITORIES",
        "FREE_FORMAT_ADDR_CHN": NaN,
        "DEV_NAME_ENG": "CASA BRAVA",
        "DEV_NAME_CHN": "百星滙",
        "FIRST_REFERENCE_LOT_PRN": "C6178920"
    },
    {
        "PRN": "D1227997",
        "SEQ_NUM": 1,
        "BLOCK": "7",
        "FLOOR": "G",
        "FLAT": NaN,
        "HOUSE_NUM_PREFIX": NaN,
        "STREET_NAME_ENG": NaN,
        "STREET_NAME_CHN": NaN,
        "AREA_DESC_ENG": NaN,
        "AREA_DESC_CHN": NaN,
        "FREE_FORMAT_ADDR_ENG": "GROUND FLOOR AND THE GARDEN THERETO AND FIRST FLOOR (WITH BALCONY) BLOCK 7 OF CASA BRAVA NO.73 TING KOK ROAD TAI PO NEW TERRITORIES",
        "FREE_FORMAT_ADDR_CHN": NaN,
        "DEV_NAME_ENG": "CASA BRAVA",
        "DEV_NAME_CHN": "百星滙",
        "FIRST_REFERENCE_LOT_PRN": "C6178920"
    },
    {
        "PRN": "D1232222",
        "SEQ_NUM": 1,
        "BLOCK": "2",
        "FLOOR": "1",
        "FLAT": NaN,
        "HOUSE_NUM_PREFIX": NaN,
        "STREET_NAME_ENG": NaN,
        "STREET_NAME_CHN": NaN,
        "AREA_DESC_ENG": NaN,
        "AREA_DESC_CHN": NaN,
        "FREE_FORMAT_ADDR_ENG": "FIRST FLOOR (WITH BALCONY) BLOCK 2 OF CASA BRAVA NO. 73 TING KOK ROAD TAI PO NEW TERRITORIES",
        "FREE_FORMAT_ADDR_CHN": NaN,
        "DEV_NAME_ENG": "CASA BRAVA",
        "DEV_NAME_CHN": "百星滙",
        "FIRST_REFERENCE_LOT_PRN": "C5510203"
    },
    {
        "PRN": "D1232231",
        "SEQ_NUM": 1,
        "BLOCK": "2",
        "FLOOR": "2",
        "FLAT": NaN,
        "HOUSE_NUM_PREFIX": NaN,
        "STREET_NAME_ENG": NaN,
        "STREET_NAME_CHN": NaN,
        "AREA_DESC_ENG": NaN,
        "AREA_DESC_CHN": NaN,
        "FREE_FORMAT_ADDR_ENG": "SECOND FLOOR (WITH BALCONY) AND THE MAIN ROOF THEREOVER AND THE STAIRCASES LEADING FROM THE GROUND FLOOR TO THE SECOND FLOOR BLOCK 2 OF CASA BRAVA NO. 73 TING KOK ROAD TAI PO NEW TERRITORIES",
        "FREE_FORMAT_ADDR_CHN": NaN,
        "DEV_NAME_ENG": "CASA BRAVA",
        "DEV_NAME_CHN": "百星滙",
        "FIRST_REFERENCE_LOT_PRN": "C5510203"
    },
    {
        "PRN": "D1232246",
        "SEQ_NUM": 1,
        "BLOCK": "2",
        "FLOOR": "G",
        "FLAT": NaN,
        "HOUSE_NUM_PREFIX": NaN,
        "STREET_NAME_ENG": NaN,
        "STREET_NAME_CHN": NaN,
        "AREA_DESC_ENG": NaN,
        "AREA_DESC_CHN": NaN,
        "FREE_FORMAT_ADDR_ENG": "GROUND FLOOR AND THE GARDEN THERETO BLOCK 2 OF CASA BRAVA NO. 73 TING KOK ROAD TAI PO NEW TERRITORIES",
        "FREE_FORMAT_ADDR_CHN": NaN,
        "DEV_NAME_ENG": "CASA BRAVA",
        "DEV_NAME_CHN": "百星滙",
        "FIRST_REFERENCE_LOT_PRN": "C5510203"
    },
    {
        "PRN": "D1235078",
        "SEQ_NUM": 1,
        "BLOCK": "13",
        "FLOOR": "1",
        "FLAT": NaN,
        "HOUSE_NUM_PREFIX": NaN,
        "STREET_NAME_ENG": NaN,
        "STREET_NAME_CHN": NaN,
        "AREA_DESC_ENG": NaN,
        "AREA_DESC_CHN": NaN,
        "FREE_FORMAT_ADDR_ENG": "FIRST FLOOR (WITH BALCONY) BLOCK 13 OF CASA BRAVA NO. 73 TING KOK ROAD TAI PO NEW TERRITORIES",
        "FREE_FORMAT_ADDR_CHN": NaN,
        "DEV_NAME_ENG": "CASA BRAVA",
        "DEV_NAME_CHN": "百星滙",
        "FIRST_REFERENCE_LOT_PRN": "C1611895"
    },
    {
        "PRN": "D1235085",
        "SEQ_NUM": 1,
        "BLOCK": "13",
        "FLOOR": "2",
        "FLAT": NaN,
        "HOUSE_NUM_PREFIX": NaN,
        "STREET_NAME_ENG": NaN,
        "STREET_NAME_CHN": NaN,
        "AREA_DESC_ENG": NaN,
        "AREA_DESC_CHN": NaN,
        "FREE_FORMAT_ADDR_ENG": "SECOND FLOOR (WITH BALCONY) AND THE MAIN ROOF THEREOVER AND THE STAIRCASES LEADING FROM THE GROUND FLOOR TO THE SECOND FLOOR BLOCK 13 OF CASA BRAVA NO. 73 TING KOK ROAD TAI PO NEW TERRITORIES",
        "FREE_FORMAT_ADDR_CHN": NaN,
        "DEV_NAME_ENG": "CASA BRAVA",
        "DEV_NAME_CHN": "百星滙",
        "FIRST_REFERENCE_LOT_PRN": "C1611895"
    },
    {
        "PRN": "D1235099",
        "SEQ_NUM": 1,
        "BLOCK": "13",
        "FLOOR": "G",
        "FLAT": NaN,
        "HOUSE_NUM_PREFIX": NaN,
        "STREET_NAME_ENG": NaN,
        "STREET_NAME_CHN": NaN,
        "AREA_DESC_ENG": NaN,
        "AREA_DESC_CHN": NaN,
        "FREE_FORMAT_ADDR_ENG": "GROUND FLOOR AND THE GARDEN THERETO BLOCK 13 OF CASA BRAVA NO. 73 TING KOK ROAD TAI PO NEW TERRITORIES",
        "FREE_FORMAT_ADDR_CHN": NaN,
        "DEV_NAME_ENG": "CASA BRAVA",
        "DEV_NAME_CHN": "百星滙",
        "FIRST_REFERENCE_LOT_PRN": "C1611895"
    },
    {
        "PRN": "D1236901",
        "SEQ_NUM": 1,
        "BLOCK": "3A",
        "FLOOR": "1",
        "FLAT": NaN,
        "HOUSE_NUM_PREFIX": NaN,
        "STREET_NAME_ENG": NaN,
        "STREET_NAME_CHN": NaN,
        "AREA_DESC_ENG": NaN,
        "AREA_DESC_CHN": NaN,
        "FREE_FORMAT_ADDR_ENG": "FIRST FLOOR (WITH BALCONY) BLOCK 3A OF CASA BRAVA NO.73 TING KOK ROAD TAI PO NEW TERRITORIES",
        "FREE_FORMAT_ADDR_CHN": NaN,
        "DEV_NAME_ENG": "CASA BRAVA",
        "DEV_NAME_CHN": "百星滙",
        "FIRST_REFERENCE_LOT_PRN": "C1612084"
    },
    {
        "PRN": "D1236913",
        "SEQ_NUM": 1,
        "BLOCK": "3A",
        "FLOOR": "2",
        "FLAT": NaN,
        "HOUSE_NUM_PREFIX": NaN,
        "STREET_NAME_ENG": NaN,
        "STREET_NAME_CHN": NaN,
        "AREA_DESC_ENG": NaN,
        "AREA_DESC_CHN": NaN,
        "FREE_FORMAT_ADDR_ENG": "SECOND FLOOR (WITH BALCONY) AND THE MAIN ROOF THEREOVER AND THE STAIRCASES LEADING FROM THE GROUND FLOOR TO THE SECOND FLOOR BLOCK 3A OF CASA BRAVA NO.73 TING KOK ROAD TAI PO NEW TERRITORIES",
        "FREE_FORMAT_ADDR_CHN": NaN,
        "DEV_NAME_ENG": "CASA BRAVA",
        "DEV_NAME_CHN": "百星滙",
        "FIRST_REFERENCE_LOT_PRN": "C1612084"
    },
    {
        "PRN": "D1236926",
        "SEQ_NUM": 1,
        "BLOCK": "3A",
        "FLOOR": "G",
        "FLAT": NaN,
        "HOUSE_NUM_PREFIX": NaN,
        "STREET_NAME_ENG": NaN,
        "STREET_NAME_CHN": NaN,
        "AREA_DESC_ENG": NaN,
        "AREA_DESC_CHN": NaN,
        "FREE_FORMAT_ADDR_ENG": "GROUND FLOOR AND THE GARDEN THERETO BLOCK 3A OF CASA BRAVA NO.73 TING KOK ROAD TAI PO NEW TERRITORIES",
        "FREE_FORMAT_ADDR_CHN": NaN,
        "DEV_NAME_ENG": "CASA BRAVA",
        "DEV_NAME_CHN": "百星滙",
        "FIRST_REFERENCE_LOT_PRN": "C1612084"
    },
    {
        "PRN": "D1251030",
        "SEQ_NUM": 1,
        "BLOCK": "16",
        "FLOOR": "2",
        "FLAT": NaN,
        "HOUSE_NUM_PREFIX": NaN,
        "STREET_NAME_ENG": NaN,
        "STREET_NAME_CHN": NaN,
        "AREA_DESC_ENG": NaN,
        "AREA_DESC_CHN": NaN,
        "FREE_FORMAT_ADDR_ENG": "SECOND FLOOR (WITH BALCONY) AND THE MAIN ROOF THEREOVER AND THE STAIRCASES LEADING FROM THE GROUND FLOOR TO THE SECOND FLOOR BLOCK 16 OF CASA BRAVA NO.73 TING KOK ROAD TAI PO NEW TERRITORIES",
        "FREE_FORMAT_ADDR_CHN": NaN,
        "DEV_NAME_ENG": "CASA BRAVA",
        "DEV_NAME_CHN": "百星滙",
        "FIRST_REFERENCE_LOT_PRN": "C1612135"
    },
    {
        "PRN": "D1251043",
        "SEQ_NUM": 1,
        "BLOCK": "16",
        "FLOOR": "G",
        "FLAT": NaN,
        "HOUSE_NUM_PREFIX": NaN,
        "STREET_NAME_ENG": NaN,
        "STREET_NAME_CHN": NaN,
        "AREA_DESC_ENG": NaN,
        "AREA_DESC_CHN": NaN,
        "FREE_FORMAT_ADDR_ENG": "GROUND FLOOR AND THE GARDEN THERETO AND FIRST FLOOR (WITH BALCONY) BLOCK 16 OF CASA BRAVA NO.73 TING KOK ROAD TAI PO NEW TERRITORIES",
        "FREE_FORMAT_ADDR_CHN": NaN,
        "DEV_NAME_ENG": "CASA BRAVA",
        "DEV_NAME_CHN": "百星滙",
        "FIRST_REFERENCE_LOT_PRN": "C1612135"
    },
    {
        "PRN": "D1251827",
        "SEQ_NUM": 1,
        "BLOCK": "13A",
        "FLOOR": "2",
        "FLAT": NaN,
        "HOUSE_NUM_PREFIX": NaN,
        "STREET_NAME_ENG": NaN,
        "STREET_NAME_CHN": NaN,
        "AREA_DESC_ENG": NaN,
        "AREA_DESC_CHN": NaN,
        "FREE_FORMAT_ADDR_ENG": "SECOND FLOOR (WITH BALCONY) AND THE MAIN ROOF THEREOVER AND THE STAIRCASES LEADING FROM THE GROUND FLOOR TO THE SECOND FLOOR BLOCK 13A OF CASA BRAVA NO.73 TING KOK ROAD TAI PO NEW TERRITORIES",
        "FREE_FORMAT_ADDR_CHN": NaN,
        "DEV_NAME_ENG": "CASA BRAVA",
        "DEV_NAME_CHN": "百星滙",
        "FIRST_REFERENCE_LOT_PRN": "C1611962"
    },
    {
        "PRN": "D1251833",
        "SEQ_NUM": 1,
        "BLOCK": "13A",
        "FLOOR": "G",
        "FLAT": NaN,
        "HOUSE_NUM_PREFIX": NaN,
        "STREET_NAME_ENG": NaN,
        "STREET_NAME_CHN": NaN,
        "AREA_DESC_ENG": NaN,
        "AREA_DESC_CHN": NaN,
        "FREE_FORMAT_ADDR_ENG": "GROUND FLOOR AND THE GARDEN THERETO AND FIRST FLOOR (WITH BALCONY) BLOCK 13A OF CASA BRAVA NO.73 TING KOK ROAD TAI PO NEW TERRITORIES",
        "FREE_FORMAT_ADDR_CHN": NaN,
        "DEV_NAME_ENG": "CASA BRAVA",
        "DEV_NAME_CHN": "百星滙",
        "FIRST_REFERENCE_LOT_PRN": "C1611962"
    },
    {
        "PRN": "D1251840",
        "SEQ_NUM": 1,
        "BLOCK": "11",
        "FLOOR": "2",
        "FLAT": NaN,
        "HOUSE_NUM_PREFIX": NaN,
        "STREET_NAME_ENG": NaN,
        "STREET_NAME_CHN": NaN,
        "AREA_DESC_ENG": NaN,
        "AREA_DESC_CHN": NaN,
        "FREE_FORMAT_ADDR_ENG": "SECOND FLOOR (WITH BALCONY) AND THE MAIN ROOF THEREOVER AND THE STAIRCASES LEADING FROM THE GROUND FLOOR TO THE SECOND FLOOR BLOCK 11 OF CASA BRAVA NO. 73 TING KOK ROAD TAI PO NEW TERRITORIES",
        "FREE_FORMAT_ADDR_CHN": NaN,
        "DEV_NAME_ENG": "CASA BRAVA",
        "DEV_NAME_CHN": "百星滙",
        "FIRST_REFERENCE_LOT_PRN": "C1611908"
    },
    {
        "PRN": "D1251851",
        "SEQ_NUM": 1,
        "BLOCK": "11",
        "FLOOR": "G",
        "FLAT": NaN,
        "HOUSE_NUM_PREFIX": NaN,
        "STREET_NAME_ENG": NaN,
        "STREET_NAME_CHN": NaN,
        "AREA_DESC_ENG": NaN,
        "AREA_DESC_CHN": NaN,
        "FREE_FORMAT_ADDR_ENG": "GROUND FLOOR AND THE GARDEN THERETO AND FIRST FLOOR (WITH BALCONY) BLOCK 11 OF CASA BRAVA NO. 73 TING KOK ROAD TAI PO NEW TERRITORIES",
        "FREE_FORMAT_ADDR_CHN": NaN,
        "DEV_NAME_ENG": "CASA BRAVA",
        "DEV_NAME_CHN": "百星滙",
        "FIRST_REFERENCE_LOT_PRN": "C1611908"
    },
    {
        "PRN": "D1251867",
        "SEQ_NUM": 1,
        "BLOCK": "17",
        "FLOOR": "2",
        "FLAT": NaN,
        "HOUSE_NUM_PREFIX": NaN,
        "STREET_NAME_ENG": NaN,
        "STREET_NAME_CHN": NaN,
        "AREA_DESC_ENG": NaN,
        "AREA_DESC_CHN": NaN,
        "FREE_FORMAT_ADDR_ENG": "SECOND FLOOR (WITH BALCONY) AND THE MAIN ROOF THEREOVER AND THE STAIRCASES LEADING FROM THE GROUND FLOOR TO THE SECOND FLOOR BLOCK 17 OF CASA BRAVA NO. 73 TING KOK ROAD TAI PO NEW TERRITORIES",
        "FREE_FORMAT_ADDR_CHN": NaN,
        "DEV_NAME_ENG": "CASA BRAVA",
        "DEV_NAME_CHN": "百星滙",
        "FIRST_REFERENCE_LOT_PRN": "C1612055"
    },
    {
        "PRN": "D1251878",
        "SEQ_NUM": 1,
        "BLOCK": "17",
        "FLOOR": "G",
        "FLAT": NaN,
        "HOUSE_NUM_PREFIX": NaN,
        "STREET_NAME_ENG": NaN,
        "STREET_NAME_CHN": NaN,
        "AREA_DESC_ENG": NaN,
        "AREA_DESC_CHN": NaN,
        "FREE_FORMAT_ADDR_ENG": "GROUND FLOOR AND THE GARDEN THERETO AND FIRST FLOOR (WITH BALCONY) BLOCK 17 OF CASA BRAVA NO. 73 TING KOK ROAD TAI PO NEW TERRITORIES",
        "FREE_FORMAT_ADDR_CHN": NaN,
        "DEV_NAME_ENG": "CASA BRAVA",
        "DEV_NAME_CHN": "百星滙",
        "FIRST_REFERENCE_LOT_PRN": "C1612055"
    },
    {
        "PRN": "D1252030",
        "SEQ_NUM": 1,
        "BLOCK": "15",
        "FLOOR": "2",
        "FLAT": NaN,
        "HOUSE_NUM_PREFIX": NaN,
        "STREET_NAME_ENG": NaN,
        "STREET_NAME_CHN": NaN,
        "AREA_DESC_ENG": NaN,
        "AREA_DESC_CHN": NaN,
        "FREE_FORMAT_ADDR_ENG": "SECOND FLOOR (WITH BALCONY) AND THE MAIN ROOF THEREOVER AND THE STAIRCASES LEADING FROM THE GROUND FLOOR TO THE SECOND FLOOR BLOCK 15 OF CASA BRAVA NO.73 TING KOK ROAD TAI PO NEW TERRITORIES",
        "FREE_FORMAT_ADDR_CHN": NaN,
        "DEV_NAME_ENG": "CASA BRAVA",
        "DEV_NAME_CHN": "百星滙",
        "FIRST_REFERENCE_LOT_PRN": "C1611973"
    },
    {
        "PRN": "D1252040",
        "SEQ_NUM": 1,
        "BLOCK": "15",
        "FLOOR": "G",
        "FLAT": NaN,
        "HOUSE_NUM_PREFIX": NaN,
        "STREET_NAME_ENG": NaN,
        "STREET_NAME_CHN": NaN,
        "AREA_DESC_ENG": NaN,
        "AREA_DESC_CHN": NaN,
        "FREE_FORMAT_ADDR_ENG": "GROUND FLOOR AND THE GARDEN THERETO AND FIRST FLOOR (WITH BALCONY) BLOCK 15 OF CASA BRAVA NO.73 TING KOK ROAD TAI PO NEW TERRITORIES",
        "FREE_FORMAT_ADDR_CHN": NaN,
        "DEV_NAME_ENG": "CASA BRAVA",
        "DEV_NAME_CHN": "百星滙",
        "FIRST_REFERENCE_LOT_PRN": "C1611973"
    },
    {
        "PRN": "D1259294",
        "SEQ_NUM": 1,
        "BLOCK": "12",
        "FLOOR": "1",
        "FLAT": NaN,
        "HOUSE_NUM_PREFIX": NaN,
        "STREET_NAME_ENG": NaN,
        "STREET_NAME_CHN": NaN,
        "AREA_DESC_ENG": NaN,
        "AREA_DESC_CHN": NaN,
        "FREE_FORMAT_ADDR_ENG": "FIRST FLOOR (WITH BALCONY) BLOCK 12 OF CASA BRAVA NO.73 TING KOK ROAD TAI PO NEW TERRITORIES",
        "FREE_FORMAT_ADDR_CHN": NaN,
        "DEV_NAME_ENG": "CASA BRAVA",
        "DEV_NAME_CHN": "百星滙",
        "FIRST_REFERENCE_LOT_PRN": "C1611911"
    },
    {
        "PRN": "D1259303",
        "SEQ_NUM": 1,
        "BLOCK": "12",
        "FLOOR": "2",
        "FLAT": NaN,
        "HOUSE_NUM_PREFIX": NaN,
        "STREET_NAME_ENG": NaN,
        "STREET_NAME_CHN": NaN,
        "AREA_DESC_ENG": NaN,
        "AREA_DESC_CHN": NaN,
        "FREE_FORMAT_ADDR_ENG": "SECOND FLOOR (WITH BALCONY) AND THE MAIN ROOF THEREOVER AND THE STAIRCASES LEADING FROM THE GROUND FLOOR TO THE SECOND FLOOR BLOCK 12 OF CASA BRAVA NO.73 TING KOK ROAD TAI PO NEW TERRITORIES",
        "FREE_FORMAT_ADDR_CHN": NaN,
        "DEV_NAME_ENG": "CASA BRAVA",
        "DEV_NAME_CHN": "百星滙",
        "FIRST_REFERENCE_LOT_PRN": "C1611911"
    },
    {
        "PRN": "D1259316",
        "SEQ_NUM": 1,
        "BLOCK": "12",
        "FLOOR": "G",
        "FLAT": NaN,
        "HOUSE_NUM_PREFIX": NaN,
        "STREET_NAME_ENG": NaN,
        "STREET_NAME_CHN": NaN,
        "AREA_DESC_ENG": NaN,
        "AREA_DESC_CHN": NaN,
        "FREE_FORMAT_ADDR_ENG": "GROUND FLOOR AND THE GARDEN THERETO BLOCK 12 OF CASA BRAVA NO.73 TING KOK ROAD TAI PO NEW TERRITORIES",
        "FREE_FORMAT_ADDR_CHN": NaN,
        "DEV_NAME_ENG": "CASA BRAVA",
        "DEV_NAME_CHN": "百星滙",
        "FIRST_REFERENCE_LOT_PRN": "C1611911"
    },
    {
        "PRN": "D1284188",
        "SEQ_NUM": 1,
        "BLOCK": "10",
        "FLOOR": "2",
        "FLAT": NaN,
        "HOUSE_NUM_PREFIX": NaN,
        "STREET_NAME_ENG": NaN,
        "STREET_NAME_CHN": NaN,
        "AREA_DESC_ENG": NaN,
        "AREA_DESC_CHN": NaN,
        "FREE_FORMAT_ADDR_ENG": "SECOND FLOOR (WITH BALCONY) AND THE MAIN ROOF THEREOVER AND THE STAIRCASES LEADING FROM THE GROUND FLOOR TO THE SECOND FLOOR BLOCK 10 OF CASA BRAVA NO. 73 TING KOK ROAD TAI PO NEW TERRITORIES",
        "FREE_FORMAT_ADDR_CHN": NaN,
        "DEV_NAME_ENG": "CASA BRAVA",
        "DEV_NAME_CHN": "百星滙",
        "FIRST_REFERENCE_LOT_PRN": "C1612220"
    },
    {
        "PRN": "D1284199",
        "SEQ_NUM": 1,
        "BLOCK": "10",
        "FLOOR": "G",
        "FLAT": NaN,
        "HOUSE_NUM_PREFIX": NaN,
        "STREET_NAME_ENG": NaN,
        "STREET_NAME_CHN": NaN,
        "AREA_DESC_ENG": NaN,
        "AREA_DESC_CHN": NaN,
        "FREE_FORMAT_ADDR_ENG": "GROUND FLOOR AND THE GARDEN THERETO AND FIRST FLOOR (WITH BALCONY) BLOCK 10 OF CASA BRAVA NO. 73 TING KOK ROAD TAI PO NEW TERRITORIES",
        "FREE_FORMAT_ADDR_CHN": NaN,
        "DEV_NAME_ENG": "CASA BRAVA",
        "DEV_NAME_CHN": "百星滙",
        "FIRST_REFERENCE_LOT_PRN": "C1612220"
    },
    {
        "PRN": "D1320777",
        "SEQ_NUM": 1,
        "BLOCK": "28",
        "FLOOR": "1",
        "FLAT": NaN,
        "HOUSE_NUM_PREFIX": NaN,
        "STREET_NAME_ENG": NaN,
        "STREET_NAME_CHN": NaN,
        "AREA_DESC_ENG": NaN,
        "AREA_DESC_CHN": NaN,
        "FREE_FORMAT_ADDR_ENG": "FIRST FLOOR (WITH BALCONY) BLOCK 28 OF CASA BRAVA NO. 73 TING KOK ROAD TAI PO NEW TERRITORIES",
        "FREE_FORMAT_ADDR_CHN": NaN,
        "DEV_NAME_ENG": "CASA BRAVA",
        "DEV_NAME_CHN": "百星滙",
        "FIRST_REFERENCE_LOT_PRN": "C5766147"
    },
    {
        "PRN": "D1320785",
        "SEQ_NUM": 1,
        "BLOCK": "28",
        "FLOOR": "2",
        "FLAT": NaN,
        "HOUSE_NUM_PREFIX": NaN,
        "STREET_NAME_ENG": NaN,
        "STREET_NAME_CHN": NaN,
        "AREA_DESC_ENG": NaN,
        "AREA_DESC_CHN": NaN,
        "FREE_FORMAT_ADDR_ENG": "SECOND FLOOR (WITH BALCONY) AND THE MAIN ROOF THEREOVER AND THE STAIRCASES LEADING FROM THE GROUND FLOOR TO THE SECOND FLOOR BLOCK 28 OF CASA BRAVA NO. 73 TING KOK ROAD TAI PO NEW TERRITORIES",
        "FREE_FORMAT_ADDR_CHN": NaN,
        "DEV_NAME_ENG": "CASA BRAVA",
        "DEV_NAME_CHN": "百星滙",
        "FIRST_REFERENCE_LOT_PRN": "C5766147"
    },
    {
        "PRN": "D1320794",
        "SEQ_NUM": 1,
        "BLOCK": "28",
        "FLOOR": "G",
        "FLAT": NaN,
        "HOUSE_NUM_PREFIX": NaN,
        "STREET_NAME_ENG": NaN,
        "STREET_NAME_CHN": NaN,
        "AREA_DESC_ENG": NaN,
        "AREA_DESC_CHN": NaN,
        "FREE_FORMAT_ADDR_ENG": "GROUND FLOOR AND THE GARDEN THERETO BLOCK 28 OF CASA BRAVA NO. 73 TING KOK ROAD TAI PO NEW TERRITORIES",
        "FREE_FORMAT_ADDR_CHN": NaN,
        "DEV_NAME_ENG": "CASA BRAVA",
        "DEV_NAME_CHN": "百星滙",
        "FIRST_REFERENCE_LOT_PRN": "C5766147"
    },
    {
        "PRN": "D1334341",
        "SEQ_NUM": 1,
        "BLOCK": "19",
        "FLOOR": "2",
        "FLAT": NaN,
        "HOUSE_NUM_PREFIX": NaN,
        "STREET_NAME_ENG": NaN,
        "STREET_NAME_CHN": NaN,
        "AREA_DESC_ENG": NaN,
        "AREA_DESC_CHN": NaN,
        "FREE_FORMAT_ADDR_ENG": "SECOND FLOOR (WITH BALCONY) AND THE MAIN ROOF THEREOVER AND THE STAIRCASES LEADING FROM THE GROUND FLOOR TO THE SECOND FLOOR BLOCK 19 OF CASA BRAVA NO. 73 TING KOK ROAD TAI PO NEW TERRITORIES",
        "FREE_FORMAT_ADDR_CHN": NaN,
        "DEV_NAME_ENG": "CASA BRAVA",
        "DEV_NAME_CHN": "百星滙",
        "FIRST_REFERENCE_LOT_PRN": "C6178974"
    },
    {
        "PRN": "D1334357",
        "SEQ_NUM": 1,
        "BLOCK": "19",
        "FLOOR": "G",
        "FLAT": NaN,
        "HOUSE_NUM_PREFIX": NaN,
        "STREET_NAME_ENG": NaN,
        "STREET_NAME_CHN": NaN,
        "AREA_DESC_ENG": NaN,
        "AREA_DESC_CHN": NaN,
        "FREE_FORMAT_ADDR_ENG": "GROUND FLOOR AND THE GARDEN THERETO AND FIRST FLOOR (WITH BALCONY) (FORMING A DUPLEX UNIT) BLOCK 19 OF CASA BRAVA NO. 73 TING KOK ROAD TAI PO NEW TERRITORIES",
        "FREE_FORMAT_ADDR_CHN": NaN,
        "DEV_NAME_ENG": "CASA BRAVA",
        "DEV_NAME_CHN": "百星滙",
        "FIRST_REFERENCE_LOT_PRN": "C6178974"
    },
    {
        "PRN": "D1335090",
        "SEQ_NUM": 1,
        "BLOCK": "18",
        "FLOOR": "1",
        "FLAT": NaN,
        "HOUSE_NUM_PREFIX": NaN,
        "STREET_NAME_ENG": NaN,
        "STREET_NAME_CHN": NaN,
        "AREA_DESC_ENG": NaN,
        "AREA_DESC_CHN": NaN,
        "FREE_FORMAT_ADDR_ENG": "FIRST FLOOR (WITH BALCONY) BLOCK 18 OF CASA BRAVA NO. 73 TING KOK ROAD TAI PO NEW TERRITORIES",
        "FREE_FORMAT_ADDR_CHN": NaN,
        "DEV_NAME_ENG": "CASA BRAVA",
        "DEV_NAME_CHN": "百星滙",
        "FIRST_REFERENCE_LOT_PRN": "C6390271"
    },
    {
        "PRN": "D1335106",
        "SEQ_NUM": 1,
        "BLOCK": "18",
        "FLOOR": "2",
        "FLAT": NaN,
        "HOUSE_NUM_PREFIX": NaN,
        "STREET_NAME_ENG": NaN,
        "STREET_NAME_CHN": NaN,
        "AREA_DESC_ENG": NaN,
        "AREA_DESC_CHN": NaN,
        "FREE_FORMAT_ADDR_ENG": "SECOND FLOOR (WITH BALCONY) AND THE MAIN ROOF THEREOVER AND THE STAIRCASES LEADING FROM THE GROUND FLOOR TO THE SECOND FLOOR BLOCK 18 OF CASA BRAVA NO. 73 TING KOK ROAD TAI PO NEW TERRITORIES",
        "FREE_FORMAT_ADDR_CHN": NaN,
        "DEV_NAME_ENG": "CASA BRAVA",
        "DEV_NAME_CHN": "百星滙",
        "FIRST_REFERENCE_LOT_PRN": "C6390271"
    },
    {
        "PRN": "D1335118",
        "SEQ_NUM": 1,
        "BLOCK": "18",
        "FLOOR": "G",
        "FLAT": NaN,
        "HOUSE_NUM_PREFIX": NaN,
        "STREET_NAME_ENG": NaN,
        "STREET_NAME_CHN": NaN,
        "AREA_DESC_ENG": NaN,
        "AREA_DESC_CHN": NaN,
        "FREE_FORMAT_ADDR_ENG": "GROUND FLOOR AND THE GARDEN THERETO BLOCK 18 OF CASA BRAVA NO. 73 TING KOK ROAD TAI PO NEW TERRITORIES",
        "FREE_FORMAT_ADDR_CHN": NaN,
        "DEV_NAME_ENG": "CASA BRAVA",
        "DEV_NAME_CHN": "百星滙",
        "FIRST_REFERENCE_LOT_PRN": "C6390271"
    },
    {
        "PRN": "D1335451",
        "SEQ_NUM": 1,
        "BLOCK": "27",
        "FLOOR": "1",
        "FLAT": NaN,
        "HOUSE_NUM_PREFIX": NaN,
        "STREET_NAME_ENG": NaN,
        "STREET_NAME_CHN": NaN,
        "AREA_DESC_ENG": NaN,
        "AREA_DESC_CHN": NaN,
        "FREE_FORMAT_ADDR_ENG": "FIRST FLOOR (WITH BALCONY) BLOCK 27 OF CASA BRAVA NO. 73 TING KOK ROAD TAI PO NEW TERRITORIES",
        "FREE_FORMAT_ADDR_CHN": NaN,
        "DEV_NAME_ENG": "CASA BRAVA",
        "DEV_NAME_CHN": "百星滙",
        "FIRST_REFERENCE_LOT_PRN": "C1611877"
    },
    {
        "PRN": "D1335467",
        "SEQ_NUM": 1,
        "BLOCK": "27",
        "FLOOR": "2",
        "FLAT": NaN,
        "HOUSE_NUM_PREFIX": NaN,
        "STREET_NAME_ENG": NaN,
        "STREET_NAME_CHN": NaN,
        "AREA_DESC_ENG": NaN,
        "AREA_DESC_CHN": NaN,
        "FREE_FORMAT_ADDR_ENG": "SECOND FLOOR (WITH BALCONY) AND THE MAIN ROOF THEREOVER AND THE STAIRCASES LEADING FROM THE GROUND FLOOR TO THE SECOND FLOOR BLOCK 27 OF CASA BRAVA NO. 73 TING KOK ROAD TAI PO NEW TERRITORIES",
        "FREE_FORMAT_ADDR_CHN": NaN,
        "DEV_NAME_ENG": "CASA BRAVA",
        "DEV_NAME_CHN": "百星滙",
        "FIRST_REFERENCE_LOT_PRN": "C1611877"
    },
    {
        "PRN": "D1335479",
        "SEQ_NUM": 1,
        "BLOCK": "27",
        "FLOOR": "G",
        "FLAT": NaN,
        "HOUSE_NUM_PREFIX": NaN,
        "STREET_NAME_ENG": NaN,
        "STREET_NAME_CHN": NaN,
        "AREA_DESC_ENG": NaN,
        "AREA_DESC_CHN": NaN,
        "FREE_FORMAT_ADDR_ENG": "GROUND FLOOR AND THE GARDEN THERETO BLOCK 27 OF CASA BRAVA NO. 73 TING KOK ROAD TAI PO NEW TERRITORIES",
        "FREE_FORMAT_ADDR_CHN": NaN,
        "DEV_NAME_ENG": "CASA BRAVA",
        "DEV_NAME_CHN": "百星滙",
        "FIRST_REFERENCE_LOT_PRN": "C1611877"
    },
    {
        "PRN": "D1373261",
        "SEQ_NUM": 1,
        "BLOCK": "23",
        "FLOOR": "1",
        "FLAT": NaN,
        "HOUSE_NUM_PREFIX": NaN,
        "STREET_NAME_ENG": NaN,
        "STREET_NAME_CHN": NaN,
        "AREA_DESC_ENG": NaN,
        "AREA_DESC_CHN": NaN,
        "FREE_FORMAT_ADDR_ENG": "FIRST FLOOR (WITH BALCONY) BLOCK 23 OF CASA BRAVA NO. 73 TING KOK ROAD TAI PO NEW TERRITORIES",
        "FREE_FORMAT_ADDR_CHN": NaN,
        "DEV_NAME_ENG": "CASA BRAVA",
        "DEV_NAME_CHN": "百星滙",
        "FIRST_REFERENCE_LOT_PRN": "C1612047"
    },
    {
        "PRN": "D1373279",
        "SEQ_NUM": 1,
        "BLOCK": "23",
        "FLOOR": "2",
        "FLAT": NaN,
        "HOUSE_NUM_PREFIX": NaN,
        "STREET_NAME_ENG": NaN,
        "STREET_NAME_CHN": NaN,
        "AREA_DESC_ENG": NaN,
        "AREA_DESC_CHN": NaN,
        "FREE_FORMAT_ADDR_ENG": "SECOND FLOOR (WITH BALCONY) AND THE MAIN ROOF THEREOVER AND THE STAIRCASES LEADING FROM THE GROUND FLOOR TO THE SECOND FLOOR BLOCK 23 OF CASA BRAVA NO. 73 TING KOK ROAD TAI PO NEW TERRITORIES",
        "FREE_FORMAT_ADDR_CHN": NaN,
        "DEV_NAME_ENG": "CASA BRAVA",
        "DEV_NAME_CHN": "百星滙",
        "FIRST_REFERENCE_LOT_PRN": "C1612047"
    },
    {
        "PRN": "D1373286",
        "SEQ_NUM": 1,
        "BLOCK": "23",
        "FLOOR": "G",
        "FLAT": NaN,
        "HOUSE_NUM_PREFIX": NaN,
        "STREET_NAME_ENG": NaN,
        "STREET_NAME_CHN": NaN,
        "AREA_DESC_ENG": NaN,
        "AREA_DESC_CHN": NaN,
        "FREE_FORMAT_ADDR_ENG": "GROUND FLOOR AND THE GARDEN THERETO BLOCK 23 OF CASA BRAVA NO. 73 TING KOK ROAD TAI PO NEW TERRITORIES",
        "FREE_FORMAT_ADDR_CHN": NaN,
        "DEV_NAME_ENG": "CASA BRAVA",
        "DEV_NAME_CHN": "百星滙",
        "FIRST_REFERENCE_LOT_PRN": "C1612047"
    },
    {
        "PRN": "D1373336",
        "SEQ_NUM": 1,
        "BLOCK": "25",
        "FLOOR": "1",
        "FLAT": NaN,
        "HOUSE_NUM_PREFIX": NaN,
        "STREET_NAME_ENG": NaN,
        "STREET_NAME_CHN": NaN,
        "AREA_DESC_ENG": NaN,
        "AREA_DESC_CHN": NaN,
        "FREE_FORMAT_ADDR_ENG": "FIRST FLOOR (WITH BALCONY) BLOCK 25 OF CASA BRAVA NO. 73 TING KOK ROAD TAI PO NEW TERRITORIES",
        "FREE_FORMAT_ADDR_CHN": NaN,
        "DEV_NAME_ENG": "CASA BRAVA",
        "DEV_NAME_CHN": "百星滙",
        "FIRST_REFERENCE_LOT_PRN": "C4849713"
    },
    {
        "PRN": "D1373340",
        "SEQ_NUM": 1,
        "BLOCK": "25",
        "FLOOR": "2",
        "FLAT": NaN,
        "HOUSE_NUM_PREFIX": NaN,
        "STREET_NAME_ENG": NaN,
        "STREET_NAME_CHN": NaN,
        "AREA_DESC_ENG": NaN,
        "AREA_DESC_CHN": NaN,
        "FREE_FORMAT_ADDR_ENG": "SECOND FLOOR (WITH BALCONY) AND THE MAIN ROOF THEREOVER AND THE STAIRCASES LEADING FROM THE GROUND FLOOR TO THE SECOND FLOOR BLOCK 25 OF CASA BRAVA NO. 73 TING KOK ROAD TAI PO NEW TERRITORIES",
        "FREE_FORMAT_ADDR_CHN": NaN,
        "DEV_NAME_ENG": "CASA BRAVA",
        "DEV_NAME_CHN": "百星滙",
        "FIRST_REFERENCE_LOT_PRN": "C4849713"
    },
    {
        "PRN": "D1373359",
        "SEQ_NUM": 1,
        "BLOCK": "25",
        "FLOOR": "G",
        "FLAT": NaN,
        "HOUSE_NUM_PREFIX": NaN,
        "STREET_NAME_ENG": NaN,
        "STREET_NAME_CHN": NaN,
        "AREA_DESC_ENG": NaN,
        "AREA_DESC_CHN": NaN,
        "FREE_FORMAT_ADDR_ENG": "GROUND FLOOR AND THE GARDEN THERETO BLOCK 25 OF CASA BRAVA NO. 73 TING KOK ROAD TAI PO NEW TERRITORIES",
        "FREE_FORMAT_ADDR_CHN": NaN,
        "DEV_NAME_ENG": "CASA BRAVA",
        "DEV_NAME_CHN": "百星滙",
        "FIRST_REFERENCE_LOT_PRN": "C4849713"
    },
    {
        "PRN": "D1374245",
        "SEQ_NUM": 1,
        "BLOCK": "22",
        "FLOOR": "1",
        "FLAT": NaN,
        "HOUSE_NUM_PREFIX": NaN,
        "STREET_NAME_ENG": NaN,
        "STREET_NAME_CHN": NaN,
        "AREA_DESC_ENG": NaN,
        "AREA_DESC_CHN": NaN,
        "FREE_FORMAT_ADDR_ENG": "FIRST FLOOR (WITH BALCONY) BLOCK 22 OF CASA BRAVA NO. 73 TING KOK ROAD TAI PO NEW TERRITORIES",
        "FREE_FORMAT_ADDR_CHN": NaN,
        "DEV_NAME_ENG": "CASA BRAVA",
        "DEV_NAME_CHN": "百星滙",
        "FIRST_REFERENCE_LOT_PRN": "C1612038"
    },
    {
        "PRN": "D1374257",
        "SEQ_NUM": 1,
        "BLOCK": "22",
        "FLOOR": "2",
        "FLAT": NaN,
        "HOUSE_NUM_PREFIX": NaN,
        "STREET_NAME_ENG": NaN,
        "STREET_NAME_CHN": NaN,
        "AREA_DESC_ENG": NaN,
        "AREA_DESC_CHN": NaN,
        "FREE_FORMAT_ADDR_ENG": "SECOND FLOOR (WITH BALCONY) AND THE MAIN ROOF THEREOVER AND THE STAIRCASES LEADING FROM THE GROUND FLOOR TO THE SECOND FLOOR BLOCK 22 OF CASA BRAVA NO. 73 TING KOK ROAD TAI PO NEW TERRITORIES",
        "FREE_FORMAT_ADDR_CHN": NaN,
        "DEV_NAME_ENG": "CASA BRAVA",
        "DEV_NAME_CHN": "百星滙",
        "FIRST_REFERENCE_LOT_PRN": "C1612038"
    },
    {
        "PRN": "D1374268",
        "SEQ_NUM": 1,
        "BLOCK": "22",
        "FLOOR": "G",
        "FLAT": NaN,
        "HOUSE_NUM_PREFIX": NaN,
        "STREET_NAME_ENG": NaN,
        "STREET_NAME_CHN": NaN,
        "AREA_DESC_ENG": NaN,
        "AREA_DESC_CHN": NaN,
        "FREE_FORMAT_ADDR_ENG": "GROUND FLOOR AND THE GARDEN THERETO BLOCK 22 OF CASA BRAVA NO. 73 TING KOK ROAD TAI PO NEW TERRITORIES",
        "FREE_FORMAT_ADDR_CHN": NaN,
        "DEV_NAME_ENG": "CASA BRAVA",
        "DEV_NAME_CHN": "百星滙",
        "FIRST_REFERENCE_LOT_PRN": "C1612038"
    },
    {
        "PRN": "D1394033",
        "SEQ_NUM": 1,
        "BLOCK": "20",
        "FLOOR": "2",
        "FLAT": NaN,
        "HOUSE_NUM_PREFIX": NaN,
        "STREET_NAME_ENG": NaN,
        "STREET_NAME_CHN": NaN,
        "AREA_DESC_ENG": NaN,
        "AREA_DESC_CHN": NaN,
        "FREE_FORMAT_ADDR_ENG": "SECOND FLOOR (WITH BALCONY) AND THE MAIN ROOF THEREOVER AND THE STAIRCASES LEADING FROM THE GROUND FLOOR TO THE SECOND FLOOR BLOCK 20 OF CASA BRAVA NO. 73 TING KOK ROAD TAI PO NEW TERRITORIES",
        "FREE_FORMAT_ADDR_CHN": NaN,
        "DEV_NAME_ENG": "CASA BRAVA",
        "DEV_NAME_CHN": "百星滙",
        "FIRST_REFERENCE_LOT_PRN": "C6178961"
    },
    {
        "PRN": "D1394048",
        "SEQ_NUM": 1,
        "BLOCK": "20",
        "FLOOR": "G",
        "FLAT": NaN,
        "HOUSE_NUM_PREFIX": NaN,
        "STREET_NAME_ENG": NaN,
        "STREET_NAME_CHN": NaN,
        "AREA_DESC_ENG": NaN,
        "AREA_DESC_CHN": NaN,
        "FREE_FORMAT_ADDR_ENG": "GROUND FLOOR AND THE GARDEN THERETO AND FIRST FLOOR (WITH BALCONY) (FORMING A DUPLEX UNIT) BLOCK 20 OF CASA BRAVA NO. 73 TING KOK ROAD TAI PO NEW TERRITORIES",
        "FREE_FORMAT_ADDR_CHN": NaN,
        "DEV_NAME_ENG": "CASA BRAVA",
        "DEV_NAME_CHN": "百星滙",
        "FIRST_REFERENCE_LOT_PRN": "C6178961"
    },
    {
        "PRN": "D1394864",
        "SEQ_NUM": 1,
        "BLOCK": "21",
        "FLOOR": "2",
        "FLAT": NaN,
        "HOUSE_NUM_PREFIX": NaN,
        "STREET_NAME_ENG": NaN,
        "STREET_NAME_CHN": NaN,
        "AREA_DESC_ENG": NaN,
        "AREA_DESC_CHN": NaN,
        "FREE_FORMAT_ADDR_ENG": "SECOND FLOOR (WITH BALCONY) AND THE MAIN ROOF THEREOVER AND THE STAIRCASES LEADING FROM THE GROUND FLOOR TO THE SECOND FLOOR BLOCK 21 OF CASA BRAVA NO. 73 TING KOK ROAD TAI PO NEW TERRITORIES",
        "FREE_FORMAT_ADDR_CHN": NaN,
        "DEV_NAME_ENG": "CASA BRAVA",
        "DEV_NAME_CHN": "百星滙",
        "FIRST_REFERENCE_LOT_PRN": "C1612028"
    },
    {
        "PRN": "D1394870",
        "SEQ_NUM": 1,
        "BLOCK": "21",
        "FLOOR": "G",
        "FLAT": NaN,
        "HOUSE_NUM_PREFIX": NaN,
        "STREET_NAME_ENG": NaN,
        "STREET_NAME_CHN": NaN,
        "AREA_DESC_ENG": NaN,
        "AREA_DESC_CHN": NaN,
        "FREE_FORMAT_ADDR_ENG": "GROUND FLOOR AND THE GARDEN THERETO AND FIRST FLOOR (WITH BALCONY) (FORMING A DUPLEX UNIT) BLOCK 21 OF CASA BRAVA NO. 73 TING KOK ROAD TAI PO NEW TERRITORIES",
        "FREE_FORMAT_ADDR_CHN": NaN,
        "DEV_NAME_ENG": "CASA BRAVA",
        "DEV_NAME_CHN": "百星滙",
        "FIRST_REFERENCE_LOT_PRN": "C1612028"
    },
    {
        "PRN": "D1395029",
        "SEQ_NUM": 1,
        "BLOCK": "23A",
        "FLOOR": "2",
        "FLAT": NaN,
        "HOUSE_NUM_PREFIX": NaN,
        "STREET_NAME_ENG": NaN,
        "STREET_NAME_CHN": NaN,
        "AREA_DESC_ENG": NaN,
        "AREA_DESC_CHN": NaN,
        "FREE_FORMAT_ADDR_ENG": "SECOND FLOOR (WITH BALCONY) AND THE MAIN ROOF THEREOVER AND THE STAIRCASES LEADING FROM THE GROUND FLOOR TO THE SECOND FLOOR BLOCK 23A OF CASA BRAVA NO. 73 TING KOK ROAD TAI PO NEW TERRITORIES",
        "FREE_FORMAT_ADDR_CHN": NaN,
        "DEV_NAME_ENG": "CASA BRAVA",
        "DEV_NAME_CHN": "百星滙",
        "FIRST_REFERENCE_LOT_PRN": "C1612335"
    },
    {
        "PRN": "D1395038",
        "SEQ_NUM": 1,
        "BLOCK": "23A",
        "FLOOR": "G",
        "FLAT": NaN,
        "HOUSE_NUM_PREFIX": NaN,
        "STREET_NAME_ENG": NaN,
        "STREET_NAME_CHN": NaN,
        "AREA_DESC_ENG": NaN,
        "AREA_DESC_CHN": NaN,
        "FREE_FORMAT_ADDR_ENG": "GROUND FLOOR AND THE GARDEN THERETO AND FIRST FLOOR (WITH BALCONY) (FORMING A DUPLEX UNIT) BLOCK 23A OF CASA BRAVA NO. 73 TING KOK ROAD TAI PO NEW TERRITORIES",
        "FREE_FORMAT_ADDR_CHN": NaN,
        "DEV_NAME_ENG": "CASA BRAVA",
        "DEV_NAME_CHN": "百星滙",
        "FIRST_REFERENCE_LOT_PRN": "C1612335"
    }
]