[
    {
        "PRN": "B2415443",
        "SEQ_NUM": 1,
        "BLOCK": "A",
        "FLOOR": NaN,
        "FLAT": "1",
        "HOUSE_NUM_PREFIX": NaN,
        "STREET_NAME_ENG": NaN,
        "STREET_NAME_CHN": NaN,
        "AREA_DESC_ENG": NaN,
        "AREA_DESC_CHN": NaN,
        "FREE_FORMAT_ADDR_ENG": "HOUSE TYPE A UNIT 1 (ALSO KNOWN AS HOUSE 29) (ASSOCIATED LANDSCAPED AREA) OF CASAS DOMINGO 8 KAM KA STREET N.T.",
        "FREE_FORMAT_ADDR_CHN": NaN,
        "DEV_NAME_ENG": "CASAS DOMINGO",
        "DEV_NAME_CHN": "嘉麗山莊",
        "FIRST_REFERENCE_LOT_PRN": "C6331441"
    },
    {
        "PRN": "B2415457",
        "SEQ_NUM": 1,
        "BLOCK": "A",
        "FLOOR": NaN,
        "FLAT": "3",
        "HOUSE_NUM_PREFIX": NaN,
        "STREET_NAME_ENG": NaN,
        "STREET_NAME_CHN": NaN,
        "AREA_DESC_ENG": NaN,
        "AREA_DESC_CHN": NaN,
        "FREE_FORMAT_ADDR_ENG": "HOUSE TYPE A UNIT 3 (ALSO KNOWN AS HOUSE 17) (ASSOCIATED LANDSCAPED AREA) OF CASAS DOMINGO 8 KAM KA STREET N.T.",
        "FREE_FORMAT_ADDR_CHN": NaN,
        "DEV_NAME_ENG": "CASAS DOMINGO",
        "DEV_NAME_CHN": "嘉麗山莊",
        "FIRST_REFERENCE_LOT_PRN": "C6331441"
    },
    {
        "PRN": "B2415469",
        "SEQ_NUM": 1,
        "BLOCK": "B",
        "FLOOR": NaN,
        "FLAT": "10",
        "HOUSE_NUM_PREFIX": NaN,
        "STREET_NAME_ENG": NaN,
        "STREET_NAME_CHN": NaN,
        "AREA_DESC_ENG": NaN,
        "AREA_DESC_CHN": NaN,
        "FREE_FORMAT_ADDR_ENG": "HOUSE TYPE B UNIT 10 (ALSO KNOWN AS HOUSE 21) (ASSOCIATED LANDSCAPED AREA) OF CASAS DOMINGO 8 KAM KA STREET N.T.",
        "FREE_FORMAT_ADDR_CHN": NaN,
        "DEV_NAME_ENG": "CASAS DOMINGO",
        "DEV_NAME_CHN": "嘉麗山莊",
        "FIRST_REFERENCE_LOT_PRN": "C6331441"
    },
    {
        "PRN": "B2415475",
        "SEQ_NUM": 1,
        "BLOCK": "B",
        "FLOOR": NaN,
        "FLAT": "11",
        "HOUSE_NUM_PREFIX": NaN,
        "STREET_NAME_ENG": NaN,
        "STREET_NAME_CHN": NaN,
        "AREA_DESC_ENG": NaN,
        "AREA_DESC_CHN": NaN,
        "FREE_FORMAT_ADDR_ENG": "HOUSE TYPE B UNIT 11 (ALSO KNOWN AS HOUSE 20) (ASSOCIATED LANDSCAPED AREA) OF CASAS DOMINGO 8 KAM KA STREET N.T.",
        "FREE_FORMAT_ADDR_CHN": NaN,
        "DEV_NAME_ENG": "CASAS DOMINGO",
        "DEV_NAME_CHN": "嘉麗山莊",
        "FIRST_REFERENCE_LOT_PRN": "C6331441"
    },
    {
        "PRN": "B2415486",
        "SEQ_NUM": 1,
        "BLOCK": "B",
        "FLOOR": NaN,
        "FLAT": "13",
        "HOUSE_NUM_PREFIX": NaN,
        "STREET_NAME_ENG": NaN,
        "STREET_NAME_CHN": NaN,
        "AREA_DESC_ENG": NaN,
        "AREA_DESC_CHN": NaN,
        "FREE_FORMAT_ADDR_ENG": "HOUSE TYPE B UNIT 13 (ALSO KNOWN AS HOUSE 18) (ASSOCIATED LANDSCAPED AREA) OF CASAS DOMINGO 8 KAM KA STREET N.T.",
        "FREE_FORMAT_ADDR_CHN": NaN,
        "DEV_NAME_ENG": "CASAS DOMINGO",
        "DEV_NAME_CHN": "嘉麗山莊",
        "FIRST_REFERENCE_LOT_PRN": "C6331441"
    },
    {
        "PRN": "B2415497",
        "SEQ_NUM": 1,
        "BLOCK": "B",
        "FLOOR": NaN,
        "FLAT": "3",
        "HOUSE_NUM_PREFIX": NaN,
        "STREET_NAME_ENG": NaN,
        "STREET_NAME_CHN": NaN,
        "AREA_DESC_ENG": NaN,
        "AREA_DESC_CHN": NaN,
        "FREE_FORMAT_ADDR_ENG": "HOUSE TYPE B UNIT 3 (ALSO KNOWN AS HOUSE 31) (ASSOCIATED LANDSCAPED AREA) OF CASAS DOMINGO 8 KAM KA STREET N.T.",
        "FREE_FORMAT_ADDR_CHN": NaN,
        "DEV_NAME_ENG": "CASAS DOMINGO",
        "DEV_NAME_CHN": "嘉麗山莊",
        "FIRST_REFERENCE_LOT_PRN": "C6331441"
    },
    {
        "PRN": "B2415502",
        "SEQ_NUM": 1,
        "BLOCK": "B",
        "FLOOR": NaN,
        "FLAT": "5",
        "HOUSE_NUM_PREFIX": NaN,
        "STREET_NAME_ENG": NaN,
        "STREET_NAME_CHN": NaN,
        "AREA_DESC_ENG": NaN,
        "AREA_DESC_CHN": NaN,
        "FREE_FORMAT_ADDR_ENG": "HOUSE TYPE B UNIT 5 (ALSO KNOWN AS HOUSE 28) (ASSOCIATED LANDSCAPED AREA) OF CASAS DOMINGO 8 KAM KA STREET N.T.",
        "FREE_FORMAT_ADDR_CHN": NaN,
        "DEV_NAME_ENG": "CASAS DOMINGO",
        "DEV_NAME_CHN": "嘉麗山莊",
        "FIRST_REFERENCE_LOT_PRN": "C6331441"
    },
    {
        "PRN": "B2415510",
        "SEQ_NUM": 1,
        "BLOCK": "B",
        "FLOOR": NaN,
        "FLAT": "6",
        "HOUSE_NUM_PREFIX": NaN,
        "STREET_NAME_ENG": NaN,
        "STREET_NAME_CHN": NaN,
        "AREA_DESC_ENG": NaN,
        "AREA_DESC_CHN": NaN,
        "FREE_FORMAT_ADDR_ENG": "HOUSE TYPE B UNIT 6 (ALSO KNOWN AS HOUSE 27) (ASSOCIATED LANDSCAPED AREA) OF CASAS DOMINGO 8 KAM KA STREET N.T.",
        "FREE_FORMAT_ADDR_CHN": NaN,
        "DEV_NAME_ENG": "CASAS DOMINGO",
        "DEV_NAME_CHN": "嘉麗山莊",
        "FIRST_REFERENCE_LOT_PRN": "C6331441"
    },
    {
        "PRN": "B2415520",
        "SEQ_NUM": 1,
        "BLOCK": "B",
        "FLOOR": NaN,
        "FLAT": "7",
        "HOUSE_NUM_PREFIX": NaN,
        "STREET_NAME_ENG": NaN,
        "STREET_NAME_CHN": NaN,
        "AREA_DESC_ENG": NaN,
        "AREA_DESC_CHN": NaN,
        "FREE_FORMAT_ADDR_ENG": "HOUSE TYPE B UNIT 7 (ALSO KNOWN AS HOUSE 26) (ASSOCIATED LANDSCAPED AREA) OF CASAS DOMINGO 8 KAM KA STREET N.T.",
        "FREE_FORMAT_ADDR_CHN": NaN,
        "DEV_NAME_ENG": "CASAS DOMINGO",
        "DEV_NAME_CHN": "嘉麗山莊",
        "FIRST_REFERENCE_LOT_PRN": "C6331441"
    },
    {
        "PRN": "B2415538",
        "SEQ_NUM": 1,
        "BLOCK": "B",
        "FLOOR": NaN,
        "FLAT": "9",
        "HOUSE_NUM_PREFIX": NaN,
        "STREET_NAME_ENG": NaN,
        "STREET_NAME_CHN": NaN,
        "AREA_DESC_ENG": NaN,
        "AREA_DESC_CHN": NaN,
        "FREE_FORMAT_ADDR_ENG": "HOUSE TYPE B UNIT 9 (ALSO KONWN AS HOUSE 23) (ASSOCIATED LANDSCAPED AREA) OF CASAS DOMINGO 8 KAM KA STREET N.T.",
        "FREE_FORMAT_ADDR_CHN": NaN,
        "DEV_NAME_ENG": "CASAS DOMINGO",
        "DEV_NAME_CHN": "嘉麗山莊",
        "FIRST_REFERENCE_LOT_PRN": "C6331441"
    },
    {
        "PRN": "B2415546",
        "SEQ_NUM": 1,
        "BLOCK": "C",
        "FLOOR": NaN,
        "FLAT": "7A",
        "HOUSE_NUM_PREFIX": NaN,
        "STREET_NAME_ENG": NaN,
        "STREET_NAME_CHN": NaN,
        "AREA_DESC_ENG": NaN,
        "AREA_DESC_CHN": NaN,
        "FREE_FORMAT_ADDR_ENG": "HOUSE TYPE C UNIT 7A (ALSO KNOWN AS HOUSE 8A) (ASSOCIATED LANDSCAPED AREA) OF CASAS DOMINGO 8 KAM KA STREET N.T.",
        "FREE_FORMAT_ADDR_CHN": NaN,
        "DEV_NAME_ENG": "CASAS DOMINGO",
        "DEV_NAME_CHN": "嘉麗山莊",
        "FIRST_REFERENCE_LOT_PRN": "C6331441"
    },
    {
        "PRN": "B2415552",
        "SEQ_NUM": 1,
        "BLOCK": "C",
        "FLOOR": NaN,
        "FLAT": "1A",
        "HOUSE_NUM_PREFIX": NaN,
        "STREET_NAME_ENG": NaN,
        "STREET_NAME_CHN": NaN,
        "AREA_DESC_ENG": NaN,
        "AREA_DESC_CHN": NaN,
        "FREE_FORMAT_ADDR_ENG": "HOUSE TYPE C UNIT 1A (ALSO KNOWN AS HOUSE 1A) (ASSOCIATED LANDSCAPED AREA) OF CASAS DOMINGO 8 KAM KA STREET N.T.",
        "FREE_FORMAT_ADDR_CHN": NaN,
        "DEV_NAME_ENG": "CASAS DOMINGO",
        "DEV_NAME_CHN": "嘉麗山莊",
        "FIRST_REFERENCE_LOT_PRN": "C6331441"
    },
    {
        "PRN": "B2415560",
        "SEQ_NUM": 1,
        "BLOCK": "C",
        "FLOOR": NaN,
        "FLAT": "1B",
        "HOUSE_NUM_PREFIX": NaN,
        "STREET_NAME_ENG": NaN,
        "STREET_NAME_CHN": NaN,
        "AREA_DESC_ENG": NaN,
        "AREA_DESC_CHN": NaN,
        "FREE_FORMAT_ADDR_ENG": "HOUSE TYPE C UNIT 1B (ALSO KNOWN AS HOUSE 1B) OF CASAS DOMINGO 8 KAM KA STREET NEW TERRITORIES",
        "FREE_FORMAT_ADDR_CHN": "新界 金嘉街 8 號 嘉麗山莊 C 型屋 1B 室 (又名 1B 屋)",
        "DEV_NAME_ENG": "CASAS DOMINGO",
        "DEV_NAME_CHN": "嘉麗山莊",
        "FIRST_REFERENCE_LOT_PRN": "C6331441"
    },
    {
        "PRN": "B2415577",
        "SEQ_NUM": 1,
        "BLOCK": "C",
        "FLOOR": NaN,
        "FLAT": "10B",
        "HOUSE_NUM_PREFIX": NaN,
        "STREET_NAME_ENG": NaN,
        "STREET_NAME_CHN": NaN,
        "AREA_DESC_ENG": NaN,
        "AREA_DESC_CHN": NaN,
        "FREE_FORMAT_ADDR_ENG": "HOUSE TYPE C UNIT 10B (ALSO KNOWN AS HOUSE 11B) OF CASAS DOMINGO 8 KAM KA STREET NEW TERRITORIES",
        "FREE_FORMAT_ADDR_CHN": NaN,
        "DEV_NAME_ENG": "CASAS DOMINGO",
        "DEV_NAME_CHN": "嘉麗山莊",
        "FIRST_REFERENCE_LOT_PRN": "C6331441"
    },
    {
        "PRN": "B2415583",
        "SEQ_NUM": 1,
        "BLOCK": "C",
        "FLOOR": NaN,
        "FLAT": "2B",
        "HOUSE_NUM_PREFIX": NaN,
        "STREET_NAME_ENG": NaN,
        "STREET_NAME_CHN": NaN,
        "AREA_DESC_ENG": NaN,
        "AREA_DESC_CHN": NaN,
        "FREE_FORMAT_ADDR_ENG": "HOUSE TYPE C UNIT 2B (ALSO KNOWN AS HOUSE 2B) OF CASAS DOMINGO 8 KAM KA STREET NEW TERRITORIES",
        "FREE_FORMAT_ADDR_CHN": NaN,
        "DEV_NAME_ENG": "CASAS DOMINGO",
        "DEV_NAME_CHN": "嘉麗山莊",
        "FIRST_REFERENCE_LOT_PRN": "C6331441"
    },
    {
        "PRN": "B2415599",
        "SEQ_NUM": 1,
        "BLOCK": "C",
        "FLOOR": NaN,
        "FLAT": "5A",
        "HOUSE_NUM_PREFIX": NaN,
        "STREET_NAME_ENG": NaN,
        "STREET_NAME_CHN": NaN,
        "AREA_DESC_ENG": NaN,
        "AREA_DESC_CHN": NaN,
        "FREE_FORMAT_ADDR_ENG": "HOUSE TYPE C UNIT 5A (ALSO KNOWN AS HOUSE 6A) (ASSOCIATED LANDSCAPED AREA) OF CASAS DOMINGO 8 KAM KA STREET N.T.",
        "FREE_FORMAT_ADDR_CHN": NaN,
        "DEV_NAME_ENG": "CASAS DOMINGO",
        "DEV_NAME_CHN": "嘉麗山莊",
        "FIRST_REFERENCE_LOT_PRN": "C6331441"
    },
    {
        "PRN": "B2415608",
        "SEQ_NUM": 1,
        "BLOCK": "C",
        "FLOOR": NaN,
        "FLAT": "6B",
        "HOUSE_NUM_PREFIX": NaN,
        "STREET_NAME_ENG": NaN,
        "STREET_NAME_CHN": NaN,
        "AREA_DESC_ENG": NaN,
        "AREA_DESC_CHN": NaN,
        "FREE_FORMAT_ADDR_ENG": "HOUSE TYPE C UNIT 6B (ALSO KNOWN AS HOUSE 7B) OF CASAS DOMINGO 8 KAM KA STREET NEW TERRITORIES",
        "FREE_FORMAT_ADDR_CHN": NaN,
        "DEV_NAME_ENG": "CASAS DOMINGO",
        "DEV_NAME_CHN": "嘉麗山莊",
        "FIRST_REFERENCE_LOT_PRN": "C6331441"
    },
    {
        "PRN": "B2415612",
        "SEQ_NUM": 1,
        "BLOCK": "C",
        "FLOOR": NaN,
        "FLAT": "7B",
        "HOUSE_NUM_PREFIX": NaN,
        "STREET_NAME_ENG": NaN,
        "STREET_NAME_CHN": NaN,
        "AREA_DESC_ENG": NaN,
        "AREA_DESC_CHN": NaN,
        "FREE_FORMAT_ADDR_ENG": "HOUSE TYPE C UNIT 7B (ALSO KNOWN AS HOUSE 8B) OF CASAS DOMINGO 8 KAM KA STREET NEW TERRITORIES",
        "FREE_FORMAT_ADDR_CHN": NaN,
        "DEV_NAME_ENG": "CASAS DOMINGO",
        "DEV_NAME_CHN": "嘉麗山莊",
        "FIRST_REFERENCE_LOT_PRN": "C6331441"
    },
    {
        "PRN": "B2415625",
        "SEQ_NUM": 1,
        "BLOCK": "C",
        "FLOOR": NaN,
        "FLAT": "8A",
        "HOUSE_NUM_PREFIX": NaN,
        "STREET_NAME_ENG": NaN,
        "STREET_NAME_CHN": NaN,
        "AREA_DESC_ENG": NaN,
        "AREA_DESC_CHN": NaN,
        "FREE_FORMAT_ADDR_ENG": "HOUSE TYPE C UNIT 8A (ALSO KNOWN AS HOUSE 9A) (ASSOCIATED LANDSCAPED AREA) OF CASAS DOMINGO 8 KAM KA STREET N.T.",
        "FREE_FORMAT_ADDR_CHN": NaN,
        "DEV_NAME_ENG": "CASAS DOMINGO",
        "DEV_NAME_CHN": "嘉麗山莊",
        "FIRST_REFERENCE_LOT_PRN": "C6331441"
    },
    {
        "PRN": "B2415638",
        "SEQ_NUM": 1,
        "BLOCK": "C",
        "FLOOR": NaN,
        "FLAT": "9B",
        "HOUSE_NUM_PREFIX": NaN,
        "STREET_NAME_ENG": NaN,
        "STREET_NAME_CHN": NaN,
        "AREA_DESC_ENG": NaN,
        "AREA_DESC_CHN": NaN,
        "FREE_FORMAT_ADDR_ENG": "HOUSE TYPE C UNIT 9B (ALSO KNOWN AS HOUSE 10B) OF CASAS DOMINGO 8 KAM KA STREET NEW TERRITORIES",
        "FREE_FORMAT_ADDR_CHN": NaN,
        "DEV_NAME_ENG": "CASAS DOMINGO",
        "DEV_NAME_CHN": "嘉麗山莊",
        "FIRST_REFERENCE_LOT_PRN": "C6331441"
    },
    {
        "PRN": "B2415649",
        "SEQ_NUM": 1,
        "BLOCK": "D",
        "FLOOR": NaN,
        "FLAT": "1A",
        "HOUSE_NUM_PREFIX": NaN,
        "STREET_NAME_ENG": NaN,
        "STREET_NAME_CHN": NaN,
        "AREA_DESC_ENG": NaN,
        "AREA_DESC_CHN": NaN,
        "FREE_FORMAT_ADDR_ENG": "HOUSE TYPE D UNIT 1A (ALSO KNOWN AS HOUSE 12A) (ASSOCIATED LANDSCAPED AREA) OF CASAS DOMINGO 8 KAM KA STREET N.T.",
        "FREE_FORMAT_ADDR_CHN": NaN,
        "DEV_NAME_ENG": "CASAS DOMINGO",
        "DEV_NAME_CHN": "嘉麗山莊",
        "FIRST_REFERENCE_LOT_PRN": "C6331441"
    },
    {
        "PRN": "B2415658",
        "SEQ_NUM": 1,
        "BLOCK": "D",
        "FLOOR": NaN,
        "FLAT": "1B",
        "HOUSE_NUM_PREFIX": NaN,
        "STREET_NAME_ENG": NaN,
        "STREET_NAME_CHN": NaN,
        "AREA_DESC_ENG": NaN,
        "AREA_DESC_CHN": NaN,
        "FREE_FORMAT_ADDR_ENG": "HOUSE TYPE D UNIT 1B (ALSO KNOWN AS HOUSE 12B) OF CASAS DOMINGO 8 KAM KA STREET NEW TERRITORIES",
        "FREE_FORMAT_ADDR_CHN": NaN,
        "DEV_NAME_ENG": "CASAS DOMINGO",
        "DEV_NAME_CHN": "嘉麗山莊",
        "FIRST_REFERENCE_LOT_PRN": "C6331441"
    },
    {
        "PRN": "B2415664",
        "SEQ_NUM": 1,
        "BLOCK": "D",
        "FLOOR": NaN,
        "FLAT": "3A",
        "HOUSE_NUM_PREFIX": NaN,
        "STREET_NAME_ENG": NaN,
        "STREET_NAME_CHN": NaN,
        "AREA_DESC_ENG": NaN,
        "AREA_DESC_CHN": NaN,
        "FREE_FORMAT_ADDR_ENG": "HOUSE TYPE D UNIT 3A (ALSO KNOWN AS HOUSE 15A) (ASSOCIATED LANDSCAPED AREA) OF CASAS DOMINGO 8 KAM KA STREET N.T.",
        "FREE_FORMAT_ADDR_CHN": NaN,
        "DEV_NAME_ENG": "CASAS DOMINGO",
        "DEV_NAME_CHN": "嘉麗山莊",
        "FIRST_REFERENCE_LOT_PRN": "C6331441"
    },
    {
        "PRN": "B2415676",
        "SEQ_NUM": 1,
        "BLOCK": "D",
        "FLOOR": NaN,
        "FLAT": "3B",
        "HOUSE_NUM_PREFIX": NaN,
        "STREET_NAME_ENG": NaN,
        "STREET_NAME_CHN": NaN,
        "AREA_DESC_ENG": NaN,
        "AREA_DESC_CHN": NaN,
        "FREE_FORMAT_ADDR_ENG": "HOUSE TYPE D UNIT 3B (ALSO KNOWN AS HOUSE 15B) OF CASAS DOMINGO 8 KAM KA STREET NEW TERRITORIES",
        "FREE_FORMAT_ADDR_CHN": NaN,
        "DEV_NAME_ENG": "CASAS DOMINGO",
        "DEV_NAME_CHN": "嘉麗山莊",
        "FIRST_REFERENCE_LOT_PRN": "C6331441"
    },
    {
        "PRN": "B2415687",
        "SEQ_NUM": 1,
        "BLOCK": "D",
        "FLOOR": NaN,
        "FLAT": "4A",
        "HOUSE_NUM_PREFIX": NaN,
        "STREET_NAME_ENG": NaN,
        "STREET_NAME_CHN": NaN,
        "AREA_DESC_ENG": NaN,
        "AREA_DESC_CHN": NaN,
        "FREE_FORMAT_ADDR_ENG": "HOUSE TYPE D UNIT 4A (ALSO KNOWN AS HOUSE 16A) (ASSOCIATED LANDSCAPED AREA) OF CASAS DOMINGO 8 KAM KA STREET N.T.",
        "FREE_FORMAT_ADDR_CHN": NaN,
        "DEV_NAME_ENG": "CASAS DOMINGO",
        "DEV_NAME_CHN": "嘉麗山莊",
        "FIRST_REFERENCE_LOT_PRN": "C6331441"
    },
    {
        "PRN": "B2415692",
        "SEQ_NUM": 1,
        "BLOCK": "D",
        "FLOOR": NaN,
        "FLAT": "4B",
        "HOUSE_NUM_PREFIX": NaN,
        "STREET_NAME_ENG": NaN,
        "STREET_NAME_CHN": NaN,
        "AREA_DESC_ENG": NaN,
        "AREA_DESC_CHN": NaN,
        "FREE_FORMAT_ADDR_ENG": "HOUSE TYPE D UNIT 4B (ALSO KNOWN AS HOUSE 16B) OF CASAS DOMINGO 8 KAM KA STREET NEW TERRITORIES",
        "FREE_FORMAT_ADDR_CHN": NaN,
        "DEV_NAME_ENG": "CASAS DOMINGO",
        "DEV_NAME_CHN": "嘉麗山莊",
        "FIRST_REFERENCE_LOT_PRN": "C6331441"
    },
    {
        "PRN": "B4928338",
        "SEQ_NUM": 1,
        "BLOCK": "A",
        "FLOOR": NaN,
        "FLAT": "2",
        "HOUSE_NUM_PREFIX": NaN,
        "STREET_NAME_ENG": NaN,
        "STREET_NAME_CHN": NaN,
        "AREA_DESC_ENG": NaN,
        "AREA_DESC_CHN": NaN,
        "FREE_FORMAT_ADDR_ENG": "HOUSE TYPE A UNIT 2 (ALSO KNOWN AS HOUSE 22) (ASSOCIATED LANDSCAPED AREA) OF CASAS DOMINGO 8 KAM KA STREET N.T.",
        "FREE_FORMAT_ADDR_CHN": NaN,
        "DEV_NAME_ENG": "CASAS DOMINGO",
        "DEV_NAME_CHN": "嘉麗山莊",
        "FIRST_REFERENCE_LOT_PRN": "C6331441"
    },
    {
        "PRN": "B4928343",
        "SEQ_NUM": 1,
        "BLOCK": "C",
        "FLOOR": NaN,
        "FLAT": "10A",
        "HOUSE_NUM_PREFIX": NaN,
        "STREET_NAME_ENG": NaN,
        "STREET_NAME_CHN": NaN,
        "AREA_DESC_ENG": NaN,
        "AREA_DESC_CHN": NaN,
        "FREE_FORMAT_ADDR_ENG": "HOUSE TYPE C UNIT 10A (ALSO KNOWN AS HOUSE 11A) (ASSOCIATED LANDSCAPED AREA) OF CASAS DOMINGO NO. 8 KAM KA STREET NEW TERRITORIES",
        "FREE_FORMAT_ADDR_CHN": NaN,
        "DEV_NAME_ENG": "CASAS DOMINGO",
        "DEV_NAME_CHN": "嘉麗山莊",
        "FIRST_REFERENCE_LOT_PRN": "C6331441"
    },
    {
        "PRN": "B4928354",
        "SEQ_NUM": 1,
        "BLOCK": "C",
        "FLOOR": NaN,
        "FLAT": "3A",
        "HOUSE_NUM_PREFIX": NaN,
        "STREET_NAME_ENG": NaN,
        "STREET_NAME_CHN": NaN,
        "AREA_DESC_ENG": NaN,
        "AREA_DESC_CHN": NaN,
        "FREE_FORMAT_ADDR_ENG": "HOUSE TYPE C UNIT 3A (ALSO KNOWN AS HOUSE 3A) (ASSOCIATED LANDSCAPED AREA) OF CASAS DOMINGO 8 KAM KA STREET N.T.",
        "FREE_FORMAT_ADDR_CHN": NaN,
        "DEV_NAME_ENG": "CASAS DOMINGO",
        "DEV_NAME_CHN": "嘉麗山莊",
        "FIRST_REFERENCE_LOT_PRN": "C6331441"
    },
    {
        "PRN": "B4928361",
        "SEQ_NUM": 1,
        "BLOCK": "C",
        "FLOOR": NaN,
        "FLAT": "3B",
        "HOUSE_NUM_PREFIX": NaN,
        "STREET_NAME_ENG": NaN,
        "STREET_NAME_CHN": NaN,
        "AREA_DESC_ENG": NaN,
        "AREA_DESC_CHN": NaN,
        "FREE_FORMAT_ADDR_ENG": "HOUSE TYPE C UNIT 3B (ASLO KNOWN AS HOUSE 3B) OF CASAS DOMINGO 8 KAM KA STREET NEW TERRITORIES",
        "FREE_FORMAT_ADDR_CHN": NaN,
        "DEV_NAME_ENG": "CASAS DOMINGO",
        "DEV_NAME_CHN": "嘉麗山莊",
        "FIRST_REFERENCE_LOT_PRN": "C6331441"
    },
    {
        "PRN": "B4928379",
        "SEQ_NUM": 1,
        "BLOCK": "C",
        "FLOOR": NaN,
        "FLAT": "4A",
        "HOUSE_NUM_PREFIX": NaN,
        "STREET_NAME_ENG": NaN,
        "STREET_NAME_CHN": NaN,
        "AREA_DESC_ENG": NaN,
        "AREA_DESC_CHN": NaN,
        "FREE_FORMAT_ADDR_ENG": "HOUSE TYPE C UNIT 4A (ALSO KNOWN AS HOUSE 5A) (ASSOCIATED LANDSCAPED AREA) OF CASAS DOMINGO 8 KAM KA STREET N.T.",
        "FREE_FORMAT_ADDR_CHN": NaN,
        "DEV_NAME_ENG": "CASAS DOMINGO",
        "DEV_NAME_CHN": "嘉麗山莊",
        "FIRST_REFERENCE_LOT_PRN": "C6331441"
    },
    {
        "PRN": "B4928386",
        "SEQ_NUM": 1,
        "BLOCK": "D",
        "FLOOR": NaN,
        "FLAT": "2A",
        "HOUSE_NUM_PREFIX": NaN,
        "STREET_NAME_ENG": NaN,
        "STREET_NAME_CHN": NaN,
        "AREA_DESC_ENG": NaN,
        "AREA_DESC_CHN": NaN,
        "FREE_FORMAT_ADDR_ENG": "HOUSE TYPE D UNIT 2A (ALSO KNOWN AS HOUSE 13A) (ASSOCIATED LANDSCAPED AREA) OF CASAS DOMINGO 8 KAM KA STREET N.T.",
        "FREE_FORMAT_ADDR_CHN": NaN,
        "DEV_NAME_ENG": "CASAS DOMINGO",
        "DEV_NAME_CHN": "嘉麗山莊",
        "FIRST_REFERENCE_LOT_PRN": "C6331441"
    },
    {
        "PRN": "B4928392",
        "SEQ_NUM": 1,
        "BLOCK": "D",
        "FLOOR": NaN,
        "FLAT": "2B",
        "HOUSE_NUM_PREFIX": NaN,
        "STREET_NAME_ENG": NaN,
        "STREET_NAME_CHN": NaN,
        "AREA_DESC_ENG": NaN,
        "AREA_DESC_CHN": NaN,
        "FREE_FORMAT_ADDR_ENG": "HOUSE TYPE D UNIT 2B (ALSO KNOWN AS HOUSE 13B) OF CASAS DOMINGO 8 KAM KA STREET NEW TERRITORIES",
        "FREE_FORMAT_ADDR_CHN": NaN,
        "DEV_NAME_ENG": "CASAS DOMINGO",
        "DEV_NAME_CHN": "嘉麗山莊",
        "FIRST_REFERENCE_LOT_PRN": "C6331441"
    },
    {
        "PRN": "B6031552",
        "SEQ_NUM": 1,
        "BLOCK": "C",
        "FLOOR": NaN,
        "FLAT": "2A",
        "HOUSE_NUM_PREFIX": NaN,
        "STREET_NAME_ENG": NaN,
        "STREET_NAME_CHN": NaN,
        "AREA_DESC_ENG": NaN,
        "AREA_DESC_CHN": NaN,
        "FREE_FORMAT_ADDR_ENG": "HOUSE TYPE C UNIT 2A (ALSO KNOWN AS HOUSE 2A) (ASSOCIATED LANDSCAPED AREA) OF CASAS DOMINGO 8 KAM KA STREET N.T.",
        "FREE_FORMAT_ADDR_CHN": NaN,
        "DEV_NAME_ENG": "CASAS DOMINGO",
        "DEV_NAME_CHN": "嘉麗山莊",
        "FIRST_REFERENCE_LOT_PRN": "C6331441"
    },
    {
        "PRN": "B7612656",
        "SEQ_NUM": 1,
        "BLOCK": "B",
        "FLOOR": NaN,
        "FLAT": "12",
        "HOUSE_NUM_PREFIX": NaN,
        "STREET_NAME_ENG": NaN,
        "STREET_NAME_CHN": NaN,
        "AREA_DESC_ENG": NaN,
        "AREA_DESC_CHN": NaN,
        "FREE_FORMAT_ADDR_ENG": "HOUSE TYPE B UNIT 12 (ALSO KNOWN AS HOUSE 19) (ASSOCIATED LANDSCAPED AREA) OF CASAS DOMINGO 8 KAM KA STREET N.T.",
        "FREE_FORMAT_ADDR_CHN": NaN,
        "DEV_NAME_ENG": "CASAS DOMINGO",
        "DEV_NAME_CHN": "嘉麗山莊",
        "FIRST_REFERENCE_LOT_PRN": "C6331441"
    },
    {
        "PRN": "B7612660",
        "SEQ_NUM": 1,
        "BLOCK": "C",
        "FLOOR": NaN,
        "FLAT": "4B",
        "HOUSE_NUM_PREFIX": NaN,
        "STREET_NAME_ENG": NaN,
        "STREET_NAME_CHN": NaN,
        "AREA_DESC_ENG": NaN,
        "AREA_DESC_CHN": NaN,
        "FREE_FORMAT_ADDR_ENG": "HOUSE TYPE C UNIT 4B (ALSO KNOWN AS HOUSE 5B) OF CASAS DOMINGO 8 KAM KA STREET NEW TERRITORIES",
        "FREE_FORMAT_ADDR_CHN": NaN,
        "DEV_NAME_ENG": "CASAS DOMINGO",
        "DEV_NAME_CHN": "嘉麗山莊",
        "FIRST_REFERENCE_LOT_PRN": "C6331441"
    },
    {
        "PRN": "B7612679",
        "SEQ_NUM": 1,
        "BLOCK": "C",
        "FLOOR": NaN,
        "FLAT": "9A",
        "HOUSE_NUM_PREFIX": NaN,
        "STREET_NAME_ENG": NaN,
        "STREET_NAME_CHN": NaN,
        "AREA_DESC_ENG": NaN,
        "AREA_DESC_CHN": NaN,
        "FREE_FORMAT_ADDR_ENG": "HOUSE TYPE C UNIT 9A (ALSO KNOWN HOUSE 10A) (ASSOCIATED LANDSCAPED AREA) OF CASAS DOMINGO 8 KAM KA STREET N.T.",
        "FREE_FORMAT_ADDR_CHN": NaN,
        "DEV_NAME_ENG": "CASAS DOMINGO",
        "DEV_NAME_CHN": "嘉麗山莊",
        "FIRST_REFERENCE_LOT_PRN": "C6331441"
    },
    {
        "PRN": "B8045674",
        "SEQ_NUM": 1,
        "BLOCK": "B",
        "FLOOR": NaN,
        "FLAT": "4",
        "HOUSE_NUM_PREFIX": NaN,
        "STREET_NAME_ENG": NaN,
        "STREET_NAME_CHN": NaN,
        "AREA_DESC_ENG": NaN,
        "AREA_DESC_CHN": NaN,
        "FREE_FORMAT_ADDR_ENG": "HOUSE TYPE B UNIT 4 (ALSO KNOWN AS HOUSE 30) (ASSOCIATED LANDSCAPED AREA) OF CASAS DOMINGO 8 KAM KA STREET N.T.",
        "FREE_FORMAT_ADDR_CHN": NaN,
        "DEV_NAME_ENG": "CASAS DOMINGO",
        "DEV_NAME_CHN": "嘉麗山莊",
        "FIRST_REFERENCE_LOT_PRN": "C6331441"
    },
    {
        "PRN": "B8379872",
        "SEQ_NUM": 1,
        "BLOCK": "C",
        "FLOOR": NaN,
        "FLAT": "5B",
        "HOUSE_NUM_PREFIX": NaN,
        "STREET_NAME_ENG": NaN,
        "STREET_NAME_CHN": NaN,
        "AREA_DESC_ENG": NaN,
        "AREA_DESC_CHN": NaN,
        "FREE_FORMAT_ADDR_ENG": "HOUSE TYPE C UNIT 5B (ALSO KNOWN AS HOUSE 6B) OF CASAS DOMINGO 8 KAM KA STREET NEW TERRITORIES",
        "FREE_FORMAT_ADDR_CHN": NaN,
        "DEV_NAME_ENG": "CASAS DOMINGO",
        "DEV_NAME_CHN": "嘉麗山莊",
        "FIRST_REFERENCE_LOT_PRN": "C6331441"
    },
    {
        "PRN": "C0294464",
        "SEQ_NUM": 1,
        "BLOCK": "B",
        "FLOOR": NaN,
        "FLAT": "1",
        "HOUSE_NUM_PREFIX": NaN,
        "STREET_NAME_ENG": NaN,
        "STREET_NAME_CHN": NaN,
        "AREA_DESC_ENG": NaN,
        "AREA_DESC_CHN": NaN,
        "FREE_FORMAT_ADDR_ENG": "HOUSE TYPE B UNIT 1 (ALSO KNOWN AS HOUSE 33) (ASSOCIATED LANDSCAPED AREA) OF CASAS DOMINGO 8 KAM KA STREET NEW TERRITORIES",
        "FREE_FORMAT_ADDR_CHN": NaN,
        "DEV_NAME_ENG": "CASAS DOMINGO",
        "DEV_NAME_CHN": "嘉麗山莊",
        "FIRST_REFERENCE_LOT_PRN": "C6331441"
    },
    {
        "PRN": "C0294474",
        "SEQ_NUM": 1,
        "BLOCK": "C",
        "FLOOR": NaN,
        "FLAT": "6A",
        "HOUSE_NUM_PREFIX": NaN,
        "STREET_NAME_ENG": NaN,
        "STREET_NAME_CHN": NaN,
        "AREA_DESC_ENG": NaN,
        "AREA_DESC_CHN": NaN,
        "FREE_FORMAT_ADDR_ENG": "HOUSE TYPE C UNIT 6A (ALSO KNOWN AS HOUSE 7A) (ASSOCIATED LANDSCAPED AREA) OF CASAS DOMINGO 8 KAM KA STREET N.T.",
        "FREE_FORMAT_ADDR_CHN": NaN,
        "DEV_NAME_ENG": "CASAS DOMINGO",
        "DEV_NAME_CHN": "嘉麗山莊",
        "FIRST_REFERENCE_LOT_PRN": "C6331441"
    },
    {
        "PRN": "C0726981",
        "SEQ_NUM": 1,
        "BLOCK": "B",
        "FLOOR": NaN,
        "FLAT": "8",
        "HOUSE_NUM_PREFIX": NaN,
        "STREET_NAME_ENG": NaN,
        "STREET_NAME_CHN": NaN,
        "AREA_DESC_ENG": NaN,
        "AREA_DESC_CHN": NaN,
        "FREE_FORMAT_ADDR_ENG": "HOUSE TYPE B UNIT 8 (ALSO KNOWN AS HOUSE 25) (ASSOCIATED LANDSCAPED AREA) OF CASAS DOMINGO 8 KAM KA STREET N.T.",
        "FREE_FORMAT_ADDR_CHN": NaN,
        "DEV_NAME_ENG": "CASAS DOMINGO",
        "DEV_NAME_CHN": "嘉麗山莊",
        "FIRST_REFERENCE_LOT_PRN": "C6331441"
    },
    {
        "PRN": "C0726997",
        "SEQ_NUM": 1,
        "BLOCK": "C",
        "FLOOR": NaN,
        "FLAT": "8B",
        "HOUSE_NUM_PREFIX": NaN,
        "STREET_NAME_ENG": NaN,
        "STREET_NAME_CHN": NaN,
        "AREA_DESC_ENG": NaN,
        "AREA_DESC_CHN": NaN,
        "FREE_FORMAT_ADDR_ENG": "HOUSE TYPE C UNIT 8B (ALSO KNOWN AS HOUSE 9B) OF CASAS DOMINGO 8 KAM KA STREET NEW TERRITORIES",
        "FREE_FORMAT_ADDR_CHN": NaN,
        "DEV_NAME_ENG": "CASAS DOMINGO",
        "DEV_NAME_CHN": "嘉麗山莊",
        "FIRST_REFERENCE_LOT_PRN": "C6331441"
    },
    {
        "PRN": "C1061611",
        "SEQ_NUM": 1,
        "BLOCK": "B",
        "FLOOR": NaN,
        "FLAT": "2",
        "HOUSE_NUM_PREFIX": NaN,
        "STREET_NAME_ENG": NaN,
        "STREET_NAME_CHN": NaN,
        "AREA_DESC_ENG": NaN,
        "AREA_DESC_CHN": NaN,
        "FREE_FORMAT_ADDR_ENG": "HOUSE TYPE B UNIT 2 (ALSO KNOWN AS HOUSE 32) (ASSOCIATED LANDSCAPED AREA) OF CASAS DOMINGO 8 KAM KA STREET N.T.",
        "FREE_FORMAT_ADDR_CHN": NaN,
        "DEV_NAME_ENG": "CASAS DOMINGO",
        "DEV_NAME_CHN": "嘉麗山莊",
        "FIRST_REFERENCE_LOT_PRN": "C6331441"
    }
]