[
    {
        "PRN": "B0775413",
        "SEQ_NUM": 1,
        "BLOCK": "A",
        "FLOOR": "G",
        "FLAT": "1",
        "HOUSE_NUM_PREFIX": NaN,
        "STREET_NAME_ENG": NaN,
        "STREET_NAME_CHN": NaN,
        "AREA_DESC_ENG": NaN,
        "AREA_DESC_CHN": NaN,
        "FREE_FORMAT_ADDR_ENG": "FLAT 1 ON G/F OF BLOCK A CASTLE PEAK VILLAS NO.19 LOK CHUI STREET TUEN MUN NEW TERRITORIES",
        "FREE_FORMAT_ADDR_CHN": NaN,
        "DEV_NAME_ENG": "CASTLE PEAK VILLAS",
        "DEV_NAME_CHN": "青山別墅",
        "FIRST_REFERENCE_LOT_PRN": "C5218326"
    },
    {
        "PRN": "B0775425",
        "SEQ_NUM": 1,
        "BLOCK": "A",
        "FLOOR": "1",
        "FLAT": "1",
        "HOUSE_NUM_PREFIX": NaN,
        "STREET_NAME_ENG": NaN,
        "STREET_NAME_CHN": NaN,
        "AREA_DESC_ENG": NaN,
        "AREA_DESC_CHN": NaN,
        "FREE_FORMAT_ADDR_ENG": "FLAT 1 ON 1/F OF BLOCK A CASTLE PEAK VILLAS NO.19 LOK CHUI STREET TUEN MUN NEW TERRITORIES",
        "FREE_FORMAT_ADDR_CHN": NaN,
        "DEV_NAME_ENG": "CASTLE PEAK VILLAS",
        "DEV_NAME_CHN": "青山別墅",
        "FIRST_REFERENCE_LOT_PRN": "C5218326"
    },
    {
        "PRN": "B0775431",
        "SEQ_NUM": 1,
        "BLOCK": "A",
        "FLOOR": "5",
        "FLAT": "1",
        "HOUSE_NUM_PREFIX": NaN,
        "STREET_NAME_ENG": NaN,
        "STREET_NAME_CHN": NaN,
        "AREA_DESC_ENG": NaN,
        "AREA_DESC_CHN": NaN,
        "FREE_FORMAT_ADDR_ENG": "FLAT 1 ON 5/F AND ROOF OF BLOCK A CASTLE PEAK VILLAS NO.19 LOK CHUI STREET TUEN MUN NEW TERRITORIES",
        "FREE_FORMAT_ADDR_CHN": NaN,
        "DEV_NAME_ENG": "CASTLE PEAK VILLAS",
        "DEV_NAME_CHN": "青山別墅",
        "FIRST_REFERENCE_LOT_PRN": "C5218326"
    },
    {
        "PRN": "B0775441",
        "SEQ_NUM": 1,
        "BLOCK": "A",
        "FLOOR": "4",
        "FLAT": "2",
        "HOUSE_NUM_PREFIX": NaN,
        "STREET_NAME_ENG": NaN,
        "STREET_NAME_CHN": NaN,
        "AREA_DESC_ENG": NaN,
        "AREA_DESC_CHN": NaN,
        "FREE_FORMAT_ADDR_ENG": "FLAT 2 ON 4/F OF BLOCK A CASTLE PEAK VILLAS NO.19 LOK CHUI STREET TUEN MUN NEW TERRITORIES",
        "FREE_FORMAT_ADDR_CHN": NaN,
        "DEV_NAME_ENG": "CASTLE PEAK VILLAS",
        "DEV_NAME_CHN": "青山別墅",
        "FIRST_REFERENCE_LOT_PRN": "C5218326"
    },
    {
        "PRN": "B0775456",
        "SEQ_NUM": 1,
        "BLOCK": "A",
        "FLOOR": "5",
        "FLAT": "2",
        "HOUSE_NUM_PREFIX": NaN,
        "STREET_NAME_ENG": NaN,
        "STREET_NAME_CHN": NaN,
        "AREA_DESC_ENG": NaN,
        "AREA_DESC_CHN": NaN,
        "FREE_FORMAT_ADDR_ENG": "FLAT 2 ON 5/F AND ROOF OF BLOCK A CASTLE PEAK VILLAS NO.19 LOK CHUI STREET TUEN MUN NEW TERRITORIES",
        "FREE_FORMAT_ADDR_CHN": NaN,
        "DEV_NAME_ENG": "CASTLE PEAK VILLAS",
        "DEV_NAME_CHN": "青山別墅",
        "FIRST_REFERENCE_LOT_PRN": "C5218326"
    },
    {
        "PRN": "B0775466",
        "SEQ_NUM": 1,
        "BLOCK": "A",
        "FLOOR": "G",
        "FLAT": "3",
        "HOUSE_NUM_PREFIX": NaN,
        "STREET_NAME_ENG": NaN,
        "STREET_NAME_CHN": NaN,
        "AREA_DESC_ENG": NaN,
        "AREA_DESC_CHN": NaN,
        "FREE_FORMAT_ADDR_ENG": "FLAT 3 ON G/F OF BLOCK A CASTLE PEAK VILLAS NO.19 LOK CHUI STREET TUEN MUN NEW TERRITORIES",
        "FREE_FORMAT_ADDR_CHN": NaN,
        "DEV_NAME_ENG": "CASTLE PEAK VILLAS",
        "DEV_NAME_CHN": "青山別墅",
        "FIRST_REFERENCE_LOT_PRN": "C5218326"
    },
    {
        "PRN": "B0775477",
        "SEQ_NUM": 1,
        "BLOCK": "A",
        "FLOOR": "1",
        "FLAT": "3",
        "HOUSE_NUM_PREFIX": NaN,
        "STREET_NAME_ENG": NaN,
        "STREET_NAME_CHN": NaN,
        "AREA_DESC_ENG": NaN,
        "AREA_DESC_CHN": NaN,
        "FREE_FORMAT_ADDR_ENG": "FLAT 3 ON 1/F OF BLOCK A CASTLE PEAK VILLAS NO.19 LOK CHUI STREET TUEN MUN NEW TERRITORIES",
        "FREE_FORMAT_ADDR_CHN": NaN,
        "DEV_NAME_ENG": "CASTLE PEAK VILLAS",
        "DEV_NAME_CHN": "青山別墅",
        "FIRST_REFERENCE_LOT_PRN": "C5218326"
    },
    {
        "PRN": "B0775481",
        "SEQ_NUM": 1,
        "BLOCK": "A",
        "FLOOR": "2",
        "FLAT": "3",
        "HOUSE_NUM_PREFIX": NaN,
        "STREET_NAME_ENG": NaN,
        "STREET_NAME_CHN": NaN,
        "AREA_DESC_ENG": NaN,
        "AREA_DESC_CHN": NaN,
        "FREE_FORMAT_ADDR_ENG": "FLAT 3 ON 2/F OF BLOCK A CASTLE PEAK VILLAS NO.19 LOK CHUI STREET TUEN MUN NEW TERRITORIES",
        "FREE_FORMAT_ADDR_CHN": NaN,
        "DEV_NAME_ENG": "CASTLE PEAK VILLAS",
        "DEV_NAME_CHN": "青山別墅",
        "FIRST_REFERENCE_LOT_PRN": "C5218326"
    },
    {
        "PRN": "B0775499",
        "SEQ_NUM": 1,
        "BLOCK": "A",
        "FLOOR": "3",
        "FLAT": "3",
        "HOUSE_NUM_PREFIX": NaN,
        "STREET_NAME_ENG": NaN,
        "STREET_NAME_CHN": NaN,
        "AREA_DESC_ENG": NaN,
        "AREA_DESC_CHN": NaN,
        "FREE_FORMAT_ADDR_ENG": "FLAT 3 ON 3/F OF BLOCK A CASTLE PEAK VILLAS NO.19 LOK CHUI STREET TUEN MUN NEW TERRITORIES",
        "FREE_FORMAT_ADDR_CHN": NaN,
        "DEV_NAME_ENG": "CASTLE PEAK VILLAS",
        "DEV_NAME_CHN": "青山別墅",
        "FIRST_REFERENCE_LOT_PRN": "C5218326"
    },
    {
        "PRN": "B0775513",
        "SEQ_NUM": 1,
        "BLOCK": "B",
        "FLOOR": "2",
        "FLAT": "1",
        "HOUSE_NUM_PREFIX": NaN,
        "STREET_NAME_ENG": NaN,
        "STREET_NAME_CHN": NaN,
        "AREA_DESC_ENG": NaN,
        "AREA_DESC_CHN": NaN,
        "FREE_FORMAT_ADDR_ENG": "FLAT 1 ON 2/F OF BLOCK B CASTLE PEAK VILLAS NO.19 LOK CHUI STREET TUEN MUN NEW TERRITORIES",
        "FREE_FORMAT_ADDR_CHN": NaN,
        "DEV_NAME_ENG": "CASTLE PEAK VILLAS",
        "DEV_NAME_CHN": "青山別墅",
        "FIRST_REFERENCE_LOT_PRN": "C5218326"
    },
    {
        "PRN": "B0775521",
        "SEQ_NUM": 1,
        "BLOCK": "B",
        "FLOOR": "4",
        "FLAT": "1",
        "HOUSE_NUM_PREFIX": NaN,
        "STREET_NAME_ENG": NaN,
        "STREET_NAME_CHN": NaN,
        "AREA_DESC_ENG": NaN,
        "AREA_DESC_CHN": NaN,
        "FREE_FORMAT_ADDR_ENG": "FLAT 1 ON 4/F OF BLOCK B CASTLE PEAK VILLAS NO.19 LOK CHUI STREET TUEN MUN NEW TERRITORIES",
        "FREE_FORMAT_ADDR_CHN": NaN,
        "DEV_NAME_ENG": "CASTLE PEAK VILLAS",
        "DEV_NAME_CHN": "青山別墅",
        "FIRST_REFERENCE_LOT_PRN": "C5218326"
    },
    {
        "PRN": "B0775533",
        "SEQ_NUM": 1,
        "BLOCK": "B",
        "FLOOR": "1",
        "FLAT": "2",
        "HOUSE_NUM_PREFIX": NaN,
        "STREET_NAME_ENG": NaN,
        "STREET_NAME_CHN": NaN,
        "AREA_DESC_ENG": NaN,
        "AREA_DESC_CHN": NaN,
        "FREE_FORMAT_ADDR_ENG": "FLAT 2 ON 1/F OF BLOCK B CASTLE PEAK VILLAS NO.19 LOK CHUI STREET TUEN MUN NEW TERRITORIES",
        "FREE_FORMAT_ADDR_CHN": NaN,
        "DEV_NAME_ENG": "CASTLE PEAK VILLAS",
        "DEV_NAME_CHN": "青山別墅",
        "FIRST_REFERENCE_LOT_PRN": "C5218326"
    },
    {
        "PRN": "B0775546",
        "SEQ_NUM": 1,
        "BLOCK": "B",
        "FLOOR": "1",
        "FLAT": "3",
        "HOUSE_NUM_PREFIX": NaN,
        "STREET_NAME_ENG": NaN,
        "STREET_NAME_CHN": NaN,
        "AREA_DESC_ENG": NaN,
        "AREA_DESC_CHN": NaN,
        "FREE_FORMAT_ADDR_ENG": "FLAT 3 ON 1/F OF BLOCK B CASTLE PEAK VILLAS NO.19 LOK CHUI STREET TUEN MUN NEW TERRITORIES",
        "FREE_FORMAT_ADDR_CHN": NaN,
        "DEV_NAME_ENG": "CASTLE PEAK VILLAS",
        "DEV_NAME_CHN": "青山別墅",
        "FIRST_REFERENCE_LOT_PRN": "C5218326"
    },
    {
        "PRN": "B0775556",
        "SEQ_NUM": 1,
        "BLOCK": "B",
        "FLOOR": "2",
        "FLAT": "3",
        "HOUSE_NUM_PREFIX": NaN,
        "STREET_NAME_ENG": NaN,
        "STREET_NAME_CHN": NaN,
        "AREA_DESC_ENG": NaN,
        "AREA_DESC_CHN": NaN,
        "FREE_FORMAT_ADDR_ENG": "FLAT 3 ON 2/F OF BLOCK B CASTLE PEAK VILLAS NO.19 LOK CHUI STREET TUEN MUN NEW TERRITORIES",
        "FREE_FORMAT_ADDR_CHN": NaN,
        "DEV_NAME_ENG": "CASTLE PEAK VILLAS",
        "DEV_NAME_CHN": "青山別墅",
        "FIRST_REFERENCE_LOT_PRN": "C5218326"
    },
    {
        "PRN": "B0775560",
        "SEQ_NUM": 1,
        "BLOCK": "B",
        "FLOOR": "3",
        "FLAT": "3",
        "HOUSE_NUM_PREFIX": NaN,
        "STREET_NAME_ENG": NaN,
        "STREET_NAME_CHN": NaN,
        "AREA_DESC_ENG": NaN,
        "AREA_DESC_CHN": NaN,
        "FREE_FORMAT_ADDR_ENG": "FLAT 3 ON 3/F OF BLOCK B CASTLE PEAK VILLAS NO.19 LOK CHUI STREET TUEN MUN NEW TERRITORIES",
        "FREE_FORMAT_ADDR_CHN": NaN,
        "DEV_NAME_ENG": "CASTLE PEAK VILLAS",
        "DEV_NAME_CHN": "青山別墅",
        "FIRST_REFERENCE_LOT_PRN": "C5218326"
    },
    {
        "PRN": "B0775576",
        "SEQ_NUM": 1,
        "BLOCK": "B",
        "FLOOR": "4",
        "FLAT": "3",
        "HOUSE_NUM_PREFIX": NaN,
        "STREET_NAME_ENG": NaN,
        "STREET_NAME_CHN": NaN,
        "AREA_DESC_ENG": NaN,
        "AREA_DESC_CHN": NaN,
        "FREE_FORMAT_ADDR_ENG": "FLAT 3 ON 4/F OF BLOCK B CASTLE PEAK VILLAS NO.19 LOK CHUI STREET TUEN MUN NEW TERRITORIES",
        "FREE_FORMAT_ADDR_CHN": NaN,
        "DEV_NAME_ENG": "CASTLE PEAK VILLAS",
        "DEV_NAME_CHN": "青山別墅",
        "FIRST_REFERENCE_LOT_PRN": "C5218326"
    },
    {
        "PRN": "B0775589",
        "SEQ_NUM": 1,
        "BLOCK": "B",
        "FLOOR": "5",
        "FLAT": "3",
        "HOUSE_NUM_PREFIX": NaN,
        "STREET_NAME_ENG": NaN,
        "STREET_NAME_CHN": NaN,
        "AREA_DESC_ENG": NaN,
        "AREA_DESC_CHN": NaN,
        "FREE_FORMAT_ADDR_ENG": "FLAT 3 ON 5/F AND ROOF OF BLOCK B CASTLE PEAK VILLAS NO.19 LOK CHUI STREET TUEN MUN NEW TERRITORIES",
        "FREE_FORMAT_ADDR_CHN": NaN,
        "DEV_NAME_ENG": "CASTLE PEAK VILLAS",
        "DEV_NAME_CHN": "青山別墅",
        "FIRST_REFERENCE_LOT_PRN": "C5218326"
    },
    {
        "PRN": "B0775600",
        "SEQ_NUM": 1,
        "BLOCK": "C",
        "FLOOR": "2",
        "FLAT": "1",
        "HOUSE_NUM_PREFIX": NaN,
        "STREET_NAME_ENG": NaN,
        "STREET_NAME_CHN": NaN,
        "AREA_DESC_ENG": NaN,
        "AREA_DESC_CHN": NaN,
        "FREE_FORMAT_ADDR_ENG": "FLAT 1 ON 2/F OF BLOCK C CASTLE PEAK VILLAS NO.19 LOK CHUI STREET TUEN MUN NEW TERRITORIES",
        "FREE_FORMAT_ADDR_CHN": NaN,
        "DEV_NAME_ENG": "CASTLE PEAK VILLAS",
        "DEV_NAME_CHN": "青山別墅",
        "FIRST_REFERENCE_LOT_PRN": "C5218326"
    },
    {
        "PRN": "B0775611",
        "SEQ_NUM": 1,
        "BLOCK": "C",
        "FLOOR": "3",
        "FLAT": "1",
        "HOUSE_NUM_PREFIX": NaN,
        "STREET_NAME_ENG": NaN,
        "STREET_NAME_CHN": NaN,
        "AREA_DESC_ENG": NaN,
        "AREA_DESC_CHN": NaN,
        "FREE_FORMAT_ADDR_ENG": "FLAT 1 ON 3/F OF BLOCK C CASTLE PEAK VILLAS NO.19 LOK CHUI STREET TUEN MUN NEW TERRITORIES",
        "FREE_FORMAT_ADDR_CHN": NaN,
        "DEV_NAME_ENG": "CASTLE PEAK VILLAS",
        "DEV_NAME_CHN": "青山別墅",
        "FIRST_REFERENCE_LOT_PRN": "C5218326"
    },
    {
        "PRN": "B0775620",
        "SEQ_NUM": 1,
        "BLOCK": "C",
        "FLOOR": "4",
        "FLAT": "1",
        "HOUSE_NUM_PREFIX": NaN,
        "STREET_NAME_ENG": NaN,
        "STREET_NAME_CHN": NaN,
        "AREA_DESC_ENG": NaN,
        "AREA_DESC_CHN": NaN,
        "FREE_FORMAT_ADDR_ENG": "FLAT 1 ON 4/F OF BLOCK C CASTLE PEAK VILLAS NO.19 LOK CHUI STREET TUEN MUN NEW TERRITORIES",
        "FREE_FORMAT_ADDR_CHN": NaN,
        "DEV_NAME_ENG": "CASTLE PEAK VILLAS",
        "DEV_NAME_CHN": "青山別墅",
        "FIRST_REFERENCE_LOT_PRN": "C5218326"
    },
    {
        "PRN": "B0775634",
        "SEQ_NUM": 1,
        "BLOCK": "C",
        "FLOOR": "G",
        "FLAT": "2",
        "HOUSE_NUM_PREFIX": NaN,
        "STREET_NAME_ENG": NaN,
        "STREET_NAME_CHN": NaN,
        "AREA_DESC_ENG": NaN,
        "AREA_DESC_CHN": NaN,
        "FREE_FORMAT_ADDR_ENG": "FLAT 2 ON G/F OF BLOCK C CASTLE PEAK VILLAS NO.19 LOK CHUI STREET TUEN MUN NEW TERRITORIES",
        "FREE_FORMAT_ADDR_CHN": NaN,
        "DEV_NAME_ENG": "CASTLE PEAK VILLAS",
        "DEV_NAME_CHN": "青山別墅",
        "FIRST_REFERENCE_LOT_PRN": "C5218326"
    },
    {
        "PRN": "B0775646",
        "SEQ_NUM": 1,
        "BLOCK": "C",
        "FLOOR": "1",
        "FLAT": "2",
        "HOUSE_NUM_PREFIX": NaN,
        "STREET_NAME_ENG": NaN,
        "STREET_NAME_CHN": NaN,
        "AREA_DESC_ENG": NaN,
        "AREA_DESC_CHN": NaN,
        "FREE_FORMAT_ADDR_ENG": "FLAT 2 ON 1/F OF BLOCK C CASTLE PEAK VILLAS NO.19 LOK CHUI STREET TUEN MUN NEW TERRITORIES",
        "FREE_FORMAT_ADDR_CHN": NaN,
        "DEV_NAME_ENG": "CASTLE PEAK VILLAS",
        "DEV_NAME_CHN": "青山別墅",
        "FIRST_REFERENCE_LOT_PRN": "C5218326"
    },
    {
        "PRN": "B0775657",
        "SEQ_NUM": 1,
        "BLOCK": "C",
        "FLOOR": "3",
        "FLAT": "2",
        "HOUSE_NUM_PREFIX": NaN,
        "STREET_NAME_ENG": NaN,
        "STREET_NAME_CHN": NaN,
        "AREA_DESC_ENG": NaN,
        "AREA_DESC_CHN": NaN,
        "FREE_FORMAT_ADDR_ENG": "FLAT 2 ON 3/F OF BLOCK C CASTLE PEAK VILLAS NO.19 LOK CHUI STREET TUEN MUN NEW TERRITORIES",
        "FREE_FORMAT_ADDR_CHN": NaN,
        "DEV_NAME_ENG": "CASTLE PEAK VILLAS",
        "DEV_NAME_CHN": "青山別墅",
        "FIRST_REFERENCE_LOT_PRN": "C5218326"
    },
    {
        "PRN": "B0775708",
        "SEQ_NUM": 1,
        "BLOCK": "D",
        "FLOOR": "5",
        "FLAT": "1",
        "HOUSE_NUM_PREFIX": NaN,
        "STREET_NAME_ENG": NaN,
        "STREET_NAME_CHN": NaN,
        "AREA_DESC_ENG": NaN,
        "AREA_DESC_CHN": NaN,
        "FREE_FORMAT_ADDR_ENG": "FLAT 1 ON 5/F AND ROOF OF BLOCK D CASTLE PEAK VILLAS NO.19 LOK CHUI STREET TUEN MUN NEW TERRITORIES",
        "FREE_FORMAT_ADDR_CHN": NaN,
        "DEV_NAME_ENG": "CASTLE PEAK VILLAS",
        "DEV_NAME_CHN": "青山別墅",
        "FIRST_REFERENCE_LOT_PRN": "C5218326"
    },
    {
        "PRN": "B0776910",
        "SEQ_NUM": 1,
        "BLOCK": "A",
        "FLOOR": "G",
        "FLAT": "2",
        "HOUSE_NUM_PREFIX": NaN,
        "STREET_NAME_ENG": NaN,
        "STREET_NAME_CHN": NaN,
        "AREA_DESC_ENG": NaN,
        "AREA_DESC_CHN": NaN,
        "FREE_FORMAT_ADDR_ENG": "FLAT 2 ON G/F OF BLOCK A CASTLE PEAK VILLAS NO.19 LOK CHUI STREET TEUN MUN NEW TERRITORIES",
        "FREE_FORMAT_ADDR_CHN": NaN,
        "DEV_NAME_ENG": "CASTLE PEAK VILLAS",
        "DEV_NAME_CHN": "青山別墅",
        "FIRST_REFERENCE_LOT_PRN": "C5218326"
    },
    {
        "PRN": "B0776922",
        "SEQ_NUM": 1,
        "BLOCK": "A",
        "FLOOR": "1",
        "FLAT": "2",
        "HOUSE_NUM_PREFIX": NaN,
        "STREET_NAME_ENG": NaN,
        "STREET_NAME_CHN": NaN,
        "AREA_DESC_ENG": NaN,
        "AREA_DESC_CHN": NaN,
        "FREE_FORMAT_ADDR_ENG": "FLAT 2 ON 1/F OF BLOCK A CASTLE PEAK VILLAS NO.19 LOK CHUI STREET TUEN MUN NEW TERRITORIES",
        "FREE_FORMAT_ADDR_CHN": NaN,
        "DEV_NAME_ENG": "CASTLE PEAK VILLAS",
        "DEV_NAME_CHN": "青山別墅",
        "FIRST_REFERENCE_LOT_PRN": "C5218326"
    },
    {
        "PRN": "B0776930",
        "SEQ_NUM": 1,
        "BLOCK": "B",
        "FLOOR": "G",
        "FLAT": "1",
        "HOUSE_NUM_PREFIX": NaN,
        "STREET_NAME_ENG": NaN,
        "STREET_NAME_CHN": NaN,
        "AREA_DESC_ENG": NaN,
        "AREA_DESC_CHN": NaN,
        "FREE_FORMAT_ADDR_ENG": "FLAT 1 ON G/F OF BLOCK B CASTLE PEAK VILLAS NO.19 LOK CHUI STREET TUEN MUN NEW TERRITORIES",
        "FREE_FORMAT_ADDR_CHN": NaN,
        "DEV_NAME_ENG": "CASTLE PEAK VILLAS",
        "DEV_NAME_CHN": "青山別墅",
        "FIRST_REFERENCE_LOT_PRN": "C5218326"
    },
    {
        "PRN": "B0776944",
        "SEQ_NUM": 1,
        "BLOCK": "B",
        "FLOOR": "1",
        "FLAT": "1",
        "HOUSE_NUM_PREFIX": NaN,
        "STREET_NAME_ENG": NaN,
        "STREET_NAME_CHN": NaN,
        "AREA_DESC_ENG": NaN,
        "AREA_DESC_CHN": NaN,
        "FREE_FORMAT_ADDR_ENG": "FLAT 1 ON 1/F OF BLOCK B CASTLE PEAK VILLAS NO.19 LOK CHUI STREET TUEN MUN NEW TERRITORIES",
        "FREE_FORMAT_ADDR_CHN": NaN,
        "DEV_NAME_ENG": "CASTLE PEAK VILLAS",
        "DEV_NAME_CHN": "青山別墅",
        "FIRST_REFERENCE_LOT_PRN": "C5218326"
    },
    {
        "PRN": "B0776958",
        "SEQ_NUM": 1,
        "BLOCK": "B",
        "FLOOR": "G",
        "FLAT": "2",
        "HOUSE_NUM_PREFIX": NaN,
        "STREET_NAME_ENG": NaN,
        "STREET_NAME_CHN": NaN,
        "AREA_DESC_ENG": NaN,
        "AREA_DESC_CHN": NaN,
        "FREE_FORMAT_ADDR_ENG": "FLAT 2 ON G/F OF BLOCK B CASTLE PEAK VILLAS NO.19 LOK CHUI STREET TUEN MUN NEW TERRITORIES",
        "FREE_FORMAT_ADDR_CHN": NaN,
        "DEV_NAME_ENG": "CASTLE PEAK VILLAS",
        "DEV_NAME_CHN": "青山別墅",
        "FIRST_REFERENCE_LOT_PRN": "C5218326"
    },
    {
        "PRN": "B0776969",
        "SEQ_NUM": 1,
        "BLOCK": "B",
        "FLOOR": "2",
        "FLAT": "2",
        "HOUSE_NUM_PREFIX": NaN,
        "STREET_NAME_ENG": NaN,
        "STREET_NAME_CHN": NaN,
        "AREA_DESC_ENG": NaN,
        "AREA_DESC_CHN": NaN,
        "FREE_FORMAT_ADDR_ENG": "FLAT 2 ON 2/F OF BLOCK B CASTLE PEAK VILLAS NO.19 LOK CHUI STREET TUEN MUN NEW TERRITORIES",
        "FREE_FORMAT_ADDR_CHN": NaN,
        "DEV_NAME_ENG": "CASTLE PEAK VILLAS",
        "DEV_NAME_CHN": "青山別墅",
        "FIRST_REFERENCE_LOT_PRN": "C5218326"
    },
    {
        "PRN": "B0776975",
        "SEQ_NUM": 1,
        "BLOCK": "C",
        "FLOOR": "G",
        "FLAT": "1",
        "HOUSE_NUM_PREFIX": NaN,
        "STREET_NAME_ENG": NaN,
        "STREET_NAME_CHN": NaN,
        "AREA_DESC_ENG": NaN,
        "AREA_DESC_CHN": NaN,
        "FREE_FORMAT_ADDR_ENG": "FLAT 1 ON G/F OF BLOCK C CASTLE PEAK VILLAS NO.19 LOK CHUI STREET TUEN MUN NEW TERRITORIES",
        "FREE_FORMAT_ADDR_CHN": NaN,
        "DEV_NAME_ENG": "CASTLE PEAK VILLAS",
        "DEV_NAME_CHN": "青山別墅",
        "FIRST_REFERENCE_LOT_PRN": "C5218326"
    },
    {
        "PRN": "B0776985",
        "SEQ_NUM": 1,
        "BLOCK": "C",
        "FLOOR": "G",
        "FLAT": "3",
        "HOUSE_NUM_PREFIX": NaN,
        "STREET_NAME_ENG": NaN,
        "STREET_NAME_CHN": NaN,
        "AREA_DESC_ENG": NaN,
        "AREA_DESC_CHN": NaN,
        "FREE_FORMAT_ADDR_ENG": "FLAT 3 ON G/F OF BLOCK C CASTLE PEAK VILLAS NO.19 LOK CHUI STREET TUEN MUN NEW TERRITORIES",
        "FREE_FORMAT_ADDR_CHN": NaN,
        "DEV_NAME_ENG": "CASTLE PEAK VILLAS",
        "DEV_NAME_CHN": "青山別墅",
        "FIRST_REFERENCE_LOT_PRN": "C5218326"
    },
    {
        "PRN": "B0776998",
        "SEQ_NUM": 1,
        "BLOCK": "D",
        "FLOOR": "1",
        "FLAT": "1",
        "HOUSE_NUM_PREFIX": NaN,
        "STREET_NAME_ENG": NaN,
        "STREET_NAME_CHN": NaN,
        "AREA_DESC_ENG": NaN,
        "AREA_DESC_CHN": NaN,
        "FREE_FORMAT_ADDR_ENG": "FLAT 1 ON 1/F OF BLOCK D CASTLE PEAK VILLAS NO.19 LOK CHUI STREET TUEN MUN NEW TERRITORIES",
        "FREE_FORMAT_ADDR_CHN": NaN,
        "DEV_NAME_ENG": "CASTLE PEAK VILLAS",
        "DEV_NAME_CHN": "青山別墅",
        "FIRST_REFERENCE_LOT_PRN": "C5218326"
    },
    {
        "PRN": "B0777000",
        "SEQ_NUM": 1,
        "BLOCK": "D",
        "FLOOR": "2",
        "FLAT": "1",
        "HOUSE_NUM_PREFIX": NaN,
        "STREET_NAME_ENG": NaN,
        "STREET_NAME_CHN": NaN,
        "AREA_DESC_ENG": NaN,
        "AREA_DESC_CHN": NaN,
        "FREE_FORMAT_ADDR_ENG": "FLAT 1 ON 2/F OF BLOCK D CASTLE PEAK VILLAS NO.19 LOK CHUI STREET TUEN MUN NEW TERRITORIES",
        "FREE_FORMAT_ADDR_CHN": NaN,
        "DEV_NAME_ENG": "CASTLE PEAK VILLAS",
        "DEV_NAME_CHN": "青山別墅",
        "FIRST_REFERENCE_LOT_PRN": "C5218326"
    },
    {
        "PRN": "B0777017",
        "SEQ_NUM": 1,
        "BLOCK": "D",
        "FLOOR": "3",
        "FLAT": "1",
        "HOUSE_NUM_PREFIX": NaN,
        "STREET_NAME_ENG": NaN,
        "STREET_NAME_CHN": NaN,
        "AREA_DESC_ENG": NaN,
        "AREA_DESC_CHN": NaN,
        "FREE_FORMAT_ADDR_ENG": "FLAT 1 ON 3/F OF BLOCK D CASTLE PEAK VILLAS NO.19 LOK CHUI STREET TUEN MUN NEW TERRITORIES",
        "FREE_FORMAT_ADDR_CHN": NaN,
        "DEV_NAME_ENG": "CASTLE PEAK VILLAS",
        "DEV_NAME_CHN": "青山別墅",
        "FIRST_REFERENCE_LOT_PRN": "C5218326"
    },
    {
        "PRN": "B0777024",
        "SEQ_NUM": 1,
        "BLOCK": "D",
        "FLOOR": "4",
        "FLAT": "1",
        "HOUSE_NUM_PREFIX": NaN,
        "STREET_NAME_ENG": NaN,
        "STREET_NAME_CHN": NaN,
        "AREA_DESC_ENG": NaN,
        "AREA_DESC_CHN": NaN,
        "FREE_FORMAT_ADDR_ENG": "FLAT 1 ON 4/F OF BLOCK D CASTLE PEAK VILLAS NO.19 LOK CHUI STREET TUEN MUN NEW TERRITORIES",
        "FREE_FORMAT_ADDR_CHN": NaN,
        "DEV_NAME_ENG": "CASTLE PEAK VILLAS",
        "DEV_NAME_CHN": "青山別墅",
        "FIRST_REFERENCE_LOT_PRN": "C5218326"
    },
    {
        "PRN": "B0777037",
        "SEQ_NUM": 1,
        "BLOCK": "D",
        "FLOOR": "1",
        "FLAT": "2",
        "HOUSE_NUM_PREFIX": NaN,
        "STREET_NAME_ENG": NaN,
        "STREET_NAME_CHN": NaN,
        "AREA_DESC_ENG": NaN,
        "AREA_DESC_CHN": NaN,
        "FREE_FORMAT_ADDR_ENG": "FLAT 2 ON 1/F OF BLOCK D CASTLE PEAK VILLAS NO.19 LOK CHUI STREET TUEN MUN NEW TERRITORIES",
        "FREE_FORMAT_ADDR_CHN": NaN,
        "DEV_NAME_ENG": "CASTLE PEAK VILLAS",
        "DEV_NAME_CHN": "青山別墅",
        "FIRST_REFERENCE_LOT_PRN": "C5218326"
    },
    {
        "PRN": "B0777041",
        "SEQ_NUM": 1,
        "BLOCK": "D",
        "FLOOR": "2",
        "FLAT": "2",
        "HOUSE_NUM_PREFIX": NaN,
        "STREET_NAME_ENG": NaN,
        "STREET_NAME_CHN": NaN,
        "AREA_DESC_ENG": NaN,
        "AREA_DESC_CHN": NaN,
        "FREE_FORMAT_ADDR_ENG": "FLAT 2 ON 2/F OF BLOCK D CASTLE PEAK VILLAS NO.19 LOK CHUI STREET TUEN MUN NEW TERRITORIES",
        "FREE_FORMAT_ADDR_CHN": NaN,
        "DEV_NAME_ENG": "CASTLE PEAK VILLAS",
        "DEV_NAME_CHN": "青山別墅",
        "FIRST_REFERENCE_LOT_PRN": "C5218326"
    },
    {
        "PRN": "B0777052",
        "SEQ_NUM": 1,
        "BLOCK": "D",
        "FLOOR": "4",
        "FLAT": "2",
        "HOUSE_NUM_PREFIX": NaN,
        "STREET_NAME_ENG": NaN,
        "STREET_NAME_CHN": NaN,
        "AREA_DESC_ENG": NaN,
        "AREA_DESC_CHN": NaN,
        "FREE_FORMAT_ADDR_ENG": "FLAT 2 ON 4/F OF BLOCK D CASTLE PEAK VILLAS NO.19 LOK CHUI STREET TUEN MUN NEW TERRITORIES",
        "FREE_FORMAT_ADDR_CHN": NaN,
        "DEV_NAME_ENG": "CASTLE PEAK VILLAS",
        "DEV_NAME_CHN": "青山別墅",
        "FIRST_REFERENCE_LOT_PRN": "C5218326"
    },
    {
        "PRN": "B0777068",
        "SEQ_NUM": 1,
        "BLOCK": "D",
        "FLOOR": "G",
        "FLAT": "3",
        "HOUSE_NUM_PREFIX": NaN,
        "STREET_NAME_ENG": NaN,
        "STREET_NAME_CHN": NaN,
        "AREA_DESC_ENG": NaN,
        "AREA_DESC_CHN": NaN,
        "FREE_FORMAT_ADDR_ENG": "FLAT 3 ON G/F OF BLOCK D CASTLE PEAK VILLAS NO.19 LOK CHUI STREET TUEN MUN NEW TERRITORIES",
        "FREE_FORMAT_ADDR_CHN": NaN,
        "DEV_NAME_ENG": "CASTLE PEAK VILLAS",
        "DEV_NAME_CHN": "青山別墅",
        "FIRST_REFERENCE_LOT_PRN": "C5218326"
    },
    {
        "PRN": "B0777073",
        "SEQ_NUM": 1,
        "BLOCK": "D",
        "FLOOR": "1",
        "FLAT": "3",
        "HOUSE_NUM_PREFIX": NaN,
        "STREET_NAME_ENG": NaN,
        "STREET_NAME_CHN": NaN,
        "AREA_DESC_ENG": NaN,
        "AREA_DESC_CHN": NaN,
        "FREE_FORMAT_ADDR_ENG": "FLAT 3 ON 1/F OF BLOCK D CASTLE PEAK VILLAS NO.19 LOK CHUI STREET TUEN MUN NEW TERRITORIES",
        "FREE_FORMAT_ADDR_CHN": NaN,
        "DEV_NAME_ENG": "CASTLE PEAK VILLAS",
        "DEV_NAME_CHN": "青山別墅",
        "FIRST_REFERENCE_LOT_PRN": "C5218326"
    },
    {
        "PRN": "B0777084",
        "SEQ_NUM": 1,
        "BLOCK": "D",
        "FLOOR": "3",
        "FLAT": "3",
        "HOUSE_NUM_PREFIX": NaN,
        "STREET_NAME_ENG": NaN,
        "STREET_NAME_CHN": NaN,
        "AREA_DESC_ENG": NaN,
        "AREA_DESC_CHN": NaN,
        "FREE_FORMAT_ADDR_ENG": "FLAT 3 ON 3/F OF BLOCK D CASTLE PEAK VILLAS NO.19 LOK CHUI STREET TUEN MUN NEW TERRITORIES",
        "FREE_FORMAT_ADDR_CHN": NaN,
        "DEV_NAME_ENG": "CASTLE PEAK VILLAS",
        "DEV_NAME_CHN": "青山別墅",
        "FIRST_REFERENCE_LOT_PRN": "C5218326"
    },
    {
        "PRN": "B0777093",
        "SEQ_NUM": 1,
        "BLOCK": "D",
        "FLOOR": "4",
        "FLAT": "3",
        "HOUSE_NUM_PREFIX": NaN,
        "STREET_NAME_ENG": NaN,
        "STREET_NAME_CHN": NaN,
        "AREA_DESC_ENG": NaN,
        "AREA_DESC_CHN": NaN,
        "FREE_FORMAT_ADDR_ENG": "FLAT 3 ON 4/F OF BLOCK D CASTLE PEAK VILLAS NO.19 LOK CHUI STREET TUEN MUN NEW TERRITORIES",
        "FREE_FORMAT_ADDR_CHN": NaN,
        "DEV_NAME_ENG": "CASTLE PEAK VILLAS",
        "DEV_NAME_CHN": "青山別墅",
        "FIRST_REFERENCE_LOT_PRN": "C5218326"
    },
    {
        "PRN": "B0777104",
        "SEQ_NUM": 1,
        "BLOCK": "D",
        "FLOOR": "5",
        "FLAT": "3",
        "HOUSE_NUM_PREFIX": NaN,
        "STREET_NAME_ENG": NaN,
        "STREET_NAME_CHN": NaN,
        "AREA_DESC_ENG": NaN,
        "AREA_DESC_CHN": NaN,
        "FREE_FORMAT_ADDR_ENG": "FLAT 3 ON 5/F AND ROOF OF BLOCK D CASTLE PEAK VILLAS NO.19 LOK CHUI STREET TUEN MUN NEW TERRITORIES",
        "FREE_FORMAT_ADDR_CHN": NaN,
        "DEV_NAME_ENG": "CASTLE PEAK VILLAS",
        "DEV_NAME_CHN": "青山別墅",
        "FIRST_REFERENCE_LOT_PRN": "C5218326"
    },
    {
        "PRN": "B0777118",
        "SEQ_NUM": 1,
        "BLOCK": "E",
        "FLOOR": "G",
        "FLAT": "1",
        "HOUSE_NUM_PREFIX": NaN,
        "STREET_NAME_ENG": NaN,
        "STREET_NAME_CHN": NaN,
        "AREA_DESC_ENG": NaN,
        "AREA_DESC_CHN": NaN,
        "FREE_FORMAT_ADDR_ENG": "FLAT 1 ON G/F OF BLOCK E CASTLE PEAK VILLAS NO.19 LOK CHUI STREET TUEN MUN NEW TERRITORIES",
        "FREE_FORMAT_ADDR_CHN": NaN,
        "DEV_NAME_ENG": "CASTLE PEAK VILLAS",
        "DEV_NAME_CHN": "青山別墅",
        "FIRST_REFERENCE_LOT_PRN": "C5218326"
    },
    {
        "PRN": "B0777126",
        "SEQ_NUM": 1,
        "BLOCK": "E",
        "FLOOR": "1",
        "FLAT": "1",
        "HOUSE_NUM_PREFIX": NaN,
        "STREET_NAME_ENG": NaN,
        "STREET_NAME_CHN": NaN,
        "AREA_DESC_ENG": NaN,
        "AREA_DESC_CHN": NaN,
        "FREE_FORMAT_ADDR_ENG": "FLAT 1 ON 1/F OF BLOCK E CASTLE PEAK VILLAS NO.19 LOK CHUI STREET TUEN MUN NEW TERRITORIES",
        "FREE_FORMAT_ADDR_CHN": NaN,
        "DEV_NAME_ENG": "CASTLE PEAK VILLAS",
        "DEV_NAME_CHN": "青山別墅",
        "FIRST_REFERENCE_LOT_PRN": "C5218326"
    },
    {
        "PRN": "B0777134",
        "SEQ_NUM": 1,
        "BLOCK": "E",
        "FLOOR": "3",
        "FLAT": "1",
        "HOUSE_NUM_PREFIX": NaN,
        "STREET_NAME_ENG": NaN,
        "STREET_NAME_CHN": NaN,
        "AREA_DESC_ENG": NaN,
        "AREA_DESC_CHN": NaN,
        "FREE_FORMAT_ADDR_ENG": "FLAT 1 ON 3/F OF BLOCK E CASTLE PEAK VILLAS NO.19 LOK CHUI STREET TUEN MUN NEW TERRITORIES",
        "FREE_FORMAT_ADDR_CHN": NaN,
        "DEV_NAME_ENG": "CASTLE PEAK VILLAS",
        "DEV_NAME_CHN": "青山別墅",
        "FIRST_REFERENCE_LOT_PRN": "C5218326"
    },
    {
        "PRN": "B0777144",
        "SEQ_NUM": 1,
        "BLOCK": "E",
        "FLOOR": "5",
        "FLAT": "1",
        "HOUSE_NUM_PREFIX": NaN,
        "STREET_NAME_ENG": NaN,
        "STREET_NAME_CHN": NaN,
        "AREA_DESC_ENG": NaN,
        "AREA_DESC_CHN": NaN,
        "FREE_FORMAT_ADDR_ENG": "FLAT 1 ON 5/F OF INCLUDING THE ROOF OF BLOCK E CASTLE PEAK VILLAS NO.19 LOK CHUI STREET TUEN MUN NEW TERRITORIES",
        "FREE_FORMAT_ADDR_CHN": NaN,
        "DEV_NAME_ENG": "CASTLE PEAK VILLAS",
        "DEV_NAME_CHN": "青山別墅",
        "FIRST_REFERENCE_LOT_PRN": "C5218326"
    },
    {
        "PRN": "B0777159",
        "SEQ_NUM": 1,
        "BLOCK": "E",
        "FLOOR": "1",
        "FLAT": "2",
        "HOUSE_NUM_PREFIX": NaN,
        "STREET_NAME_ENG": NaN,
        "STREET_NAME_CHN": NaN,
        "AREA_DESC_ENG": NaN,
        "AREA_DESC_CHN": NaN,
        "FREE_FORMAT_ADDR_ENG": "FLAT 2 ON 1/F OF BLOCK E CASTLE PEAK VILLAS NO.19 LOK CHUI STREET TUEN MUN NEW TERRITORIES",
        "FREE_FORMAT_ADDR_CHN": NaN,
        "DEV_NAME_ENG": "CASTLE PEAK VILLAS",
        "DEV_NAME_CHN": "青山別墅",
        "FIRST_REFERENCE_LOT_PRN": "C5218326"
    },
    {
        "PRN": "B0777162",
        "SEQ_NUM": 1,
        "BLOCK": "E",
        "FLOOR": "2",
        "FLAT": "2",
        "HOUSE_NUM_PREFIX": NaN,
        "STREET_NAME_ENG": NaN,
        "STREET_NAME_CHN": NaN,
        "AREA_DESC_ENG": NaN,
        "AREA_DESC_CHN": NaN,
        "FREE_FORMAT_ADDR_ENG": "FLAT 2 ON 2/F OF BLOCK E CASTLE PEAK VILLAS NO.19 LOK CHUI STREET TUEN MUN NEW TERRITORIES",
        "FREE_FORMAT_ADDR_CHN": NaN,
        "DEV_NAME_ENG": "CASTLE PEAK VILLAS",
        "DEV_NAME_CHN": "青山別墅",
        "FIRST_REFERENCE_LOT_PRN": "C5218326"
    },
    {
        "PRN": "B0777174",
        "SEQ_NUM": 1,
        "BLOCK": "E",
        "FLOOR": "3",
        "FLAT": "2",
        "HOUSE_NUM_PREFIX": NaN,
        "STREET_NAME_ENG": NaN,
        "STREET_NAME_CHN": NaN,
        "AREA_DESC_ENG": NaN,
        "AREA_DESC_CHN": NaN,
        "FREE_FORMAT_ADDR_ENG": "FLAT 2 ON 3/F OF BLOCK E CASTLE PEAK VILLAS NO.19 LOK CHUI STREET TUEN MUN NEW TERRITORIES",
        "FREE_FORMAT_ADDR_CHN": NaN,
        "DEV_NAME_ENG": "CASTLE PEAK VILLAS",
        "DEV_NAME_CHN": "青山別墅",
        "FIRST_REFERENCE_LOT_PRN": "C5218326"
    },
    {
        "PRN": "B0777180",
        "SEQ_NUM": 1,
        "BLOCK": "E",
        "FLOOR": "4",
        "FLAT": "2",
        "HOUSE_NUM_PREFIX": NaN,
        "STREET_NAME_ENG": NaN,
        "STREET_NAME_CHN": NaN,
        "AREA_DESC_ENG": NaN,
        "AREA_DESC_CHN": NaN,
        "FREE_FORMAT_ADDR_ENG": "FLAT 2 ON 4/F OF BLOCK E CASTLE PEAK VILLAS NO.19 LOK CHUI STREET TUEN MUN NEW TERRITORIES",
        "FREE_FORMAT_ADDR_CHN": NaN,
        "DEV_NAME_ENG": "CASTLE PEAK VILLAS",
        "DEV_NAME_CHN": "青山別墅",
        "FIRST_REFERENCE_LOT_PRN": "C5218326"
    },
    {
        "PRN": "B0777190",
        "SEQ_NUM": 1,
        "BLOCK": "F",
        "FLOOR": "G",
        "FLAT": "1",
        "HOUSE_NUM_PREFIX": NaN,
        "STREET_NAME_ENG": NaN,
        "STREET_NAME_CHN": NaN,
        "AREA_DESC_ENG": NaN,
        "AREA_DESC_CHN": NaN,
        "FREE_FORMAT_ADDR_ENG": "FLAT 1 ON G/F OF BLOCK F CASTLE PEAK VILLAS NO.19 LOK CHUI STREET TUEN MUN NEW TERRITORIES",
        "FREE_FORMAT_ADDR_CHN": NaN,
        "DEV_NAME_ENG": "CASTLE PEAK VILLAS",
        "DEV_NAME_CHN": "青山別墅",
        "FIRST_REFERENCE_LOT_PRN": "C5218326"
    },
    {
        "PRN": "B0777203",
        "SEQ_NUM": 1,
        "BLOCK": "F",
        "FLOOR": "2",
        "FLAT": "1",
        "HOUSE_NUM_PREFIX": NaN,
        "STREET_NAME_ENG": NaN,
        "STREET_NAME_CHN": NaN,
        "AREA_DESC_ENG": NaN,
        "AREA_DESC_CHN": NaN,
        "FREE_FORMAT_ADDR_ENG": "FLAT 1 ON 2/F OF BLOCK F CASTLE PEAK VILLAS NO.19 LOK CHUI STREET TUEN MUN NEW TERRITORIES",
        "FREE_FORMAT_ADDR_CHN": NaN,
        "DEV_NAME_ENG": "CASTLE PEAK VILLAS",
        "DEV_NAME_CHN": "青山別墅",
        "FIRST_REFERENCE_LOT_PRN": "C5218326"
    },
    {
        "PRN": "B0777216",
        "SEQ_NUM": 1,
        "BLOCK": "F",
        "FLOOR": "4",
        "FLAT": "1",
        "HOUSE_NUM_PREFIX": NaN,
        "STREET_NAME_ENG": NaN,
        "STREET_NAME_CHN": NaN,
        "AREA_DESC_ENG": NaN,
        "AREA_DESC_CHN": NaN,
        "FREE_FORMAT_ADDR_ENG": "FLAT 1 ON 4/F OF BLOCK F CASTLE PEAK VILLAS NO.19 LOK CHUI STREET TUEN MUN NEW TERRITORIES",
        "FREE_FORMAT_ADDR_CHN": NaN,
        "DEV_NAME_ENG": "CASTLE PEAK VILLAS",
        "DEV_NAME_CHN": "青山別墅",
        "FIRST_REFERENCE_LOT_PRN": "C5218326"
    },
    {
        "PRN": "B0777222",
        "SEQ_NUM": 1,
        "BLOCK": "F",
        "FLOOR": "G",
        "FLAT": "2",
        "HOUSE_NUM_PREFIX": NaN,
        "STREET_NAME_ENG": NaN,
        "STREET_NAME_CHN": NaN,
        "AREA_DESC_ENG": NaN,
        "AREA_DESC_CHN": NaN,
        "FREE_FORMAT_ADDR_ENG": "FLAT 2 ON G/F OF BLOCK F CASTLE PEAK VILLAS NO.19 LOK CHUI STREET TUEN MUN NEW TERRITORIES",
        "FREE_FORMAT_ADDR_CHN": NaN,
        "DEV_NAME_ENG": "CASTLE PEAK VILLAS",
        "DEV_NAME_CHN": "青山別墅",
        "FIRST_REFERENCE_LOT_PRN": "C5218326"
    },
    {
        "PRN": "B0777239",
        "SEQ_NUM": 1,
        "BLOCK": "F",
        "FLOOR": "5",
        "FLAT": "2",
        "HOUSE_NUM_PREFIX": NaN,
        "STREET_NAME_ENG": NaN,
        "STREET_NAME_CHN": NaN,
        "AREA_DESC_ENG": NaN,
        "AREA_DESC_CHN": NaN,
        "FREE_FORMAT_ADDR_ENG": "FLAT 2 ON 5/F AND ROOF OF BLOCK F CASTLE PEAK VILLAS NO.19 LOK CHUI STREET TUEN MUN NEW TERRITORIES",
        "FREE_FORMAT_ADDR_CHN": NaN,
        "DEV_NAME_ENG": "CASTLE PEAK VILLAS",
        "DEV_NAME_CHN": "青山別墅",
        "FIRST_REFERENCE_LOT_PRN": "C5218326"
    },
    {
        "PRN": "B0777240",
        "SEQ_NUM": 1,
        "BLOCK": "F",
        "FLOOR": "1",
        "FLAT": "3",
        "HOUSE_NUM_PREFIX": NaN,
        "STREET_NAME_ENG": NaN,
        "STREET_NAME_CHN": NaN,
        "AREA_DESC_ENG": NaN,
        "AREA_DESC_CHN": NaN,
        "FREE_FORMAT_ADDR_ENG": "FLAT 3 ON 1/F OF BLOCK F CASTLE PEAK VILLAS NO.19 LOK CHUI STREET TUEN MUN NEW TERRITORIES",
        "FREE_FORMAT_ADDR_CHN": NaN,
        "DEV_NAME_ENG": "CASTLE PEAK VILLAS",
        "DEV_NAME_CHN": "青山別墅",
        "FIRST_REFERENCE_LOT_PRN": "C5218326"
    },
    {
        "PRN": "B0777251",
        "SEQ_NUM": 1,
        "BLOCK": "F",
        "FLOOR": "2",
        "FLAT": "3",
        "HOUSE_NUM_PREFIX": NaN,
        "STREET_NAME_ENG": NaN,
        "STREET_NAME_CHN": NaN,
        "AREA_DESC_ENG": NaN,
        "AREA_DESC_CHN": NaN,
        "FREE_FORMAT_ADDR_ENG": "FLAT 3 ON 2/F OF BLOCK F CASTLE PEAK VILLAS NO.19 LOK CHUI STREET TUEN MUN NEW TERRITORIES",
        "FREE_FORMAT_ADDR_CHN": NaN,
        "DEV_NAME_ENG": "CASTLE PEAK VILLAS",
        "DEV_NAME_CHN": "青山別墅",
        "FIRST_REFERENCE_LOT_PRN": "C5218326"
    },
    {
        "PRN": "B0777265",
        "SEQ_NUM": 1,
        "BLOCK": "F",
        "FLOOR": "3",
        "FLAT": "3",
        "HOUSE_NUM_PREFIX": NaN,
        "STREET_NAME_ENG": NaN,
        "STREET_NAME_CHN": NaN,
        "AREA_DESC_ENG": NaN,
        "AREA_DESC_CHN": NaN,
        "FREE_FORMAT_ADDR_ENG": "FLAT 3 ON 3/F OF BLOCK F CASTLE PEAK VILLAS NO.19 LOK CHUI STREET TUEN MUN NEW TERRITORIES",
        "FREE_FORMAT_ADDR_CHN": NaN,
        "DEV_NAME_ENG": "CASTLE PEAK VILLAS",
        "DEV_NAME_CHN": "青山別墅",
        "FIRST_REFERENCE_LOT_PRN": "C5218326"
    },
    {
        "PRN": "B0777506",
        "SEQ_NUM": 1,
        "BLOCK": "A",
        "FLOOR": "2",
        "FLAT": "1",
        "HOUSE_NUM_PREFIX": NaN,
        "STREET_NAME_ENG": NaN,
        "STREET_NAME_CHN": NaN,
        "AREA_DESC_ENG": NaN,
        "AREA_DESC_CHN": NaN,
        "FREE_FORMAT_ADDR_ENG": "FLAT 1 ON 2/F OF BLOCK A CASTLE PEAK VILLAS NO.19 LOK CHUI STREET TUEN MUN NEW TERRITORIES",
        "FREE_FORMAT_ADDR_CHN": NaN,
        "DEV_NAME_ENG": "CASTLE PEAK VILLAS",
        "DEV_NAME_CHN": "青山別墅",
        "FIRST_REFERENCE_LOT_PRN": "C5218326"
    },
    {
        "PRN": "B0777516",
        "SEQ_NUM": 1,
        "BLOCK": "F",
        "FLOOR": "2",
        "FLAT": "2",
        "HOUSE_NUM_PREFIX": NaN,
        "STREET_NAME_ENG": NaN,
        "STREET_NAME_CHN": NaN,
        "AREA_DESC_ENG": NaN,
        "AREA_DESC_CHN": NaN,
        "FREE_FORMAT_ADDR_ENG": "FLAT 2 ON 2/F OF BLOCK F CASTLE PEAK VILLAS NO.19 LOK CHUI STREET TUEN MUN NEW TERRITORIES",
        "FREE_FORMAT_ADDR_CHN": NaN,
        "DEV_NAME_ENG": "CASTLE PEAK VILLAS",
        "DEV_NAME_CHN": "青山別墅",
        "FIRST_REFERENCE_LOT_PRN": "C5218326"
    },
    {
        "PRN": "B0777521",
        "SEQ_NUM": 1,
        "BLOCK": "F",
        "FLOOR": "4",
        "FLAT": "2",
        "HOUSE_NUM_PREFIX": NaN,
        "STREET_NAME_ENG": NaN,
        "STREET_NAME_CHN": NaN,
        "AREA_DESC_ENG": NaN,
        "AREA_DESC_CHN": NaN,
        "FREE_FORMAT_ADDR_ENG": "FLAT 2 ON 4/F OF BLOCK F CASTLE PEAK VILLAS NO.19 LOK CHUI STREET TUEN MUN NEW TERRITORIES",
        "FREE_FORMAT_ADDR_CHN": NaN,
        "DEV_NAME_ENG": "CASTLE PEAK VILLAS",
        "DEV_NAME_CHN": "青山別墅",
        "FIRST_REFERENCE_LOT_PRN": "C5218326"
    },
    {
        "PRN": "B0777617",
        "SEQ_NUM": 1,
        "BLOCK": "A",
        "FLOOR": "4",
        "FLAT": "3",
        "HOUSE_NUM_PREFIX": NaN,
        "STREET_NAME_ENG": NaN,
        "STREET_NAME_CHN": NaN,
        "AREA_DESC_ENG": NaN,
        "AREA_DESC_CHN": NaN,
        "FREE_FORMAT_ADDR_ENG": "FLAT 3 ON 4/F OF BLOCK A CASTLE PEAK VILLAS NO.19 LOK CHUI STREET TUEN MUN NEW TERRITORIES",
        "FREE_FORMAT_ADDR_CHN": NaN,
        "DEV_NAME_ENG": "CASTLE PEAK VILLAS",
        "DEV_NAME_CHN": "青山別墅",
        "FIRST_REFERENCE_LOT_PRN": "C5218326"
    },
    {
        "PRN": "B4720732",
        "SEQ_NUM": 1,
        "BLOCK": "B",
        "FLOOR": "3",
        "FLAT": "1",
        "HOUSE_NUM_PREFIX": NaN,
        "STREET_NAME_ENG": NaN,
        "STREET_NAME_CHN": NaN,
        "AREA_DESC_ENG": NaN,
        "AREA_DESC_CHN": NaN,
        "FREE_FORMAT_ADDR_ENG": "FLAT 1 ON 3/F OF BLOCK B CASTLE PEAK VILLAS NO.19 LOK CHUI STREET TUEN MUN NEW TERRITORIES",
        "FREE_FORMAT_ADDR_CHN": NaN,
        "DEV_NAME_ENG": "CASTLE PEAK VILLAS",
        "DEV_NAME_CHN": "青山別墅",
        "FIRST_REFERENCE_LOT_PRN": "C5218326"
    },
    {
        "PRN": "B4720741",
        "SEQ_NUM": 1,
        "BLOCK": "B",
        "FLOOR": "5",
        "FLAT": "2",
        "HOUSE_NUM_PREFIX": NaN,
        "STREET_NAME_ENG": NaN,
        "STREET_NAME_CHN": NaN,
        "AREA_DESC_ENG": NaN,
        "AREA_DESC_CHN": NaN,
        "FREE_FORMAT_ADDR_ENG": "FLAT 2 ON 5/F INCLUDING THE ROOF THEREOF OF BLOCK B CASTLE PEAK VILLAS NO.19 LOK CHUI STREET TUEN MUN N.T.",
        "FREE_FORMAT_ADDR_CHN": NaN,
        "DEV_NAME_ENG": "CASTLE PEAK VILLAS",
        "DEV_NAME_CHN": "青山別墅",
        "FIRST_REFERENCE_LOT_PRN": "C5218326"
    },
    {
        "PRN": "B4720753",
        "SEQ_NUM": 1,
        "BLOCK": "C",
        "FLOOR": "2",
        "FLAT": "3",
        "HOUSE_NUM_PREFIX": NaN,
        "STREET_NAME_ENG": NaN,
        "STREET_NAME_CHN": NaN,
        "AREA_DESC_ENG": NaN,
        "AREA_DESC_CHN": NaN,
        "FREE_FORMAT_ADDR_ENG": "FLAT 3 ON 2/F OF BLOCK C CASTLE PEAK VILLAS NO.19 LOK CHUI STREET TUEN MUN NEW TERRITORIES",
        "FREE_FORMAT_ADDR_CHN": NaN,
        "DEV_NAME_ENG": "CASTLE PEAK VILLAS",
        "DEV_NAME_CHN": "青山別墅",
        "FIRST_REFERENCE_LOT_PRN": "C5218326"
    },
    {
        "PRN": "B4720764",
        "SEQ_NUM": 1,
        "BLOCK": "C",
        "FLOOR": "4",
        "FLAT": "3",
        "HOUSE_NUM_PREFIX": NaN,
        "STREET_NAME_ENG": NaN,
        "STREET_NAME_CHN": NaN,
        "AREA_DESC_ENG": NaN,
        "AREA_DESC_CHN": NaN,
        "FREE_FORMAT_ADDR_ENG": "FLAT 3 ON 4/F OF BLOCK C CASTLE PEAK VILLAS NO.19 LOK CHUI STREET TUEN MUN NEW TERRITORIES",
        "FREE_FORMAT_ADDR_CHN": NaN,
        "DEV_NAME_ENG": "CASTLE PEAK VILLAS",
        "DEV_NAME_CHN": "青山別墅",
        "FIRST_REFERENCE_LOT_PRN": "C5218326"
    },
    {
        "PRN": "B4720918",
        "SEQ_NUM": 1,
        "BLOCK": "A",
        "FLOOR": "4",
        "FLAT": "1",
        "HOUSE_NUM_PREFIX": NaN,
        "STREET_NAME_ENG": NaN,
        "STREET_NAME_CHN": NaN,
        "AREA_DESC_ENG": NaN,
        "AREA_DESC_CHN": NaN,
        "FREE_FORMAT_ADDR_ENG": "FLAT 1 ON 4/F OF BLOCK A CASTLE PEAK VILLAS NO.19 LOK CHUI STREET TUEN MUN NEW TERRITORIES",
        "FREE_FORMAT_ADDR_CHN": NaN,
        "DEV_NAME_ENG": "CASTLE PEAK VILLAS",
        "DEV_NAME_CHN": "青山別墅",
        "FIRST_REFERENCE_LOT_PRN": "C5218326"
    },
    {
        "PRN": "B4720920",
        "SEQ_NUM": 1,
        "BLOCK": "B",
        "FLOOR": "5",
        "FLAT": "1",
        "HOUSE_NUM_PREFIX": NaN,
        "STREET_NAME_ENG": NaN,
        "STREET_NAME_CHN": NaN,
        "AREA_DESC_ENG": NaN,
        "AREA_DESC_CHN": NaN,
        "FREE_FORMAT_ADDR_ENG": "FLAT 1 ON 5/F AND ROOF OF BLOCK B CASTLE PEAK VILLAS NO.19 LOK CHUI STREET TUEN MUN NEW TERRITORIES",
        "FREE_FORMAT_ADDR_CHN": NaN,
        "DEV_NAME_ENG": "CASTLE PEAK VILLAS",
        "DEV_NAME_CHN": "青山別墅",
        "FIRST_REFERENCE_LOT_PRN": "C5218326"
    },
    {
        "PRN": "B4720933",
        "SEQ_NUM": 1,
        "BLOCK": "D",
        "FLOOR": "G",
        "FLAT": "2",
        "HOUSE_NUM_PREFIX": NaN,
        "STREET_NAME_ENG": NaN,
        "STREET_NAME_CHN": NaN,
        "AREA_DESC_ENG": NaN,
        "AREA_DESC_CHN": NaN,
        "FREE_FORMAT_ADDR_ENG": "FLAT 2 ON G/F OF BLOCK D CASTLE PEAK VILLAS NO.19 LOK CHUI STREET TUEN MUN NEW TERRITORIES",
        "FREE_FORMAT_ADDR_CHN": NaN,
        "DEV_NAME_ENG": "CASTLE PEAK VILLAS",
        "DEV_NAME_CHN": "青山別墅",
        "FIRST_REFERENCE_LOT_PRN": "C5218326"
    },
    {
        "PRN": "B4720941",
        "SEQ_NUM": 1,
        "BLOCK": "E",
        "FLOOR": "4",
        "FLAT": "1",
        "HOUSE_NUM_PREFIX": NaN,
        "STREET_NAME_ENG": NaN,
        "STREET_NAME_CHN": NaN,
        "AREA_DESC_ENG": NaN,
        "AREA_DESC_CHN": NaN,
        "FREE_FORMAT_ADDR_ENG": "FLAT 1 ON 4/F OF BLOCK E CASTLE PEAK VILLAS NO.19 LOK CHUI STREET TUEN MUN NEW TERRITORIES",
        "FREE_FORMAT_ADDR_CHN": NaN,
        "DEV_NAME_ENG": "CASTLE PEAK VILLAS",
        "DEV_NAME_CHN": "青山別墅",
        "FIRST_REFERENCE_LOT_PRN": "C5218326"
    },
    {
        "PRN": "B4720950",
        "SEQ_NUM": 1,
        "BLOCK": "F",
        "FLOOR": "G",
        "FLAT": "3",
        "HOUSE_NUM_PREFIX": NaN,
        "STREET_NAME_ENG": NaN,
        "STREET_NAME_CHN": NaN,
        "AREA_DESC_ENG": NaN,
        "AREA_DESC_CHN": NaN,
        "FREE_FORMAT_ADDR_ENG": "FLAT 3 ON G/F OF BLOCK F CASTLE PEAK VILLAS NO.19 LOK CHUI STREET TUEN MUN NEW TERRITORIES",
        "FREE_FORMAT_ADDR_CHN": NaN,
        "DEV_NAME_ENG": "CASTLE PEAK VILLAS",
        "DEV_NAME_CHN": "青山別墅",
        "FIRST_REFERENCE_LOT_PRN": "C5218326"
    },
    {
        "PRN": "B5318576",
        "SEQ_NUM": 1,
        "BLOCK": "A",
        "FLOOR": "3",
        "FLAT": "2",
        "HOUSE_NUM_PREFIX": NaN,
        "STREET_NAME_ENG": NaN,
        "STREET_NAME_CHN": NaN,
        "AREA_DESC_ENG": NaN,
        "AREA_DESC_CHN": NaN,
        "FREE_FORMAT_ADDR_ENG": "FLAT 2 ON 3/F OF BLOCK A CASTLE PEAK VILLAS NO.19 LOK CHUI STREET TUEN MUN NEW TERRITORIES",
        "FREE_FORMAT_ADDR_CHN": NaN,
        "DEV_NAME_ENG": "CASTLE PEAK VILLAS",
        "DEV_NAME_CHN": "青山別墅",
        "FIRST_REFERENCE_LOT_PRN": "C5218326"
    },
    {
        "PRN": "B5318600",
        "SEQ_NUM": 1,
        "BLOCK": "D",
        "FLOOR": "5",
        "FLAT": "2",
        "HOUSE_NUM_PREFIX": NaN,
        "STREET_NAME_ENG": NaN,
        "STREET_NAME_CHN": NaN,
        "AREA_DESC_ENG": NaN,
        "AREA_DESC_CHN": NaN,
        "FREE_FORMAT_ADDR_ENG": "FLAT 2 ON 5/F AND ROOF OF BLOCK D CASTLE PEAK VILLAS NO.19 LOK CHUI STREET TUEN MUN NEW TERRITORIES",
        "FREE_FORMAT_ADDR_CHN": NaN,
        "DEV_NAME_ENG": "CASTLE PEAK VILLAS",
        "DEV_NAME_CHN": "青山別墅",
        "FIRST_REFERENCE_LOT_PRN": "C5218326"
    },
    {
        "PRN": "B5318619",
        "SEQ_NUM": 1,
        "BLOCK": "D",
        "FLOOR": "2",
        "FLAT": "3",
        "HOUSE_NUM_PREFIX": NaN,
        "STREET_NAME_ENG": NaN,
        "STREET_NAME_CHN": NaN,
        "AREA_DESC_ENG": NaN,
        "AREA_DESC_CHN": NaN,
        "FREE_FORMAT_ADDR_ENG": "FLAT 3 ON 2/F OF BLOCK D CASTLE PEAK VILLAS NO.19 LOK CHUI STREET TUEN MUN NEW TERRITORIES",
        "FREE_FORMAT_ADDR_CHN": NaN,
        "DEV_NAME_ENG": "CASTLE PEAK VILLAS",
        "DEV_NAME_CHN": "青山別墅",
        "FIRST_REFERENCE_LOT_PRN": "C5218326"
    },
    {
        "PRN": "B5654187",
        "SEQ_NUM": 1,
        "BLOCK": "D",
        "FLOOR": "3",
        "FLAT": "2",
        "HOUSE_NUM_PREFIX": NaN,
        "STREET_NAME_ENG": NaN,
        "STREET_NAME_CHN": NaN,
        "AREA_DESC_ENG": NaN,
        "AREA_DESC_CHN": NaN,
        "FREE_FORMAT_ADDR_ENG": "FLAT 2 ON 3/F OF BLOCK D CASTLE PEAK VILLAS NO.19 LOK CHUI STREET TUEN MUN NEW TERRITORIES",
        "FREE_FORMAT_ADDR_CHN": NaN,
        "DEV_NAME_ENG": "CASTLE PEAK VILLAS",
        "DEV_NAME_CHN": "青山別墅",
        "FIRST_REFERENCE_LOT_PRN": "C5218326"
    },
    {
        "PRN": "B7406091",
        "SEQ_NUM": 1,
        "BLOCK": "A",
        "FLOOR": "2",
        "FLAT": "2",
        "HOUSE_NUM_PREFIX": NaN,
        "STREET_NAME_ENG": NaN,
        "STREET_NAME_CHN": NaN,
        "AREA_DESC_ENG": NaN,
        "AREA_DESC_CHN": NaN,
        "FREE_FORMAT_ADDR_ENG": "FLAT 2 ON 2/F OF BLOCK A CASTLE PEAK VILLAS NO.19 LOK CHUI STREET TUEN MUN NEW TERRITORIES",
        "FREE_FORMAT_ADDR_CHN": NaN,
        "DEV_NAME_ENG": "CASTLE PEAK VILLAS",
        "DEV_NAME_CHN": "青山別墅",
        "FIRST_REFERENCE_LOT_PRN": "C5218326"
    },
    {
        "PRN": "B7406119",
        "SEQ_NUM": 1,
        "BLOCK": "B",
        "FLOOR": "3",
        "FLAT": "2",
        "HOUSE_NUM_PREFIX": NaN,
        "STREET_NAME_ENG": NaN,
        "STREET_NAME_CHN": NaN,
        "AREA_DESC_ENG": NaN,
        "AREA_DESC_CHN": NaN,
        "FREE_FORMAT_ADDR_ENG": "FLAT 2 ON 3/F OF BLOCK B CASTLE PEAK VILLAS NO.19 LOK CHUI STREET TUEN MUN NEW TERRITORIES",
        "FREE_FORMAT_ADDR_CHN": NaN,
        "DEV_NAME_ENG": "CASTLE PEAK VILLAS",
        "DEV_NAME_CHN": "青山別墅",
        "FIRST_REFERENCE_LOT_PRN": "C5218326"
    },
    {
        "PRN": "B7406122",
        "SEQ_NUM": 1,
        "BLOCK": "C",
        "FLOOR": "1",
        "FLAT": "1",
        "HOUSE_NUM_PREFIX": NaN,
        "STREET_NAME_ENG": NaN,
        "STREET_NAME_CHN": NaN,
        "AREA_DESC_ENG": NaN,
        "AREA_DESC_CHN": NaN,
        "FREE_FORMAT_ADDR_ENG": "FLAT 1 ON 1/F OF BLOCK C CASTLE PEAK VILLAS NO.19 LOK CHUI STREET TUEN MUN NEW TERRITORIES",
        "FREE_FORMAT_ADDR_CHN": "新界屯門 樂翠街19號 青山別墅C座 1樓1室",
        "DEV_NAME_ENG": "CASTLE PEAK VILLAS",
        "DEV_NAME_CHN": "青山別墅",
        "FIRST_REFERENCE_LOT_PRN": "C5218326"
    },
    {
        "PRN": "B7406139",
        "SEQ_NUM": 1,
        "BLOCK": "C",
        "FLOOR": "3",
        "FLAT": "3",
        "HOUSE_NUM_PREFIX": NaN,
        "STREET_NAME_ENG": NaN,
        "STREET_NAME_CHN": NaN,
        "AREA_DESC_ENG": NaN,
        "AREA_DESC_CHN": NaN,
        "FREE_FORMAT_ADDR_ENG": "FLAT 3 ON 3/F OF BLOCK C CASTLE PEAK VILLAS NO.19 LOK CHUI STREET TUEN MUN NEW TERRITORIES",
        "FREE_FORMAT_ADDR_CHN": NaN,
        "DEV_NAME_ENG": "CASTLE PEAK VILLAS",
        "DEV_NAME_CHN": "青山別墅",
        "FIRST_REFERENCE_LOT_PRN": "C5218326"
    },
    {
        "PRN": "B7406145",
        "SEQ_NUM": 1,
        "BLOCK": "C",
        "FLOOR": "5",
        "FLAT": "3",
        "HOUSE_NUM_PREFIX": NaN,
        "STREET_NAME_ENG": NaN,
        "STREET_NAME_CHN": NaN,
        "AREA_DESC_ENG": NaN,
        "AREA_DESC_CHN": NaN,
        "FREE_FORMAT_ADDR_ENG": "FLAT 3 ON 5/F AND ROOF OF BLOCK C CASTLE PEAK VILLAS NO.19 LOK CHUI STREET TUEN MUN NEW TERRITORIES",
        "FREE_FORMAT_ADDR_CHN": NaN,
        "DEV_NAME_ENG": "CASTLE PEAK VILLAS",
        "DEV_NAME_CHN": "青山別墅",
        "FIRST_REFERENCE_LOT_PRN": "C5218326"
    },
    {
        "PRN": "B7406222",
        "SEQ_NUM": 1,
        "BLOCK": "A",
        "FLOOR": "5",
        "FLAT": "3",
        "HOUSE_NUM_PREFIX": NaN,
        "STREET_NAME_ENG": NaN,
        "STREET_NAME_CHN": NaN,
        "AREA_DESC_ENG": NaN,
        "AREA_DESC_CHN": NaN,
        "FREE_FORMAT_ADDR_ENG": "FLAT 3 ON 5/F AND ROOF OF BLOCK A CASTLE PEAK VILLAS NO.19 LOK CHUI STREET TUEN MUN NEW TERRITORIES",
        "FREE_FORMAT_ADDR_CHN": NaN,
        "DEV_NAME_ENG": "CASTLE PEAK VILLAS",
        "DEV_NAME_CHN": "青山別墅",
        "FIRST_REFERENCE_LOT_PRN": "C5218326"
    },
    {
        "PRN": "B7406239",
        "SEQ_NUM": 1,
        "BLOCK": "F",
        "FLOOR": "1",
        "FLAT": "1",
        "HOUSE_NUM_PREFIX": NaN,
        "STREET_NAME_ENG": NaN,
        "STREET_NAME_CHN": NaN,
        "AREA_DESC_ENG": NaN,
        "AREA_DESC_CHN": NaN,
        "FREE_FORMAT_ADDR_ENG": "FLAT 1 ON 1/F OF BLOCK F CASTLE PEAK VILLAS NO.19 LOK CHUI STREET TUEN MUN NEW TERRITORIES",
        "FREE_FORMAT_ADDR_CHN": NaN,
        "DEV_NAME_ENG": "CASTLE PEAK VILLAS",
        "DEV_NAME_CHN": "青山別墅",
        "FIRST_REFERENCE_LOT_PRN": "C5218326"
    },
    {
        "PRN": "B7406247",
        "SEQ_NUM": 1,
        "BLOCK": "F",
        "FLOOR": "3",
        "FLAT": "1",
        "HOUSE_NUM_PREFIX": NaN,
        "STREET_NAME_ENG": NaN,
        "STREET_NAME_CHN": NaN,
        "AREA_DESC_ENG": NaN,
        "AREA_DESC_CHN": NaN,
        "FREE_FORMAT_ADDR_ENG": "FLAT 1 ON 3/F OF BLOCK F CASTLE PEAK VILLAS NO.19 LOK CHUI STREET TUEN MUN NEW TERRITORIES",
        "FREE_FORMAT_ADDR_CHN": NaN,
        "DEV_NAME_ENG": "CASTLE PEAK VILLAS",
        "DEV_NAME_CHN": "青山別墅",
        "FIRST_REFERENCE_LOT_PRN": "C5218326"
    },
    {
        "PRN": "B7406252",
        "SEQ_NUM": 1,
        "BLOCK": "F",
        "FLOOR": "3",
        "FLAT": "2",
        "HOUSE_NUM_PREFIX": NaN,
        "STREET_NAME_ENG": NaN,
        "STREET_NAME_CHN": NaN,
        "AREA_DESC_ENG": NaN,
        "AREA_DESC_CHN": NaN,
        "FREE_FORMAT_ADDR_ENG": "FLAT 2 ON 3/F OF BLOCK F CASTLE PEAK VILLAS NO.19 LOK CHUI STREET TUEN MUN NEW TERRITORIES",
        "FREE_FORMAT_ADDR_CHN": NaN,
        "DEV_NAME_ENG": "CASTLE PEAK VILLAS",
        "DEV_NAME_CHN": "青山別墅",
        "FIRST_REFERENCE_LOT_PRN": "C5218326"
    },
    {
        "PRN": "B7406266",
        "SEQ_NUM": 1,
        "BLOCK": "F",
        "FLOOR": "5",
        "FLAT": "3",
        "HOUSE_NUM_PREFIX": NaN,
        "STREET_NAME_ENG": NaN,
        "STREET_NAME_CHN": NaN,
        "AREA_DESC_ENG": NaN,
        "AREA_DESC_CHN": NaN,
        "FREE_FORMAT_ADDR_ENG": "FLAT 3 ON 5/F AND ROOF OF BLOCK F CASTLE PEAK VILLAS NO.19 LOK CHUI STREET TUEN MUN NEW TERRITORIES",
        "FREE_FORMAT_ADDR_CHN": NaN,
        "DEV_NAME_ENG": "CASTLE PEAK VILLAS",
        "DEV_NAME_CHN": "青山別墅",
        "FIRST_REFERENCE_LOT_PRN": "C5218326"
    },
    {
        "PRN": "B7406280",
        "SEQ_NUM": 1,
        "BLOCK": "E",
        "FLOOR": "5",
        "FLAT": "2",
        "HOUSE_NUM_PREFIX": NaN,
        "STREET_NAME_ENG": NaN,
        "STREET_NAME_CHN": NaN,
        "AREA_DESC_ENG": NaN,
        "AREA_DESC_CHN": NaN,
        "FREE_FORMAT_ADDR_ENG": "FLAT 2 ON 5/F AND ROOF OF BLOCK E CASTLE PEAK VILLAS NO.19 LOK CHUI STREET TUEN MUN NEW TERRITORIES",
        "FREE_FORMAT_ADDR_CHN": NaN,
        "DEV_NAME_ENG": "CASTLE PEAK VILLAS",
        "DEV_NAME_CHN": "青山別墅",
        "FIRST_REFERENCE_LOT_PRN": "C5218326"
    },
    {
        "PRN": "B8004290",
        "SEQ_NUM": 1,
        "BLOCK": "F",
        "FLOOR": "4",
        "FLAT": "3",
        "HOUSE_NUM_PREFIX": NaN,
        "STREET_NAME_ENG": NaN,
        "STREET_NAME_CHN": NaN,
        "AREA_DESC_ENG": NaN,
        "AREA_DESC_CHN": NaN,
        "FREE_FORMAT_ADDR_ENG": "FLAT 3 ON 4/F OF BLOCK F CASTLE PEAK VILLAS NO.19 LOK CHUI STREET TUEN MUN NEW TERRITORIES",
        "FREE_FORMAT_ADDR_CHN": NaN,
        "DEV_NAME_ENG": "CASTLE PEAK VILLAS",
        "DEV_NAME_CHN": "青山別墅",
        "FIRST_REFERENCE_LOT_PRN": "C5218326"
    },
    {
        "PRN": "B8340196",
        "SEQ_NUM": 1,
        "BLOCK": "C",
        "FLOOR": "1",
        "FLAT": "3",
        "HOUSE_NUM_PREFIX": NaN,
        "STREET_NAME_ENG": NaN,
        "STREET_NAME_CHN": NaN,
        "AREA_DESC_ENG": NaN,
        "AREA_DESC_CHN": NaN,
        "FREE_FORMAT_ADDR_ENG": "FLAT 3 ON 1/F OF BLOCK C CASTLE PEAK VILLAS NO.19 LOK CHUI STREET TUEN MUN NEW TERRITORIES",
        "FREE_FORMAT_ADDR_CHN": NaN,
        "DEV_NAME_ENG": "CASTLE PEAK VILLAS",
        "DEV_NAME_CHN": "青山別墅",
        "FIRST_REFERENCE_LOT_PRN": "C5218326"
    },
    {
        "PRN": "B8676410",
        "SEQ_NUM": 1,
        "BLOCK": "D",
        "FLOOR": "G",
        "FLAT": "1",
        "HOUSE_NUM_PREFIX": NaN,
        "STREET_NAME_ENG": NaN,
        "STREET_NAME_CHN": NaN,
        "AREA_DESC_ENG": NaN,
        "AREA_DESC_CHN": NaN,
        "FREE_FORMAT_ADDR_ENG": "FLAT 1 ON G/F OF BLOCK D CASTLE PEAK VILLAS NO.19 LOK CHUI STREET TUEN MUN NEW TERRITORIES",
        "FREE_FORMAT_ADDR_CHN": NaN,
        "DEV_NAME_ENG": "CASTLE PEAK VILLAS",
        "DEV_NAME_CHN": "青山別墅",
        "FIRST_REFERENCE_LOT_PRN": "C5218326"
    },
    {
        "PRN": "C0088242",
        "SEQ_NUM": 1,
        "BLOCK": "B",
        "FLOOR": "4",
        "FLAT": "2",
        "HOUSE_NUM_PREFIX": NaN,
        "STREET_NAME_ENG": NaN,
        "STREET_NAME_CHN": NaN,
        "AREA_DESC_ENG": NaN,
        "AREA_DESC_CHN": NaN,
        "FREE_FORMAT_ADDR_ENG": "FLAT 2 ON 4/F OF BLOCK B CASTLE PEAK VILLAS NO.19 LOK CHUI STREET TUEN MUN NEW TERRITORIES",
        "FREE_FORMAT_ADDR_CHN": NaN,
        "DEV_NAME_ENG": "CASTLE PEAK VILLAS",
        "DEV_NAME_CHN": "青山別墅",
        "FIRST_REFERENCE_LOT_PRN": "C5218326"
    },
    {
        "PRN": "C0088257",
        "SEQ_NUM": 1,
        "BLOCK": "B",
        "FLOOR": "G",
        "FLAT": "3",
        "HOUSE_NUM_PREFIX": NaN,
        "STREET_NAME_ENG": NaN,
        "STREET_NAME_CHN": NaN,
        "AREA_DESC_ENG": NaN,
        "AREA_DESC_CHN": NaN,
        "FREE_FORMAT_ADDR_ENG": "FLAT 3 ON G/F OF BLOCK B CASTLE PEAK VILLAS NO.19 LOK CHUI STREET TUEN MUN NEW TERRITORIES",
        "FREE_FORMAT_ADDR_CHN": NaN,
        "DEV_NAME_ENG": "CASTLE PEAK VILLAS",
        "DEV_NAME_CHN": "青山別墅",
        "FIRST_REFERENCE_LOT_PRN": "C5218326"
    },
    {
        "PRN": "C0088261",
        "SEQ_NUM": 1,
        "BLOCK": "C",
        "FLOOR": "5",
        "FLAT": "1",
        "HOUSE_NUM_PREFIX": NaN,
        "STREET_NAME_ENG": NaN,
        "STREET_NAME_CHN": NaN,
        "AREA_DESC_ENG": NaN,
        "AREA_DESC_CHN": NaN,
        "FREE_FORMAT_ADDR_ENG": "FLAT 1 ON 5/F AND ROOF OF BLOCK C CASTLE PEAK VILLAS NO.19 LOK CHUI STREET TUEN MUN NEW TERRITORIES",
        "FREE_FORMAT_ADDR_CHN": NaN,
        "DEV_NAME_ENG": "CASTLE PEAK VILLAS",
        "DEV_NAME_CHN": "青山別墅",
        "FIRST_REFERENCE_LOT_PRN": "C5218326"
    },
    {
        "PRN": "C0088276",
        "SEQ_NUM": 1,
        "BLOCK": "C",
        "FLOOR": "2",
        "FLAT": "2",
        "HOUSE_NUM_PREFIX": NaN,
        "STREET_NAME_ENG": NaN,
        "STREET_NAME_CHN": NaN,
        "AREA_DESC_ENG": NaN,
        "AREA_DESC_CHN": NaN,
        "FREE_FORMAT_ADDR_ENG": "FLAT 2 ON 2/F OF BLOCK C CASTLE PEAK VILLAS NO.19 LOK CHUI STREET TUEN MUN NEW TERRITORIES",
        "FREE_FORMAT_ADDR_CHN": NaN,
        "DEV_NAME_ENG": "CASTLE PEAK VILLAS",
        "DEV_NAME_CHN": "青山別墅",
        "FIRST_REFERENCE_LOT_PRN": "C5218326"
    },
    {
        "PRN": "C0088282",
        "SEQ_NUM": 1,
        "BLOCK": "C",
        "FLOOR": "5",
        "FLAT": "2",
        "HOUSE_NUM_PREFIX": NaN,
        "STREET_NAME_ENG": NaN,
        "STREET_NAME_CHN": NaN,
        "AREA_DESC_ENG": NaN,
        "AREA_DESC_CHN": NaN,
        "FREE_FORMAT_ADDR_ENG": "FLAT 2 ON 5/F AND ROOF OF BLOCK C CASTLE PEAK VILLAS NO.19 LOK CHUI STREET TUEN MUN NEW TERRITORIES",
        "FREE_FORMAT_ADDR_CHN": NaN,
        "DEV_NAME_ENG": "CASTLE PEAK VILLAS",
        "DEV_NAME_CHN": "青山別墅",
        "FIRST_REFERENCE_LOT_PRN": "C5218326"
    },
    {
        "PRN": "C0088457",
        "SEQ_NUM": 1,
        "BLOCK": "A",
        "FLOOR": "3",
        "FLAT": "1",
        "HOUSE_NUM_PREFIX": NaN,
        "STREET_NAME_ENG": NaN,
        "STREET_NAME_CHN": NaN,
        "AREA_DESC_ENG": NaN,
        "AREA_DESC_CHN": NaN,
        "FREE_FORMAT_ADDR_ENG": "FLAT 1 ON 3/F OF BLOCK A CASTLE PEAK VILLAS NO.19 LOK CHUI STREET TUEN MUN NEW TERRITORIES",
        "FREE_FORMAT_ADDR_CHN": NaN,
        "DEV_NAME_ENG": "CASTLE PEAK VILLAS",
        "DEV_NAME_CHN": "青山別墅",
        "FIRST_REFERENCE_LOT_PRN": "C5218326"
    },
    {
        "PRN": "C0088462",
        "SEQ_NUM": 1,
        "BLOCK": "E",
        "FLOOR": "G",
        "FLAT": "2",
        "HOUSE_NUM_PREFIX": NaN,
        "STREET_NAME_ENG": NaN,
        "STREET_NAME_CHN": NaN,
        "AREA_DESC_ENG": NaN,
        "AREA_DESC_CHN": NaN,
        "FREE_FORMAT_ADDR_ENG": "FLAT 2 ON G/F OF BLOCK E CASTLE PEAK VILLAS NO.19 LOK CHUI STREET TUEN MUN NEW TERRITORIES",
        "FREE_FORMAT_ADDR_CHN": NaN,
        "DEV_NAME_ENG": "CASTLE PEAK VILLAS",
        "DEV_NAME_CHN": "青山別墅",
        "FIRST_REFERENCE_LOT_PRN": "C5218326"
    },
    {
        "PRN": "C0088472",
        "SEQ_NUM": 1,
        "BLOCK": "F",
        "FLOOR": "1",
        "FLAT": "2",
        "HOUSE_NUM_PREFIX": NaN,
        "STREET_NAME_ENG": NaN,
        "STREET_NAME_CHN": NaN,
        "AREA_DESC_ENG": NaN,
        "AREA_DESC_CHN": NaN,
        "FREE_FORMAT_ADDR_ENG": "FLAT 2 ON 1/F OF BLOCK F CASTLE PEAK VILLAS NO.19 LOK CHUI STREET TUEN MUN NEW TERRITORIES",
        "FREE_FORMAT_ADDR_CHN": NaN,
        "DEV_NAME_ENG": "CASTLE PEAK VILLAS",
        "DEV_NAME_CHN": "青山別墅",
        "FIRST_REFERENCE_LOT_PRN": "C5218326"
    },
    {
        "PRN": "C0088488",
        "SEQ_NUM": 1,
        "BLOCK": "F",
        "FLOOR": "5",
        "FLAT": "1",
        "HOUSE_NUM_PREFIX": NaN,
        "STREET_NAME_ENG": NaN,
        "STREET_NAME_CHN": NaN,
        "AREA_DESC_ENG": NaN,
        "AREA_DESC_CHN": NaN,
        "FREE_FORMAT_ADDR_ENG": "FLAT 1 ON 5/F AND ROOF OF BLOCK F CASTLE PEAK VILLAS NO.19 LOK CHUI STREET TUEN MUN NEW TERRITORIES",
        "FREE_FORMAT_ADDR_CHN": NaN,
        "DEV_NAME_ENG": "CASTLE PEAK VILLAS",
        "DEV_NAME_CHN": "青山別墅",
        "FIRST_REFERENCE_LOT_PRN": "C5218326"
    },
    {
        "PRN": "C1352211",
        "SEQ_NUM": 1,
        "BLOCK": "C",
        "FLOOR": "4",
        "FLAT": "2",
        "HOUSE_NUM_PREFIX": NaN,
        "STREET_NAME_ENG": NaN,
        "STREET_NAME_CHN": NaN,
        "AREA_DESC_ENG": NaN,
        "AREA_DESC_CHN": NaN,
        "FREE_FORMAT_ADDR_ENG": "FLAT 2 ON 4/F OF BLOCK C CASTLE PEAK VILLAS NO.19 LOK CHUI STREET TUEN MUN NEW TERRITORIES",
        "FREE_FORMAT_ADDR_CHN": NaN,
        "DEV_NAME_ENG": "CASTLE PEAK VILLAS",
        "DEV_NAME_CHN": "青山別墅",
        "FIRST_REFERENCE_LOT_PRN": "C5218326"
    },
    {
        "PRN": "C1352256",
        "SEQ_NUM": 1,
        "BLOCK": "E",
        "FLOOR": "2",
        "FLAT": "1",
        "HOUSE_NUM_PREFIX": NaN,
        "STREET_NAME_ENG": NaN,
        "STREET_NAME_CHN": NaN,
        "AREA_DESC_ENG": NaN,
        "AREA_DESC_CHN": NaN,
        "FREE_FORMAT_ADDR_ENG": "FLAT 1 ON 2/F OF BLOCK E CASTLE PEAK VILLAS NO.19 LOK CHUI STREET TUEN MUN NEW TERRITORIES",
        "FREE_FORMAT_ADDR_CHN": NaN,
        "DEV_NAME_ENG": "CASTLE PEAK VILLAS",
        "DEV_NAME_CHN": "青山別墅",
        "FIRST_REFERENCE_LOT_PRN": "C5218326"
    }
]