[
    {
        "PRN": "A2827058",
        "SEQ_NUM": 1,
        "BLOCK": "1",
        "FLOOR": "10",
        "FLAT": "A",
        "HOUSE_NUM_PREFIX": 1.0,
        "STREET_NAME_ENG": "TREGUNTER PATH",
        "STREET_NAME_CHN": "地利根德里",
        "AREA_DESC_ENG": "HONG KONG",
        "AREA_DESC_CHN": "香港",
        "FREE_FORMAT_ADDR_ENG": "UNIT A ON 10TH FLOOR OF CENTURY TOWER I CENTURY TOWER NOS.1 AND 1A TREGUNTER PATH HONG KONG",
        "FREE_FORMAT_ADDR_CHN": NaN,
        "DEV_NAME_ENG": "CENTURY TOWER",
        "DEV_NAME_CHN": "世紀大廈",
        "FIRST_REFERENCE_LOT_PRN": "C4366966"
    },
    {
        "PRN": "A2827066",
        "SEQ_NUM": 1,
        "BLOCK": "1",
        "FLOOR": "11",
        "FLAT": "A",
        "HOUSE_NUM_PREFIX": 1.0,
        "STREET_NAME_ENG": "TREGUNTER PATH",
        "STREET_NAME_CHN": "地利根德里",
        "AREA_DESC_ENG": "HONG KONG",
        "AREA_DESC_CHN": "香港",
        "FREE_FORMAT_ADDR_ENG": "UNIT A ON 11TH FLOOR OF CENTURY TOWER I CENTURY TOWER NOS.1 AND 1A TREGUNTER PATH HONG KONG",
        "FREE_FORMAT_ADDR_CHN": NaN,
        "DEV_NAME_ENG": "CENTURY TOWER",
        "DEV_NAME_CHN": "世紀大廈",
        "FIRST_REFERENCE_LOT_PRN": "C4366966"
    },
    {
        "PRN": "A2827071",
        "SEQ_NUM": 1,
        "BLOCK": "1",
        "FLOOR": "14",
        "FLAT": "A",
        "HOUSE_NUM_PREFIX": 1.0,
        "STREET_NAME_ENG": "TREGUNTER PATH",
        "STREET_NAME_CHN": "地利根德里",
        "AREA_DESC_ENG": "HONG KONG",
        "AREA_DESC_CHN": "香港",
        "FREE_FORMAT_ADDR_ENG": "UNIT A ON 14TH FLOOR OF CENTURY TOWER I CENTURY TOWER NOS.1 AND 1A TREGUNTER PATH HONG KONG",
        "FREE_FORMAT_ADDR_CHN": NaN,
        "DEV_NAME_ENG": "CENTURY TOWER",
        "DEV_NAME_CHN": "世紀大廈",
        "FIRST_REFERENCE_LOT_PRN": "C4366966"
    },
    {
        "PRN": "A2827082",
        "SEQ_NUM": 1,
        "BLOCK": "1",
        "FLOOR": "15",
        "FLAT": "A",
        "HOUSE_NUM_PREFIX": 1.0,
        "STREET_NAME_ENG": "TREGUNTER PATH",
        "STREET_NAME_CHN": "地利根德里",
        "AREA_DESC_ENG": "HONG KONG",
        "AREA_DESC_CHN": "香港",
        "FREE_FORMAT_ADDR_ENG": "UNIT A ON 15TH FLOOR OF CENTURY TOWER I CENTURY TOWER NOS.1 AND 1A TREGUNTER PATH HONG KONG",
        "FREE_FORMAT_ADDR_CHN": NaN,
        "DEV_NAME_ENG": "CENTURY TOWER",
        "DEV_NAME_CHN": "世紀大廈",
        "FIRST_REFERENCE_LOT_PRN": "C4366966"
    },
    {
        "PRN": "A2827093",
        "SEQ_NUM": 1,
        "BLOCK": "1",
        "FLOOR": "18",
        "FLAT": "A",
        "HOUSE_NUM_PREFIX": 1.0,
        "STREET_NAME_ENG": "TREGUNTER PATH",
        "STREET_NAME_CHN": "地利根德里",
        "AREA_DESC_ENG": "HONG KONG",
        "AREA_DESC_CHN": "香港",
        "FREE_FORMAT_ADDR_ENG": "UNIT A ON 18TH FLOOR OF CENTURY TOWER I CENTURY TOWER NOS.1 AND 1A TREGUNTER PATH HONG KONG",
        "FREE_FORMAT_ADDR_CHN": NaN,
        "DEV_NAME_ENG": "CENTURY TOWER",
        "DEV_NAME_CHN": "世紀大廈",
        "FIRST_REFERENCE_LOT_PRN": "C4366966"
    },
    {
        "PRN": "A2827101",
        "SEQ_NUM": 1,
        "BLOCK": "1",
        "FLOOR": "19",
        "FLAT": "A",
        "HOUSE_NUM_PREFIX": 1.0,
        "STREET_NAME_ENG": "TREGUNTER PATH",
        "STREET_NAME_CHN": "地利根德里",
        "AREA_DESC_ENG": "HONG KONG",
        "AREA_DESC_CHN": "香港",
        "FREE_FORMAT_ADDR_ENG": "UNIT A ON 19TH FLOOR OF CENTURY TOWER I CENTURY TOWER NOS.1 AND 1A TREGUNTER PATH HONG KONG",
        "FREE_FORMAT_ADDR_CHN": NaN,
        "DEV_NAME_ENG": "CENTURY TOWER",
        "DEV_NAME_CHN": "世紀大廈",
        "FIRST_REFERENCE_LOT_PRN": "C4366966"
    },
    {
        "PRN": "A2827116",
        "SEQ_NUM": 1,
        "BLOCK": "1",
        "FLOOR": "2",
        "FLAT": "A",
        "HOUSE_NUM_PREFIX": 1.0,
        "STREET_NAME_ENG": "TREGUNTER PATH",
        "STREET_NAME_CHN": "地利根德里",
        "AREA_DESC_ENG": "HONG KONG",
        "AREA_DESC_CHN": "香港",
        "FREE_FORMAT_ADDR_ENG": "UNIT A ON 2ND FLOOR OF CENTURY TOWER I CENTURY TOWER NOS.1 AND 1A TREGUNTER PATH HONG KONG",
        "FREE_FORMAT_ADDR_CHN": NaN,
        "DEV_NAME_ENG": "CENTURY TOWER",
        "DEV_NAME_CHN": "世紀大廈",
        "FIRST_REFERENCE_LOT_PRN": "C4366966"
    },
    {
        "PRN": "A2827122",
        "SEQ_NUM": 1,
        "BLOCK": "1",
        "FLOOR": "21",
        "FLAT": "A",
        "HOUSE_NUM_PREFIX": 1.0,
        "STREET_NAME_ENG": "TREGUNTER PATH",
        "STREET_NAME_CHN": "地利根德里",
        "AREA_DESC_ENG": "HONG KONG",
        "AREA_DESC_CHN": "香港",
        "FREE_FORMAT_ADDR_ENG": "UNIT A ON 21ST FLOOR OF CENTURY TOWER I CENTURY TOWER NOS.1 AND 1A TREGUNTER PATH HONG KONG",
        "FREE_FORMAT_ADDR_CHN": NaN,
        "DEV_NAME_ENG": "CENTURY TOWER",
        "DEV_NAME_CHN": "世紀大廈",
        "FIRST_REFERENCE_LOT_PRN": "C4366966"
    },
    {
        "PRN": "A2827134",
        "SEQ_NUM": 1,
        "BLOCK": "1",
        "FLOOR": "23",
        "FLAT": "A",
        "HOUSE_NUM_PREFIX": 1.0,
        "STREET_NAME_ENG": "TREGUNTER PATH",
        "STREET_NAME_CHN": "地利根德里",
        "AREA_DESC_ENG": "HONG KONG",
        "AREA_DESC_CHN": "香港",
        "FREE_FORMAT_ADDR_ENG": "UNIT A ON 23RD FLOOR OF CENTURY TOWER I CENTURY TOWER NOS.1 AND 1A TREGUNTER PATH HONG KONG",
        "FREE_FORMAT_ADDR_CHN": NaN,
        "DEV_NAME_ENG": "CENTURY TOWER",
        "DEV_NAME_CHN": "世紀大廈",
        "FIRST_REFERENCE_LOT_PRN": "C4366966"
    },
    {
        "PRN": "A2827144",
        "SEQ_NUM": 1,
        "BLOCK": "1",
        "FLOOR": "28",
        "FLAT": "A",
        "HOUSE_NUM_PREFIX": 1.0,
        "STREET_NAME_ENG": "TREGUNTER PATH",
        "STREET_NAME_CHN": "地利根德里",
        "AREA_DESC_ENG": "HONG KONG",
        "AREA_DESC_CHN": "香港",
        "FREE_FORMAT_ADDR_ENG": "UNIT A ON 28TH FLOOR OF CENTURY TOWER I CENTURY TOWER NOS.1 AND 1A TREGUNTER PATH HONG KONG",
        "FREE_FORMAT_ADDR_CHN": NaN,
        "DEV_NAME_ENG": "CENTURY TOWER",
        "DEV_NAME_CHN": "世紀大廈",
        "FIRST_REFERENCE_LOT_PRN": "C4366966"
    },
    {
        "PRN": "A2827151",
        "SEQ_NUM": 1,
        "BLOCK": "1",
        "FLOOR": "29",
        "FLAT": "A",
        "HOUSE_NUM_PREFIX": 1.0,
        "STREET_NAME_ENG": "TREGUNTER PATH",
        "STREET_NAME_CHN": "地利根德里",
        "AREA_DESC_ENG": "HONG KONG",
        "AREA_DESC_CHN": "香港",
        "FREE_FORMAT_ADDR_ENG": "UNIT A ON 29TH FLOOR OF CENTURY TOWER I CENTURY TOWER NOS.1 AND 1A TREGUNTER PATH HONG KONG",
        "FREE_FORMAT_ADDR_CHN": NaN,
        "DEV_NAME_ENG": "CENTURY TOWER",
        "DEV_NAME_CHN": "世紀大廈",
        "FIRST_REFERENCE_LOT_PRN": "C4366966"
    },
    {
        "PRN": "A2827161",
        "SEQ_NUM": 1,
        "BLOCK": "1",
        "FLOOR": "30",
        "FLAT": "A",
        "HOUSE_NUM_PREFIX": 1.0,
        "STREET_NAME_ENG": "TREGUNTER PATH",
        "STREET_NAME_CHN": "地利根德里",
        "AREA_DESC_ENG": "HONG KONG",
        "AREA_DESC_CHN": "香港",
        "FREE_FORMAT_ADDR_ENG": "UNIT A ON 30TH FLOOR OF CENTURY TOWER I CENTURY TOWER NOS.1 AND 1A TREGUNTER PATH HONG KONG",
        "FREE_FORMAT_ADDR_CHN": NaN,
        "DEV_NAME_ENG": "CENTURY TOWER",
        "DEV_NAME_CHN": "世紀大廈",
        "FIRST_REFERENCE_LOT_PRN": "C4366966"
    },
    {
        "PRN": "A2827176",
        "SEQ_NUM": 1,
        "BLOCK": "1",
        "FLOOR": "31",
        "FLAT": "A",
        "HOUSE_NUM_PREFIX": 1.0,
        "STREET_NAME_ENG": "TREGUNTER PATH",
        "STREET_NAME_CHN": "地利根德里",
        "AREA_DESC_ENG": "HONG KONG",
        "AREA_DESC_CHN": "香港",
        "FREE_FORMAT_ADDR_ENG": "UNIT A ON 31ST AND 32ND FLOOR (PENTHOUSE) OF CENTURY TOWER I CENTURY TOWER NOS.1 & 1A TREGUNTER PATH HONG KONG",
        "FREE_FORMAT_ADDR_CHN": NaN,
        "DEV_NAME_ENG": "CENTURY TOWER",
        "DEV_NAME_CHN": "世紀大廈",
        "FIRST_REFERENCE_LOT_PRN": "C4366966"
    },
    {
        "PRN": "A2827181",
        "SEQ_NUM": 1,
        "BLOCK": "1",
        "FLOOR": "5",
        "FLAT": "A",
        "HOUSE_NUM_PREFIX": 1.0,
        "STREET_NAME_ENG": "TREGUNTER PATH",
        "STREET_NAME_CHN": "地利根德里",
        "AREA_DESC_ENG": "HONG KONG",
        "AREA_DESC_CHN": "香港",
        "FREE_FORMAT_ADDR_ENG": "UNIT A ON 5TH FLOOR OF CENTURY TOWER I CENTURY TOWER NOS.1 AND 1A TREGUNTER PATH HONG KONG",
        "FREE_FORMAT_ADDR_CHN": NaN,
        "DEV_NAME_ENG": "CENTURY TOWER",
        "DEV_NAME_CHN": "世紀大廈",
        "FIRST_REFERENCE_LOT_PRN": "C4366966"
    },
    {
        "PRN": "A2827197",
        "SEQ_NUM": 1,
        "BLOCK": "1",
        "FLOOR": "7",
        "FLAT": "A",
        "HOUSE_NUM_PREFIX": 1.0,
        "STREET_NAME_ENG": "TREGUNTER PATH",
        "STREET_NAME_CHN": "地利根德里",
        "AREA_DESC_ENG": "HONG KONG",
        "AREA_DESC_CHN": "香港",
        "FREE_FORMAT_ADDR_ENG": "UNIT A ON 7TH FLOOR OF CENTURY TOWER I CENTURY TOWER NOS.1 AND 1A TREGUNTER PATH HONG KONG",
        "FREE_FORMAT_ADDR_CHN": NaN,
        "DEV_NAME_ENG": "CENTURY TOWER",
        "DEV_NAME_CHN": "世紀大廈",
        "FIRST_REFERENCE_LOT_PRN": "C4366966"
    },
    {
        "PRN": "A2827209",
        "SEQ_NUM": 1,
        "BLOCK": "1",
        "FLOOR": "9",
        "FLAT": "A",
        "HOUSE_NUM_PREFIX": 1.0,
        "STREET_NAME_ENG": "TREGUNTER PATH",
        "STREET_NAME_CHN": "地利根德里",
        "AREA_DESC_ENG": "HONG KONG",
        "AREA_DESC_CHN": "香港",
        "FREE_FORMAT_ADDR_ENG": "UNIT A ON 9TH FLOOR OF CENTURY TOWER I CENTURY TOWER NOS.1 AND 1A TREGUNTER PATH HONG KONG",
        "FREE_FORMAT_ADDR_CHN": NaN,
        "DEV_NAME_ENG": "CENTURY TOWER",
        "DEV_NAME_CHN": "世紀大廈",
        "FIRST_REFERENCE_LOT_PRN": "C4366966"
    },
    {
        "PRN": "A2827214",
        "SEQ_NUM": 1,
        "BLOCK": "1",
        "FLOOR": "10",
        "FLAT": "B",
        "HOUSE_NUM_PREFIX": 1.0,
        "STREET_NAME_ENG": "TREGUNTER PATH",
        "STREET_NAME_CHN": "地利根德里",
        "AREA_DESC_ENG": "HONG KONG",
        "AREA_DESC_CHN": "香港",
        "FREE_FORMAT_ADDR_ENG": "UNIT B ON 10TH FLOOR OF CENTURY TOWER I CENTURY TOWER NOS.1 AND 1A TREGUNTER PATH HONG KONG",
        "FREE_FORMAT_ADDR_CHN": NaN,
        "DEV_NAME_ENG": "CENTURY TOWER",
        "DEV_NAME_CHN": "世紀大廈",
        "FIRST_REFERENCE_LOT_PRN": "C4366966"
    },
    {
        "PRN": "A2827225",
        "SEQ_NUM": 1,
        "BLOCK": "1",
        "FLOOR": "11",
        "FLAT": "B",
        "HOUSE_NUM_PREFIX": 1.0,
        "STREET_NAME_ENG": "TREGUNTER PATH",
        "STREET_NAME_CHN": "地利根德里",
        "AREA_DESC_ENG": "HONG KONG",
        "AREA_DESC_CHN": "香港",
        "FREE_FORMAT_ADDR_ENG": "UNIT B ON 11TH FLOOR OF CENTURY TOWER I CENTURY TOWER NOS.1 AND 1A TREGUNTER PATH HONG KONG",
        "FREE_FORMAT_ADDR_CHN": NaN,
        "DEV_NAME_ENG": "CENTURY TOWER",
        "DEV_NAME_CHN": "世紀大廈",
        "FIRST_REFERENCE_LOT_PRN": "C4366966"
    },
    {
        "PRN": "A2827236",
        "SEQ_NUM": 1,
        "BLOCK": "1",
        "FLOOR": "12",
        "FLAT": "B",
        "HOUSE_NUM_PREFIX": 1.0,
        "STREET_NAME_ENG": "TREGUNTER PATH",
        "STREET_NAME_CHN": "地利根德里",
        "AREA_DESC_ENG": "HONG KONG",
        "AREA_DESC_CHN": "香港",
        "FREE_FORMAT_ADDR_ENG": "UNIT B ON 12TH FLOOR OF CENTURY TOWER I CENTURY TOWER NOS.1 AND 1A TREGUNTER PATH HONG KONG",
        "FREE_FORMAT_ADDR_CHN": NaN,
        "DEV_NAME_ENG": "CENTURY TOWER",
        "DEV_NAME_CHN": "世紀大廈",
        "FIRST_REFERENCE_LOT_PRN": "C4366966"
    },
    {
        "PRN": "A2827241",
        "SEQ_NUM": 1,
        "BLOCK": "1",
        "FLOOR": "14",
        "FLAT": "B",
        "HOUSE_NUM_PREFIX": 1.0,
        "STREET_NAME_ENG": "TREGUNTER PATH",
        "STREET_NAME_CHN": "地利根德里",
        "AREA_DESC_ENG": "HONG KONG",
        "AREA_DESC_CHN": "香港",
        "FREE_FORMAT_ADDR_ENG": "UNIT B ON 14TH FLOOR OF CENTURY TOWER I CENTURY TOWER NOS.1 AND 1A TREGUNTER PATH HONG KONG",
        "FREE_FORMAT_ADDR_CHN": NaN,
        "DEV_NAME_ENG": "CENTURY TOWER",
        "DEV_NAME_CHN": "世紀大廈",
        "FIRST_REFERENCE_LOT_PRN": "C4366966"
    },
    {
        "PRN": "A2827253",
        "SEQ_NUM": 1,
        "BLOCK": "1",
        "FLOOR": "18",
        "FLAT": "B",
        "HOUSE_NUM_PREFIX": 1.0,
        "STREET_NAME_ENG": "TREGUNTER PATH",
        "STREET_NAME_CHN": "地利根德里",
        "AREA_DESC_ENG": "HONG KONG",
        "AREA_DESC_CHN": "香港",
        "FREE_FORMAT_ADDR_ENG": "UNIT B ON 18TH FLOOR OF CENTURY TOWER I CENTURY TOWER NOS.1 AND 1A TREGUNTER PATH HONG KONG",
        "FREE_FORMAT_ADDR_CHN": NaN,
        "DEV_NAME_ENG": "CENTURY TOWER",
        "DEV_NAME_CHN": "世紀大廈",
        "FIRST_REFERENCE_LOT_PRN": "C4366966"
    },
    {
        "PRN": "A2827266",
        "SEQ_NUM": 1,
        "BLOCK": "1",
        "FLOOR": "19",
        "FLAT": "B",
        "HOUSE_NUM_PREFIX": 1.0,
        "STREET_NAME_ENG": "TREGUNTER PATH",
        "STREET_NAME_CHN": "地利根德里",
        "AREA_DESC_ENG": "HONG KONG",
        "AREA_DESC_CHN": "香港",
        "FREE_FORMAT_ADDR_ENG": "UNIT B ON 19TH FLOOR OF CENTURY TOWER I CENTURY TOWER NOS.1 AND 1A TREGUNTER PATH HONG KONG",
        "FREE_FORMAT_ADDR_CHN": NaN,
        "DEV_NAME_ENG": "CENTURY TOWER",
        "DEV_NAME_CHN": "世紀大廈",
        "FIRST_REFERENCE_LOT_PRN": "C4366966"
    },
    {
        "PRN": "A2827272",
        "SEQ_NUM": 1,
        "BLOCK": "1",
        "FLOOR": "20",
        "FLAT": "B",
        "HOUSE_NUM_PREFIX": 1.0,
        "STREET_NAME_ENG": "TREGUNTER PATH",
        "STREET_NAME_CHN": "地利根德里",
        "AREA_DESC_ENG": "HONG KONG",
        "AREA_DESC_CHN": "香港",
        "FREE_FORMAT_ADDR_ENG": "UNIT B ON 20TH FLOOR OF CENTURY TOWER I CENTURY TOWER NOS.1 AND 1A TREGUNTER PATH HONG KONG",
        "FREE_FORMAT_ADDR_CHN": NaN,
        "DEV_NAME_ENG": "CENTURY TOWER",
        "DEV_NAME_CHN": "世紀大廈",
        "FIRST_REFERENCE_LOT_PRN": "C4366966"
    },
    {
        "PRN": "A2827289",
        "SEQ_NUM": 1,
        "BLOCK": "1",
        "FLOOR": "22",
        "FLAT": "B",
        "HOUSE_NUM_PREFIX": 1.0,
        "STREET_NAME_ENG": "TREGUNTER PATH",
        "STREET_NAME_CHN": "地利根德里",
        "AREA_DESC_ENG": "HONG KONG",
        "AREA_DESC_CHN": "香港",
        "FREE_FORMAT_ADDR_ENG": "UNIT B ON 22ND FLOOR OF CENTURY TOWER I CENTURY TOWER NOS.1 AND 1A TREGUNTER PATH HONG KONG",
        "FREE_FORMAT_ADDR_CHN": NaN,
        "DEV_NAME_ENG": "CENTURY TOWER",
        "DEV_NAME_CHN": "世紀大廈",
        "FIRST_REFERENCE_LOT_PRN": "C4366966"
    },
    {
        "PRN": "A2827299",
        "SEQ_NUM": 1,
        "BLOCK": "1",
        "FLOOR": "23",
        "FLAT": "B",
        "HOUSE_NUM_PREFIX": 1.0,
        "STREET_NAME_ENG": "TREGUNTER PATH",
        "STREET_NAME_CHN": "地利根德里",
        "AREA_DESC_ENG": "HONG KONG",
        "AREA_DESC_CHN": "香港",
        "FREE_FORMAT_ADDR_ENG": "UNIT B ON 23RD FLOOR OF CENTURY TOWER I CENTURY TOWER NOS.1 AND 1A TREGUNTER PATH HONG KONG",
        "FREE_FORMAT_ADDR_CHN": NaN,
        "DEV_NAME_ENG": "CENTURY TOWER",
        "DEV_NAME_CHN": "世紀大廈",
        "FIRST_REFERENCE_LOT_PRN": "C4366966"
    },
    {
        "PRN": "A2827307",
        "SEQ_NUM": 1,
        "BLOCK": "1",
        "FLOOR": "24",
        "FLAT": "B",
        "HOUSE_NUM_PREFIX": 1.0,
        "STREET_NAME_ENG": "TREGUNTER PATH",
        "STREET_NAME_CHN": "地利根德里",
        "AREA_DESC_ENG": "HONG KONG",
        "AREA_DESC_CHN": "香港",
        "FREE_FORMAT_ADDR_ENG": "UNIT B ON 24TH FLOOR OF CENTURY TOWER I CENTURY TOWER NOS.1 AND 1A TREGUNTER PATH HONG KONG",
        "FREE_FORMAT_ADDR_CHN": NaN,
        "DEV_NAME_ENG": "CENTURY TOWER",
        "DEV_NAME_CHN": "世紀大廈",
        "FIRST_REFERENCE_LOT_PRN": "C4366966"
    },
    {
        "PRN": "A2827314",
        "SEQ_NUM": 1,
        "BLOCK": "1",
        "FLOOR": "25",
        "FLAT": "B",
        "HOUSE_NUM_PREFIX": 1.0,
        "STREET_NAME_ENG": "TREGUNTER PATH",
        "STREET_NAME_CHN": "地利根德里",
        "AREA_DESC_ENG": "HONG KONG",
        "AREA_DESC_CHN": "香港",
        "FREE_FORMAT_ADDR_ENG": "UNIT B ON 25TH FLOOR OF CENTURY TOWER I CENTURY TOWER NOS.1 AND 1A TREGUNTER PATH HONG KONG",
        "FREE_FORMAT_ADDR_CHN": NaN,
        "DEV_NAME_ENG": "CENTURY TOWER",
        "DEV_NAME_CHN": "世紀大廈",
        "FIRST_REFERENCE_LOT_PRN": "C4366966"
    },
    {
        "PRN": "A2827322",
        "SEQ_NUM": 1,
        "BLOCK": "1",
        "FLOOR": "26",
        "FLAT": "B",
        "HOUSE_NUM_PREFIX": 1.0,
        "STREET_NAME_ENG": "TREGUNTER PATH",
        "STREET_NAME_CHN": "地利根德里",
        "AREA_DESC_ENG": "HONG KONG",
        "AREA_DESC_CHN": "香港",
        "FREE_FORMAT_ADDR_ENG": "UNIT B ON 26TH FLOOR OF CENTURY TOWER I CENTURY TOWER NOS.1 AND 1A TREGUNTER PATH HONG KONG",
        "FREE_FORMAT_ADDR_CHN": NaN,
        "DEV_NAME_ENG": "CENTURY TOWER",
        "DEV_NAME_CHN": "世紀大廈",
        "FIRST_REFERENCE_LOT_PRN": "C4366966"
    },
    {
        "PRN": "A2827331",
        "SEQ_NUM": 1,
        "BLOCK": "1",
        "FLOOR": "3",
        "FLAT": "B",
        "HOUSE_NUM_PREFIX": 1.0,
        "STREET_NAME_ENG": "TREGUNTER PATH",
        "STREET_NAME_CHN": "地利根德里",
        "AREA_DESC_ENG": "HONG KONG",
        "AREA_DESC_CHN": "香港",
        "FREE_FORMAT_ADDR_ENG": "UNIT B ON 3RD FLOOR OF CENTURY TOWER I CENTURY TOWER NOS.1 AND 1A TREGUNTER PATH HONG KONG",
        "FREE_FORMAT_ADDR_CHN": NaN,
        "DEV_NAME_ENG": "CENTURY TOWER",
        "DEV_NAME_CHN": "世紀大廈",
        "FIRST_REFERENCE_LOT_PRN": "C4366966"
    },
    {
        "PRN": "A2827343",
        "SEQ_NUM": 1,
        "BLOCK": "1",
        "FLOOR": "30",
        "FLAT": "B",
        "HOUSE_NUM_PREFIX": 1.0,
        "STREET_NAME_ENG": "TREGUNTER PATH",
        "STREET_NAME_CHN": "地利根德里",
        "AREA_DESC_ENG": "HONG KONG",
        "AREA_DESC_CHN": "香港",
        "FREE_FORMAT_ADDR_ENG": "UNIT B ON 30TH FLOOR OF CENTURY TOWER I CENTURY TOWER NOS.1 AND 1A TREGUNTER PATH HONG KONG",
        "FREE_FORMAT_ADDR_CHN": NaN,
        "DEV_NAME_ENG": "CENTURY TOWER",
        "DEV_NAME_CHN": "世紀大廈",
        "FIRST_REFERENCE_LOT_PRN": "C4366966"
    },
    {
        "PRN": "A2827358",
        "SEQ_NUM": 1,
        "BLOCK": "1",
        "FLOOR": "31",
        "FLAT": "B",
        "HOUSE_NUM_PREFIX": 1.0,
        "STREET_NAME_ENG": "TREGUNTER PATH",
        "STREET_NAME_CHN": "地利根德里",
        "AREA_DESC_ENG": "HONG KONG",
        "AREA_DESC_CHN": "香港",
        "FREE_FORMAT_ADDR_ENG": "UNIT B ON 31ST AND 32ND FLOOR (PENTHOUSE) OF CENTURY TOWER I CENTURY TOWER NOS.1 & 1A TREGUNTER PATH HONG KONG",
        "FREE_FORMAT_ADDR_CHN": NaN,
        "DEV_NAME_ENG": "CENTURY TOWER",
        "DEV_NAME_CHN": "世紀大廈",
        "FIRST_REFERENCE_LOT_PRN": "C4366966"
    },
    {
        "PRN": "A2827366",
        "SEQ_NUM": 1,
        "BLOCK": "1",
        "FLOOR": "4",
        "FLAT": "B",
        "HOUSE_NUM_PREFIX": 1.0,
        "STREET_NAME_ENG": "TREGUNTER PATH",
        "STREET_NAME_CHN": "地利根德里",
        "AREA_DESC_ENG": "HONG KONG",
        "AREA_DESC_CHN": "香港",
        "FREE_FORMAT_ADDR_ENG": "UNIT B ON 4TH FLOOR OF CENTURY TOWER I CENTURY TOWER NOS.1 AND 1A TREGUNTER PATH HONG KONG",
        "FREE_FORMAT_ADDR_CHN": NaN,
        "DEV_NAME_ENG": "CENTURY TOWER",
        "DEV_NAME_CHN": "世紀大廈",
        "FIRST_REFERENCE_LOT_PRN": "C4366966"
    },
    {
        "PRN": "A2827370",
        "SEQ_NUM": 1,
        "BLOCK": "1",
        "FLOOR": "6",
        "FLAT": "B",
        "HOUSE_NUM_PREFIX": 1.0,
        "STREET_NAME_ENG": "TREGUNTER PATH",
        "STREET_NAME_CHN": "地利根德里",
        "AREA_DESC_ENG": "HONG KONG",
        "AREA_DESC_CHN": "香港",
        "FREE_FORMAT_ADDR_ENG": "UNIT B ON 6TH FLOOR OF CENTURY TOWER I CENTURY TOWER NOS.1 AND 1A TREGUNTER PATH HONG KONG",
        "FREE_FORMAT_ADDR_CHN": NaN,
        "DEV_NAME_ENG": "CENTURY TOWER",
        "DEV_NAME_CHN": "世紀大廈",
        "FIRST_REFERENCE_LOT_PRN": "C4366966"
    },
    {
        "PRN": "A2827388",
        "SEQ_NUM": 1,
        "BLOCK": "1",
        "FLOOR": "7",
        "FLAT": "B",
        "HOUSE_NUM_PREFIX": 1.0,
        "STREET_NAME_ENG": "TREGUNTER PATH",
        "STREET_NAME_CHN": "地利根德里",
        "AREA_DESC_ENG": "HONG KONG",
        "AREA_DESC_CHN": "香港",
        "FREE_FORMAT_ADDR_ENG": "UNIT B ON 7TH FLOOR OF CENTURY TOWER I CENTURY TOWER NOS.1 AND 1A TREGUNTER PATH HONG KONG",
        "FREE_FORMAT_ADDR_CHN": NaN,
        "DEV_NAME_ENG": "CENTURY TOWER",
        "DEV_NAME_CHN": "世紀大廈",
        "FIRST_REFERENCE_LOT_PRN": "C4366966"
    },
    {
        "PRN": "A2827398",
        "SEQ_NUM": 1,
        "BLOCK": "2",
        "FLOOR": "1",
        "FLAT": NaN,
        "HOUSE_NUM_PREFIX": 1.0,
        "STREET_NAME_ENG": "TREGUNTER PATH",
        "STREET_NAME_CHN": "地利根德里",
        "AREA_DESC_ENG": "HONG KONG",
        "AREA_DESC_CHN": "香港",
        "FREE_FORMAT_ADDR_ENG": "1ST FLOOR OF CENTURY TOWER II CENTURY TOWER NOS.1 AND 1A TREGUNTER PATH HONG KONG",
        "FREE_FORMAT_ADDR_CHN": NaN,
        "DEV_NAME_ENG": "CENTURY TOWER",
        "DEV_NAME_CHN": "世紀大廈",
        "FIRST_REFERENCE_LOT_PRN": "C4366966"
    },
    {
        "PRN": "A2827403",
        "SEQ_NUM": 1,
        "BLOCK": "2",
        "FLOOR": "11",
        "FLAT": NaN,
        "HOUSE_NUM_PREFIX": 1.0,
        "STREET_NAME_ENG": "TREGUNTER PATH",
        "STREET_NAME_CHN": "地利根德里",
        "AREA_DESC_ENG": "HONG KONG",
        "AREA_DESC_CHN": "香港",
        "FREE_FORMAT_ADDR_ENG": "11TH FLOOR OF CENTURY TOWER II CENTURY TOWER NOS.1 AND 1A TREGUNTER PATH HONG KONG",
        "FREE_FORMAT_ADDR_CHN": NaN,
        "DEV_NAME_ENG": "CENTURY TOWER",
        "DEV_NAME_CHN": "世紀大廈",
        "FIRST_REFERENCE_LOT_PRN": "C4366966"
    },
    {
        "PRN": "A2827415",
        "SEQ_NUM": 1,
        "BLOCK": "2",
        "FLOOR": "12",
        "FLAT": NaN,
        "HOUSE_NUM_PREFIX": 1.0,
        "STREET_NAME_ENG": "TREGUNTER PATH",
        "STREET_NAME_CHN": "地利根德里",
        "AREA_DESC_ENG": "HONG KONG",
        "AREA_DESC_CHN": "香港",
        "FREE_FORMAT_ADDR_ENG": "12TH FLOOR OF CENTURY TOWER II CENTURY TOWER NOS.1 AND 1A TREGUNTER PATH HONG KONG",
        "FREE_FORMAT_ADDR_CHN": NaN,
        "DEV_NAME_ENG": "CENTURY TOWER",
        "DEV_NAME_CHN": "世紀大廈",
        "FIRST_REFERENCE_LOT_PRN": "C4366966"
    },
    {
        "PRN": "A2827424",
        "SEQ_NUM": 1,
        "BLOCK": "2",
        "FLOOR": "13",
        "FLAT": NaN,
        "HOUSE_NUM_PREFIX": 1.0,
        "STREET_NAME_ENG": "TREGUNTER PATH",
        "STREET_NAME_CHN": "地利根德里",
        "AREA_DESC_ENG": "HONG KONG",
        "AREA_DESC_CHN": "香港",
        "FREE_FORMAT_ADDR_ENG": "13TH FLOOR OF CENTURY TOWER II CENTURY TOWER NOS.1 AND 1A TREGUNTER PATH HONG KONG",
        "FREE_FORMAT_ADDR_CHN": NaN,
        "DEV_NAME_ENG": "CENTURY TOWER",
        "DEV_NAME_CHN": "世紀大廈",
        "FIRST_REFERENCE_LOT_PRN": "C4366966"
    },
    {
        "PRN": "A2827438",
        "SEQ_NUM": 1,
        "BLOCK": "2",
        "FLOOR": "15",
        "FLAT": NaN,
        "HOUSE_NUM_PREFIX": 1.0,
        "STREET_NAME_ENG": "TREGUNTER PATH",
        "STREET_NAME_CHN": "地利根德里",
        "AREA_DESC_ENG": "HONG KONG",
        "AREA_DESC_CHN": "香港",
        "FREE_FORMAT_ADDR_ENG": "15TH FLOOR OF CENTURY TOWER II CENTURY TOWER NOS.1 AND 1A TREGUNTER PATH HONG KONG",
        "FREE_FORMAT_ADDR_CHN": NaN,
        "DEV_NAME_ENG": "CENTURY TOWER",
        "DEV_NAME_CHN": "世紀大廈",
        "FIRST_REFERENCE_LOT_PRN": "C4366966"
    },
    {
        "PRN": "A2827441",
        "SEQ_NUM": 1,
        "BLOCK": "2",
        "FLOOR": "16",
        "FLAT": NaN,
        "HOUSE_NUM_PREFIX": 1.0,
        "STREET_NAME_ENG": "TREGUNTER PATH",
        "STREET_NAME_CHN": "地利根德里",
        "AREA_DESC_ENG": "HONG KONG",
        "AREA_DESC_CHN": "香港",
        "FREE_FORMAT_ADDR_ENG": "16TH FLOOR OF CENTURY TOWER II CENTURY TOWER NOS.1 AND 1A TREGUNTER PATH HONG KONG",
        "FREE_FORMAT_ADDR_CHN": NaN,
        "DEV_NAME_ENG": "CENTURY TOWER",
        "DEV_NAME_CHN": "世紀大廈",
        "FIRST_REFERENCE_LOT_PRN": "C4366966"
    },
    {
        "PRN": "A2827450",
        "SEQ_NUM": 1,
        "BLOCK": "2",
        "FLOOR": "17",
        "FLAT": NaN,
        "HOUSE_NUM_PREFIX": 1.0,
        "STREET_NAME_ENG": "TREGUNTER PATH",
        "STREET_NAME_CHN": "地利根德里",
        "AREA_DESC_ENG": "HONG KONG",
        "AREA_DESC_CHN": "香港",
        "FREE_FORMAT_ADDR_ENG": "17TH FLOOR OF CENTURY TOWER II CENTURY TOWER NOS.1 AND 1A TREGUNTER PATH HONG KONG",
        "FREE_FORMAT_ADDR_CHN": NaN,
        "DEV_NAME_ENG": "CENTURY TOWER",
        "DEV_NAME_CHN": "世紀大廈",
        "FIRST_REFERENCE_LOT_PRN": "C4366966"
    },
    {
        "PRN": "A2827461",
        "SEQ_NUM": 1,
        "BLOCK": "2",
        "FLOOR": "19",
        "FLAT": NaN,
        "HOUSE_NUM_PREFIX": 1.0,
        "STREET_NAME_ENG": "TREGUNTER PATH",
        "STREET_NAME_CHN": "地利根德里",
        "AREA_DESC_ENG": "HONG KONG",
        "AREA_DESC_CHN": "香港",
        "FREE_FORMAT_ADDR_ENG": "19TH FLOOR OF CENTURY TOWER II CENTURY TOWER NOS.1 AND 1A TREGUNTER PATH HONG KONG",
        "FREE_FORMAT_ADDR_CHN": NaN,
        "DEV_NAME_ENG": "CENTURY TOWER",
        "DEV_NAME_CHN": "世紀大廈",
        "FIRST_REFERENCE_LOT_PRN": "C4366966"
    },
    {
        "PRN": "A2827479",
        "SEQ_NUM": 1,
        "BLOCK": "2",
        "FLOOR": "2",
        "FLAT": NaN,
        "HOUSE_NUM_PREFIX": 1.0,
        "STREET_NAME_ENG": "TREGUNTER PATH",
        "STREET_NAME_CHN": "地利根德里",
        "AREA_DESC_ENG": "HONG KONG",
        "AREA_DESC_CHN": "香港",
        "FREE_FORMAT_ADDR_ENG": "2ND FLOOR OF CENTURY TOWER II CENTURY TOWER NOS.1 AND 1A TREGUNTER PATH HONG KONG",
        "FREE_FORMAT_ADDR_CHN": NaN,
        "DEV_NAME_ENG": "CENTURY TOWER",
        "DEV_NAME_CHN": "世紀大廈",
        "FIRST_REFERENCE_LOT_PRN": "C4366966"
    },
    {
        "PRN": "A2827481",
        "SEQ_NUM": 1,
        "BLOCK": "2",
        "FLOOR": "20",
        "FLAT": NaN,
        "HOUSE_NUM_PREFIX": 1.0,
        "STREET_NAME_ENG": "TREGUNTER PATH",
        "STREET_NAME_CHN": "地利根德里",
        "AREA_DESC_ENG": "HONG KONG",
        "AREA_DESC_CHN": "香港",
        "FREE_FORMAT_ADDR_ENG": "20TH FLOOR OF CENTURY TOWER II CENTURY TOWER NOS.1 AND 1A TREGUNTER PATH HONG KONG",
        "FREE_FORMAT_ADDR_CHN": NaN,
        "DEV_NAME_ENG": "CENTURY TOWER",
        "DEV_NAME_CHN": "世紀大廈",
        "FIRST_REFERENCE_LOT_PRN": "C4366966"
    },
    {
        "PRN": "A2827499",
        "SEQ_NUM": 1,
        "BLOCK": "2",
        "FLOOR": "21",
        "FLAT": NaN,
        "HOUSE_NUM_PREFIX": 1.0,
        "STREET_NAME_ENG": "TREGUNTER PATH",
        "STREET_NAME_CHN": "地利根德里",
        "AREA_DESC_ENG": "HONG KONG",
        "AREA_DESC_CHN": "香港",
        "FREE_FORMAT_ADDR_ENG": "21ST FLOOR OF CENTURY TOWER II CENTURY TOWER NOS.1 AND 1A TREGUNTER PATH HONG KONG",
        "FREE_FORMAT_ADDR_CHN": NaN,
        "DEV_NAME_ENG": "CENTURY TOWER",
        "DEV_NAME_CHN": "世紀大廈",
        "FIRST_REFERENCE_LOT_PRN": "C4366966"
    },
    {
        "PRN": "A2827508",
        "SEQ_NUM": 1,
        "BLOCK": "2",
        "FLOOR": "4",
        "FLAT": NaN,
        "HOUSE_NUM_PREFIX": 1.0,
        "STREET_NAME_ENG": "TREGUNTER PATH",
        "STREET_NAME_CHN": "地利根德里",
        "AREA_DESC_ENG": "HONG KONG",
        "AREA_DESC_CHN": "香港",
        "FREE_FORMAT_ADDR_ENG": "4TH FLOOR OF CENTURY TOWER II CENTURY TOWER NOS.1 AND 1A TREGUNTER PATH HONG KONG",
        "FREE_FORMAT_ADDR_CHN": NaN,
        "DEV_NAME_ENG": "CENTURY TOWER",
        "DEV_NAME_CHN": "世紀大廈",
        "FIRST_REFERENCE_LOT_PRN": "C4366966"
    },
    {
        "PRN": "A2827518",
        "SEQ_NUM": 1,
        "BLOCK": "2",
        "FLOOR": "5",
        "FLAT": NaN,
        "HOUSE_NUM_PREFIX": 1.0,
        "STREET_NAME_ENG": "TREGUNTER PATH",
        "STREET_NAME_CHN": "地利根德里",
        "AREA_DESC_ENG": "HONG KONG",
        "AREA_DESC_CHN": "香港",
        "FREE_FORMAT_ADDR_ENG": "5TH FLOOR OF CENTURY TOWER II CENTURY TOWER NOS.1 AND 1A TREGUNTER PATH HONG KONG",
        "FREE_FORMAT_ADDR_CHN": NaN,
        "DEV_NAME_ENG": "CENTURY TOWER",
        "DEV_NAME_CHN": "世紀大廈",
        "FIRST_REFERENCE_LOT_PRN": "C4366966"
    },
    {
        "PRN": "A2827528",
        "SEQ_NUM": 1,
        "BLOCK": "2",
        "FLOOR": "6",
        "FLAT": NaN,
        "HOUSE_NUM_PREFIX": 1.0,
        "STREET_NAME_ENG": "TREGUNTER PATH",
        "STREET_NAME_CHN": "地利根德里",
        "AREA_DESC_ENG": "HONG KONG",
        "AREA_DESC_CHN": "香港",
        "FREE_FORMAT_ADDR_ENG": "6TH FLOOR OF CENTURY TOWER II CENTURY TOWER NOS.1 AND 1A TREGUNTER PATH HONG KONG",
        "FREE_FORMAT_ADDR_CHN": NaN,
        "DEV_NAME_ENG": "CENTURY TOWER",
        "DEV_NAME_CHN": "世紀大廈",
        "FIRST_REFERENCE_LOT_PRN": "C4366966"
    },
    {
        "PRN": "A2827539",
        "SEQ_NUM": 1,
        "BLOCK": "2",
        "FLOOR": "8",
        "FLAT": NaN,
        "HOUSE_NUM_PREFIX": 1.0,
        "STREET_NAME_ENG": "TREGUNTER PATH",
        "STREET_NAME_CHN": "地利根德里",
        "AREA_DESC_ENG": "HONG KONG",
        "AREA_DESC_CHN": "香港",
        "FREE_FORMAT_ADDR_ENG": "8TH FLOOR OF CENTURY TOWER II CENTURY TOWER NOS.1 AND 1A TREGUNTER PATH HONG KONG",
        "FREE_FORMAT_ADDR_CHN": NaN,
        "DEV_NAME_ENG": "CENTURY TOWER",
        "DEV_NAME_CHN": "世紀大廈",
        "FIRST_REFERENCE_LOT_PRN": "C4366966"
    },
    {
        "PRN": "A2827545",
        "SEQ_NUM": 1,
        "BLOCK": "2",
        "FLOOR": "9",
        "FLAT": NaN,
        "HOUSE_NUM_PREFIX": 1.0,
        "STREET_NAME_ENG": "TREGUNTER PATH",
        "STREET_NAME_CHN": "地利根德里",
        "AREA_DESC_ENG": "HONG KONG",
        "AREA_DESC_CHN": "香港",
        "FREE_FORMAT_ADDR_ENG": "9TH FLOOR OF CENTURY TOWER II CENTURY TOWER NOS.1 AND 1A TREGUNTER PATH HONG KONG",
        "FREE_FORMAT_ADDR_CHN": NaN,
        "DEV_NAME_ENG": "CENTURY TOWER",
        "DEV_NAME_CHN": "世紀大廈",
        "FIRST_REFERENCE_LOT_PRN": "C4366966"
    },
    {
        "PRN": "B3732619",
        "SEQ_NUM": 1,
        "BLOCK": "1",
        "FLOOR": "12",
        "FLAT": "A",
        "HOUSE_NUM_PREFIX": 1.0,
        "STREET_NAME_ENG": "TREGUNTER PATH",
        "STREET_NAME_CHN": "地利根德里",
        "AREA_DESC_ENG": "HONG KONG",
        "AREA_DESC_CHN": "香港",
        "FREE_FORMAT_ADDR_ENG": "UNIT A ON 12TH FLOOR OF CENTURY TOWER I CENTURY TOWER NOS.1 AND 1A TREGUNTER PATH HONG KONG",
        "FREE_FORMAT_ADDR_CHN": NaN,
        "DEV_NAME_ENG": "CENTURY TOWER",
        "DEV_NAME_CHN": "世紀大廈",
        "FIRST_REFERENCE_LOT_PRN": "C4366966"
    },
    {
        "PRN": "B3732626",
        "SEQ_NUM": 1,
        "BLOCK": "1",
        "FLOOR": "3",
        "FLAT": "A",
        "HOUSE_NUM_PREFIX": 1.0,
        "STREET_NAME_ENG": "TREGUNTER PATH",
        "STREET_NAME_CHN": "地利根德里",
        "AREA_DESC_ENG": "HONG KONG",
        "AREA_DESC_CHN": "香港",
        "FREE_FORMAT_ADDR_ENG": "UNIT A ON 3RD FLOOR OF CENTURY TOWER I CENTURY TOWER NOS.1 AND 1A TREGUNTER PATH HONG KONG",
        "FREE_FORMAT_ADDR_CHN": NaN,
        "DEV_NAME_ENG": "CENTURY TOWER",
        "DEV_NAME_CHN": "世紀大廈",
        "FIRST_REFERENCE_LOT_PRN": "C4366966"
    },
    {
        "PRN": "B3732633",
        "SEQ_NUM": 1,
        "BLOCK": "1",
        "FLOOR": "1",
        "FLAT": "B",
        "HOUSE_NUM_PREFIX": 1.0,
        "STREET_NAME_ENG": "TREGUNTER PATH",
        "STREET_NAME_CHN": "地利根德里",
        "AREA_DESC_ENG": "HONG KONG",
        "AREA_DESC_CHN": "香港",
        "FREE_FORMAT_ADDR_ENG": "UNIT B ON 1ST FLOOR OF CENTURY TOWER I CENTURY TOWER NOS.1 & 1A TREGUNTER PATH HONG KONG",
        "FREE_FORMAT_ADDR_CHN": NaN,
        "DEV_NAME_ENG": "CENTURY TOWER",
        "DEV_NAME_CHN": "世紀大廈",
        "FIRST_REFERENCE_LOT_PRN": "C4366966"
    },
    {
        "PRN": "B3732646",
        "SEQ_NUM": 1,
        "BLOCK": "1",
        "FLOOR": "16",
        "FLAT": "B",
        "HOUSE_NUM_PREFIX": 1.0,
        "STREET_NAME_ENG": "TREGUNTER PATH",
        "STREET_NAME_CHN": "地利根德里",
        "AREA_DESC_ENG": "HONG KONG",
        "AREA_DESC_CHN": "香港",
        "FREE_FORMAT_ADDR_ENG": "UNIT B ON 16TH FLOOR OF CENTURY TOWER I CENTURY TOWER NOS.1 AND 1A TREGUNTER PATH HONG KONG",
        "FREE_FORMAT_ADDR_CHN": NaN,
        "DEV_NAME_ENG": "CENTURY TOWER",
        "DEV_NAME_CHN": "世紀大廈",
        "FIRST_REFERENCE_LOT_PRN": "C4366966"
    },
    {
        "PRN": "B3732657",
        "SEQ_NUM": 1,
        "BLOCK": "1",
        "FLOOR": "2",
        "FLAT": "B",
        "HOUSE_NUM_PREFIX": 1.0,
        "STREET_NAME_ENG": "TREGUNTER PATH",
        "STREET_NAME_CHN": "地利根德里",
        "AREA_DESC_ENG": "HONG KONG",
        "AREA_DESC_CHN": "香港",
        "FREE_FORMAT_ADDR_ENG": "UNIT B ON 2ND FLOOR OF CENTURY TOWER I CENTURY TOWER NOS.1 AND 1A TREGUNTER PATH HONG KONG",
        "FREE_FORMAT_ADDR_CHN": NaN,
        "DEV_NAME_ENG": "CENTURY TOWER",
        "DEV_NAME_CHN": "世紀大廈",
        "FIRST_REFERENCE_LOT_PRN": "C4366966"
    },
    {
        "PRN": "B3732667",
        "SEQ_NUM": 1,
        "BLOCK": "1",
        "FLOOR": "8",
        "FLAT": "B",
        "HOUSE_NUM_PREFIX": 1.0,
        "STREET_NAME_ENG": "TREGUNTER PATH",
        "STREET_NAME_CHN": "地利根德里",
        "AREA_DESC_ENG": "HONG KONG",
        "AREA_DESC_CHN": "香港",
        "FREE_FORMAT_ADDR_ENG": "UNIT B ON 8TH FLOOR OF CENTURY TOWER I CENTURY TOWER NOS.1 AND 1A TREGUNTER PATH HONG KONG",
        "FREE_FORMAT_ADDR_CHN": NaN,
        "DEV_NAME_ENG": "CENTURY TOWER",
        "DEV_NAME_CHN": "世紀大廈",
        "FIRST_REFERENCE_LOT_PRN": "C4366966"
    },
    {
        "PRN": "B3732672",
        "SEQ_NUM": 1,
        "BLOCK": "1",
        "FLOOR": "9",
        "FLAT": "B",
        "HOUSE_NUM_PREFIX": 1.0,
        "STREET_NAME_ENG": "TREGUNTER PATH",
        "STREET_NAME_CHN": "地利根德里",
        "AREA_DESC_ENG": "HONG KONG",
        "AREA_DESC_CHN": "香港",
        "FREE_FORMAT_ADDR_ENG": "UNIT B ON 9TH FLOOR OF CENTURY TOWER I CENTURY TOWER NOS.1 AND 1A TREGUNTER PATH HONG KONG",
        "FREE_FORMAT_ADDR_CHN": NaN,
        "DEV_NAME_ENG": "CENTURY TOWER",
        "DEV_NAME_CHN": "世紀大廈",
        "FIRST_REFERENCE_LOT_PRN": "C4366966"
    },
    {
        "PRN": "B3732682",
        "SEQ_NUM": 1,
        "BLOCK": "2",
        "FLOOR": "10",
        "FLAT": NaN,
        "HOUSE_NUM_PREFIX": 1.0,
        "STREET_NAME_ENG": "TREGUNTER PATH",
        "STREET_NAME_CHN": "地利根德里",
        "AREA_DESC_ENG": "HONG KONG",
        "AREA_DESC_CHN": "香港",
        "FREE_FORMAT_ADDR_ENG": "10TH FLOOR OF CENTURY TOWER II CENTURY TOWER NOS.1 AND 1A TREGUNTER PATH HONG KONG",
        "FREE_FORMAT_ADDR_CHN": NaN,
        "DEV_NAME_ENG": "CENTURY TOWER",
        "DEV_NAME_CHN": "世紀大廈",
        "FIRST_REFERENCE_LOT_PRN": "C4366966"
    },
    {
        "PRN": "B3732693",
        "SEQ_NUM": 1,
        "BLOCK": "2",
        "FLOOR": "14",
        "FLAT": NaN,
        "HOUSE_NUM_PREFIX": 1.0,
        "STREET_NAME_ENG": "TREGUNTER PATH",
        "STREET_NAME_CHN": "地利根德里",
        "AREA_DESC_ENG": "HONG KONG",
        "AREA_DESC_CHN": "香港",
        "FREE_FORMAT_ADDR_ENG": "14TH FLOOR OF CENTURY TOWER II CENTURY TOWER NOS.1 AND 1A TREGUNTER PATH HONG KONG",
        "FREE_FORMAT_ADDR_CHN": NaN,
        "DEV_NAME_ENG": "CENTURY TOWER",
        "DEV_NAME_CHN": "世紀大廈",
        "FIRST_REFERENCE_LOT_PRN": "C4366966"
    },
    {
        "PRN": "B3732705",
        "SEQ_NUM": 1,
        "BLOCK": "2",
        "FLOOR": "7",
        "FLAT": NaN,
        "HOUSE_NUM_PREFIX": 1.0,
        "STREET_NAME_ENG": "TREGUNTER PATH",
        "STREET_NAME_CHN": "地利根德里",
        "AREA_DESC_ENG": "HONG KONG",
        "AREA_DESC_CHN": "香港",
        "FREE_FORMAT_ADDR_ENG": "7TH FLOOR OF CENTURY TOWER II CENTURY TOWER NOS.1 AND 1A TREGUNTER PATH HONG KONG",
        "FREE_FORMAT_ADDR_CHN": NaN,
        "DEV_NAME_ENG": "CENTURY TOWER",
        "DEV_NAME_CHN": "世紀大廈",
        "FIRST_REFERENCE_LOT_PRN": "C4366966"
    },
    {
        "PRN": "B5120027",
        "SEQ_NUM": 1,
        "BLOCK": "1",
        "FLOOR": "1",
        "FLAT": NaN,
        "HOUSE_NUM_PREFIX": 1.0,
        "STREET_NAME_ENG": "TREGUNTER PATH",
        "STREET_NAME_CHN": "地利根德里",
        "AREA_DESC_ENG": "HONG KONG",
        "AREA_DESC_CHN": "香港",
        "FREE_FORMAT_ADDR_ENG": "1ST FLOOR OF CENTURY TOWER I CENTURY TOWER NOS.1 AND 1A TREGUNTER PATH HONG KONG",
        "FREE_FORMAT_ADDR_CHN": NaN,
        "DEV_NAME_ENG": "CENTURY TOWER",
        "DEV_NAME_CHN": "世紀大廈",
        "FIRST_REFERENCE_LOT_PRN": "C4366966"
    },
    {
        "PRN": "B5454701",
        "SEQ_NUM": 1,
        "BLOCK": "1",
        "FLOOR": "4",
        "FLAT": "A",
        "HOUSE_NUM_PREFIX": 1.0,
        "STREET_NAME_ENG": "TREGUNTER PATH",
        "STREET_NAME_CHN": "地利根德里",
        "AREA_DESC_ENG": "HONG KONG",
        "AREA_DESC_CHN": "香港",
        "FREE_FORMAT_ADDR_ENG": "UNIT A ON 4TH FLOOR OF CENTURY TOWER I CENTURY TOWER NOS.1 AND 1A TREGUNTER PATH HONG KONG",
        "FREE_FORMAT_ADDR_CHN": NaN,
        "DEV_NAME_ENG": "CENTURY TOWER",
        "DEV_NAME_CHN": "世紀大廈",
        "FIRST_REFERENCE_LOT_PRN": "C4366966"
    },
    {
        "PRN": "B5454711",
        "SEQ_NUM": 1,
        "BLOCK": "2",
        "FLOOR": "22",
        "FLAT": NaN,
        "HOUSE_NUM_PREFIX": 1.0,
        "STREET_NAME_ENG": "TREGUNTER PATH",
        "STREET_NAME_CHN": "地利根德里",
        "AREA_DESC_ENG": "HONG KONG",
        "AREA_DESC_CHN": "香港",
        "FREE_FORMAT_ADDR_ENG": "22ND FLOOR (INCLUDING THE ROOF THEREOF) OF CENTURY TOWER II CENTURY TOWER NOS.1 & 1A TREGUNTER PATH HONG KONG",
        "FREE_FORMAT_ADDR_CHN": NaN,
        "DEV_NAME_ENG": "CENTURY TOWER",
        "DEV_NAME_CHN": "世紀大廈",
        "FIRST_REFERENCE_LOT_PRN": "C4366966"
    },
    {
        "PRN": "B5791624",
        "SEQ_NUM": 1,
        "BLOCK": "1",
        "FLOOR": "20",
        "FLAT": "A",
        "HOUSE_NUM_PREFIX": 1.0,
        "STREET_NAME_ENG": "TREGUNTER PATH",
        "STREET_NAME_CHN": "地利根德里",
        "AREA_DESC_ENG": "HONG KONG",
        "AREA_DESC_CHN": "香港",
        "FREE_FORMAT_ADDR_ENG": "UNIT A ON 20TH FLOOR OF CENTURY TOWER I CENTURY TOWER NOS.1 AND 1A TREGUNTER PATH HONG KONG",
        "FREE_FORMAT_ADDR_CHN": NaN,
        "DEV_NAME_ENG": "CENTURY TOWER",
        "DEV_NAME_CHN": "世紀大廈",
        "FIRST_REFERENCE_LOT_PRN": "C4366966"
    },
    {
        "PRN": "B5791637",
        "SEQ_NUM": 1,
        "BLOCK": "1",
        "FLOOR": "26",
        "FLAT": "A",
        "HOUSE_NUM_PREFIX": 1.0,
        "STREET_NAME_ENG": "TREGUNTER PATH",
        "STREET_NAME_CHN": "地利根德里",
        "AREA_DESC_ENG": "HONG KONG",
        "AREA_DESC_CHN": "香港",
        "FREE_FORMAT_ADDR_ENG": "UNIT A ON 26TH FLOOR OF CENTURY TOWER I CENTURY TOWER NOS.1 AND 1A TREGUNTER PATH HONG KONG",
        "FREE_FORMAT_ADDR_CHN": NaN,
        "DEV_NAME_ENG": "CENTURY TOWER",
        "DEV_NAME_CHN": "世紀大廈",
        "FIRST_REFERENCE_LOT_PRN": "C4366966"
    },
    {
        "PRN": "B6411741",
        "SEQ_NUM": 1,
        "BLOCK": "1",
        "FLOOR": "1",
        "FLAT": "A",
        "HOUSE_NUM_PREFIX": 1.0,
        "STREET_NAME_ENG": "TREGUNTER PATH",
        "STREET_NAME_CHN": "地利根德里",
        "AREA_DESC_ENG": "HONG KONG",
        "AREA_DESC_CHN": "香港",
        "FREE_FORMAT_ADDR_ENG": "UNIT A ON 1ST FLOOR OF CENTURY TOWER I CENTURY TOWER NOS.1 & 1A TREGUNTER PATH HONG KONG",
        "FREE_FORMAT_ADDR_CHN": NaN,
        "DEV_NAME_ENG": "CENTURY TOWER",
        "DEV_NAME_CHN": "世紀大廈",
        "FIRST_REFERENCE_LOT_PRN": "C4366966"
    },
    {
        "PRN": "B6411752",
        "SEQ_NUM": 1,
        "BLOCK": "1",
        "FLOOR": "16",
        "FLAT": "A",
        "HOUSE_NUM_PREFIX": 1.0,
        "STREET_NAME_ENG": "TREGUNTER PATH",
        "STREET_NAME_CHN": "地利根德里",
        "AREA_DESC_ENG": "HONG KONG",
        "AREA_DESC_CHN": "香港",
        "FREE_FORMAT_ADDR_ENG": "UNIT A ON 16TH FLOOR OF CENTURY TOWER I CENTURY TOWER NOS.1 AND 1A TREGUNTER PATH HONG KONG",
        "FREE_FORMAT_ADDR_CHN": NaN,
        "DEV_NAME_ENG": "CENTURY TOWER",
        "DEV_NAME_CHN": "世紀大廈",
        "FIRST_REFERENCE_LOT_PRN": "C4366966"
    },
    {
        "PRN": "B6411760",
        "SEQ_NUM": 1,
        "BLOCK": "1",
        "FLOOR": "22",
        "FLAT": "A",
        "HOUSE_NUM_PREFIX": 1.0,
        "STREET_NAME_ENG": "TREGUNTER PATH",
        "STREET_NAME_CHN": "地利根德里",
        "AREA_DESC_ENG": "HONG KONG",
        "AREA_DESC_CHN": "香港",
        "FREE_FORMAT_ADDR_ENG": "UNIT A ON 22ND FLOOR OF CENTURY TOWER I CENTURY TOWER NOS.1 AND 1A TREGUNTER PATH HONG KONG",
        "FREE_FORMAT_ADDR_CHN": NaN,
        "DEV_NAME_ENG": "CENTURY TOWER",
        "DEV_NAME_CHN": "世紀大廈",
        "FIRST_REFERENCE_LOT_PRN": "C4366966"
    },
    {
        "PRN": "B6411779",
        "SEQ_NUM": 1,
        "BLOCK": "1",
        "FLOOR": "29",
        "FLAT": "B",
        "HOUSE_NUM_PREFIX": 1.0,
        "STREET_NAME_ENG": "TREGUNTER PATH",
        "STREET_NAME_CHN": "地利根德里",
        "AREA_DESC_ENG": "HONG KONG",
        "AREA_DESC_CHN": "香港",
        "FREE_FORMAT_ADDR_ENG": "UNIT B ON 29TH FLOOR OF CENTURY TOWER I CENTURY TOWER NOS.1 AND 1A TREGUNTER PATH HONG KONG",
        "FREE_FORMAT_ADDR_CHN": NaN,
        "DEV_NAME_ENG": "CENTURY TOWER",
        "DEV_NAME_CHN": "世紀大廈",
        "FIRST_REFERENCE_LOT_PRN": "C4366966"
    },
    {
        "PRN": "B6411785",
        "SEQ_NUM": 1,
        "BLOCK": "1",
        "FLOOR": "5",
        "FLAT": "B",
        "HOUSE_NUM_PREFIX": 1.0,
        "STREET_NAME_ENG": "TREGUNTER PATH",
        "STREET_NAME_CHN": "地利根德里",
        "AREA_DESC_ENG": "HONG KONG",
        "AREA_DESC_CHN": "香港",
        "FREE_FORMAT_ADDR_ENG": "UNIT B ON 5TH FLOOR OF CENTURY TOWER I CENTURY TOWER NOS.1 AND 1A TREGUNTER PATH HONG KONG",
        "FREE_FORMAT_ADDR_CHN": NaN,
        "DEV_NAME_ENG": "CENTURY TOWER",
        "DEV_NAME_CHN": "世紀大廈",
        "FIRST_REFERENCE_LOT_PRN": "C4366966"
    },
    {
        "PRN": "B7806857",
        "SEQ_NUM": 1,
        "BLOCK": "1",
        "FLOOR": "25",
        "FLAT": "A",
        "HOUSE_NUM_PREFIX": 1.0,
        "STREET_NAME_ENG": "TREGUNTER PATH",
        "STREET_NAME_CHN": "地利根德里",
        "AREA_DESC_ENG": "HONG KONG",
        "AREA_DESC_CHN": "香港",
        "FREE_FORMAT_ADDR_ENG": "UNIT A ON 25TH FLOOR OF CENTURY TOWER I CENTURY TOWER NOS.1 AND 1A TREGUNTER PATH HONG KONG",
        "FREE_FORMAT_ADDR_CHN": NaN,
        "DEV_NAME_ENG": "CENTURY TOWER",
        "DEV_NAME_CHN": "世紀大廈",
        "FIRST_REFERENCE_LOT_PRN": "C4366966"
    },
    {
        "PRN": "B8141652",
        "SEQ_NUM": 1,
        "BLOCK": "1",
        "FLOOR": "17",
        "FLAT": "A",
        "HOUSE_NUM_PREFIX": 1.0,
        "STREET_NAME_ENG": "TREGUNTER PATH",
        "STREET_NAME_CHN": "地利根德里",
        "AREA_DESC_ENG": "HONG KONG",
        "AREA_DESC_CHN": "香港",
        "FREE_FORMAT_ADDR_ENG": "UNIT A ON 17TH FLOOR OF CENTURY TOWER I CENTURY TOWER NOS.1 AND 1A TREGUNTER PATH HONG KONG",
        "FREE_FORMAT_ADDR_CHN": NaN,
        "DEV_NAME_ENG": "CENTURY TOWER",
        "DEV_NAME_CHN": "世紀大廈",
        "FIRST_REFERENCE_LOT_PRN": "C4366966"
    },
    {
        "PRN": "B8141664",
        "SEQ_NUM": 1,
        "BLOCK": "1",
        "FLOOR": "8",
        "FLAT": "A",
        "HOUSE_NUM_PREFIX": 1.0,
        "STREET_NAME_ENG": "TREGUNTER PATH",
        "STREET_NAME_CHN": "地利根德里",
        "AREA_DESC_ENG": "HONG KONG",
        "AREA_DESC_CHN": "香港",
        "FREE_FORMAT_ADDR_ENG": "UNIT A ON 8TH FLOOR OF CENTURY TOWER I CENTURY TOWER NOS.1 AND 1A TREGUNTER PATH HONG KONG",
        "FREE_FORMAT_ADDR_CHN": NaN,
        "DEV_NAME_ENG": "CENTURY TOWER",
        "DEV_NAME_CHN": "世紀大廈",
        "FIRST_REFERENCE_LOT_PRN": "C4366966"
    },
    {
        "PRN": "B8141679",
        "SEQ_NUM": 1,
        "BLOCK": "1",
        "FLOOR": "17",
        "FLAT": "B",
        "HOUSE_NUM_PREFIX": 1.0,
        "STREET_NAME_ENG": "TREGUNTER PATH",
        "STREET_NAME_CHN": "地利根德里",
        "AREA_DESC_ENG": "HONG KONG",
        "AREA_DESC_CHN": "香港",
        "FREE_FORMAT_ADDR_ENG": "UNIT B ON 17TH FLOOR OF CENTURY TOWER I CENTURY TOWER NOS.1 AND 1A TREGUNTER PATH HONG KONG",
        "FREE_FORMAT_ADDR_CHN": NaN,
        "DEV_NAME_ENG": "CENTURY TOWER",
        "DEV_NAME_CHN": "世紀大廈",
        "FIRST_REFERENCE_LOT_PRN": "C4366966"
    },
    {
        "PRN": "B8141688",
        "SEQ_NUM": 1,
        "BLOCK": "1",
        "FLOOR": "21",
        "FLAT": "B",
        "HOUSE_NUM_PREFIX": 1.0,
        "STREET_NAME_ENG": "TREGUNTER PATH",
        "STREET_NAME_CHN": "地利根德里",
        "AREA_DESC_ENG": "HONG KONG",
        "AREA_DESC_CHN": "香港",
        "FREE_FORMAT_ADDR_ENG": "UNIT B ON 21ST FLOOR OF CENTURY TOWER I CENTURY TOWER NOS.1 AND 1A TREGUNTER PATH HONG KONG",
        "FREE_FORMAT_ADDR_CHN": NaN,
        "DEV_NAME_ENG": "CENTURY TOWER",
        "DEV_NAME_CHN": "世紀大廈",
        "FIRST_REFERENCE_LOT_PRN": "C4366966"
    },
    {
        "PRN": "B8141693",
        "SEQ_NUM": 1,
        "BLOCK": "1",
        "FLOOR": "27",
        "FLAT": "B",
        "HOUSE_NUM_PREFIX": 1.0,
        "STREET_NAME_ENG": "TREGUNTER PATH",
        "STREET_NAME_CHN": "地利根德里",
        "AREA_DESC_ENG": "HONG KONG",
        "AREA_DESC_CHN": "香港",
        "FREE_FORMAT_ADDR_ENG": "UNIT B ON 27TH FLOOR OF CENTURY TOWER I CENTURY TOWER NOS.1 AND 1A TREGUNTER PATH HONG KONG",
        "FREE_FORMAT_ADDR_CHN": NaN,
        "DEV_NAME_ENG": "CENTURY TOWER",
        "DEV_NAME_CHN": "世紀大廈",
        "FIRST_REFERENCE_LOT_PRN": "C4366966"
    },
    {
        "PRN": "B8473965",
        "SEQ_NUM": 1,
        "BLOCK": "1",
        "FLOOR": "6",
        "FLAT": "A",
        "HOUSE_NUM_PREFIX": 1.0,
        "STREET_NAME_ENG": "TREGUNTER PATH",
        "STREET_NAME_CHN": "地利根德里",
        "AREA_DESC_ENG": "HONG KONG",
        "AREA_DESC_CHN": "香港",
        "FREE_FORMAT_ADDR_ENG": "UNIT A ON 6TH FLOOR OF CENTURY TOWER I CENTURY TOWER NOS.1 AND 1A TREGUNTER PATH HONG KONG",
        "FREE_FORMAT_ADDR_CHN": NaN,
        "DEV_NAME_ENG": "CENTURY TOWER",
        "DEV_NAME_CHN": "世紀大廈",
        "FIRST_REFERENCE_LOT_PRN": "C4366966"
    },
    {
        "PRN": "B9097405",
        "SEQ_NUM": 1,
        "BLOCK": "1",
        "FLOOR": "24",
        "FLAT": "A",
        "HOUSE_NUM_PREFIX": 1.0,
        "STREET_NAME_ENG": "TREGUNTER PATH",
        "STREET_NAME_CHN": "地利根德里",
        "AREA_DESC_ENG": "HONG KONG",
        "AREA_DESC_CHN": "香港",
        "FREE_FORMAT_ADDR_ENG": "UNIT A ON 24TH FLOOR OF CENTURY TOWER I CENTURY TOWER NOS.1 AND 1A TREGUNTER PATH HONG KONG",
        "FREE_FORMAT_ADDR_CHN": NaN,
        "DEV_NAME_ENG": "CENTURY TOWER",
        "DEV_NAME_CHN": "世紀大廈",
        "FIRST_REFERENCE_LOT_PRN": "C4366966"
    },
    {
        "PRN": "B9097419",
        "SEQ_NUM": 1,
        "BLOCK": "1",
        "FLOOR": "27",
        "FLAT": "A",
        "HOUSE_NUM_PREFIX": 1.0,
        "STREET_NAME_ENG": "TREGUNTER PATH",
        "STREET_NAME_CHN": "地利根德里",
        "AREA_DESC_ENG": "HONG KONG",
        "AREA_DESC_CHN": "香港",
        "FREE_FORMAT_ADDR_ENG": "UNIT A ON 27TH FLOOR OF CENTURY TOWER I CENTURY TOWER NOS.1 AND 1A TREGUNTER PATH HONG KONG",
        "FREE_FORMAT_ADDR_CHN": NaN,
        "DEV_NAME_ENG": "CENTURY TOWER",
        "DEV_NAME_CHN": "世紀大廈",
        "FIRST_REFERENCE_LOT_PRN": "C4366966"
    },
    {
        "PRN": "B9097423",
        "SEQ_NUM": 1,
        "BLOCK": "1",
        "FLOOR": "15",
        "FLAT": "B",
        "HOUSE_NUM_PREFIX": 1.0,
        "STREET_NAME_ENG": "TREGUNTER PATH",
        "STREET_NAME_CHN": "地利根德里",
        "AREA_DESC_ENG": "HONG KONG",
        "AREA_DESC_CHN": "香港",
        "FREE_FORMAT_ADDR_ENG": "UNIT B ON 15TH FLOOR OF CENTURY TOWER I CENTURY TOWER NOS.1 AND 1A TREGUNTER PATH HONG KONG",
        "FREE_FORMAT_ADDR_CHN": NaN,
        "DEV_NAME_ENG": "CENTURY TOWER",
        "DEV_NAME_CHN": "世紀大廈",
        "FIRST_REFERENCE_LOT_PRN": "C4366966"
    },
    {
        "PRN": "B9097433",
        "SEQ_NUM": 1,
        "BLOCK": "2",
        "FLOOR": "18",
        "FLAT": NaN,
        "HOUSE_NUM_PREFIX": 1.0,
        "STREET_NAME_ENG": "TREGUNTER PATH",
        "STREET_NAME_CHN": "地利根德里",
        "AREA_DESC_ENG": "HONG KONG",
        "AREA_DESC_CHN": "香港",
        "FREE_FORMAT_ADDR_ENG": "18TH FLOOR OF CENTURY TOWER II CENTURY TOWER NOS.1 AND 1A TREGUNTER PATH HONG KONG",
        "FREE_FORMAT_ADDR_CHN": NaN,
        "DEV_NAME_ENG": "CENTURY TOWER",
        "DEV_NAME_CHN": "世紀大廈",
        "FIRST_REFERENCE_LOT_PRN": "C4366966"
    },
    {
        "PRN": "B9097445",
        "SEQ_NUM": 1,
        "BLOCK": "2",
        "FLOOR": "3",
        "FLAT": NaN,
        "HOUSE_NUM_PREFIX": 1.0,
        "STREET_NAME_ENG": "TREGUNTER PATH",
        "STREET_NAME_CHN": "地利根德里",
        "AREA_DESC_ENG": "HONG KONG",
        "AREA_DESC_CHN": "香港",
        "FREE_FORMAT_ADDR_ENG": "3RD FLOOR OF CENTURY TOWER II CENTURY TOWER NOS.1 AND 1A TREGUNTER PATH HONG KONG",
        "FREE_FORMAT_ADDR_CHN": NaN,
        "DEV_NAME_ENG": "CENTURY TOWER",
        "DEV_NAME_CHN": "世紀大廈",
        "FIRST_REFERENCE_LOT_PRN": "C4366966"
    },
    {
        "PRN": "C0822081",
        "SEQ_NUM": 1,
        "BLOCK": "1",
        "FLOOR": "28",
        "FLAT": "B",
        "HOUSE_NUM_PREFIX": 1.0,
        "STREET_NAME_ENG": "TREGUNTER PATH",
        "STREET_NAME_CHN": "地利根德里",
        "AREA_DESC_ENG": "HONG KONG",
        "AREA_DESC_CHN": "香港",
        "FREE_FORMAT_ADDR_ENG": "UNIT B ON 28TH FLOOR OF CENTURY TOWER I CENTURY TOWER NOS.1 AND 1A TREGUNTER PATH HONG KONG",
        "FREE_FORMAT_ADDR_CHN": NaN,
        "DEV_NAME_ENG": "CENTURY TOWER",
        "DEV_NAME_CHN": "世紀大廈",
        "FIRST_REFERENCE_LOT_PRN": "C4366966"
    }
]