[
    {
        "PRN": "A2977451",
        "SEQ_NUM": 1,
        "BLOCK": "B",
        "FLOOR": "G",
        "FLAT": NaN,
        "HOUSE_NUM_PREFIX": 222.0,
        "STREET_NAME_ENG": "WAN CHAI ROAD",
        "STREET_NAME_CHN": "灣仔道",
        "AREA_DESC_ENG": "HONG KONG",
        "AREA_DESC_CHN": "香港",
        "FREE_FORMAT_ADDR_ENG": "BLOCK B ON GROUND FLOOR CHEUNG LOK MANSION NOS.222 224 224A 226 228A  228B & 228C WAN CHAI ROAD HONG KONG",
        "FREE_FORMAT_ADDR_CHN": NaN,
        "DEV_NAME_ENG": "CHEUNG LOK MANSION",
        "DEV_NAME_CHN": "祥樂大廈",
        "FIRST_REFERENCE_LOT_PRN": "C4805785"
    },
    {
        "PRN": "A2977461",
        "SEQ_NUM": 1,
        "BLOCK": "C",
        "FLOOR": "B",
        "FLAT": NaN,
        "HOUSE_NUM_PREFIX": 222.0,
        "STREET_NAME_ENG": "WAN CHAI ROAD",
        "STREET_NAME_CHN": "灣仔道",
        "AREA_DESC_ENG": "HONG KONG",
        "AREA_DESC_CHN": "香港",
        "FREE_FORMAT_ADDR_ENG": "BLOCK C ON BASEMENT FLOOR CHEUNG LOK MANSION NOS.222/224 & 226/228 WAN CHAI ROAD HONG KONG",
        "FREE_FORMAT_ADDR_CHN": NaN,
        "DEV_NAME_ENG": "CHEUNG LOK MANSION",
        "DEV_NAME_CHN": "祥樂大廈",
        "FIRST_REFERENCE_LOT_PRN": "C4805785"
    },
    {
        "PRN": "A2977471",
        "SEQ_NUM": 1,
        "BLOCK": "C",
        "FLOOR": "G",
        "FLAT": NaN,
        "HOUSE_NUM_PREFIX": 222.0,
        "STREET_NAME_ENG": "WAN CHAI ROAD",
        "STREET_NAME_CHN": "灣仔道",
        "AREA_DESC_ENG": "HONG KONG",
        "AREA_DESC_CHN": "香港",
        "FREE_FORMAT_ADDR_ENG": "BLOCK C (NO.224A WAN CHAI ROAD) ON G/F CHEUNG LOK MANSION NOS.222 224 224A 226 228A  228B & 228C WAN CHAI ROAD HONG KONG",
        "FREE_FORMAT_ADDR_CHN": NaN,
        "DEV_NAME_ENG": "CHEUNG LOK MANSION",
        "DEV_NAME_CHN": "祥樂大廈",
        "FIRST_REFERENCE_LOT_PRN": "C4805785"
    },
    {
        "PRN": "A2977482",
        "SEQ_NUM": 1,
        "BLOCK": "D",
        "FLOOR": "G",
        "FLAT": NaN,
        "HOUSE_NUM_PREFIX": 222.0,
        "STREET_NAME_ENG": "WAN CHAI ROAD",
        "STREET_NAME_CHN": "灣仔道",
        "AREA_DESC_ENG": "HONG KONG",
        "AREA_DESC_CHN": "香港",
        "FREE_FORMAT_ADDR_ENG": "BLOCK D ON GROUND FLOOR CHEUNG LOK MANSION NOS.222 224 224A 226 228A  228B & 228C WAN CHAI ROAD HONG KONG",
        "FREE_FORMAT_ADDR_CHN": NaN,
        "DEV_NAME_ENG": "CHEUNG LOK MANSION",
        "DEV_NAME_CHN": "祥樂大廈",
        "FIRST_REFERENCE_LOT_PRN": "C4805785"
    },
    {
        "PRN": "A2977499",
        "SEQ_NUM": 1,
        "BLOCK": "E",
        "FLOOR": "G",
        "FLAT": NaN,
        "HOUSE_NUM_PREFIX": 222.0,
        "STREET_NAME_ENG": "WAN CHAI ROAD",
        "STREET_NAME_CHN": "灣仔道",
        "AREA_DESC_ENG": "HONG KONG",
        "AREA_DESC_CHN": "香港",
        "FREE_FORMAT_ADDR_ENG": "BLOCK E ON GROUND FLOOR CHEUNG LOK MANSION NOS.222 224 224A 226 228A  228B & 228C WAN CHAI ROAD HONG KONG",
        "FREE_FORMAT_ADDR_CHN": NaN,
        "DEV_NAME_ENG": "CHEUNG LOK MANSION",
        "DEV_NAME_CHN": "祥樂大廈",
        "FIRST_REFERENCE_LOT_PRN": "C4805785"
    },
    {
        "PRN": "A2977654",
        "SEQ_NUM": 1,
        "BLOCK": "A",
        "FLOOR": "1",
        "FLAT": NaN,
        "HOUSE_NUM_PREFIX": 228.0,
        "STREET_NAME_ENG": "WAN CHAI ROAD",
        "STREET_NAME_CHN": "灣仔道",
        "AREA_DESC_ENG": "HONG KONG",
        "AREA_DESC_CHN": "香港",
        "FREE_FORMAT_ADDR_ENG": "BLOCK A ON 1/F & PORTION OF FLAT ROOF THERETO CHEUNG LOK MANSION NO.228 WAN CHAI ROAD HONG KONG",
        "FREE_FORMAT_ADDR_CHN": NaN,
        "DEV_NAME_ENG": "CHEUNG LOK MANSION",
        "DEV_NAME_CHN": "祥樂大廈",
        "FIRST_REFERENCE_LOT_PRN": "C4805785"
    },
    {
        "PRN": "A2977661",
        "SEQ_NUM": 1,
        "BLOCK": "A",
        "FLOOR": "3",
        "FLAT": NaN,
        "HOUSE_NUM_PREFIX": 228.0,
        "STREET_NAME_ENG": "WAN CHAI ROAD",
        "STREET_NAME_CHN": "灣仔道",
        "AREA_DESC_ENG": "HONG KONG",
        "AREA_DESC_CHN": "香港",
        "FREE_FORMAT_ADDR_ENG": "BLOCK A ON 3RD FLOOR CHEUNG LOK MANSION NO.228 WAN CHAI ROAD HONG KONG",
        "FREE_FORMAT_ADDR_CHN": NaN,
        "DEV_NAME_ENG": "CHEUNG LOK MANSION",
        "DEV_NAME_CHN": "祥樂大廈",
        "FIRST_REFERENCE_LOT_PRN": "C4805785"
    },
    {
        "PRN": "A2977677",
        "SEQ_NUM": 1,
        "BLOCK": "A",
        "FLOOR": "5",
        "FLAT": NaN,
        "HOUSE_NUM_PREFIX": 228.0,
        "STREET_NAME_ENG": "WAN CHAI ROAD",
        "STREET_NAME_CHN": "灣仔道",
        "AREA_DESC_ENG": "HONG KONG",
        "AREA_DESC_CHN": "香港",
        "FREE_FORMAT_ADDR_ENG": "BLOCK A ON 5TH FLOOR CHEUNG LOK MANSION NO.228 WAN CHAI ROAD HONG KONG",
        "FREE_FORMAT_ADDR_CHN": NaN,
        "DEV_NAME_ENG": "CHEUNG LOK MANSION",
        "DEV_NAME_CHN": "祥樂大廈",
        "FIRST_REFERENCE_LOT_PRN": "C4805785"
    },
    {
        "PRN": "A2977686",
        "SEQ_NUM": 1,
        "BLOCK": "A",
        "FLOOR": "7",
        "FLAT": NaN,
        "HOUSE_NUM_PREFIX": 228.0,
        "STREET_NAME_ENG": "WAN CHAI ROAD",
        "STREET_NAME_CHN": "灣仔道",
        "AREA_DESC_ENG": "HONG KONG",
        "AREA_DESC_CHN": "香港",
        "FREE_FORMAT_ADDR_ENG": "BLOCK A ON 7TH FLOOR CHEUNG LOK MANSION NO.228 WAN CHAI ROAD HONG KONG",
        "FREE_FORMAT_ADDR_CHN": NaN,
        "DEV_NAME_ENG": "CHEUNG LOK MANSION",
        "DEV_NAME_CHN": "祥樂大廈",
        "FIRST_REFERENCE_LOT_PRN": "C4805785"
    },
    {
        "PRN": "A2977697",
        "SEQ_NUM": 1,
        "BLOCK": "B",
        "FLOOR": "1",
        "FLAT": NaN,
        "HOUSE_NUM_PREFIX": 228.0,
        "STREET_NAME_ENG": "WAN CHAI ROAD",
        "STREET_NAME_CHN": "灣仔道",
        "AREA_DESC_ENG": "HONG KONG",
        "AREA_DESC_CHN": "香港",
        "FREE_FORMAT_ADDR_ENG": "BLOCK B ON 1ST FLOOR CHEUNG LOK MANSION NO.228 WAN CHAI ROAD HONG KONG",
        "FREE_FORMAT_ADDR_CHN": NaN,
        "DEV_NAME_ENG": "CHEUNG LOK MANSION",
        "DEV_NAME_CHN": "祥樂大廈",
        "FIRST_REFERENCE_LOT_PRN": "C4805785"
    },
    {
        "PRN": "A2977706",
        "SEQ_NUM": 1,
        "BLOCK": "B",
        "FLOOR": "2",
        "FLAT": NaN,
        "HOUSE_NUM_PREFIX": 228.0,
        "STREET_NAME_ENG": "WAN CHAI ROAD",
        "STREET_NAME_CHN": "灣仔道",
        "AREA_DESC_ENG": "HONG KONG",
        "AREA_DESC_CHN": "香港",
        "FREE_FORMAT_ADDR_ENG": "BLOCK B ON 2ND FLOOR CHEUNG LOK MANSION NO.228 WAN CHAI ROAD HONG KONG",
        "FREE_FORMAT_ADDR_CHN": NaN,
        "DEV_NAME_ENG": "CHEUNG LOK MANSION",
        "DEV_NAME_CHN": "祥樂大廈",
        "FIRST_REFERENCE_LOT_PRN": "C4805785"
    },
    {
        "PRN": "A2977716",
        "SEQ_NUM": 1,
        "BLOCK": "B",
        "FLOOR": "3",
        "FLAT": NaN,
        "HOUSE_NUM_PREFIX": 228.0,
        "STREET_NAME_ENG": "WAN CHAI ROAD",
        "STREET_NAME_CHN": "灣仔道",
        "AREA_DESC_ENG": "HONG KONG",
        "AREA_DESC_CHN": "香港",
        "FREE_FORMAT_ADDR_ENG": "BLOCK B ON 3RD FLOOR CHEUNG LOK MANSION NO.228 WAN CHAI ROAD HONG KONG",
        "FREE_FORMAT_ADDR_CHN": NaN,
        "DEV_NAME_ENG": "CHEUNG LOK MANSION",
        "DEV_NAME_CHN": "祥樂大廈",
        "FIRST_REFERENCE_LOT_PRN": "C4805785"
    },
    {
        "PRN": "A2977724",
        "SEQ_NUM": 1,
        "BLOCK": "B",
        "FLOOR": "5",
        "FLAT": NaN,
        "HOUSE_NUM_PREFIX": 228.0,
        "STREET_NAME_ENG": "WAN CHAI ROAD",
        "STREET_NAME_CHN": "灣仔道",
        "AREA_DESC_ENG": "HONG KONG",
        "AREA_DESC_CHN": "香港",
        "FREE_FORMAT_ADDR_ENG": "BLOCK B ON 5TH FLOOR CHEUNG LOK MANSION NO.228 WAN CHAI ROAD HONG KONG",
        "FREE_FORMAT_ADDR_CHN": NaN,
        "DEV_NAME_ENG": "CHEUNG LOK MANSION",
        "DEV_NAME_CHN": "祥樂大廈",
        "FIRST_REFERENCE_LOT_PRN": "C4805785"
    },
    {
        "PRN": "A2977732",
        "SEQ_NUM": 1,
        "BLOCK": "B",
        "FLOOR": "6",
        "FLAT": NaN,
        "HOUSE_NUM_PREFIX": 228.0,
        "STREET_NAME_ENG": "WAN CHAI ROAD",
        "STREET_NAME_CHN": "灣仔道",
        "AREA_DESC_ENG": "HONG KONG",
        "AREA_DESC_CHN": "香港",
        "FREE_FORMAT_ADDR_ENG": "BLOCK B ON 6TH FLOOR CHEUNG LOK MANSION NO.228 WAN CHAI ROAD HONG KONG",
        "FREE_FORMAT_ADDR_CHN": NaN,
        "DEV_NAME_ENG": "CHEUNG LOK MANSION",
        "DEV_NAME_CHN": "祥樂大廈",
        "FIRST_REFERENCE_LOT_PRN": "C4805785"
    },
    {
        "PRN": "A2977746",
        "SEQ_NUM": 1,
        "BLOCK": "B",
        "FLOOR": "7",
        "FLAT": NaN,
        "HOUSE_NUM_PREFIX": 228.0,
        "STREET_NAME_ENG": "WAN CHAI ROAD",
        "STREET_NAME_CHN": "灣仔道",
        "AREA_DESC_ENG": "HONG KONG",
        "AREA_DESC_CHN": "香港",
        "FREE_FORMAT_ADDR_ENG": "BLOCK B ON 7TH FLOOR CHEUNG LOK MANSION NO.228 WAN CHAI ROAD HONG KONG",
        "FREE_FORMAT_ADDR_CHN": NaN,
        "DEV_NAME_ENG": "CHEUNG LOK MANSION",
        "DEV_NAME_CHN": "祥樂大廈",
        "FIRST_REFERENCE_LOT_PRN": "C4805785"
    },
    {
        "PRN": "A2977758",
        "SEQ_NUM": 1,
        "BLOCK": "B",
        "FLOOR": "8",
        "FLAT": NaN,
        "HOUSE_NUM_PREFIX": 228.0,
        "STREET_NAME_ENG": "WAN CHAI ROAD",
        "STREET_NAME_CHN": "灣仔道",
        "AREA_DESC_ENG": "HONG KONG",
        "AREA_DESC_CHN": "香港",
        "FREE_FORMAT_ADDR_ENG": "BLOCK B ON 8TH FLOOR CHEUNG LOK MANSION NO.228 WAN CHAI ROAD HONG KONG",
        "FREE_FORMAT_ADDR_CHN": NaN,
        "DEV_NAME_ENG": "CHEUNG LOK MANSION",
        "DEV_NAME_CHN": "祥樂大廈",
        "FIRST_REFERENCE_LOT_PRN": "C4805785"
    },
    {
        "PRN": "A2977769",
        "SEQ_NUM": 1,
        "BLOCK": "B",
        "FLOOR": "9",
        "FLAT": NaN,
        "HOUSE_NUM_PREFIX": 228.0,
        "STREET_NAME_ENG": "WAN CHAI ROAD",
        "STREET_NAME_CHN": "灣仔道",
        "AREA_DESC_ENG": "HONG KONG",
        "AREA_DESC_CHN": "香港",
        "FREE_FORMAT_ADDR_ENG": "BLOCK B ON 9TH FLOOR CHEUNG LOK MANSION NO.228 WAN CHAI ROAD HONG KONG",
        "FREE_FORMAT_ADDR_CHN": NaN,
        "DEV_NAME_ENG": "CHEUNG LOK MANSION",
        "DEV_NAME_CHN": "祥樂大廈",
        "FIRST_REFERENCE_LOT_PRN": "C4805785"
    },
    {
        "PRN": "A2977774",
        "SEQ_NUM": 1,
        "BLOCK": "C",
        "FLOOR": "1",
        "FLAT": NaN,
        "HOUSE_NUM_PREFIX": 228.0,
        "STREET_NAME_ENG": "WAN CHAI ROAD",
        "STREET_NAME_CHN": "灣仔道",
        "AREA_DESC_ENG": "HONG KONG",
        "AREA_DESC_CHN": "香港",
        "FREE_FORMAT_ADDR_ENG": "BLOCK C ON 1ST FLOOR CHEUNG LOK MANSION NO.228 WAN CHAI ROAD HONG KONG",
        "FREE_FORMAT_ADDR_CHN": NaN,
        "DEV_NAME_ENG": "CHEUNG LOK MANSION",
        "DEV_NAME_CHN": "祥樂大廈",
        "FIRST_REFERENCE_LOT_PRN": "C4805785"
    },
    {
        "PRN": "A2977785",
        "SEQ_NUM": 1,
        "BLOCK": "C",
        "FLOOR": "3",
        "FLAT": NaN,
        "HOUSE_NUM_PREFIX": 228.0,
        "STREET_NAME_ENG": "WAN CHAI ROAD",
        "STREET_NAME_CHN": "灣仔道",
        "AREA_DESC_ENG": "HONG KONG",
        "AREA_DESC_CHN": "香港",
        "FREE_FORMAT_ADDR_ENG": "BLOCK C ON 3RD FLOOR CHEUNG LOK MANSION NO.228 WAN CHAI ROAD HONG KONG",
        "FREE_FORMAT_ADDR_CHN": NaN,
        "DEV_NAME_ENG": "CHEUNG LOK MANSION",
        "DEV_NAME_CHN": "祥樂大廈",
        "FIRST_REFERENCE_LOT_PRN": "C4805785"
    },
    {
        "PRN": "A2977790",
        "SEQ_NUM": 1,
        "BLOCK": "C",
        "FLOOR": "7",
        "FLAT": NaN,
        "HOUSE_NUM_PREFIX": 228.0,
        "STREET_NAME_ENG": "WAN CHAI ROAD",
        "STREET_NAME_CHN": "灣仔道",
        "AREA_DESC_ENG": "HONG KONG",
        "AREA_DESC_CHN": "香港",
        "FREE_FORMAT_ADDR_ENG": "BLOCK C ON 7TH FLOOR CHEUNG LOK MANSION NO.228 WAN CHAI ROAD HONG KONG",
        "FREE_FORMAT_ADDR_CHN": NaN,
        "DEV_NAME_ENG": "CHEUNG LOK MANSION",
        "DEV_NAME_CHN": "祥樂大廈",
        "FIRST_REFERENCE_LOT_PRN": "C4805785"
    },
    {
        "PRN": "A2977807",
        "SEQ_NUM": 1,
        "BLOCK": "C",
        "FLOOR": "8",
        "FLAT": NaN,
        "HOUSE_NUM_PREFIX": 228.0,
        "STREET_NAME_ENG": "WAN CHAI ROAD",
        "STREET_NAME_CHN": "灣仔道",
        "AREA_DESC_ENG": "HONG KONG",
        "AREA_DESC_CHN": "香港",
        "FREE_FORMAT_ADDR_ENG": "BLOCK C ON 8TH FLOOR CHEUNG LOK MANSION NO.228 WAN CHAI ROAD HONG KONG",
        "FREE_FORMAT_ADDR_CHN": NaN,
        "DEV_NAME_ENG": "CHEUNG LOK MANSION",
        "DEV_NAME_CHN": "祥樂大廈",
        "FIRST_REFERENCE_LOT_PRN": "C4805785"
    },
    {
        "PRN": "A2977814",
        "SEQ_NUM": 1,
        "BLOCK": "C",
        "FLOOR": "9",
        "FLAT": NaN,
        "HOUSE_NUM_PREFIX": 228.0,
        "STREET_NAME_ENG": "WAN CHAI ROAD",
        "STREET_NAME_CHN": "灣仔道",
        "AREA_DESC_ENG": "HONG KONG",
        "AREA_DESC_CHN": "香港",
        "FREE_FORMAT_ADDR_ENG": "BLOCK C ON 9TH FLOOR CHEUNG LOK MANSION NO.228 WAN CHAI ROAD HONG KONG",
        "FREE_FORMAT_ADDR_CHN": NaN,
        "DEV_NAME_ENG": "CHEUNG LOK MANSION",
        "DEV_NAME_CHN": "祥樂大廈",
        "FIRST_REFERENCE_LOT_PRN": "C4805785"
    },
    {
        "PRN": "A2977826",
        "SEQ_NUM": 1,
        "BLOCK": "D",
        "FLOOR": "3",
        "FLAT": NaN,
        "HOUSE_NUM_PREFIX": 228.0,
        "STREET_NAME_ENG": "WAN CHAI ROAD",
        "STREET_NAME_CHN": "灣仔道",
        "AREA_DESC_ENG": "HONG KONG",
        "AREA_DESC_CHN": "香港",
        "FREE_FORMAT_ADDR_ENG": "BLOCK D 3RD FLOOR CHEUNG LOK MANSION NO.228 WAN CHAI ROAD HONG KONG",
        "FREE_FORMAT_ADDR_CHN": NaN,
        "DEV_NAME_ENG": "CHEUNG LOK MANSION",
        "DEV_NAME_CHN": "祥樂大廈",
        "FIRST_REFERENCE_LOT_PRN": "C4805785"
    },
    {
        "PRN": "A2977833",
        "SEQ_NUM": 1,
        "BLOCK": "D",
        "FLOOR": "4",
        "FLAT": NaN,
        "HOUSE_NUM_PREFIX": 228.0,
        "STREET_NAME_ENG": "WAN CHAI ROAD",
        "STREET_NAME_CHN": "灣仔道",
        "AREA_DESC_ENG": "HONG KONG",
        "AREA_DESC_CHN": "香港",
        "FREE_FORMAT_ADDR_ENG": "BLOCK D ON 4TH FLOOR CHEUNG LOK MANSION NO.228 WAN CHAI ROAD HONG KONG",
        "FREE_FORMAT_ADDR_CHN": NaN,
        "DEV_NAME_ENG": "CHEUNG LOK MANSION",
        "DEV_NAME_CHN": "祥樂大廈",
        "FIRST_REFERENCE_LOT_PRN": "C4805785"
    },
    {
        "PRN": "A2977845",
        "SEQ_NUM": 1,
        "BLOCK": "D",
        "FLOOR": "5",
        "FLAT": NaN,
        "HOUSE_NUM_PREFIX": 228.0,
        "STREET_NAME_ENG": "WAN CHAI ROAD",
        "STREET_NAME_CHN": "灣仔道",
        "AREA_DESC_ENG": "HONG KONG",
        "AREA_DESC_CHN": "香港",
        "FREE_FORMAT_ADDR_ENG": "BLOCK D ON 5TH FLOOR CHEUNG LOK MANSION NO.228 WAN CHAI ROAD HONG KONG",
        "FREE_FORMAT_ADDR_CHN": NaN,
        "DEV_NAME_ENG": "CHEUNG LOK MANSION",
        "DEV_NAME_CHN": "祥樂大廈",
        "FIRST_REFERENCE_LOT_PRN": "C4805785"
    },
    {
        "PRN": "A2977852",
        "SEQ_NUM": 1,
        "BLOCK": "D",
        "FLOOR": "6",
        "FLAT": NaN,
        "HOUSE_NUM_PREFIX": 228.0,
        "STREET_NAME_ENG": "WAN CHAI ROAD",
        "STREET_NAME_CHN": "灣仔道",
        "AREA_DESC_ENG": "HONG KONG",
        "AREA_DESC_CHN": "香港",
        "FREE_FORMAT_ADDR_ENG": "BLOCK D ON 6TH FLOOR CHEUNG LOK MANSION NO.228 WAN CHAI ROAD HONG KONG",
        "FREE_FORMAT_ADDR_CHN": NaN,
        "DEV_NAME_ENG": "CHEUNG LOK MANSION",
        "DEV_NAME_CHN": "祥樂大廈",
        "FIRST_REFERENCE_LOT_PRN": "C4805785"
    },
    {
        "PRN": "A2977862",
        "SEQ_NUM": 1,
        "BLOCK": "D",
        "FLOOR": "9",
        "FLAT": NaN,
        "HOUSE_NUM_PREFIX": 228.0,
        "STREET_NAME_ENG": "WAN CHAI ROAD",
        "STREET_NAME_CHN": "灣仔道",
        "AREA_DESC_ENG": "HONG KONG",
        "AREA_DESC_CHN": "香港",
        "FREE_FORMAT_ADDR_ENG": "BLOCK D ON 9TH FLOOR CHEUNG LOK MANSION NO.228 WAN CHAI ROAD HONG KONG",
        "FREE_FORMAT_ADDR_CHN": NaN,
        "DEV_NAME_ENG": "CHEUNG LOK MANSION",
        "DEV_NAME_CHN": "祥樂大廈",
        "FIRST_REFERENCE_LOT_PRN": "C4805785"
    },
    {
        "PRN": "A2977872",
        "SEQ_NUM": 1,
        "BLOCK": "E",
        "FLOOR": "1",
        "FLAT": NaN,
        "HOUSE_NUM_PREFIX": 228.0,
        "STREET_NAME_ENG": "WAN CHAI ROAD",
        "STREET_NAME_CHN": "灣仔道",
        "AREA_DESC_ENG": "HONG KONG",
        "AREA_DESC_CHN": "香港",
        "FREE_FORMAT_ADDR_ENG": "BLOCK E ON 1ST FLOOR CHEUNG LOK MANSION NO.228 WAN CHAI ROAD HONG KONG",
        "FREE_FORMAT_ADDR_CHN": NaN,
        "DEV_NAME_ENG": "CHEUNG LOK MANSION",
        "DEV_NAME_CHN": "祥樂大廈",
        "FIRST_REFERENCE_LOT_PRN": "C4805785"
    },
    {
        "PRN": "A2977885",
        "SEQ_NUM": 1,
        "BLOCK": "E",
        "FLOOR": "2",
        "FLAT": NaN,
        "HOUSE_NUM_PREFIX": 228.0,
        "STREET_NAME_ENG": "WAN CHAI ROAD",
        "STREET_NAME_CHN": "灣仔道",
        "AREA_DESC_ENG": "HONG KONG",
        "AREA_DESC_CHN": "香港",
        "FREE_FORMAT_ADDR_ENG": "BLOCK E ON 2ND FLOOR CHEUNG LOK MANSION NO.228 WAN CHAI ROAD HONG KONG",
        "FREE_FORMAT_ADDR_CHN": NaN,
        "DEV_NAME_ENG": "CHEUNG LOK MANSION",
        "DEV_NAME_CHN": "祥樂大廈",
        "FIRST_REFERENCE_LOT_PRN": "C4805785"
    },
    {
        "PRN": "A2977894",
        "SEQ_NUM": 1,
        "BLOCK": "E",
        "FLOOR": "3",
        "FLAT": NaN,
        "HOUSE_NUM_PREFIX": 228.0,
        "STREET_NAME_ENG": "WAN CHAI ROAD",
        "STREET_NAME_CHN": "灣仔道",
        "AREA_DESC_ENG": "HONG KONG",
        "AREA_DESC_CHN": "香港",
        "FREE_FORMAT_ADDR_ENG": "BLOCK E ON 3RD FLOOR CHEUNG LOK MANSION NO.228 WAN CHAI ROAD HONG KONG",
        "FREE_FORMAT_ADDR_CHN": NaN,
        "DEV_NAME_ENG": "CHEUNG LOK MANSION",
        "DEV_NAME_CHN": "祥樂大廈",
        "FIRST_REFERENCE_LOT_PRN": "C4805785"
    },
    {
        "PRN": "A2977907",
        "SEQ_NUM": 1,
        "BLOCK": "E",
        "FLOOR": "4",
        "FLAT": NaN,
        "HOUSE_NUM_PREFIX": 228.0,
        "STREET_NAME_ENG": "WAN CHAI ROAD",
        "STREET_NAME_CHN": "灣仔道",
        "AREA_DESC_ENG": "HONG KONG",
        "AREA_DESC_CHN": "香港",
        "FREE_FORMAT_ADDR_ENG": "BLOCK E ON 4TH FLOOR CHEUNG LOK MANSION NO.228 WAN CHAI ROAD HONG KONG",
        "FREE_FORMAT_ADDR_CHN": NaN,
        "DEV_NAME_ENG": "CHEUNG LOK MANSION",
        "DEV_NAME_CHN": "祥樂大廈",
        "FIRST_REFERENCE_LOT_PRN": "C4805785"
    },
    {
        "PRN": "A2977917",
        "SEQ_NUM": 1,
        "BLOCK": "E",
        "FLOOR": "7",
        "FLAT": NaN,
        "HOUSE_NUM_PREFIX": 228.0,
        "STREET_NAME_ENG": "WAN CHAI ROAD",
        "STREET_NAME_CHN": "灣仔道",
        "AREA_DESC_ENG": "HONG KONG",
        "AREA_DESC_CHN": "香港",
        "FREE_FORMAT_ADDR_ENG": "BLOCK E ON 7TH FLOOR CHEUNG LOK MANSION NO.228 WAN CHAI ROAD HONG KONG",
        "FREE_FORMAT_ADDR_CHN": NaN,
        "DEV_NAME_ENG": "CHEUNG LOK MANSION",
        "DEV_NAME_CHN": "祥樂大廈",
        "FIRST_REFERENCE_LOT_PRN": "C4805785"
    },
    {
        "PRN": "A2977921",
        "SEQ_NUM": 1,
        "BLOCK": "E",
        "FLOOR": "9",
        "FLAT": NaN,
        "HOUSE_NUM_PREFIX": 228.0,
        "STREET_NAME_ENG": "WAN CHAI ROAD",
        "STREET_NAME_CHN": "灣仔道",
        "AREA_DESC_ENG": "HONG KONG",
        "AREA_DESC_CHN": "香港",
        "FREE_FORMAT_ADDR_ENG": "BLOCK E ON 9TH FLOOR CHEUNG LOK MANSION NO.228 WAN CHAI ROAD HONG KONG",
        "FREE_FORMAT_ADDR_CHN": NaN,
        "DEV_NAME_ENG": "CHEUNG LOK MANSION",
        "DEV_NAME_CHN": "祥樂大廈",
        "FIRST_REFERENCE_LOT_PRN": "C4805785"
    },
    {
        "PRN": "A2977934",
        "SEQ_NUM": 1,
        "BLOCK": "F",
        "FLOOR": "3",
        "FLAT": NaN,
        "HOUSE_NUM_PREFIX": 228.0,
        "STREET_NAME_ENG": "WAN CHAI ROAD",
        "STREET_NAME_CHN": "灣仔道",
        "AREA_DESC_ENG": "HONG KONG",
        "AREA_DESC_CHN": "香港",
        "FREE_FORMAT_ADDR_ENG": "BLOCK F ON 3RD FLOOR CHEUNG LOK MANSION NO.228 WAN CHAI ROAD HONG KONG",
        "FREE_FORMAT_ADDR_CHN": NaN,
        "DEV_NAME_ENG": "CHEUNG LOK MANSION",
        "DEV_NAME_CHN": "祥樂大廈",
        "FIRST_REFERENCE_LOT_PRN": "C4805785"
    },
    {
        "PRN": "A2977945",
        "SEQ_NUM": 1,
        "BLOCK": "F",
        "FLOOR": "4",
        "FLAT": NaN,
        "HOUSE_NUM_PREFIX": 228.0,
        "STREET_NAME_ENG": "WAN CHAI ROAD",
        "STREET_NAME_CHN": "灣仔道",
        "AREA_DESC_ENG": "HONG KONG",
        "AREA_DESC_CHN": "香港",
        "FREE_FORMAT_ADDR_ENG": "BLOCK F ON 4TH FLOOR CHEUNG LOK MANSION NO.228 WAN CHAI ROAD HONG KONG",
        "FREE_FORMAT_ADDR_CHN": NaN,
        "DEV_NAME_ENG": "CHEUNG LOK MANSION",
        "DEV_NAME_CHN": "祥樂大廈",
        "FIRST_REFERENCE_LOT_PRN": "C4805785"
    },
    {
        "PRN": "A2977950",
        "SEQ_NUM": 1,
        "BLOCK": "F",
        "FLOOR": "5",
        "FLAT": NaN,
        "HOUSE_NUM_PREFIX": 228.0,
        "STREET_NAME_ENG": "WAN CHAI ROAD",
        "STREET_NAME_CHN": "灣仔道",
        "AREA_DESC_ENG": "HONG KONG",
        "AREA_DESC_CHN": "香港",
        "FREE_FORMAT_ADDR_ENG": "BLOCK F ON 5TH FLOOR CHEUNG LOK MANSION NO.228 WAN CHAI ROAD HONG KONG",
        "FREE_FORMAT_ADDR_CHN": NaN,
        "DEV_NAME_ENG": "CHEUNG LOK MANSION",
        "DEV_NAME_CHN": "祥樂大廈",
        "FIRST_REFERENCE_LOT_PRN": "C4805785"
    },
    {
        "PRN": "A2977967",
        "SEQ_NUM": 1,
        "BLOCK": "F",
        "FLOOR": "7",
        "FLAT": NaN,
        "HOUSE_NUM_PREFIX": 228.0,
        "STREET_NAME_ENG": "WAN CHAI ROAD",
        "STREET_NAME_CHN": "灣仔道",
        "AREA_DESC_ENG": "HONG KONG",
        "AREA_DESC_CHN": "香港",
        "FREE_FORMAT_ADDR_ENG": "BLOCK F ON 7TH FLOOR CHEUNG LOK MANSION NO.228 WAN CHAI ROAD HONG KONG",
        "FREE_FORMAT_ADDR_CHN": NaN,
        "DEV_NAME_ENG": "CHEUNG LOK MANSION",
        "DEV_NAME_CHN": "祥樂大廈",
        "FIRST_REFERENCE_LOT_PRN": "C4805785"
    },
    {
        "PRN": "A2977970",
        "SEQ_NUM": 1,
        "BLOCK": "F",
        "FLOOR": "8",
        "FLAT": NaN,
        "HOUSE_NUM_PREFIX": 228.0,
        "STREET_NAME_ENG": "WAN CHAI ROAD",
        "STREET_NAME_CHN": "灣仔道",
        "AREA_DESC_ENG": "HONG KONG",
        "AREA_DESC_CHN": "香港",
        "FREE_FORMAT_ADDR_ENG": "BLOCK F ON 8TH FLOOR CHEUNG LOK MANSION NO.228 WAN CHAI ROAD HONG KONG",
        "FREE_FORMAT_ADDR_CHN": NaN,
        "DEV_NAME_ENG": "CHEUNG LOK MANSION",
        "DEV_NAME_CHN": "祥樂大廈",
        "FIRST_REFERENCE_LOT_PRN": "C4805785"
    },
    {
        "PRN": "A2977982",
        "SEQ_NUM": 1,
        "BLOCK": "F",
        "FLOOR": "9",
        "FLAT": NaN,
        "HOUSE_NUM_PREFIX": 228.0,
        "STREET_NAME_ENG": "WAN CHAI ROAD",
        "STREET_NAME_CHN": "灣仔道",
        "AREA_DESC_ENG": "HONG KONG",
        "AREA_DESC_CHN": "香港",
        "FREE_FORMAT_ADDR_ENG": "BLOCK F ON 9TH FLOOR CHEUNG LOK MANSION NO.228 WAN CHAI ROAD HONG KONG",
        "FREE_FORMAT_ADDR_CHN": NaN,
        "DEV_NAME_ENG": "CHEUNG LOK MANSION",
        "DEV_NAME_CHN": "祥樂大廈",
        "FIRST_REFERENCE_LOT_PRN": "C4805785"
    },
    {
        "PRN": "A2977991",
        "SEQ_NUM": 1,
        "BLOCK": "G",
        "FLOOR": "2",
        "FLAT": NaN,
        "HOUSE_NUM_PREFIX": 228.0,
        "STREET_NAME_ENG": "WAN CHAI ROAD",
        "STREET_NAME_CHN": "灣仔道",
        "AREA_DESC_ENG": "HONG KONG",
        "AREA_DESC_CHN": "香港",
        "FREE_FORMAT_ADDR_ENG": "BLOCK G ON 2ND FLOOR CHEUNG LOK MANSION NO.228 WAN CHAI ROAD HONG KONG",
        "FREE_FORMAT_ADDR_CHN": NaN,
        "DEV_NAME_ENG": "CHEUNG LOK MANSION",
        "DEV_NAME_CHN": "祥樂大廈",
        "FIRST_REFERENCE_LOT_PRN": "C4805785"
    },
    {
        "PRN": "A2978002",
        "SEQ_NUM": 1,
        "BLOCK": "G",
        "FLOOR": "3",
        "FLAT": NaN,
        "HOUSE_NUM_PREFIX": 228.0,
        "STREET_NAME_ENG": "WAN CHAI ROAD",
        "STREET_NAME_CHN": "灣仔道",
        "AREA_DESC_ENG": "HONG KONG",
        "AREA_DESC_CHN": "香港",
        "FREE_FORMAT_ADDR_ENG": "BLOCK G ON 3RD FLOOR CHEUNG LOK MANSION NO.228 WAN CHAI ROAD HONG KONG",
        "FREE_FORMAT_ADDR_CHN": NaN,
        "DEV_NAME_ENG": "CHEUNG LOK MANSION",
        "DEV_NAME_CHN": "祥樂大廈",
        "FIRST_REFERENCE_LOT_PRN": "C4805785"
    },
    {
        "PRN": "A2978016",
        "SEQ_NUM": 1,
        "BLOCK": "G",
        "FLOOR": "4",
        "FLAT": NaN,
        "HOUSE_NUM_PREFIX": 228.0,
        "STREET_NAME_ENG": "WAN CHAI ROAD",
        "STREET_NAME_CHN": "灣仔道",
        "AREA_DESC_ENG": "HONG KONG",
        "AREA_DESC_CHN": "香港",
        "FREE_FORMAT_ADDR_ENG": "BLOCK G ON 4TH FLOOR CHEUNG LOK MANSION NO.228 WAN CHAI ROAD HONG KONG",
        "FREE_FORMAT_ADDR_CHN": NaN,
        "DEV_NAME_ENG": "CHEUNG LOK MANSION",
        "DEV_NAME_CHN": "祥樂大廈",
        "FIRST_REFERENCE_LOT_PRN": "C4805785"
    },
    {
        "PRN": "A2978021",
        "SEQ_NUM": 1,
        "BLOCK": "G",
        "FLOOR": "6",
        "FLAT": NaN,
        "HOUSE_NUM_PREFIX": 228.0,
        "STREET_NAME_ENG": "WAN CHAI ROAD",
        "STREET_NAME_CHN": "灣仔道",
        "AREA_DESC_ENG": "HONG KONG",
        "AREA_DESC_CHN": "香港",
        "FREE_FORMAT_ADDR_ENG": "BLOCK G ON 6TH FLOOR CHEUNG LOK MANSION NO.228 WAN CHAI ROAD HONG KONG",
        "FREE_FORMAT_ADDR_CHN": NaN,
        "DEV_NAME_ENG": "CHEUNG LOK MANSION",
        "DEV_NAME_CHN": "祥樂大廈",
        "FIRST_REFERENCE_LOT_PRN": "C4805785"
    },
    {
        "PRN": "A2978030",
        "SEQ_NUM": 1,
        "BLOCK": "G",
        "FLOOR": "9",
        "FLAT": NaN,
        "HOUSE_NUM_PREFIX": 228.0,
        "STREET_NAME_ENG": "WAN CHAI ROAD",
        "STREET_NAME_CHN": "灣仔道",
        "AREA_DESC_ENG": "HONG KONG",
        "AREA_DESC_CHN": "香港",
        "FREE_FORMAT_ADDR_ENG": "BLOCK G ON 9TH FLOOR CHEUNG LOK MANSION NO.228 WAN CHAI ROAD HONG KONG",
        "FREE_FORMAT_ADDR_CHN": NaN,
        "DEV_NAME_ENG": "CHEUNG LOK MANSION",
        "DEV_NAME_CHN": "祥樂大廈",
        "FIRST_REFERENCE_LOT_PRN": "C4805785"
    },
    {
        "PRN": "A2978049",
        "SEQ_NUM": 1,
        "BLOCK": "H",
        "FLOOR": "1",
        "FLAT": NaN,
        "HOUSE_NUM_PREFIX": 228.0,
        "STREET_NAME_ENG": "WAN CHAI ROAD",
        "STREET_NAME_CHN": "灣仔道",
        "AREA_DESC_ENG": "HONG KONG",
        "AREA_DESC_CHN": "香港",
        "FREE_FORMAT_ADDR_ENG": "BLOCK H ON 1ST FLOOR & THE OPEN YARD CHEUNG LOK MANSION NO.228 WAN CHAI ROAD HONG KONG",
        "FREE_FORMAT_ADDR_CHN": NaN,
        "DEV_NAME_ENG": "CHEUNG LOK MANSION",
        "DEV_NAME_CHN": "祥樂大廈",
        "FIRST_REFERENCE_LOT_PRN": "C4805785"
    },
    {
        "PRN": "A2978054",
        "SEQ_NUM": 1,
        "BLOCK": "H",
        "FLOOR": "5",
        "FLAT": NaN,
        "HOUSE_NUM_PREFIX": 228.0,
        "STREET_NAME_ENG": "WAN CHAI ROAD",
        "STREET_NAME_CHN": "灣仔道",
        "AREA_DESC_ENG": "HONG KONG",
        "AREA_DESC_CHN": "香港",
        "FREE_FORMAT_ADDR_ENG": "BLOCK H ON 5TH FLOOR CHEUNG LOK MANSION NO.228 WAN CHAI ROAD HONG KONG",
        "FREE_FORMAT_ADDR_CHN": NaN,
        "DEV_NAME_ENG": "CHEUNG LOK MANSION",
        "DEV_NAME_CHN": "祥樂大廈",
        "FIRST_REFERENCE_LOT_PRN": "C4805785"
    },
    {
        "PRN": "A2978068",
        "SEQ_NUM": 1,
        "BLOCK": "H",
        "FLOOR": "6",
        "FLAT": NaN,
        "HOUSE_NUM_PREFIX": 228.0,
        "STREET_NAME_ENG": "WAN CHAI ROAD",
        "STREET_NAME_CHN": "灣仔道",
        "AREA_DESC_ENG": "HONG KONG",
        "AREA_DESC_CHN": "香港",
        "FREE_FORMAT_ADDR_ENG": "BLOCK H ON 6TH FLOOR CHEUNG LOK MANSION NO.228 WAN CHAI ROAD HONG KONG",
        "FREE_FORMAT_ADDR_CHN": NaN,
        "DEV_NAME_ENG": "CHEUNG LOK MANSION",
        "DEV_NAME_CHN": "祥樂大廈",
        "FIRST_REFERENCE_LOT_PRN": "C4805785"
    },
    {
        "PRN": "A2978074",
        "SEQ_NUM": 1,
        "BLOCK": "H",
        "FLOOR": "7",
        "FLAT": NaN,
        "HOUSE_NUM_PREFIX": 228.0,
        "STREET_NAME_ENG": "WAN CHAI ROAD",
        "STREET_NAME_CHN": "灣仔道",
        "AREA_DESC_ENG": "HONG KONG",
        "AREA_DESC_CHN": "香港",
        "FREE_FORMAT_ADDR_ENG": "BLOCK H ON 7TH FLOOR CHEUNG LOK MANSION NO.228 WAN CHAI ROAD HONG KONG",
        "FREE_FORMAT_ADDR_CHN": NaN,
        "DEV_NAME_ENG": "CHEUNG LOK MANSION",
        "DEV_NAME_CHN": "祥樂大廈",
        "FIRST_REFERENCE_LOT_PRN": "C4805785"
    },
    {
        "PRN": "A2978088",
        "SEQ_NUM": 1,
        "BLOCK": "H",
        "FLOOR": "9",
        "FLAT": NaN,
        "HOUSE_NUM_PREFIX": 228.0,
        "STREET_NAME_ENG": "WAN CHAI ROAD",
        "STREET_NAME_CHN": "灣仔道",
        "AREA_DESC_ENG": "HONG KONG",
        "AREA_DESC_CHN": "香港",
        "FREE_FORMAT_ADDR_ENG": "BLOCK H ON 9TH FLOOR & ROOF TOP THEREOF CHEUNG LOK MANSION NO.228 WAN CHAI ROAD HONG KONG",
        "FREE_FORMAT_ADDR_CHN": NaN,
        "DEV_NAME_ENG": "CHEUNG LOK MANSION",
        "DEV_NAME_CHN": "祥樂大廈",
        "FIRST_REFERENCE_LOT_PRN": "C4805785"
    },
    {
        "PRN": "A2978093",
        "SEQ_NUM": 1,
        "BLOCK": "I",
        "FLOOR": "1",
        "FLAT": NaN,
        "HOUSE_NUM_PREFIX": 228.0,
        "STREET_NAME_ENG": "WAN CHAI ROAD",
        "STREET_NAME_CHN": "灣仔道",
        "AREA_DESC_ENG": "HONG KONG",
        "AREA_DESC_CHN": "香港",
        "FREE_FORMAT_ADDR_ENG": "BLOCK I ON 1ST FLOOR CHEUNG LOK MANSION NO.228 WAN CHAI ROAD HONG KONG",
        "FREE_FORMAT_ADDR_CHN": NaN,
        "DEV_NAME_ENG": "CHEUNG LOK MANSION",
        "DEV_NAME_CHN": "祥樂大廈",
        "FIRST_REFERENCE_LOT_PRN": "C4805785"
    },
    {
        "PRN": "A2978100",
        "SEQ_NUM": 1,
        "BLOCK": "I",
        "FLOOR": "4",
        "FLAT": NaN,
        "HOUSE_NUM_PREFIX": 228.0,
        "STREET_NAME_ENG": "WAN CHAI ROAD",
        "STREET_NAME_CHN": "灣仔道",
        "AREA_DESC_ENG": "HONG KONG",
        "AREA_DESC_CHN": "香港",
        "FREE_FORMAT_ADDR_ENG": "BLOCK I ON 4TH FLOOR CHEUNG LOK MANSION NO.228 WAN CHAI ROAD HONG KONG",
        "FREE_FORMAT_ADDR_CHN": NaN,
        "DEV_NAME_ENG": "CHEUNG LOK MANSION",
        "DEV_NAME_CHN": "祥樂大廈",
        "FIRST_REFERENCE_LOT_PRN": "C4805785"
    },
    {
        "PRN": "A2978114",
        "SEQ_NUM": 1,
        "BLOCK": "I",
        "FLOOR": "5",
        "FLAT": NaN,
        "HOUSE_NUM_PREFIX": 228.0,
        "STREET_NAME_ENG": "WAN CHAI ROAD",
        "STREET_NAME_CHN": "灣仔道",
        "AREA_DESC_ENG": "HONG KONG",
        "AREA_DESC_CHN": "香港",
        "FREE_FORMAT_ADDR_ENG": "BLOCK I ON 5TH FLOOR CHEUNG LOK MANSION NO.228 WAN CHAI ROAD HONG KONG",
        "FREE_FORMAT_ADDR_CHN": NaN,
        "DEV_NAME_ENG": "CHEUNG LOK MANSION",
        "DEV_NAME_CHN": "祥樂大廈",
        "FIRST_REFERENCE_LOT_PRN": "C4805785"
    },
    {
        "PRN": "A2978127",
        "SEQ_NUM": 1,
        "BLOCK": "I",
        "FLOOR": "6",
        "FLAT": NaN,
        "HOUSE_NUM_PREFIX": 228.0,
        "STREET_NAME_ENG": "WAN CHAI ROAD",
        "STREET_NAME_CHN": "灣仔道",
        "AREA_DESC_ENG": "HONG KONG",
        "AREA_DESC_CHN": "香港",
        "FREE_FORMAT_ADDR_ENG": "BLOCK I ON 6TH FLOOR CHEUNG LOK MANSION NO.228 WAN CHAI ROAD HONG KONG",
        "FREE_FORMAT_ADDR_CHN": NaN,
        "DEV_NAME_ENG": "CHEUNG LOK MANSION",
        "DEV_NAME_CHN": "祥樂大廈",
        "FIRST_REFERENCE_LOT_PRN": "C4805785"
    },
    {
        "PRN": "A2978139",
        "SEQ_NUM": 1,
        "BLOCK": "I",
        "FLOOR": "8",
        "FLAT": NaN,
        "HOUSE_NUM_PREFIX": 228.0,
        "STREET_NAME_ENG": "WAN CHAI ROAD",
        "STREET_NAME_CHN": "灣仔道",
        "AREA_DESC_ENG": "HONG KONG",
        "AREA_DESC_CHN": "香港",
        "FREE_FORMAT_ADDR_ENG": "BLOCK I ON 8TH FLOOR CHEUNG LOK MANSION NO.228 WAN CHAI ROAD HONG KONG",
        "FREE_FORMAT_ADDR_CHN": NaN,
        "DEV_NAME_ENG": "CHEUNG LOK MANSION",
        "DEV_NAME_CHN": "祥樂大廈",
        "FIRST_REFERENCE_LOT_PRN": "C4805785"
    },
    {
        "PRN": "A2978146",
        "SEQ_NUM": 1,
        "BLOCK": "I",
        "FLOOR": "9",
        "FLAT": NaN,
        "HOUSE_NUM_PREFIX": 228.0,
        "STREET_NAME_ENG": "WAN CHAI ROAD",
        "STREET_NAME_CHN": "灣仔道",
        "AREA_DESC_ENG": "HONG KONG",
        "AREA_DESC_CHN": "香港",
        "FREE_FORMAT_ADDR_ENG": "BLOCK I ON 9TH FLOOR & ROOF TOP THEREOF CHEUNG LOK MANSION NO.228 WAN CHAI ROAD HONG KONG",
        "FREE_FORMAT_ADDR_CHN": NaN,
        "DEV_NAME_ENG": "CHEUNG LOK MANSION",
        "DEV_NAME_CHN": "祥樂大廈",
        "FIRST_REFERENCE_LOT_PRN": "C4805785"
    },
    {
        "PRN": "B3751168",
        "SEQ_NUM": 1,
        "BLOCK": "B",
        "FLOOR": "B",
        "FLAT": NaN,
        "HOUSE_NUM_PREFIX": 222.0,
        "STREET_NAME_ENG": "WAN CHAI ROAD",
        "STREET_NAME_CHN": "灣仔道",
        "AREA_DESC_ENG": "HONG KONG",
        "AREA_DESC_CHN": "香港",
        "FREE_FORMAT_ADDR_ENG": "BLOCK B ON BASEMENT FLOOR CHEUNG LOK MANSION NOS.222/224 & 226/228 WAN CHAI ROAD HONG KONG",
        "FREE_FORMAT_ADDR_CHN": NaN,
        "DEV_NAME_ENG": "CHEUNG LOK MANSION",
        "DEV_NAME_CHN": "祥樂大廈",
        "FIRST_REFERENCE_LOT_PRN": "C4805785"
    },
    {
        "PRN": "B3751182",
        "SEQ_NUM": 1,
        "BLOCK": "A",
        "FLOOR": "6",
        "FLAT": NaN,
        "HOUSE_NUM_PREFIX": 228.0,
        "STREET_NAME_ENG": "WAN CHAI ROAD",
        "STREET_NAME_CHN": "灣仔道",
        "AREA_DESC_ENG": "HONG KONG",
        "AREA_DESC_CHN": "香港",
        "FREE_FORMAT_ADDR_ENG": "BLOCK A ON 6TH FLOOR CHEUNG LOK MANSION NO.228 WAN CHAI ROAD HONG KONG",
        "FREE_FORMAT_ADDR_CHN": NaN,
        "DEV_NAME_ENG": "CHEUNG LOK MANSION",
        "DEV_NAME_CHN": "祥樂大廈",
        "FIRST_REFERENCE_LOT_PRN": "C4805785"
    },
    {
        "PRN": "B3751195",
        "SEQ_NUM": 1,
        "BLOCK": "C",
        "FLOOR": "4",
        "FLAT": NaN,
        "HOUSE_NUM_PREFIX": 228.0,
        "STREET_NAME_ENG": "WAN CHAI ROAD",
        "STREET_NAME_CHN": "灣仔道",
        "AREA_DESC_ENG": "HONG KONG",
        "AREA_DESC_CHN": "香港",
        "FREE_FORMAT_ADDR_ENG": "BLOCK C ON 4TH FLOOR CHEUNG LOK MANSION NO.228 WAN CHAI ROAD HONG KONG",
        "FREE_FORMAT_ADDR_CHN": NaN,
        "DEV_NAME_ENG": "CHEUNG LOK MANSION",
        "DEV_NAME_CHN": "祥樂大廈",
        "FIRST_REFERENCE_LOT_PRN": "C4805785"
    },
    {
        "PRN": "B3751208",
        "SEQ_NUM": 1,
        "BLOCK": "D",
        "FLOOR": "1",
        "FLAT": NaN,
        "HOUSE_NUM_PREFIX": 228.0,
        "STREET_NAME_ENG": "WAN CHAI ROAD",
        "STREET_NAME_CHN": "灣仔道",
        "AREA_DESC_ENG": "HONG KONG",
        "AREA_DESC_CHN": "香港",
        "FREE_FORMAT_ADDR_ENG": "BLOCK D ON 1ST FLOOR CHEUNG LOK MANSION NO.228 WAN CHAI ROAD HONG KONG",
        "FREE_FORMAT_ADDR_CHN": NaN,
        "DEV_NAME_ENG": "CHEUNG LOK MANSION",
        "DEV_NAME_CHN": "祥樂大廈",
        "FIRST_REFERENCE_LOT_PRN": "C4805785"
    },
    {
        "PRN": "B3751219",
        "SEQ_NUM": 1,
        "BLOCK": "D",
        "FLOOR": "7",
        "FLAT": NaN,
        "HOUSE_NUM_PREFIX": 228.0,
        "STREET_NAME_ENG": "WAN CHAI ROAD",
        "STREET_NAME_CHN": "灣仔道",
        "AREA_DESC_ENG": "HONG KONG",
        "AREA_DESC_CHN": "香港",
        "FREE_FORMAT_ADDR_ENG": "BLOCK D ON 7TH FLOOR CHEUNG LOK MANSION NO.228 WAN CHAI ROAD HONG KONG",
        "FREE_FORMAT_ADDR_CHN": NaN,
        "DEV_NAME_ENG": "CHEUNG LOK MANSION",
        "DEV_NAME_CHN": "祥樂大廈",
        "FIRST_REFERENCE_LOT_PRN": "C4805785"
    },
    {
        "PRN": "B3751224",
        "SEQ_NUM": 1,
        "BLOCK": "F",
        "FLOOR": "1",
        "FLAT": NaN,
        "HOUSE_NUM_PREFIX": 228.0,
        "STREET_NAME_ENG": "WAN CHAI ROAD",
        "STREET_NAME_CHN": "灣仔道",
        "AREA_DESC_ENG": "HONG KONG",
        "AREA_DESC_CHN": "香港",
        "FREE_FORMAT_ADDR_ENG": "BLOCK F ON 1ST FLOOR & FLAT ROOF CHEUNG LOK MANSION NO.228 WAN CHAI ROAD HONG KONG",
        "FREE_FORMAT_ADDR_CHN": NaN,
        "DEV_NAME_ENG": "CHEUNG LOK MANSION",
        "DEV_NAME_CHN": "祥樂大廈",
        "FIRST_REFERENCE_LOT_PRN": "C4805785"
    },
    {
        "PRN": "B3751239",
        "SEQ_NUM": 1,
        "BLOCK": "H",
        "FLOOR": "4",
        "FLAT": NaN,
        "HOUSE_NUM_PREFIX": 228.0,
        "STREET_NAME_ENG": "WAN CHAI ROAD",
        "STREET_NAME_CHN": "灣仔道",
        "AREA_DESC_ENG": "HONG KONG",
        "AREA_DESC_CHN": "香港",
        "FREE_FORMAT_ADDR_ENG": "BLOCK H ON 4TH FLOOR CHEUNG LOK MANSION NO.228 WAN CHAI ROAD HONG KONG",
        "FREE_FORMAT_ADDR_CHN": NaN,
        "DEV_NAME_ENG": "CHEUNG LOK MANSION",
        "DEV_NAME_CHN": "祥樂大廈",
        "FIRST_REFERENCE_LOT_PRN": "C4805785"
    },
    {
        "PRN": "B5123750",
        "SEQ_NUM": 1,
        "BLOCK": "A",
        "FLOOR": "B",
        "FLAT": NaN,
        "HOUSE_NUM_PREFIX": 222.0,
        "STREET_NAME_ENG": "WAN CHAI ROAD",
        "STREET_NAME_CHN": "灣仔道",
        "AREA_DESC_ENG": "HONG KONG",
        "AREA_DESC_CHN": "香港",
        "FREE_FORMAT_ADDR_ENG": "BLOCK A ON BASEMENT FLOOR CHEUNG LOK MANSION NOS.222/224 & 226/228 WAN CHAI ROAD HONG KONG",
        "FREE_FORMAT_ADDR_CHN": NaN,
        "DEV_NAME_ENG": "CHEUNG LOK MANSION",
        "DEV_NAME_CHN": "祥樂大廈",
        "FIRST_REFERENCE_LOT_PRN": "C4805785"
    },
    {
        "PRN": "B5123762",
        "SEQ_NUM": 1,
        "BLOCK": "C",
        "FLOOR": "5",
        "FLAT": NaN,
        "HOUSE_NUM_PREFIX": 228.0,
        "STREET_NAME_ENG": "WAN CHAI ROAD",
        "STREET_NAME_CHN": "灣仔道",
        "AREA_DESC_ENG": "HONG KONG",
        "AREA_DESC_CHN": "香港",
        "FREE_FORMAT_ADDR_ENG": "BLOCK C ON 5TH FLOOR CHEUNG LOK MANSION NO.228 WAN CHAI ROAD HONG KONG",
        "FREE_FORMAT_ADDR_CHN": NaN,
        "DEV_NAME_ENG": "CHEUNG LOK MANSION",
        "DEV_NAME_CHN": "祥樂大廈",
        "FIRST_REFERENCE_LOT_PRN": "C4805785"
    },
    {
        "PRN": "B5458216",
        "SEQ_NUM": 1,
        "BLOCK": "A",
        "FLOOR": "8",
        "FLAT": NaN,
        "HOUSE_NUM_PREFIX": 228.0,
        "STREET_NAME_ENG": "WAN CHAI ROAD",
        "STREET_NAME_CHN": "灣仔道",
        "AREA_DESC_ENG": "HONG KONG",
        "AREA_DESC_CHN": "香港",
        "FREE_FORMAT_ADDR_ENG": "BLOCK A ON 8TH FLOOR CHEUNG LOK MANSION NO.228 WAN CHAI ROAD HONG KONG",
        "FREE_FORMAT_ADDR_CHN": NaN,
        "DEV_NAME_ENG": "CHEUNG LOK MANSION",
        "DEV_NAME_CHN": "祥樂大廈",
        "FIRST_REFERENCE_LOT_PRN": "C4805785"
    },
    {
        "PRN": "B5458220",
        "SEQ_NUM": 1,
        "BLOCK": "A",
        "FLOOR": "9",
        "FLAT": NaN,
        "HOUSE_NUM_PREFIX": 228.0,
        "STREET_NAME_ENG": "WAN CHAI ROAD",
        "STREET_NAME_CHN": "灣仔道",
        "AREA_DESC_ENG": "HONG KONG",
        "AREA_DESC_CHN": "香港",
        "FREE_FORMAT_ADDR_ENG": "BLOCK A ON 9TH FLOOR CHEUNG LOK MANSION NO.228 WAN CHAI ROAD HONG KONG",
        "FREE_FORMAT_ADDR_CHN": NaN,
        "DEV_NAME_ENG": "CHEUNG LOK MANSION",
        "DEV_NAME_CHN": "祥樂大廈",
        "FIRST_REFERENCE_LOT_PRN": "C4805785"
    },
    {
        "PRN": "B5458236",
        "SEQ_NUM": 1,
        "BLOCK": "C",
        "FLOOR": "6",
        "FLAT": NaN,
        "HOUSE_NUM_PREFIX": 228.0,
        "STREET_NAME_ENG": "WAN CHAI ROAD",
        "STREET_NAME_CHN": "灣仔道",
        "AREA_DESC_ENG": "HONG KONG",
        "AREA_DESC_CHN": "香港",
        "FREE_FORMAT_ADDR_ENG": "BLOCK C ON 6TH FLOOR CHEUNG LOK MANSION NO.228 WAN CHAI ROAD HONG KONG",
        "FREE_FORMAT_ADDR_CHN": NaN,
        "DEV_NAME_ENG": "CHEUNG LOK MANSION",
        "DEV_NAME_CHN": "祥樂大廈",
        "FIRST_REFERENCE_LOT_PRN": "C4805785"
    },
    {
        "PRN": "B5458244",
        "SEQ_NUM": 1,
        "BLOCK": "H",
        "FLOOR": "8",
        "FLAT": NaN,
        "HOUSE_NUM_PREFIX": 228.0,
        "STREET_NAME_ENG": "WAN CHAI ROAD",
        "STREET_NAME_CHN": "灣仔道",
        "AREA_DESC_ENG": "HONG KONG",
        "AREA_DESC_CHN": "香港",
        "FREE_FORMAT_ADDR_ENG": "BLOCK H ON 8TH FLOOR CHEUNG LOK MANSION NO.228 WAN CHAI ROAD HONG KONG",
        "FREE_FORMAT_ADDR_CHN": NaN,
        "DEV_NAME_ENG": "CHEUNG LOK MANSION",
        "DEV_NAME_CHN": "祥樂大廈",
        "FIRST_REFERENCE_LOT_PRN": "C4805785"
    },
    {
        "PRN": "B5795462",
        "SEQ_NUM": 1,
        "BLOCK": "E",
        "FLOOR": "6",
        "FLAT": NaN,
        "HOUSE_NUM_PREFIX": 228.0,
        "STREET_NAME_ENG": "WAN CHAI ROAD",
        "STREET_NAME_CHN": "灣仔道",
        "AREA_DESC_ENG": "HONG KONG",
        "AREA_DESC_CHN": "香港",
        "FREE_FORMAT_ADDR_ENG": "BLOCK E ON 6TH FLOOR CHEUNG LOK MANSION NO.228 WAN CHAI ROAD HONG KONG",
        "FREE_FORMAT_ADDR_CHN": NaN,
        "DEV_NAME_ENG": "CHEUNG LOK MANSION",
        "DEV_NAME_CHN": "祥樂大廈",
        "FIRST_REFERENCE_LOT_PRN": "C4805785"
    },
    {
        "PRN": "B5795477",
        "SEQ_NUM": 1,
        "BLOCK": "F",
        "FLOOR": "2",
        "FLAT": NaN,
        "HOUSE_NUM_PREFIX": 228.0,
        "STREET_NAME_ENG": "WAN CHAI ROAD",
        "STREET_NAME_CHN": "灣仔道",
        "AREA_DESC_ENG": "HONG KONG",
        "AREA_DESC_CHN": "香港",
        "FREE_FORMAT_ADDR_ENG": "BLOCK F ON 2ND FLOOR CHEUNG LOK MANSION NO.228 WAN CHAI ROAD HONG KONG",
        "FREE_FORMAT_ADDR_CHN": NaN,
        "DEV_NAME_ENG": "CHEUNG LOK MANSION",
        "DEV_NAME_CHN": "祥樂大廈",
        "FIRST_REFERENCE_LOT_PRN": "C4805785"
    },
    {
        "PRN": "B6430961",
        "SEQ_NUM": 1,
        "BLOCK": "G",
        "FLOOR": "G",
        "FLAT": NaN,
        "HOUSE_NUM_PREFIX": 222.0,
        "STREET_NAME_ENG": "WAN CHAI ROAD",
        "STREET_NAME_CHN": "灣仔道",
        "AREA_DESC_ENG": "HONG KONG",
        "AREA_DESC_CHN": "香港",
        "FREE_FORMAT_ADDR_ENG": "BLOCK G ON GROUND FLOOR CHEUNG LOK MANSION NOS.222 224 224A 226 228A  228B & 228C WAN CHAI ROAD HONG KONG",
        "FREE_FORMAT_ADDR_CHN": NaN,
        "DEV_NAME_ENG": "CHEUNG LOK MANSION",
        "DEV_NAME_CHN": "祥樂大廈",
        "FIRST_REFERENCE_LOT_PRN": "C4805785"
    },
    {
        "PRN": "B6431019",
        "SEQ_NUM": 1,
        "BLOCK": "A",
        "FLOOR": "4",
        "FLAT": NaN,
        "HOUSE_NUM_PREFIX": 228.0,
        "STREET_NAME_ENG": "WAN CHAI ROAD",
        "STREET_NAME_CHN": "灣仔道",
        "AREA_DESC_ENG": "HONG KONG",
        "AREA_DESC_CHN": "香港",
        "FREE_FORMAT_ADDR_ENG": "BLOCK A ON 4TH FLOOR CHEUNG LOK MANSION NO.228 WAN CHAI ROAD HONG KONG",
        "FREE_FORMAT_ADDR_CHN": NaN,
        "DEV_NAME_ENG": "CHEUNG LOK MANSION",
        "DEV_NAME_CHN": "祥樂大廈",
        "FIRST_REFERENCE_LOT_PRN": "C4805785"
    },
    {
        "PRN": "B6431025",
        "SEQ_NUM": 1,
        "BLOCK": "B",
        "FLOOR": "4",
        "FLAT": NaN,
        "HOUSE_NUM_PREFIX": 228.0,
        "STREET_NAME_ENG": "WAN CHAI ROAD",
        "STREET_NAME_CHN": "灣仔道",
        "AREA_DESC_ENG": "HONG KONG",
        "AREA_DESC_CHN": "香港",
        "FREE_FORMAT_ADDR_ENG": "BLOCK B ON 4TH FLOOR CHEUNG LOK MANSION NO.228 WAN CHAI ROAD HONG KONG",
        "FREE_FORMAT_ADDR_CHN": NaN,
        "DEV_NAME_ENG": "CHEUNG LOK MANSION",
        "DEV_NAME_CHN": "祥樂大廈",
        "FIRST_REFERENCE_LOT_PRN": "C4805785"
    },
    {
        "PRN": "B6431034",
        "SEQ_NUM": 1,
        "BLOCK": "E",
        "FLOOR": "5",
        "FLAT": NaN,
        "HOUSE_NUM_PREFIX": 228.0,
        "STREET_NAME_ENG": "WAN CHAI ROAD",
        "STREET_NAME_CHN": "灣仔道",
        "AREA_DESC_ENG": "HONG KONG",
        "AREA_DESC_CHN": "香港",
        "FREE_FORMAT_ADDR_ENG": "BLOCK E ON 5TH FLOOR CHEUNG LOK MANSION NO.228 WAN CHAI ROAD HONG KONG",
        "FREE_FORMAT_ADDR_CHN": NaN,
        "DEV_NAME_ENG": "CHEUNG LOK MANSION",
        "DEV_NAME_CHN": "祥樂大廈",
        "FIRST_REFERENCE_LOT_PRN": "C4805785"
    },
    {
        "PRN": "B6431044",
        "SEQ_NUM": 1,
        "BLOCK": "E",
        "FLOOR": "8",
        "FLAT": NaN,
        "HOUSE_NUM_PREFIX": 228.0,
        "STREET_NAME_ENG": "WAN CHAI ROAD",
        "STREET_NAME_CHN": "灣仔道",
        "AREA_DESC_ENG": "HONG KONG",
        "AREA_DESC_CHN": "香港",
        "FREE_FORMAT_ADDR_ENG": "BLOCK E ON 8TH FLOOR CHEUNG LOK MANSION NO.228 WAN CHAI ROAD HONG KONG",
        "FREE_FORMAT_ADDR_CHN": NaN,
        "DEV_NAME_ENG": "CHEUNG LOK MANSION",
        "DEV_NAME_CHN": "祥樂大廈",
        "FIRST_REFERENCE_LOT_PRN": "C4805785"
    },
    {
        "PRN": "B6431056",
        "SEQ_NUM": 1,
        "BLOCK": "F",
        "FLOOR": "6",
        "FLAT": NaN,
        "HOUSE_NUM_PREFIX": 228.0,
        "STREET_NAME_ENG": "WAN CHAI ROAD",
        "STREET_NAME_CHN": "灣仔道",
        "AREA_DESC_ENG": "HONG KONG",
        "AREA_DESC_CHN": "香港",
        "FREE_FORMAT_ADDR_ENG": "BLOCK F ON 6TH FLOOR CHEUNG LOK MANSION NO.228 WAN CHAI ROAD HONG KONG",
        "FREE_FORMAT_ADDR_CHN": NaN,
        "DEV_NAME_ENG": "CHEUNG LOK MANSION",
        "DEV_NAME_CHN": "祥樂大廈",
        "FIRST_REFERENCE_LOT_PRN": "C4805785"
    },
    {
        "PRN": "B6431061",
        "SEQ_NUM": 1,
        "BLOCK": "I",
        "FLOOR": "3",
        "FLAT": NaN,
        "HOUSE_NUM_PREFIX": 228.0,
        "STREET_NAME_ENG": "WAN CHAI ROAD",
        "STREET_NAME_CHN": "灣仔道",
        "AREA_DESC_ENG": "HONG KONG",
        "AREA_DESC_CHN": "香港",
        "FREE_FORMAT_ADDR_ENG": "BLOCK I ON 3RD FLOOR CHEUNG LOK MANSION NO.228 WAN CHAI ROAD HONG KONG",
        "FREE_FORMAT_ADDR_CHN": NaN,
        "DEV_NAME_ENG": "CHEUNG LOK MANSION",
        "DEV_NAME_CHN": "祥樂大廈",
        "FIRST_REFERENCE_LOT_PRN": "C4805785"
    },
    {
        "PRN": "B7810666",
        "SEQ_NUM": 1,
        "BLOCK": "C",
        "FLOOR": "2",
        "FLAT": NaN,
        "HOUSE_NUM_PREFIX": 228.0,
        "STREET_NAME_ENG": "WAN CHAI ROAD",
        "STREET_NAME_CHN": "灣仔道",
        "AREA_DESC_ENG": "HONG KONG",
        "AREA_DESC_CHN": "香港",
        "FREE_FORMAT_ADDR_ENG": "BLOCK C ON 2ND FLOOR CHEUNG LOK MANSION NO.228 WAN CHAI ROAD HONG KONG",
        "FREE_FORMAT_ADDR_CHN": NaN,
        "DEV_NAME_ENG": "CHEUNG LOK MANSION",
        "DEV_NAME_CHN": "祥樂大廈",
        "FIRST_REFERENCE_LOT_PRN": "C4805785"
    },
    {
        "PRN": "B7810671",
        "SEQ_NUM": 1,
        "BLOCK": "H",
        "FLOOR": "3",
        "FLAT": NaN,
        "HOUSE_NUM_PREFIX": 228.0,
        "STREET_NAME_ENG": "WAN CHAI ROAD",
        "STREET_NAME_CHN": "灣仔道",
        "AREA_DESC_ENG": "HONG KONG",
        "AREA_DESC_CHN": "香港",
        "FREE_FORMAT_ADDR_ENG": "BLOCK H ON 3RD FLOOR CHEUNG LOK MANSION NO.228 WAN CHAI ROAD HONG KONG",
        "FREE_FORMAT_ADDR_CHN": NaN,
        "DEV_NAME_ENG": "CHEUNG LOK MANSION",
        "DEV_NAME_CHN": "祥樂大廈",
        "FIRST_REFERENCE_LOT_PRN": "C4805785"
    },
    {
        "PRN": "B8477569",
        "SEQ_NUM": 1,
        "BLOCK": "D",
        "FLOOR": "2",
        "FLAT": NaN,
        "HOUSE_NUM_PREFIX": 228.0,
        "STREET_NAME_ENG": "WAN CHAI ROAD",
        "STREET_NAME_CHN": "灣仔道",
        "AREA_DESC_ENG": "HONG KONG",
        "AREA_DESC_CHN": "香港",
        "FREE_FORMAT_ADDR_ENG": "BLOCK D ON 2ND FLOOR CHEUNG LOK MANSION NO.228 WAN CHAI ROAD HONG KONG",
        "FREE_FORMAT_ADDR_CHN": NaN,
        "DEV_NAME_ENG": "CHEUNG LOK MANSION",
        "DEV_NAME_CHN": "祥樂大廈",
        "FIRST_REFERENCE_LOT_PRN": "C4805785"
    },
    {
        "PRN": "B8477575",
        "SEQ_NUM": 1,
        "BLOCK": "G",
        "FLOOR": "5",
        "FLAT": NaN,
        "HOUSE_NUM_PREFIX": 228.0,
        "STREET_NAME_ENG": "WAN CHAI ROAD",
        "STREET_NAME_CHN": "灣仔道",
        "AREA_DESC_ENG": "HONG KONG",
        "AREA_DESC_CHN": "香港",
        "FREE_FORMAT_ADDR_ENG": "BLOCK G ON 5TH FLOOR CHEUNG LOK MANSION NO.228 WAN CHAI ROAD HONG KONG",
        "FREE_FORMAT_ADDR_CHN": NaN,
        "DEV_NAME_ENG": "CHEUNG LOK MANSION",
        "DEV_NAME_CHN": "祥樂大廈",
        "FIRST_REFERENCE_LOT_PRN": "C4805785"
    },
    {
        "PRN": "B8477587",
        "SEQ_NUM": 1,
        "BLOCK": "I",
        "FLOOR": "2",
        "FLAT": NaN,
        "HOUSE_NUM_PREFIX": 228.0,
        "STREET_NAME_ENG": "WAN CHAI ROAD",
        "STREET_NAME_CHN": "灣仔道",
        "AREA_DESC_ENG": "HONG KONG",
        "AREA_DESC_CHN": "香港",
        "FREE_FORMAT_ADDR_ENG": "BLOCK I ON 2ND FLOOR CHEUNG LOK MANSION NO.228 WAN CHAI ROAD HONG KONG",
        "FREE_FORMAT_ADDR_CHN": NaN,
        "DEV_NAME_ENG": "CHEUNG LOK MANSION",
        "DEV_NAME_CHN": "祥樂大廈",
        "FIRST_REFERENCE_LOT_PRN": "C4805785"
    },
    {
        "PRN": "B9116596",
        "SEQ_NUM": 1,
        "BLOCK": "D",
        "FLOOR": "8",
        "FLAT": NaN,
        "HOUSE_NUM_PREFIX": 228.0,
        "STREET_NAME_ENG": "WAN CHAI ROAD",
        "STREET_NAME_CHN": "灣仔道",
        "AREA_DESC_ENG": "HONG KONG",
        "AREA_DESC_CHN": "香港",
        "FREE_FORMAT_ADDR_ENG": "BLOCK D ON 8TH FLOOR CHEUNG LOK MANSION NO.228 WAN CHAI ROAD HONG KONG",
        "FREE_FORMAT_ADDR_CHN": NaN,
        "DEV_NAME_ENG": "CHEUNG LOK MANSION",
        "DEV_NAME_CHN": "祥樂大廈",
        "FIRST_REFERENCE_LOT_PRN": "C4805785"
    },
    {
        "PRN": "B9116602",
        "SEQ_NUM": 1,
        "BLOCK": "G",
        "FLOOR": "1",
        "FLAT": NaN,
        "HOUSE_NUM_PREFIX": 228.0,
        "STREET_NAME_ENG": "WAN CHAI ROAD",
        "STREET_NAME_CHN": "灣仔道",
        "AREA_DESC_ENG": "HONG KONG",
        "AREA_DESC_CHN": "香港",
        "FREE_FORMAT_ADDR_ENG": "BLOCK G ON 1ST FLOOR & PORTION OF FLAT ROOF CHEUNG LOK MANSION NO.228 WAN CHAI ROAD HONG KONG",
        "FREE_FORMAT_ADDR_CHN": NaN,
        "DEV_NAME_ENG": "CHEUNG LOK MANSION",
        "DEV_NAME_CHN": "祥樂大廈",
        "FIRST_REFERENCE_LOT_PRN": "C4805785"
    },
    {
        "PRN": "B9116616",
        "SEQ_NUM": 1,
        "BLOCK": "G",
        "FLOOR": "7",
        "FLAT": NaN,
        "HOUSE_NUM_PREFIX": 228.0,
        "STREET_NAME_ENG": "WAN CHAI ROAD",
        "STREET_NAME_CHN": "灣仔道",
        "AREA_DESC_ENG": "HONG KONG",
        "AREA_DESC_CHN": "香港",
        "FREE_FORMAT_ADDR_ENG": "BLOCK G ON 7TH FLOOR CHEUNG LOK MANSION NO.228 WAN CHAI ROAD HONG KONG",
        "FREE_FORMAT_ADDR_CHN": NaN,
        "DEV_NAME_ENG": "CHEUNG LOK MANSION",
        "DEV_NAME_CHN": "祥樂大廈",
        "FIRST_REFERENCE_LOT_PRN": "C4805785"
    },
    {
        "PRN": "B9116622",
        "SEQ_NUM": 1,
        "BLOCK": "G",
        "FLOOR": "8",
        "FLAT": NaN,
        "HOUSE_NUM_PREFIX": 228.0,
        "STREET_NAME_ENG": "WAN CHAI ROAD",
        "STREET_NAME_CHN": "灣仔道",
        "AREA_DESC_ENG": "HONG KONG",
        "AREA_DESC_CHN": "香港",
        "FREE_FORMAT_ADDR_ENG": "BLOCK G ON 8TH FLOOR CHEUNG LOK MANSION NO.228 WAN CHAI ROAD HONG KONG",
        "FREE_FORMAT_ADDR_CHN": NaN,
        "DEV_NAME_ENG": "CHEUNG LOK MANSION",
        "DEV_NAME_CHN": "祥樂大廈",
        "FIRST_REFERENCE_LOT_PRN": "C4805785"
    },
    {
        "PRN": "B9116634",
        "SEQ_NUM": 1,
        "BLOCK": "I",
        "FLOOR": "7",
        "FLAT": NaN,
        "HOUSE_NUM_PREFIX": 228.0,
        "STREET_NAME_ENG": "WAN CHAI ROAD",
        "STREET_NAME_CHN": "灣仔道",
        "AREA_DESC_ENG": "HONG KONG",
        "AREA_DESC_CHN": "香港",
        "FREE_FORMAT_ADDR_ENG": "BLOCK I ON 7TH FLOOR CHEUNG LOK MANSION NO.228 WAN CHAI ROAD HONG KONG",
        "FREE_FORMAT_ADDR_CHN": NaN,
        "DEV_NAME_ENG": "CHEUNG LOK MANSION",
        "DEV_NAME_CHN": "祥樂大廈",
        "FIRST_REFERENCE_LOT_PRN": "C4805785"
    },
    {
        "PRN": "C0490556",
        "SEQ_NUM": 1,
        "BLOCK": "A",
        "FLOOR": "2",
        "FLAT": NaN,
        "HOUSE_NUM_PREFIX": 228.0,
        "STREET_NAME_ENG": "WAN CHAI ROAD",
        "STREET_NAME_CHN": "灣仔道",
        "AREA_DESC_ENG": "HONG KONG",
        "AREA_DESC_CHN": "香港",
        "FREE_FORMAT_ADDR_ENG": "BLOCK A ON 2ND FLOOR CHEUNG LOK MANSION NO.228 WAN CHAI ROAD HONG KONG",
        "FREE_FORMAT_ADDR_CHN": NaN,
        "DEV_NAME_ENG": "CHEUNG LOK MANSION",
        "DEV_NAME_CHN": "祥樂大廈",
        "FIRST_REFERENCE_LOT_PRN": "C4805785"
    },
    {
        "PRN": "C0825950",
        "SEQ_NUM": 1,
        "BLOCK": "D",
        "FLOOR": "B",
        "FLAT": NaN,
        "HOUSE_NUM_PREFIX": 222.0,
        "STREET_NAME_ENG": "WAN CHAI ROAD",
        "STREET_NAME_CHN": "灣仔道",
        "AREA_DESC_ENG": "HONG KONG",
        "AREA_DESC_CHN": "香港",
        "FREE_FORMAT_ADDR_ENG": "BLOCK D ON BASEMENT FLOOR CHEUNG LOK MANSION NOS.222/224 & 226/228 WAN CHAI ROAD HONG KONG",
        "FREE_FORMAT_ADDR_CHN": NaN,
        "DEV_NAME_ENG": "CHEUNG LOK MANSION",
        "DEV_NAME_CHN": "祥樂大廈",
        "FIRST_REFERENCE_LOT_PRN": "C4805785"
    },
    {
        "PRN": "C1159634",
        "SEQ_NUM": 1,
        "BLOCK": "H",
        "FLOOR": "2",
        "FLAT": NaN,
        "HOUSE_NUM_PREFIX": 228.0,
        "STREET_NAME_ENG": "WAN CHAI ROAD",
        "STREET_NAME_CHN": "灣仔道",
        "AREA_DESC_ENG": "HONG KONG",
        "AREA_DESC_CHN": "香港",
        "FREE_FORMAT_ADDR_ENG": "BLOCK H ON 2ND FLOOR CHEUNG LOK MANSION NO.228 WAN CHAI ROAD HONG KONG",
        "FREE_FORMAT_ADDR_CHN": NaN,
        "DEV_NAME_ENG": "CHEUNG LOK MANSION",
        "DEV_NAME_CHN": "祥樂大廈",
        "FIRST_REFERENCE_LOT_PRN": "C4805785"
    }
]