[
    {
        "PRN": "B1375828",
        "SEQ_NUM": 1,
        "BLOCK": "18",
        "FLOOR": "G",
        "FLAT": NaN,
        "HOUSE_NUM_PREFIX": NaN,
        "STREET_NAME_ENG": NaN,
        "STREET_NAME_CHN": NaN,
        "AREA_DESC_ENG": NaN,
        "AREA_DESC_CHN": NaN,
        "FREE_FORMAT_ADDR_ENG": "G/F & THE GARDEN OF HOUSE NO.18 CHUN WAH VILLAS PHASE II S.O OF LOT NO.5136 IN DD116 YUEN LONG NEW TERRITORIES",
        "FREE_FORMAT_ADDR_CHN": NaN,
        "DEV_NAME_ENG": "CHUN WAH VILLAS PHASE II",
        "DEV_NAME_CHN": "振華花苑第II期",
        "FIRST_REFERENCE_LOT_PRN": "C3075844"
    },
    {
        "PRN": "B1408130",
        "SEQ_NUM": 1,
        "BLOCK": "3",
        "FLOOR": "G",
        "FLAT": NaN,
        "HOUSE_NUM_PREFIX": NaN,
        "STREET_NAME_ENG": NaN,
        "STREET_NAME_CHN": NaN,
        "AREA_DESC_ENG": NaN,
        "AREA_DESC_CHN": NaN,
        "FREE_FORMAT_ADDR_ENG": "G/F & GARDEN OF HOUSE NO.3 OF CHUN WAH VILLAS PHASE II S.C OF LOT NO.5115 IN DD116 YUEN LONG NEW TERRITORIES",
        "FREE_FORMAT_ADDR_CHN": NaN,
        "DEV_NAME_ENG": "CHUN WAH VILLAS PHASE II",
        "DEV_NAME_CHN": "振華花苑第II期",
        "FIRST_REFERENCE_LOT_PRN": "C3075065"
    },
    {
        "PRN": "B1440668",
        "SEQ_NUM": 1,
        "BLOCK": "15",
        "FLOOR": "1",
        "FLAT": NaN,
        "HOUSE_NUM_PREFIX": NaN,
        "STREET_NAME_ENG": NaN,
        "STREET_NAME_CHN": NaN,
        "AREA_DESC_ENG": NaN,
        "AREA_DESC_CHN": NaN,
        "FREE_FORMAT_ADDR_ENG": "1/F OF HOUSE NO.15 CHUN WAH VILLAS PHASE II S.L OF LOT NO.5136 IN DD116 YUEN LONG NEW TERRITORIES",
        "FREE_FORMAT_ADDR_CHN": NaN,
        "DEV_NAME_ENG": "CHUN WAH VILLAS PHASE II",
        "DEV_NAME_CHN": "振華花苑第II期",
        "FIRST_REFERENCE_LOT_PRN": "C3075826"
    },
    {
        "PRN": "B7483032",
        "SEQ_NUM": 1,
        "BLOCK": "15",
        "FLOOR": "2",
        "FLAT": NaN,
        "HOUSE_NUM_PREFIX": NaN,
        "STREET_NAME_ENG": NaN,
        "STREET_NAME_CHN": NaN,
        "AREA_DESC_ENG": NaN,
        "AREA_DESC_CHN": NaN,
        "FREE_FORMAT_ADDR_ENG": "2/F & ROOF OF HOUSE NO.15 CHUN WAH VILLAS PHASE II S.L OF LOT NO.5136 IN DD116 YUEN LONG NEW TERRITORIES",
        "FREE_FORMAT_ADDR_CHN": NaN,
        "DEV_NAME_ENG": "CHUN WAH VILLAS PHASE II",
        "DEV_NAME_CHN": "振華花苑第II期",
        "FIRST_REFERENCE_LOT_PRN": "C3075826"
    }
]