[
    {
        "PRN": "B1419514",
        "SEQ_NUM": 1,
        "BLOCK": "K",
        "FLOOR": "1",
        "FLAT": NaN,
        "HOUSE_NUM_PREFIX": NaN,
        "STREET_NAME_ENG": NaN,
        "STREET_NAME_CHN": NaN,
        "AREA_DESC_ENG": NaN,
        "AREA_DESC_CHN": NaN,
        "FREE_FORMAT_ADDR_ENG": "1/F INCLUDING THE BALCONY APPURTENANT THERETO BLOCK K OF CHUN YICK GARDEN II NO. 186 FUK HING TSUEN WANG CHAU YUEN LONG NEW TERRITORIES",
        "FREE_FORMAT_ADDR_CHN": NaN,
        "DEV_NAME_ENG": "CHUN YICK GARDEN II",
        "DEV_NAME_CHN": "振益花園二期",
        "FIRST_REFERENCE_LOT_PRN": "C2864479"
    },
    {
        "PRN": "B4802269",
        "SEQ_NUM": 1,
        "BLOCK": "K",
        "FLOOR": "2",
        "FLAT": NaN,
        "HOUSE_NUM_PREFIX": NaN,
        "STREET_NAME_ENG": NaN,
        "STREET_NAME_CHN": NaN,
        "AREA_DESC_ENG": NaN,
        "AREA_DESC_CHN": NaN,
        "FREE_FORMAT_ADDR_ENG": "2/F INCLUDING THE BALCONY APPURTENANT THERETO & THE ROOF BLOCK K OF CHUN YICK GARDEN II NO. 186 FUK HING TSUEN WANG CHAU YUEN LONG NEW TERRITORIES",
        "FREE_FORMAT_ADDR_CHN": NaN,
        "DEV_NAME_ENG": "CHUN YICK GARDEN II",
        "DEV_NAME_CHN": "振益花園二期",
        "FIRST_REFERENCE_LOT_PRN": "C2864479"
    },
    {
        "PRN": "C0169509",
        "SEQ_NUM": 1,
        "BLOCK": "K",
        "FLOOR": "G",
        "FLAT": NaN,
        "HOUSE_NUM_PREFIX": NaN,
        "STREET_NAME_ENG": NaN,
        "STREET_NAME_CHN": NaN,
        "AREA_DESC_ENG": NaN,
        "AREA_DESC_CHN": NaN,
        "FREE_FORMAT_ADDR_ENG": "G/F TOGETHER WITH THE GARDEN APPURTENANT THERETO BLOCK K OF CHUN YICK GARDEN II NO. 186 FUK HING TSUEN WANG CHAU YUEN LONG NEW TERRITORIES",
        "FREE_FORMAT_ADDR_CHN": NaN,
        "DEV_NAME_ENG": "CHUN YICK GARDEN II",
        "DEV_NAME_CHN": "振益花園二期",
        "FIRST_REFERENCE_LOT_PRN": "C2864479"
    }
]