[
    {
        "PRN": "D5950588",
        "SEQ_NUM": 1,
        "BLOCK": "6",
        "FLOOR": "2",
        "FLAT": "A",
        "HOUSE_NUM_PREFIX": 2222.0,
        "STREET_NAME_ENG": "SHING FUNG ROAD",
        "STREET_NAME_CHN": "承豐道",
        "AREA_DESC_ENG": "KOWLOON",
        "AREA_DESC_CHN": "九龍",
        "FREE_FORMAT_ADDR_ENG": "FLAT A ON 2ND FLOOR (INCLUDING THE BALCONY AND THE UTILITY PLATFORM THEREOF) OF TOWER 6 CULLINAN HARBOUR PHASE 1 OF CULLINAN HARBOUR DEVELOPMENT KOWLOON",
        "FREE_FORMAT_ADDR_CHN": NaN,
        "DEV_NAME_ENG": "CULLINAN HARBOUR",
        "DEV_NAME_CHN": "天璽‧海",
        "FIRST_REFERENCE_LOT_PRN": "D4356833"
    },
    {
        "PRN": "D5950595",
        "SEQ_NUM": 1,
        "BLOCK": "6",
        "FLOOR": "2",
        "FLAT": "B",
        "HOUSE_NUM_PREFIX": 2222.0,
        "STREET_NAME_ENG": "SHING FUNG ROAD",
        "STREET_NAME_CHN": "承豐道",
        "AREA_DESC_ENG": "KOWLOON",
        "AREA_DESC_CHN": "九龍",
        "FREE_FORMAT_ADDR_ENG": "FLAT B ON 2ND FLOOR (INCLUDING THE BALCONY AND THE UTILITY PLATFORM THEREOF) OF TOWER 6 CULLINAN HARBOUR PHASE 1 OF CULLINAN HARBOUR DEVELOPMENT KOWLOON",
        "FREE_FORMAT_ADDR_CHN": NaN,
        "DEV_NAME_ENG": "CULLINAN HARBOUR",
        "DEV_NAME_CHN": "天璽‧海",
        "FIRST_REFERENCE_LOT_PRN": "D4356833"
    },
    {
        "PRN": "D5950607",
        "SEQ_NUM": 1,
        "BLOCK": "6",
        "FLOOR": "3",
        "FLAT": "A",
        "HOUSE_NUM_PREFIX": 2222.0,
        "STREET_NAME_ENG": "SHING FUNG ROAD",
        "STREET_NAME_CHN": "承豐道",
        "AREA_DESC_ENG": "KOWLOON",
        "AREA_DESC_CHN": "九龍",
        "FREE_FORMAT_ADDR_ENG": "FLAT A ON 3RD FLOOR (INCLUDING THE BALCONY AND THE UTILITY PLATFORM THEREOF) OF TOWER 6 CULLINAN HARBOUR PHASE 1 OF CULLINAN HARBOUR DEVELOPMENT KOWLOON",
        "FREE_FORMAT_ADDR_CHN": NaN,
        "DEV_NAME_ENG": "CULLINAN HARBOUR",
        "DEV_NAME_CHN": "天璽‧海",
        "FIRST_REFERENCE_LOT_PRN": "D4356833"
    },
    {
        "PRN": "D5950619",
        "SEQ_NUM": 1,
        "BLOCK": "6",
        "FLOOR": "3",
        "FLAT": "B",
        "HOUSE_NUM_PREFIX": 2222.0,
        "STREET_NAME_ENG": "SHING FUNG ROAD",
        "STREET_NAME_CHN": "承豐道",
        "AREA_DESC_ENG": "KOWLOON",
        "AREA_DESC_CHN": "九龍",
        "FREE_FORMAT_ADDR_ENG": "FLAT B ON 3RD FLOOR (INCLUDING THE BALCONY AND THE UTILITY PLATFORM THEREOF) OF TOWER 6 CULLINAN HARBOUR PHASE 1 OF CULLINAN HARBOUR DEVELOPMENT KOWLOON",
        "FREE_FORMAT_ADDR_CHN": NaN,
        "DEV_NAME_ENG": "CULLINAN HARBOUR",
        "DEV_NAME_CHN": "天璽‧海",
        "FIRST_REFERENCE_LOT_PRN": "D4356833"
    },
    {
        "PRN": "D5950623",
        "SEQ_NUM": 1,
        "BLOCK": "6",
        "FLOOR": "5",
        "FLAT": "A",
        "HOUSE_NUM_PREFIX": 2222.0,
        "STREET_NAME_ENG": "SHING FUNG ROAD",
        "STREET_NAME_CHN": "承豐道",
        "AREA_DESC_ENG": "KOWLOON",
        "AREA_DESC_CHN": "九龍",
        "FREE_FORMAT_ADDR_ENG": "FLAT A ON 5TH FLOOR (INCLUDING THE BALCONY AND THE UTILITY PLATFORM THEREOF) OF TOWER 6 CULLINAN HARBOUR PHASE 1 OF CULLINAN HARBOUR DEVELOPMENT KOWLOON",
        "FREE_FORMAT_ADDR_CHN": NaN,
        "DEV_NAME_ENG": "CULLINAN HARBOUR",
        "DEV_NAME_CHN": "天璽‧海",
        "FIRST_REFERENCE_LOT_PRN": "D4356833"
    },
    {
        "PRN": "D5950639",
        "SEQ_NUM": 1,
        "BLOCK": "6",
        "FLOOR": "5",
        "FLAT": "B",
        "HOUSE_NUM_PREFIX": 2222.0,
        "STREET_NAME_ENG": "SHING FUNG ROAD",
        "STREET_NAME_CHN": "承豐道",
        "AREA_DESC_ENG": "KOWLOON",
        "AREA_DESC_CHN": "九龍",
        "FREE_FORMAT_ADDR_ENG": "FLAT B ON 5TH FLOOR (INCLUDING THE BALCONY AND THE UTILITY PLATFORM THEREOF) OF TOWER 6 CULLINAN HARBOUR PHASE 1 OF CULLINAN HARBOUR DEVELOPMENT KOWLOON",
        "FREE_FORMAT_ADDR_CHN": NaN,
        "DEV_NAME_ENG": "CULLINAN HARBOUR",
        "DEV_NAME_CHN": "天璽‧海",
        "FIRST_REFERENCE_LOT_PRN": "D4356833"
    },
    {
        "PRN": "D5950647",
        "SEQ_NUM": 1,
        "BLOCK": "6",
        "FLOOR": "6",
        "FLAT": "A",
        "HOUSE_NUM_PREFIX": 2222.0,
        "STREET_NAME_ENG": "SHING FUNG ROAD",
        "STREET_NAME_CHN": "承豐道",
        "AREA_DESC_ENG": "KOWLOON",
        "AREA_DESC_CHN": "九龍",
        "FREE_FORMAT_ADDR_ENG": "FLAT A ON 6TH FLOOR (INCLUDING THE BALCONY AND THE UTILITY PLATFORM THEREOF) OF TOWER 6 CULLINAN HARBOUR PHASE 1 OF CULLINAN HARBOUR DEVELOPMENT KOWLOON",
        "FREE_FORMAT_ADDR_CHN": NaN,
        "DEV_NAME_ENG": "CULLINAN HARBOUR",
        "DEV_NAME_CHN": "天璽‧海",
        "FIRST_REFERENCE_LOT_PRN": "D4356833"
    },
    {
        "PRN": "D5950658",
        "SEQ_NUM": 1,
        "BLOCK": "6",
        "FLOOR": "6",
        "FLAT": "B",
        "HOUSE_NUM_PREFIX": 2222.0,
        "STREET_NAME_ENG": "SHING FUNG ROAD",
        "STREET_NAME_CHN": "承豐道",
        "AREA_DESC_ENG": "KOWLOON",
        "AREA_DESC_CHN": "九龍",
        "FREE_FORMAT_ADDR_ENG": "FLAT B ON 6TH FLOOR (INCLUDING THE BALCONY AND THE UTILITY PLATFORM THEREOF) OF TOWER 6 CULLINAN HARBOUR PHASE 1 OF CULLINAN HARBOUR DEVELOPMENT KOWLOON",
        "FREE_FORMAT_ADDR_CHN": NaN,
        "DEV_NAME_ENG": "CULLINAN HARBOUR",
        "DEV_NAME_CHN": "天璽‧海",
        "FIRST_REFERENCE_LOT_PRN": "D4356833"
    },
    {
        "PRN": "D5950661",
        "SEQ_NUM": 1,
        "BLOCK": "6",
        "FLOOR": "7",
        "FLAT": "A",
        "HOUSE_NUM_PREFIX": 2222.0,
        "STREET_NAME_ENG": "SHING FUNG ROAD",
        "STREET_NAME_CHN": "承豐道",
        "AREA_DESC_ENG": "KOWLOON",
        "AREA_DESC_CHN": "九龍",
        "FREE_FORMAT_ADDR_ENG": "FLAT A ON 7TH FLOOR (INCLUDING THE BALCONY AND THE UTILITY PLATFORM THEREOF) OF TOWER 6 CULLINAN HARBOUR PHASE 1 OF CULLINAN HARBOUR DEVELOPMENT KOWLOON",
        "FREE_FORMAT_ADDR_CHN": NaN,
        "DEV_NAME_ENG": "CULLINAN HARBOUR",
        "DEV_NAME_CHN": "天璽‧海",
        "FIRST_REFERENCE_LOT_PRN": "D4356833"
    },
    {
        "PRN": "D5950675",
        "SEQ_NUM": 1,
        "BLOCK": "6",
        "FLOOR": "7",
        "FLAT": "B",
        "HOUSE_NUM_PREFIX": 2222.0,
        "STREET_NAME_ENG": "SHING FUNG ROAD",
        "STREET_NAME_CHN": "承豐道",
        "AREA_DESC_ENG": "KOWLOON",
        "AREA_DESC_CHN": "九龍",
        "FREE_FORMAT_ADDR_ENG": "FLAT B ON 7TH FLOOR (INCLUDING THE BALCONY AND THE UTILITY PLATFORM THEREOF) OF TOWER 6 CULLINAN HARBOUR PHASE 1 OF CULLINAN HARBOUR DEVELOPMENT KOWLOON",
        "FREE_FORMAT_ADDR_CHN": NaN,
        "DEV_NAME_ENG": "CULLINAN HARBOUR",
        "DEV_NAME_CHN": "天璽‧海",
        "FIRST_REFERENCE_LOT_PRN": "D4356833"
    },
    {
        "PRN": "D5950685",
        "SEQ_NUM": 1,
        "BLOCK": "6",
        "FLOOR": "8",
        "FLAT": "A",
        "HOUSE_NUM_PREFIX": 2222.0,
        "STREET_NAME_ENG": "SHING FUNG ROAD",
        "STREET_NAME_CHN": "承豐道",
        "AREA_DESC_ENG": "KOWLOON",
        "AREA_DESC_CHN": "九龍",
        "FREE_FORMAT_ADDR_ENG": "FLAT A ON 8TH FLOOR (INCLUDING THE BALCONY AND THE UTILITY PLATFORM THEREOF) OF TOWER 6 CULLINAN HARBOUR PHASE 1 OF CULLINAN HARBOUR DEVELOPMENT KOWLOON",
        "FREE_FORMAT_ADDR_CHN": NaN,
        "DEV_NAME_ENG": "CULLINAN HARBOUR",
        "DEV_NAME_CHN": "天璽‧海",
        "FIRST_REFERENCE_LOT_PRN": "D4356833"
    },
    {
        "PRN": "D5950698",
        "SEQ_NUM": 1,
        "BLOCK": "6",
        "FLOOR": "8",
        "FLAT": "B",
        "HOUSE_NUM_PREFIX": 2222.0,
        "STREET_NAME_ENG": "SHING FUNG ROAD",
        "STREET_NAME_CHN": "承豐道",
        "AREA_DESC_ENG": "KOWLOON",
        "AREA_DESC_CHN": "九龍",
        "FREE_FORMAT_ADDR_ENG": "FLAT B ON 8TH FLOOR (INCLUDING THE BALCONY AND THE UTILITY PLATFORM THEREOF) OF TOWER 6 CULLINAN HARBOUR PHASE 1 OF CULLINAN HARBOUR DEVELOPMENT KOWLOON",
        "FREE_FORMAT_ADDR_CHN": NaN,
        "DEV_NAME_ENG": "CULLINAN HARBOUR",
        "DEV_NAME_CHN": "天璽‧海",
        "FIRST_REFERENCE_LOT_PRN": "D4356833"
    },
    {
        "PRN": "D5950701",
        "SEQ_NUM": 1,
        "BLOCK": "6",
        "FLOOR": "9",
        "FLAT": "A",
        "HOUSE_NUM_PREFIX": 2222.0,
        "STREET_NAME_ENG": "SHING FUNG ROAD",
        "STREET_NAME_CHN": "承豐道",
        "AREA_DESC_ENG": "KOWLOON",
        "AREA_DESC_CHN": "九龍",
        "FREE_FORMAT_ADDR_ENG": "FLAT A ON 9TH FLOOR (INCLUDING THE BALCONY AND THE UTILITY PLATFORM THEREOF) OF TOWER 6 CULLINAN HARBOUR PHASE 1 OF CULLINAN HARBOUR DEVELOPMENT KOWLOON",
        "FREE_FORMAT_ADDR_CHN": NaN,
        "DEV_NAME_ENG": "CULLINAN HARBOUR",
        "DEV_NAME_CHN": "天璽‧海",
        "FIRST_REFERENCE_LOT_PRN": "D4356833"
    },
    {
        "PRN": "D5950716",
        "SEQ_NUM": 1,
        "BLOCK": "6",
        "FLOOR": "9",
        "FLAT": "B",
        "HOUSE_NUM_PREFIX": 2222.0,
        "STREET_NAME_ENG": "SHING FUNG ROAD",
        "STREET_NAME_CHN": "承豐道",
        "AREA_DESC_ENG": "KOWLOON",
        "AREA_DESC_CHN": "九龍",
        "FREE_FORMAT_ADDR_ENG": "FLAT B ON 9TH FLOOR (INCLUDING THE BALCONY AND THE UTILITY PLATFORM THEREOF) OF TOWER 6 CULLINAN HARBOUR PHASE 1 OF CULLINAN HARBOUR DEVELOPMENT KOWLOON",
        "FREE_FORMAT_ADDR_CHN": NaN,
        "DEV_NAME_ENG": "CULLINAN HARBOUR",
        "DEV_NAME_CHN": "天璽‧海",
        "FIRST_REFERENCE_LOT_PRN": "D4356833"
    },
    {
        "PRN": "D5950722",
        "SEQ_NUM": 1,
        "BLOCK": "6",
        "FLOOR": "10",
        "FLAT": "A",
        "HOUSE_NUM_PREFIX": 2222.0,
        "STREET_NAME_ENG": "SHING FUNG ROAD",
        "STREET_NAME_CHN": "承豐道",
        "AREA_DESC_ENG": "KOWLOON",
        "AREA_DESC_CHN": "九龍",
        "FREE_FORMAT_ADDR_ENG": "FLAT A ON 10TH FLOOR (INCLUDING THE BALCONY AND THE UTILITY PLATFORM THEREOF) OF TOWER 6 CULLINAN HARBOUR PHASE 1 OF CULLINAN HARBOUR DEVELOPMENT KOWLOON",
        "FREE_FORMAT_ADDR_CHN": NaN,
        "DEV_NAME_ENG": "CULLINAN HARBOUR",
        "DEV_NAME_CHN": "天璽‧海",
        "FIRST_REFERENCE_LOT_PRN": "D4356833"
    },
    {
        "PRN": "D5950734",
        "SEQ_NUM": 1,
        "BLOCK": "6",
        "FLOOR": "10",
        "FLAT": "B",
        "HOUSE_NUM_PREFIX": 2222.0,
        "STREET_NAME_ENG": "SHING FUNG ROAD",
        "STREET_NAME_CHN": "承豐道",
        "AREA_DESC_ENG": "KOWLOON",
        "AREA_DESC_CHN": "九龍",
        "FREE_FORMAT_ADDR_ENG": "FLAT B ON 10TH FLOOR (INCLUDING THE BALCONY AND THE UTILITY PLATFORM THEREOF) OF TOWER 6 CULLINAN HARBOUR PHASE 1 OF CULLINAN HARBOUR DEVELOPMENT KOWLOON",
        "FREE_FORMAT_ADDR_CHN": NaN,
        "DEV_NAME_ENG": "CULLINAN HARBOUR",
        "DEV_NAME_CHN": "天璽‧海",
        "FIRST_REFERENCE_LOT_PRN": "D4356833"
    },
    {
        "PRN": "D5950745",
        "SEQ_NUM": 1,
        "BLOCK": "6",
        "FLOOR": "11",
        "FLAT": "A",
        "HOUSE_NUM_PREFIX": 2222.0,
        "STREET_NAME_ENG": "SHING FUNG ROAD",
        "STREET_NAME_CHN": "承豐道",
        "AREA_DESC_ENG": "KOWLOON",
        "AREA_DESC_CHN": "九龍",
        "FREE_FORMAT_ADDR_ENG": "FLAT A ON 11TH FLOOR (INCLUDING THE BALCONY AND THE UTILITY PLATFORM THEREOF) OF TOWER 6 CULLINAN HARBOUR PHASE 1 OF CULLINAN HARBOUR DEVELOPMENT KOWLOON",
        "FREE_FORMAT_ADDR_CHN": NaN,
        "DEV_NAME_ENG": "CULLINAN HARBOUR",
        "DEV_NAME_CHN": "天璽‧海",
        "FIRST_REFERENCE_LOT_PRN": "D4356833"
    },
    {
        "PRN": "D5950752",
        "SEQ_NUM": 1,
        "BLOCK": "6",
        "FLOOR": "11",
        "FLAT": "B",
        "HOUSE_NUM_PREFIX": 2222.0,
        "STREET_NAME_ENG": "SHING FUNG ROAD",
        "STREET_NAME_CHN": "承豐道",
        "AREA_DESC_ENG": "KOWLOON",
        "AREA_DESC_CHN": "九龍",
        "FREE_FORMAT_ADDR_ENG": "FLAT B ON 11TH FLOOR (INCLUDING THE BALCONY AND THE UTILITY PLATFORM THEREOF) OF TOWER 6 CULLINAN HARBOUR PHASE 1 OF CULLINAN HARBOUR DEVELOPMENT KOWLOON",
        "FREE_FORMAT_ADDR_CHN": NaN,
        "DEV_NAME_ENG": "CULLINAN HARBOUR",
        "DEV_NAME_CHN": "天璽‧海",
        "FIRST_REFERENCE_LOT_PRN": "D4356833"
    },
    {
        "PRN": "D5950762",
        "SEQ_NUM": 1,
        "BLOCK": "6",
        "FLOOR": "12",
        "FLAT": "A",
        "HOUSE_NUM_PREFIX": 2222.0,
        "STREET_NAME_ENG": "SHING FUNG ROAD",
        "STREET_NAME_CHN": "承豐道",
        "AREA_DESC_ENG": "KOWLOON",
        "AREA_DESC_CHN": "九龍",
        "FREE_FORMAT_ADDR_ENG": "FLAT A ON 12TH FLOOR (INCLUDING THE BALCONY AND THE UTILITY PLATFORM THEREOF) OF TOWER 6 CULLINAN HARBOUR PHASE 1 OF CULLINAN HARBOUR DEVELOPMENT KOWLOON",
        "FREE_FORMAT_ADDR_CHN": NaN,
        "DEV_NAME_ENG": "CULLINAN HARBOUR",
        "DEV_NAME_CHN": "天璽‧海",
        "FIRST_REFERENCE_LOT_PRN": "D4356833"
    },
    {
        "PRN": "D5950773",
        "SEQ_NUM": 1,
        "BLOCK": "6",
        "FLOOR": "12",
        "FLAT": "B",
        "HOUSE_NUM_PREFIX": 2222.0,
        "STREET_NAME_ENG": "SHING FUNG ROAD",
        "STREET_NAME_CHN": "承豐道",
        "AREA_DESC_ENG": "KOWLOON",
        "AREA_DESC_CHN": "九龍",
        "FREE_FORMAT_ADDR_ENG": "FLAT B ON 12TH FLOOR (INCLUDING THE BALCONY AND THE UTILITY PLATFORM THEREOF) OF TOWER 6 CULLINAN HARBOUR PHASE 1 OF CULLINAN HARBOUR DEVELOPMENT KOWLOON",
        "FREE_FORMAT_ADDR_CHN": NaN,
        "DEV_NAME_ENG": "CULLINAN HARBOUR",
        "DEV_NAME_CHN": "天璽‧海",
        "FIRST_REFERENCE_LOT_PRN": "D4356833"
    },
    {
        "PRN": "D5950780",
        "SEQ_NUM": 1,
        "BLOCK": "6",
        "FLOOR": "15",
        "FLAT": "A",
        "HOUSE_NUM_PREFIX": 2222.0,
        "STREET_NAME_ENG": "SHING FUNG ROAD",
        "STREET_NAME_CHN": "承豐道",
        "AREA_DESC_ENG": "KOWLOON",
        "AREA_DESC_CHN": "九龍",
        "FREE_FORMAT_ADDR_ENG": "FLAT A ON 15TH FLOOR (INCLUDING THE BALCONY AND THE UTILITY PLATFORM THEREOF) OF TOWER 6 CULLINAN HARBOUR PHASE 1 OF CULLINAN HARBOUR DEVELOPMENT KOWLOON",
        "FREE_FORMAT_ADDR_CHN": NaN,
        "DEV_NAME_ENG": "CULLINAN HARBOUR",
        "DEV_NAME_CHN": "天璽‧海",
        "FIRST_REFERENCE_LOT_PRN": "D4356833"
    },
    {
        "PRN": "D5950797",
        "SEQ_NUM": 1,
        "BLOCK": "6",
        "FLOOR": "15",
        "FLAT": "B",
        "HOUSE_NUM_PREFIX": 2222.0,
        "STREET_NAME_ENG": "SHING FUNG ROAD",
        "STREET_NAME_CHN": "承豐道",
        "AREA_DESC_ENG": "KOWLOON",
        "AREA_DESC_CHN": "九龍",
        "FREE_FORMAT_ADDR_ENG": "FLAT B ON 15TH FLOOR (INCLUDING THE BALCONY AND THE UTILITY PLATFORM THEREOF) OF TOWER 6 CULLINAN HARBOUR PHASE 1 OF CULLINAN HARBOUR DEVELOPMENT KOWLOON",
        "FREE_FORMAT_ADDR_CHN": NaN,
        "DEV_NAME_ENG": "CULLINAN HARBOUR",
        "DEV_NAME_CHN": "天璽‧海",
        "FIRST_REFERENCE_LOT_PRN": "D4356833"
    },
    {
        "PRN": "D5950803",
        "SEQ_NUM": 1,
        "BLOCK": "6",
        "FLOOR": "16",
        "FLAT": "A",
        "HOUSE_NUM_PREFIX": 2222.0,
        "STREET_NAME_ENG": "SHING FUNG ROAD",
        "STREET_NAME_CHN": "承豐道",
        "AREA_DESC_ENG": "KOWLOON",
        "AREA_DESC_CHN": "九龍",
        "FREE_FORMAT_ADDR_ENG": "FLAT A ON 16TH FLOOR (INCLUDING THE BALCONY AND THE UTILITY PLATFORM THEREOF) OF TOWER 6 CULLINAN HARBOUR PHASE 1 OF CULLINAN HARBOUR DEVELOPMENT KOWLOON",
        "FREE_FORMAT_ADDR_CHN": NaN,
        "DEV_NAME_ENG": "CULLINAN HARBOUR",
        "DEV_NAME_CHN": "天璽‧海",
        "FIRST_REFERENCE_LOT_PRN": "D4356833"
    },
    {
        "PRN": "D5950812",
        "SEQ_NUM": 1,
        "BLOCK": "6",
        "FLOOR": "16",
        "FLAT": "B",
        "HOUSE_NUM_PREFIX": 2222.0,
        "STREET_NAME_ENG": "SHING FUNG ROAD",
        "STREET_NAME_CHN": "承豐道",
        "AREA_DESC_ENG": "KOWLOON",
        "AREA_DESC_CHN": "九龍",
        "FREE_FORMAT_ADDR_ENG": "FLAT B ON 16TH FLOOR (INCLUDING THE BALCONY AND THE UTILITY PLATFORM THEREOF) OF TOWER 6 CULLINAN HARBOUR PHASE 1 OF CULLINAN HARBOUR DEVELOPMENT KOWLOON",
        "FREE_FORMAT_ADDR_CHN": NaN,
        "DEV_NAME_ENG": "CULLINAN HARBOUR",
        "DEV_NAME_CHN": "天璽‧海",
        "FIRST_REFERENCE_LOT_PRN": "D4356833"
    },
    {
        "PRN": "D5950827",
        "SEQ_NUM": 1,
        "BLOCK": "6",
        "FLOOR": "17",
        "FLAT": "A",
        "HOUSE_NUM_PREFIX": 2222.0,
        "STREET_NAME_ENG": "SHING FUNG ROAD",
        "STREET_NAME_CHN": "承豐道",
        "AREA_DESC_ENG": "KOWLOON",
        "AREA_DESC_CHN": "九龍",
        "FREE_FORMAT_ADDR_ENG": "FLAT A ON 17TH FLOOR (INCLUDING THE BALCONY AND THE UTILITY PLATFORM THEREOF) OF TOWER 6 CULLINAN HARBOUR PHASE 1 OF CULLINAN HARBOUR DEVELOPMENT KOWLOON",
        "FREE_FORMAT_ADDR_CHN": NaN,
        "DEV_NAME_ENG": "CULLINAN HARBOUR",
        "DEV_NAME_CHN": "天璽‧海",
        "FIRST_REFERENCE_LOT_PRN": "D4356833"
    },
    {
        "PRN": "D5950839",
        "SEQ_NUM": 1,
        "BLOCK": "6",
        "FLOOR": "17",
        "FLAT": "B",
        "HOUSE_NUM_PREFIX": 2222.0,
        "STREET_NAME_ENG": "SHING FUNG ROAD",
        "STREET_NAME_CHN": "承豐道",
        "AREA_DESC_ENG": "KOWLOON",
        "AREA_DESC_CHN": "九龍",
        "FREE_FORMAT_ADDR_ENG": "FLAT B ON 17TH FLOOR (INCLUDING THE BALCONY AND THE UTILITY PLATFORM THEREOF) OF TOWER 6 CULLINAN HARBOUR PHASE 1 OF CULLINAN HARBOUR DEVELOPMENT KOWLOON",
        "FREE_FORMAT_ADDR_CHN": NaN,
        "DEV_NAME_ENG": "CULLINAN HARBOUR",
        "DEV_NAME_CHN": "天璽‧海",
        "FIRST_REFERENCE_LOT_PRN": "D4356833"
    },
    {
        "PRN": "D5950847",
        "SEQ_NUM": 1,
        "BLOCK": "6",
        "FLOOR": "18",
        "FLAT": "A",
        "HOUSE_NUM_PREFIX": 2222.0,
        "STREET_NAME_ENG": "SHING FUNG ROAD",
        "STREET_NAME_CHN": "承豐道",
        "AREA_DESC_ENG": "KOWLOON",
        "AREA_DESC_CHN": "九龍",
        "FREE_FORMAT_ADDR_ENG": "FLAT A ON 18TH FLOOR (INCLUDING THE BALCONY AND THE UTILITY PLATFORM THEREOF) OF TOWER 6 CULLINAN HARBOUR PHASE 1 OF CULLINAN HARBOUR DEVELOPMENT KOWLOON",
        "FREE_FORMAT_ADDR_CHN": NaN,
        "DEV_NAME_ENG": "CULLINAN HARBOUR",
        "DEV_NAME_CHN": "天璽‧海",
        "FIRST_REFERENCE_LOT_PRN": "D4356833"
    },
    {
        "PRN": "D5950859",
        "SEQ_NUM": 1,
        "BLOCK": "6",
        "FLOOR": "18",
        "FLAT": "B",
        "HOUSE_NUM_PREFIX": 2222.0,
        "STREET_NAME_ENG": "SHING FUNG ROAD",
        "STREET_NAME_CHN": "承豐道",
        "AREA_DESC_ENG": "KOWLOON",
        "AREA_DESC_CHN": "九龍",
        "FREE_FORMAT_ADDR_ENG": "FLAT B ON 18TH FLOOR (INCLUDING THE BALCONY AND THE UTILITY PLATFORM THEREOF) OF TOWER 6 CULLINAN HARBOUR PHASE 1 OF CULLINAN HARBOUR DEVELOPMENT KOWLOON",
        "FREE_FORMAT_ADDR_CHN": NaN,
        "DEV_NAME_ENG": "CULLINAN HARBOUR",
        "DEV_NAME_CHN": "天璽‧海",
        "FIRST_REFERENCE_LOT_PRN": "D4356833"
    },
    {
        "PRN": "D5950868",
        "SEQ_NUM": 1,
        "BLOCK": "6",
        "FLOOR": "19",
        "FLAT": "A",
        "HOUSE_NUM_PREFIX": 2222.0,
        "STREET_NAME_ENG": "SHING FUNG ROAD",
        "STREET_NAME_CHN": "承豐道",
        "AREA_DESC_ENG": "KOWLOON",
        "AREA_DESC_CHN": "九龍",
        "FREE_FORMAT_ADDR_ENG": "FLAT A ON 19TH FLOOR (INCLUDING THE BALCONY AND THE UTILITY PLATFORM THEREOF) OF TOWER 6 CULLINAN HARBOUR PHASE 1 OF CULLINAN HARBOUR DEVELOPMENT KOWLOON",
        "FREE_FORMAT_ADDR_CHN": NaN,
        "DEV_NAME_ENG": "CULLINAN HARBOUR",
        "DEV_NAME_CHN": "天璽‧海",
        "FIRST_REFERENCE_LOT_PRN": "D4356833"
    },
    {
        "PRN": "D5950878",
        "SEQ_NUM": 1,
        "BLOCK": "6",
        "FLOOR": "19",
        "FLAT": "B",
        "HOUSE_NUM_PREFIX": 2222.0,
        "STREET_NAME_ENG": "SHING FUNG ROAD",
        "STREET_NAME_CHN": "承豐道",
        "AREA_DESC_ENG": "KOWLOON",
        "AREA_DESC_CHN": "九龍",
        "FREE_FORMAT_ADDR_ENG": "FLAT B ON 19TH FLOOR (INCLUDING THE BALCONY AND THE UTILITY PLATFORM THEREOF) OF TOWER 6 CULLINAN HARBOUR PHASE 1 OF CULLINAN HARBOUR DEVELOPMENT KOWLOON",
        "FREE_FORMAT_ADDR_CHN": NaN,
        "DEV_NAME_ENG": "CULLINAN HARBOUR",
        "DEV_NAME_CHN": "天璽‧海",
        "FIRST_REFERENCE_LOT_PRN": "D4356833"
    },
    {
        "PRN": "D5950885",
        "SEQ_NUM": 1,
        "BLOCK": "6",
        "FLOOR": "20",
        "FLAT": "A",
        "HOUSE_NUM_PREFIX": 2222.0,
        "STREET_NAME_ENG": "SHING FUNG ROAD",
        "STREET_NAME_CHN": "承豐道",
        "AREA_DESC_ENG": "KOWLOON",
        "AREA_DESC_CHN": "九龍",
        "FREE_FORMAT_ADDR_ENG": "FLAT A ON 20TH FLOOR (INCLUDING THE BALCONY AND THE UTILITY PLATFORM THEREOF) OF TOWER 6 CULLINAN HARBOUR PHASE 1 OF CULLINAN HARBOUR DEVELOPMENT KOWLOON",
        "FREE_FORMAT_ADDR_CHN": NaN,
        "DEV_NAME_ENG": "CULLINAN HARBOUR",
        "DEV_NAME_CHN": "天璽‧海",
        "FIRST_REFERENCE_LOT_PRN": "D4356833"
    },
    {
        "PRN": "D5950898",
        "SEQ_NUM": 1,
        "BLOCK": "6",
        "FLOOR": "20",
        "FLAT": "B",
        "HOUSE_NUM_PREFIX": 2222.0,
        "STREET_NAME_ENG": "SHING FUNG ROAD",
        "STREET_NAME_CHN": "承豐道",
        "AREA_DESC_ENG": "KOWLOON",
        "AREA_DESC_CHN": "九龍",
        "FREE_FORMAT_ADDR_ENG": "FLAT B ON 20TH FLOOR (INCLUDING THE BALCONY AND THE UTILITY PLATFORM THEREOF) OF TOWER 6 CULLINAN HARBOUR PHASE 1 OF CULLINAN HARBOUR DEVELOPMENT KOWLOON",
        "FREE_FORMAT_ADDR_CHN": NaN,
        "DEV_NAME_ENG": "CULLINAN HARBOUR",
        "DEV_NAME_CHN": "天璽‧海",
        "FIRST_REFERENCE_LOT_PRN": "D4356833"
    },
    {
        "PRN": "D5950909",
        "SEQ_NUM": 1,
        "BLOCK": "6",
        "FLOOR": "21",
        "FLAT": "A",
        "HOUSE_NUM_PREFIX": 2222.0,
        "STREET_NAME_ENG": "SHING FUNG ROAD",
        "STREET_NAME_CHN": "承豐道",
        "AREA_DESC_ENG": "KOWLOON",
        "AREA_DESC_CHN": "九龍",
        "FREE_FORMAT_ADDR_ENG": "FLAT A ON 21ST FLOOR (INCLUDING THE BALCONY AND THE UTILITY PLATFORM THEREOF) OF TOWER 6 CULLINAN HARBOUR PHASE 1 OF CULLINAN HARBOUR DEVELOPMENT KOWLOON",
        "FREE_FORMAT_ADDR_CHN": NaN,
        "DEV_NAME_ENG": "CULLINAN HARBOUR",
        "DEV_NAME_CHN": "天璽‧海",
        "FIRST_REFERENCE_LOT_PRN": "D4356833"
    },
    {
        "PRN": "D5950917",
        "SEQ_NUM": 1,
        "BLOCK": "6",
        "FLOOR": "21",
        "FLAT": "B",
        "HOUSE_NUM_PREFIX": 2222.0,
        "STREET_NAME_ENG": "SHING FUNG ROAD",
        "STREET_NAME_CHN": "承豐道",
        "AREA_DESC_ENG": "KOWLOON",
        "AREA_DESC_CHN": "九龍",
        "FREE_FORMAT_ADDR_ENG": "FLAT B ON 21ST FLOOR (INCLUDING THE BALCONY AND THE UTILITY PLATFORM THEREOF) OF TOWER 6 CULLINAN HARBOUR PHASE 1 OF CULLINAN HARBOUR DEVELOPMENT KOWLOON",
        "FREE_FORMAT_ADDR_CHN": NaN,
        "DEV_NAME_ENG": "CULLINAN HARBOUR",
        "DEV_NAME_CHN": "天璽‧海",
        "FIRST_REFERENCE_LOT_PRN": "D4356833"
    },
    {
        "PRN": "D5950929",
        "SEQ_NUM": 1,
        "BLOCK": "6",
        "FLOOR": "22",
        "FLAT": "A",
        "HOUSE_NUM_PREFIX": 2222.0,
        "STREET_NAME_ENG": "SHING FUNG ROAD",
        "STREET_NAME_CHN": "承豐道",
        "AREA_DESC_ENG": "KOWLOON",
        "AREA_DESC_CHN": "九龍",
        "FREE_FORMAT_ADDR_ENG": "FLAT A ON 22ND FLOOR (INCLUDING THE BALCONY AND THE UTILITY PLATFORM THEREOF) OF TOWER 6 CULLINAN HARBOUR PHASE 1 OF CULLINAN HARBOUR DEVELOPMENT KOWLOON",
        "FREE_FORMAT_ADDR_CHN": NaN,
        "DEV_NAME_ENG": "CULLINAN HARBOUR",
        "DEV_NAME_CHN": "天璽‧海",
        "FIRST_REFERENCE_LOT_PRN": "D4356833"
    },
    {
        "PRN": "D5950933",
        "SEQ_NUM": 1,
        "BLOCK": "6",
        "FLOOR": "22",
        "FLAT": "B",
        "HOUSE_NUM_PREFIX": 2222.0,
        "STREET_NAME_ENG": "SHING FUNG ROAD",
        "STREET_NAME_CHN": "承豐道",
        "AREA_DESC_ENG": "KOWLOON",
        "AREA_DESC_CHN": "九龍",
        "FREE_FORMAT_ADDR_ENG": "FLAT B ON 22ND FLOOR (INCLUDING THE BALCONY AND THE UTILITY PLATFORM THEREOF) OF TOWER 6 CULLINAN HARBOUR PHASE 1 OF CULLINAN HARBOUR DEVELOPMENT KOWLOON",
        "FREE_FORMAT_ADDR_CHN": NaN,
        "DEV_NAME_ENG": "CULLINAN HARBOUR",
        "DEV_NAME_CHN": "天璽‧海",
        "FIRST_REFERENCE_LOT_PRN": "D4356833"
    },
    {
        "PRN": "D5950940",
        "SEQ_NUM": 1,
        "BLOCK": "6",
        "FLOOR": "23",
        "FLAT": "A",
        "HOUSE_NUM_PREFIX": 2222.0,
        "STREET_NAME_ENG": "SHING FUNG ROAD",
        "STREET_NAME_CHN": "承豐道",
        "AREA_DESC_ENG": "KOWLOON",
        "AREA_DESC_CHN": "九龍",
        "FREE_FORMAT_ADDR_ENG": "FLAT A ON 23RD FLOOR (INCLUDING THE BALCONY AND THE UTILITY PLATFORM THEREOF) OF TOWER 6 CULLINAN HARBOUR PHASE 1 OF CULLINAN HARBOUR DEVELOPMENT KOWLOON",
        "FREE_FORMAT_ADDR_CHN": NaN,
        "DEV_NAME_ENG": "CULLINAN HARBOUR",
        "DEV_NAME_CHN": "天璽‧海",
        "FIRST_REFERENCE_LOT_PRN": "D4356833"
    },
    {
        "PRN": "D5950959",
        "SEQ_NUM": 1,
        "BLOCK": "6",
        "FLOOR": "23",
        "FLAT": "B",
        "HOUSE_NUM_PREFIX": 2222.0,
        "STREET_NAME_ENG": "SHING FUNG ROAD",
        "STREET_NAME_CHN": "承豐道",
        "AREA_DESC_ENG": "KOWLOON",
        "AREA_DESC_CHN": "九龍",
        "FREE_FORMAT_ADDR_ENG": "FLAT B ON 23RD FLOOR (INCLUDING THE BALCONY AND THE UTILITY PLATFORM THEREOF) OF TOWER 6 CULLINAN HARBOUR PHASE 1 OF CULLINAN HARBOUR DEVELOPMENT KOWLOON",
        "FREE_FORMAT_ADDR_CHN": NaN,
        "DEV_NAME_ENG": "CULLINAN HARBOUR",
        "DEV_NAME_CHN": "天璽‧海",
        "FIRST_REFERENCE_LOT_PRN": "D4356833"
    },
    {
        "PRN": "D5950967",
        "SEQ_NUM": 1,
        "BLOCK": "6",
        "FLOOR": "25",
        "FLAT": "A",
        "HOUSE_NUM_PREFIX": 2222.0,
        "STREET_NAME_ENG": "SHING FUNG ROAD",
        "STREET_NAME_CHN": "承豐道",
        "AREA_DESC_ENG": "KOWLOON",
        "AREA_DESC_CHN": "九龍",
        "FREE_FORMAT_ADDR_ENG": "FLAT A ON 25TH FLOOR (INCLUDING THE BALCONY AND THE UTILITY PLATFORM THEREOF) OF TOWER 6 CULLINAN HARBOUR PHASE 1 OF CULLINAN HARBOUR DEVELOPMENT KOWLOON",
        "FREE_FORMAT_ADDR_CHN": NaN,
        "DEV_NAME_ENG": "CULLINAN HARBOUR",
        "DEV_NAME_CHN": "天璽‧海",
        "FIRST_REFERENCE_LOT_PRN": "D4356833"
    },
    {
        "PRN": "D5950975",
        "SEQ_NUM": 1,
        "BLOCK": "6",
        "FLOOR": "25",
        "FLAT": "B",
        "HOUSE_NUM_PREFIX": 2222.0,
        "STREET_NAME_ENG": "SHING FUNG ROAD",
        "STREET_NAME_CHN": "承豐道",
        "AREA_DESC_ENG": "KOWLOON",
        "AREA_DESC_CHN": "九龍",
        "FREE_FORMAT_ADDR_ENG": "FLAT B ON 25TH FLOOR (INCLUDING THE BALCONY AND THE UTILITY PLATFORM THEREOF) OF TOWER 6 CULLINAN HARBOUR PHASE 1 OF CULLINAN HARBOUR DEVELOPMENT KOWLOON",
        "FREE_FORMAT_ADDR_CHN": NaN,
        "DEV_NAME_ENG": "CULLINAN HARBOUR",
        "DEV_NAME_CHN": "天璽‧海",
        "FIRST_REFERENCE_LOT_PRN": "D4356833"
    },
    {
        "PRN": "D5950984",
        "SEQ_NUM": 1,
        "BLOCK": "6",
        "FLOOR": "26",
        "FLAT": "A",
        "HOUSE_NUM_PREFIX": 2222.0,
        "STREET_NAME_ENG": "SHING FUNG ROAD",
        "STREET_NAME_CHN": "承豐道",
        "AREA_DESC_ENG": "KOWLOON",
        "AREA_DESC_CHN": "九龍",
        "FREE_FORMAT_ADDR_ENG": "FLAT A ON 26TH FLOOR (INCLUDING THE BALCONY AND THE UTILITY PLATFORM THEREOF) OF TOWER 6 CULLINAN HARBOUR PHASE 1 OF CULLINAN HARBOUR DEVELOPMENT KOWLOON",
        "FREE_FORMAT_ADDR_CHN": NaN,
        "DEV_NAME_ENG": "CULLINAN HARBOUR",
        "DEV_NAME_CHN": "天璽‧海",
        "FIRST_REFERENCE_LOT_PRN": "D4356833"
    },
    {
        "PRN": "D5950997",
        "SEQ_NUM": 1,
        "BLOCK": "6",
        "FLOOR": "26",
        "FLAT": "B",
        "HOUSE_NUM_PREFIX": 2222.0,
        "STREET_NAME_ENG": "SHING FUNG ROAD",
        "STREET_NAME_CHN": "承豐道",
        "AREA_DESC_ENG": "KOWLOON",
        "AREA_DESC_CHN": "九龍",
        "FREE_FORMAT_ADDR_ENG": "FLAT B ON 26TH FLOOR (INCLUDING THE BALCONY AND THE UTILITY PLATFORM THEREOF) OF TOWER 6 CULLINAN HARBOUR PHASE 1 OF CULLINAN HARBOUR DEVELOPMENT KOWLOON",
        "FREE_FORMAT_ADDR_CHN": NaN,
        "DEV_NAME_ENG": "CULLINAN HARBOUR",
        "DEV_NAME_CHN": "天璽‧海",
        "FIRST_REFERENCE_LOT_PRN": "D4356833"
    },
    {
        "PRN": "D5951001",
        "SEQ_NUM": 1,
        "BLOCK": "6",
        "FLOOR": "27",
        "FLAT": "SP",
        "HOUSE_NUM_PREFIX": 2222.0,
        "STREET_NAME_ENG": "SHING FUNG ROAD",
        "STREET_NAME_CHN": "承豐道",
        "AREA_DESC_ENG": "KOWLOON",
        "AREA_DESC_CHN": "九龍",
        "FREE_FORMAT_ADDR_ENG": "SKYPLEX ON 27TH AND 28TH FLOORS (INCLUDING THE BALCONY THEREOF THE FLAT ROOF(S) ADJACENT THERETO AND THE ROOF(S) THEREABOVE) OF TOWER 6 CULLINAN HARBOUR PHASE 1 OF CULLINAN HARBOUR DEVELOPMENT KOWLOON",
        "FREE_FORMAT_ADDR_CHN": NaN,
        "DEV_NAME_ENG": "CULLINAN HARBOUR",
        "DEV_NAME_CHN": "天璽‧海",
        "FIRST_REFERENCE_LOT_PRN": "D4356833"
    },
    {
        "PRN": "D5952444",
        "SEQ_NUM": 1,
        "BLOCK": "PH1",
        "FLOOR": "B2",
        "FLAT": "8601",
        "HOUSE_NUM_PREFIX": 2222.0,
        "STREET_NAME_ENG": "SHING FUNG ROAD",
        "STREET_NAME_CHN": "承豐道",
        "AREA_DESC_ENG": "KOWLOON",
        "AREA_DESC_CHN": "九龍",
        "FREE_FORMAT_ADDR_ENG": "RESIDENTIAL CAR PARKING SPACE NO. 8601 ON B2 FLOOR PHASE 1 OF CULLINAN HARBOUR DEVELOPM",
        "FREE_FORMAT_ADDR_CHN": NaN,
        "DEV_NAME_ENG": "CULLINAN HARBOUR",
        "DEV_NAME_CHN": "天璽‧海",
        "FIRST_REFERENCE_LOT_PRN": "D4356833"
    },
    {
        "PRN": "D5952451",
        "SEQ_NUM": 1,
        "BLOCK": "PH1",
        "FLOOR": "B2",
        "FLAT": "8602",
        "HOUSE_NUM_PREFIX": 2222.0,
        "STREET_NAME_ENG": "SHING FUNG ROAD",
        "STREET_NAME_CHN": "承豐道",
        "AREA_DESC_ENG": "KOWLOON",
        "AREA_DESC_CHN": "九龍",
        "FREE_FORMAT_ADDR_ENG": "RESIDENTIAL CAR PARKING SPACE NO. 8602 ON B2 FLOOR PHASE 1 OF CULLINAN HARBOUR DEVELOPM",
        "FREE_FORMAT_ADDR_CHN": NaN,
        "DEV_NAME_ENG": "CULLINAN HARBOUR",
        "DEV_NAME_CHN": "天璽‧海",
        "FIRST_REFERENCE_LOT_PRN": "D4356833"
    },
    {
        "PRN": "D5952464",
        "SEQ_NUM": 1,
        "BLOCK": "PH1",
        "FLOOR": "B2",
        "FLAT": "8603",
        "HOUSE_NUM_PREFIX": 2222.0,
        "STREET_NAME_ENG": "SHING FUNG ROAD",
        "STREET_NAME_CHN": "承豐道",
        "AREA_DESC_ENG": "KOWLOON",
        "AREA_DESC_CHN": "九龍",
        "FREE_FORMAT_ADDR_ENG": "RESIDENTIAL CAR PARKING SPACE NO. 8603 ON B2 FLOOR PHASE 1 OF CULLINAN HARBOUR DEVELOPM",
        "FREE_FORMAT_ADDR_CHN": NaN,
        "DEV_NAME_ENG": "CULLINAN HARBOUR",
        "DEV_NAME_CHN": "天璽‧海",
        "FIRST_REFERENCE_LOT_PRN": "D4356833"
    },
    {
        "PRN": "D5952470",
        "SEQ_NUM": 1,
        "BLOCK": "PH1",
        "FLOOR": "B2",
        "FLAT": "8605",
        "HOUSE_NUM_PREFIX": 2222.0,
        "STREET_NAME_ENG": "SHING FUNG ROAD",
        "STREET_NAME_CHN": "承豐道",
        "AREA_DESC_ENG": "KOWLOON",
        "AREA_DESC_CHN": "九龍",
        "FREE_FORMAT_ADDR_ENG": "RESIDENTIAL CAR PARKING SPACE NO. 8605 ON B2 FLOOR PHASE 1 OF CULLINAN HARBOUR DEVELOPM",
        "FREE_FORMAT_ADDR_CHN": NaN,
        "DEV_NAME_ENG": "CULLINAN HARBOUR",
        "DEV_NAME_CHN": "天璽‧海",
        "FIRST_REFERENCE_LOT_PRN": "D4356833"
    },
    {
        "PRN": "D5952486",
        "SEQ_NUM": 1,
        "BLOCK": "PH1",
        "FLOOR": "B2",
        "FLAT": "8606",
        "HOUSE_NUM_PREFIX": 2222.0,
        "STREET_NAME_ENG": "SHING FUNG ROAD",
        "STREET_NAME_CHN": "承豐道",
        "AREA_DESC_ENG": "KOWLOON",
        "AREA_DESC_CHN": "九龍",
        "FREE_FORMAT_ADDR_ENG": "RESIDENTIAL CAR PARKING SPACE NO. 8606 ON B2 FLOOR PHASE 1 OF CULLINAN HARBOUR DEVELOPM",
        "FREE_FORMAT_ADDR_CHN": NaN,
        "DEV_NAME_ENG": "CULLINAN HARBOUR",
        "DEV_NAME_CHN": "天璽‧海",
        "FIRST_REFERENCE_LOT_PRN": "D4356833"
    },
    {
        "PRN": "D5952492",
        "SEQ_NUM": 1,
        "BLOCK": "PH1",
        "FLOOR": "B2",
        "FLAT": "8607",
        "HOUSE_NUM_PREFIX": 2222.0,
        "STREET_NAME_ENG": "SHING FUNG ROAD",
        "STREET_NAME_CHN": "承豐道",
        "AREA_DESC_ENG": "KOWLOON",
        "AREA_DESC_CHN": "九龍",
        "FREE_FORMAT_ADDR_ENG": "RESIDENTIAL CAR PARKING SPACE NO. 8607 ON B2 FLOOR PHASE 1 OF CULLINAN HARBOUR DEVELOPM",
        "FREE_FORMAT_ADDR_CHN": NaN,
        "DEV_NAME_ENG": "CULLINAN HARBOUR",
        "DEV_NAME_CHN": "天璽‧海",
        "FIRST_REFERENCE_LOT_PRN": "D4356833"
    },
    {
        "PRN": "D5952501",
        "SEQ_NUM": 1,
        "BLOCK": "PH1",
        "FLOOR": "B2",
        "FLAT": "8608",
        "HOUSE_NUM_PREFIX": 2222.0,
        "STREET_NAME_ENG": "SHING FUNG ROAD",
        "STREET_NAME_CHN": "承豐道",
        "AREA_DESC_ENG": "KOWLOON",
        "AREA_DESC_CHN": "九龍",
        "FREE_FORMAT_ADDR_ENG": "RESIDENTIAL CAR PARKING SPACE NO. 8608 ON B2 FLOOR PHASE 1 OF CULLINAN HARBOUR DEVELOPM",
        "FREE_FORMAT_ADDR_CHN": NaN,
        "DEV_NAME_ENG": "CULLINAN HARBOUR",
        "DEV_NAME_CHN": "天璽‧海",
        "FIRST_REFERENCE_LOT_PRN": "D4356833"
    },
    {
        "PRN": "D5952514",
        "SEQ_NUM": 1,
        "BLOCK": "PH1",
        "FLOOR": "B2",
        "FLAT": "8609",
        "HOUSE_NUM_PREFIX": 2222.0,
        "STREET_NAME_ENG": "SHING FUNG ROAD",
        "STREET_NAME_CHN": "承豐道",
        "AREA_DESC_ENG": "KOWLOON",
        "AREA_DESC_CHN": "九龍",
        "FREE_FORMAT_ADDR_ENG": "RESIDENTIAL CAR PARKING SPACE NO. 8609 ON B2 FLOOR PHASE 1 OF CULLINAN HARBOUR DEVELOPM",
        "FREE_FORMAT_ADDR_CHN": NaN,
        "DEV_NAME_ENG": "CULLINAN HARBOUR",
        "DEV_NAME_CHN": "天璽‧海",
        "FIRST_REFERENCE_LOT_PRN": "D4356833"
    },
    {
        "PRN": "D5952528",
        "SEQ_NUM": 1,
        "BLOCK": "PH1",
        "FLOOR": "B2",
        "FLAT": "8610",
        "HOUSE_NUM_PREFIX": 2222.0,
        "STREET_NAME_ENG": "SHING FUNG ROAD",
        "STREET_NAME_CHN": "承豐道",
        "AREA_DESC_ENG": "KOWLOON",
        "AREA_DESC_CHN": "九龍",
        "FREE_FORMAT_ADDR_ENG": "RESIDENTIAL CAR PARKING SPACE NO. 8610 ON B2 FLOOR PHASE 1 OF CULLINAN HARBOUR DEVELOPM",
        "FREE_FORMAT_ADDR_CHN": NaN,
        "DEV_NAME_ENG": "CULLINAN HARBOUR",
        "DEV_NAME_CHN": "天璽‧海",
        "FIRST_REFERENCE_LOT_PRN": "D4356833"
    },
    {
        "PRN": "D5952536",
        "SEQ_NUM": 1,
        "BLOCK": "PH1",
        "FLOOR": "B2",
        "FLAT": "8611",
        "HOUSE_NUM_PREFIX": 2222.0,
        "STREET_NAME_ENG": "SHING FUNG ROAD",
        "STREET_NAME_CHN": "承豐道",
        "AREA_DESC_ENG": "KOWLOON",
        "AREA_DESC_CHN": "九龍",
        "FREE_FORMAT_ADDR_ENG": "RESIDENTIAL CAR PARKING SPACE NO. 8611 ON B2 FLOOR PHASE 1 OF CULLINAN HARBOUR DEVELOPM",
        "FREE_FORMAT_ADDR_CHN": NaN,
        "DEV_NAME_ENG": "CULLINAN HARBOUR",
        "DEV_NAME_CHN": "天璽‧海",
        "FIRST_REFERENCE_LOT_PRN": "D4356833"
    },
    {
        "PRN": "D5952544",
        "SEQ_NUM": 1,
        "BLOCK": "PH1",
        "FLOOR": "B2",
        "FLAT": "8612",
        "HOUSE_NUM_PREFIX": 2222.0,
        "STREET_NAME_ENG": "SHING FUNG ROAD",
        "STREET_NAME_CHN": "承豐道",
        "AREA_DESC_ENG": "KOWLOON",
        "AREA_DESC_CHN": "九龍",
        "FREE_FORMAT_ADDR_ENG": "RESIDENTIAL CAR PARKING SPACE NO. 8612 ON B2 FLOOR PHASE 1 OF CULLINAN HARBOUR DEVELOPM",
        "FREE_FORMAT_ADDR_CHN": NaN,
        "DEV_NAME_ENG": "CULLINAN HARBOUR",
        "DEV_NAME_CHN": "天璽‧海",
        "FIRST_REFERENCE_LOT_PRN": "D4356833"
    },
    {
        "PRN": "D5952550",
        "SEQ_NUM": 1,
        "BLOCK": "PH1",
        "FLOOR": "B2",
        "FLAT": "8615",
        "HOUSE_NUM_PREFIX": 2222.0,
        "STREET_NAME_ENG": "SHING FUNG ROAD",
        "STREET_NAME_CHN": "承豐道",
        "AREA_DESC_ENG": "KOWLOON",
        "AREA_DESC_CHN": "九龍",
        "FREE_FORMAT_ADDR_ENG": "RESIDENTIAL CAR PARKING SPACE NO. 8615 ON B2 FLOOR PHASE 1 OF CULLINAN HARBOUR DEVELOPM",
        "FREE_FORMAT_ADDR_CHN": NaN,
        "DEV_NAME_ENG": "CULLINAN HARBOUR",
        "DEV_NAME_CHN": "天璽‧海",
        "FIRST_REFERENCE_LOT_PRN": "D4356833"
    },
    {
        "PRN": "D5952564",
        "SEQ_NUM": 1,
        "BLOCK": "PH1",
        "FLOOR": "B2",
        "FLAT": "8616",
        "HOUSE_NUM_PREFIX": 2222.0,
        "STREET_NAME_ENG": "SHING FUNG ROAD",
        "STREET_NAME_CHN": "承豐道",
        "AREA_DESC_ENG": "KOWLOON",
        "AREA_DESC_CHN": "九龍",
        "FREE_FORMAT_ADDR_ENG": "RESIDENTIAL CAR PARKING SPACE NO. 8616 ON B2 FLOOR PHASE 1 OF CULLINAN HARBOUR DEVELOPM",
        "FREE_FORMAT_ADDR_CHN": NaN,
        "DEV_NAME_ENG": "CULLINAN HARBOUR",
        "DEV_NAME_CHN": "天璽‧海",
        "FIRST_REFERENCE_LOT_PRN": "D4356833"
    },
    {
        "PRN": "D5952577",
        "SEQ_NUM": 1,
        "BLOCK": "PH1",
        "FLOOR": "B2",
        "FLAT": "8617",
        "HOUSE_NUM_PREFIX": 2222.0,
        "STREET_NAME_ENG": "SHING FUNG ROAD",
        "STREET_NAME_CHN": "承豐道",
        "AREA_DESC_ENG": "KOWLOON",
        "AREA_DESC_CHN": "九龍",
        "FREE_FORMAT_ADDR_ENG": "RESIDENTIAL CAR PARKING SPACE NO. 8617 ON B2 FLOOR PHASE 1 OF CULLINAN HARBOUR DEVELOPM",
        "FREE_FORMAT_ADDR_CHN": NaN,
        "DEV_NAME_ENG": "CULLINAN HARBOUR",
        "DEV_NAME_CHN": "天璽‧海",
        "FIRST_REFERENCE_LOT_PRN": "D4356833"
    },
    {
        "PRN": "D5952588",
        "SEQ_NUM": 1,
        "BLOCK": "PH1",
        "FLOOR": "B2",
        "FLAT": "8618",
        "HOUSE_NUM_PREFIX": 2222.0,
        "STREET_NAME_ENG": "SHING FUNG ROAD",
        "STREET_NAME_CHN": "承豐道",
        "AREA_DESC_ENG": "KOWLOON",
        "AREA_DESC_CHN": "九龍",
        "FREE_FORMAT_ADDR_ENG": "RESIDENTIAL CAR PARKING SPACE NO. 8618 ON B2 FLOOR PHASE 1 OF CULLINAN HARBOUR DEVELOPM",
        "FREE_FORMAT_ADDR_CHN": NaN,
        "DEV_NAME_ENG": "CULLINAN HARBOUR",
        "DEV_NAME_CHN": "天璽‧海",
        "FIRST_REFERENCE_LOT_PRN": "D4356833"
    },
    {
        "PRN": "D5952598",
        "SEQ_NUM": 1,
        "BLOCK": "PH1",
        "FLOOR": "B2",
        "FLAT": "8619",
        "HOUSE_NUM_PREFIX": 2222.0,
        "STREET_NAME_ENG": "SHING FUNG ROAD",
        "STREET_NAME_CHN": "承豐道",
        "AREA_DESC_ENG": "KOWLOON",
        "AREA_DESC_CHN": "九龍",
        "FREE_FORMAT_ADDR_ENG": "RESIDENTIAL CAR PARKING SPACE NO. 8619 ON B2 FLOOR PHASE 1 OF CULLINAN HARBOUR DEVELOPM",
        "FREE_FORMAT_ADDR_CHN": NaN,
        "DEV_NAME_ENG": "CULLINAN HARBOUR",
        "DEV_NAME_CHN": "天璽‧海",
        "FIRST_REFERENCE_LOT_PRN": "D4356833"
    },
    {
        "PRN": "D5952603",
        "SEQ_NUM": 1,
        "BLOCK": "PH1",
        "FLOOR": "B2",
        "FLAT": "8620",
        "HOUSE_NUM_PREFIX": 2222.0,
        "STREET_NAME_ENG": "SHING FUNG ROAD",
        "STREET_NAME_CHN": "承豐道",
        "AREA_DESC_ENG": "KOWLOON",
        "AREA_DESC_CHN": "九龍",
        "FREE_FORMAT_ADDR_ENG": "RESIDENTIAL CAR PARKING SPACE NO. 8620 ON B2 FLOOR PHASE 1 OF CULLINAN HARBOUR DEVELOPM",
        "FREE_FORMAT_ADDR_CHN": NaN,
        "DEV_NAME_ENG": "CULLINAN HARBOUR",
        "DEV_NAME_CHN": "天璽‧海",
        "FIRST_REFERENCE_LOT_PRN": "D4356833"
    },
    {
        "PRN": "D5952611",
        "SEQ_NUM": 1,
        "BLOCK": "PH1",
        "FLOOR": "B2",
        "FLAT": "8621",
        "HOUSE_NUM_PREFIX": 2222.0,
        "STREET_NAME_ENG": "SHING FUNG ROAD",
        "STREET_NAME_CHN": "承豐道",
        "AREA_DESC_ENG": "KOWLOON",
        "AREA_DESC_CHN": "九龍",
        "FREE_FORMAT_ADDR_ENG": "RESIDENTIAL CAR PARKING SPACE NO. 8621 ON B2 FLOOR PHASE 1 OF CULLINAN HARBOUR DEVELOPM",
        "FREE_FORMAT_ADDR_CHN": NaN,
        "DEV_NAME_ENG": "CULLINAN HARBOUR",
        "DEV_NAME_CHN": "天璽‧海",
        "FIRST_REFERENCE_LOT_PRN": "D4356833"
    },
    {
        "PRN": "D5952622",
        "SEQ_NUM": 1,
        "BLOCK": "PH1",
        "FLOOR": "B2",
        "FLAT": "8622",
        "HOUSE_NUM_PREFIX": 2222.0,
        "STREET_NAME_ENG": "SHING FUNG ROAD",
        "STREET_NAME_CHN": "承豐道",
        "AREA_DESC_ENG": "KOWLOON",
        "AREA_DESC_CHN": "九龍",
        "FREE_FORMAT_ADDR_ENG": "RESIDENTIAL CAR PARKING SPACE NO. 8622 ON B2 FLOOR PHASE 1 OF CULLINAN HARBOUR DEVELOPM",
        "FREE_FORMAT_ADDR_CHN": NaN,
        "DEV_NAME_ENG": "CULLINAN HARBOUR",
        "DEV_NAME_CHN": "天璽‧海",
        "FIRST_REFERENCE_LOT_PRN": "D4356833"
    },
    {
        "PRN": "D5952632",
        "SEQ_NUM": 1,
        "BLOCK": "PH1",
        "FLOOR": "B2",
        "FLAT": "8623",
        "HOUSE_NUM_PREFIX": 2222.0,
        "STREET_NAME_ENG": "SHING FUNG ROAD",
        "STREET_NAME_CHN": "承豐道",
        "AREA_DESC_ENG": "KOWLOON",
        "AREA_DESC_CHN": "九龍",
        "FREE_FORMAT_ADDR_ENG": "RESIDENTIAL CAR PARKING SPACE NO. 8623 ON B2 FLOOR PHASE 1 OF CULLINAN HARBOUR DEVELOPM",
        "FREE_FORMAT_ADDR_CHN": NaN,
        "DEV_NAME_ENG": "CULLINAN HARBOUR",
        "DEV_NAME_CHN": "天璽‧海",
        "FIRST_REFERENCE_LOT_PRN": "D4356833"
    },
    {
        "PRN": "D5952645",
        "SEQ_NUM": 1,
        "BLOCK": "PH1",
        "FLOOR": "B2",
        "FLAT": "8625",
        "HOUSE_NUM_PREFIX": 2222.0,
        "STREET_NAME_ENG": "SHING FUNG ROAD",
        "STREET_NAME_CHN": "承豐道",
        "AREA_DESC_ENG": "KOWLOON",
        "AREA_DESC_CHN": "九龍",
        "FREE_FORMAT_ADDR_ENG": "RESIDENTIAL CAR PARKING SPACE NO. 8625 ON B2 FLOOR PHASE 1 OF CULLINAN HARBOUR DEVELOPM",
        "FREE_FORMAT_ADDR_CHN": NaN,
        "DEV_NAME_ENG": "CULLINAN HARBOUR",
        "DEV_NAME_CHN": "天璽‧海",
        "FIRST_REFERENCE_LOT_PRN": "D4356833"
    },
    {
        "PRN": "D5952659",
        "SEQ_NUM": 1,
        "BLOCK": "PH1",
        "FLOOR": "B2",
        "FLAT": "8626",
        "HOUSE_NUM_PREFIX": 2222.0,
        "STREET_NAME_ENG": "SHING FUNG ROAD",
        "STREET_NAME_CHN": "承豐道",
        "AREA_DESC_ENG": "KOWLOON",
        "AREA_DESC_CHN": "九龍",
        "FREE_FORMAT_ADDR_ENG": "RESIDENTIAL CAR PARKING SPACE NO. 8626 ON B2 FLOOR PHASE 1 OF CULLINAN HARBOUR DEVELOPM",
        "FREE_FORMAT_ADDR_CHN": NaN,
        "DEV_NAME_ENG": "CULLINAN HARBOUR",
        "DEV_NAME_CHN": "天璽‧海",
        "FIRST_REFERENCE_LOT_PRN": "D4356833"
    },
    {
        "PRN": "D5952663",
        "SEQ_NUM": 1,
        "BLOCK": "PH1",
        "FLOOR": "B2",
        "FLAT": "8627",
        "HOUSE_NUM_PREFIX": 2222.0,
        "STREET_NAME_ENG": "SHING FUNG ROAD",
        "STREET_NAME_CHN": "承豐道",
        "AREA_DESC_ENG": "KOWLOON",
        "AREA_DESC_CHN": "九龍",
        "FREE_FORMAT_ADDR_ENG": "RESIDENTIAL CAR PARKING SPACE NO. 8627 ON B2 FLOOR PHASE 1 OF CULLINAN HARBOUR DEVELOPM",
        "FREE_FORMAT_ADDR_CHN": NaN,
        "DEV_NAME_ENG": "CULLINAN HARBOUR",
        "DEV_NAME_CHN": "天璽‧海",
        "FIRST_REFERENCE_LOT_PRN": "D4356833"
    },
    {
        "PRN": "D5952677",
        "SEQ_NUM": 1,
        "BLOCK": "PH1",
        "FLOOR": "B2",
        "FLAT": "8628",
        "HOUSE_NUM_PREFIX": 2222.0,
        "STREET_NAME_ENG": "SHING FUNG ROAD",
        "STREET_NAME_CHN": "承豐道",
        "AREA_DESC_ENG": "KOWLOON",
        "AREA_DESC_CHN": "九龍",
        "FREE_FORMAT_ADDR_ENG": "RESIDENTIAL CAR PARKING SPACE NO. 8628 ON B2 FLOOR PHASE 1 OF CULLINAN HARBOUR DEVELOPM",
        "FREE_FORMAT_ADDR_CHN": NaN,
        "DEV_NAME_ENG": "CULLINAN HARBOUR",
        "DEV_NAME_CHN": "天璽‧海",
        "FIRST_REFERENCE_LOT_PRN": "D4356833"
    },
    {
        "PRN": "D5952682",
        "SEQ_NUM": 1,
        "BLOCK": "PH1",
        "FLOOR": "B2",
        "FLAT": "8629",
        "HOUSE_NUM_PREFIX": 2222.0,
        "STREET_NAME_ENG": "SHING FUNG ROAD",
        "STREET_NAME_CHN": "承豐道",
        "AREA_DESC_ENG": "KOWLOON",
        "AREA_DESC_CHN": "九龍",
        "FREE_FORMAT_ADDR_ENG": "RESIDENTIAL CAR PARKING SPACE NO. 8629 ON B2 FLOOR PHASE 1 OF CULLINAN HARBOUR DEVELOPM",
        "FREE_FORMAT_ADDR_CHN": NaN,
        "DEV_NAME_ENG": "CULLINAN HARBOUR",
        "DEV_NAME_CHN": "天璽‧海",
        "FIRST_REFERENCE_LOT_PRN": "D4356833"
    },
    {
        "PRN": "D5952692",
        "SEQ_NUM": 1,
        "BLOCK": "PH1",
        "FLOOR": "B2",
        "FLAT": "8630",
        "HOUSE_NUM_PREFIX": 2222.0,
        "STREET_NAME_ENG": "SHING FUNG ROAD",
        "STREET_NAME_CHN": "承豐道",
        "AREA_DESC_ENG": "KOWLOON",
        "AREA_DESC_CHN": "九龍",
        "FREE_FORMAT_ADDR_ENG": "RESIDENTIAL CAR PARKING SPACE NO. 8630 ON B2 FLOOR PHASE 1 OF CULLINAN HARBOUR DEVELOPM",
        "FREE_FORMAT_ADDR_CHN": NaN,
        "DEV_NAME_ENG": "CULLINAN HARBOUR",
        "DEV_NAME_CHN": "天璽‧海",
        "FIRST_REFERENCE_LOT_PRN": "D4356833"
    },
    {
        "PRN": "D5952705",
        "SEQ_NUM": 1,
        "BLOCK": "PH1",
        "FLOOR": "B2",
        "FLAT": "8631",
        "HOUSE_NUM_PREFIX": 2222.0,
        "STREET_NAME_ENG": "SHING FUNG ROAD",
        "STREET_NAME_CHN": "承豐道",
        "AREA_DESC_ENG": "KOWLOON",
        "AREA_DESC_CHN": "九龍",
        "FREE_FORMAT_ADDR_ENG": "RESIDENTIAL CAR PARKING SPACE NO. 8631 ON B2 FLOOR PHASE 1 OF CULLINAN HARBOUR DEVELOPM",
        "FREE_FORMAT_ADDR_CHN": NaN,
        "DEV_NAME_ENG": "CULLINAN HARBOUR",
        "DEV_NAME_CHN": "天璽‧海",
        "FIRST_REFERENCE_LOT_PRN": "D4356833"
    },
    {
        "PRN": "D5952710",
        "SEQ_NUM": 1,
        "BLOCK": "PH1",
        "FLOOR": "B2",
        "FLAT": "8632",
        "HOUSE_NUM_PREFIX": 2222.0,
        "STREET_NAME_ENG": "SHING FUNG ROAD",
        "STREET_NAME_CHN": "承豐道",
        "AREA_DESC_ENG": "KOWLOON",
        "AREA_DESC_CHN": "九龍",
        "FREE_FORMAT_ADDR_ENG": "RESIDENTIAL CAR PARKING SPACE NO. 8632 ON B2 FLOOR PHASE 1 OF CULLINAN HARBOUR DEVELOPM",
        "FREE_FORMAT_ADDR_CHN": NaN,
        "DEV_NAME_ENG": "CULLINAN HARBOUR",
        "DEV_NAME_CHN": "天璽‧海",
        "FIRST_REFERENCE_LOT_PRN": "D4356833"
    },
    {
        "PRN": "D5952720",
        "SEQ_NUM": 1,
        "BLOCK": "PH1",
        "FLOOR": "B2",
        "FLAT": "8633",
        "HOUSE_NUM_PREFIX": 2222.0,
        "STREET_NAME_ENG": "SHING FUNG ROAD",
        "STREET_NAME_CHN": "承豐道",
        "AREA_DESC_ENG": "KOWLOON",
        "AREA_DESC_CHN": "九龍",
        "FREE_FORMAT_ADDR_ENG": "RESIDENTIAL CAR PARKING SPACE NO. 8633 ON B2 FLOOR PHASE 1 OF CULLINAN HARBOUR DEVELOPM",
        "FREE_FORMAT_ADDR_CHN": NaN,
        "DEV_NAME_ENG": "CULLINAN HARBOUR",
        "DEV_NAME_CHN": "天璽‧海",
        "FIRST_REFERENCE_LOT_PRN": "D4356833"
    },
    {
        "PRN": "D5952731",
        "SEQ_NUM": 1,
        "BLOCK": "PH1",
        "FLOOR": "B2",
        "FLAT": "8635",
        "HOUSE_NUM_PREFIX": 2222.0,
        "STREET_NAME_ENG": "SHING FUNG ROAD",
        "STREET_NAME_CHN": "承豐道",
        "AREA_DESC_ENG": "KOWLOON",
        "AREA_DESC_CHN": "九龍",
        "FREE_FORMAT_ADDR_ENG": "RESIDENTIAL CAR PARKING SPACE NO. 8635 ON B2 FLOOR PHASE 1 OF CULLINAN HARBOUR DEVELOPM",
        "FREE_FORMAT_ADDR_CHN": NaN,
        "DEV_NAME_ENG": "CULLINAN HARBOUR",
        "DEV_NAME_CHN": "天璽‧海",
        "FIRST_REFERENCE_LOT_PRN": "D4356833"
    },
    {
        "PRN": "D5952744",
        "SEQ_NUM": 1,
        "BLOCK": "PH1",
        "FLOOR": "B2",
        "FLAT": "8636",
        "HOUSE_NUM_PREFIX": 2222.0,
        "STREET_NAME_ENG": "SHING FUNG ROAD",
        "STREET_NAME_CHN": "承豐道",
        "AREA_DESC_ENG": "KOWLOON",
        "AREA_DESC_CHN": "九龍",
        "FREE_FORMAT_ADDR_ENG": "RESIDENTIAL CAR PARKING SPACE NO. 8636 ON B2 FLOOR PHASE 1 OF CULLINAN HARBOUR DEVELOPM",
        "FREE_FORMAT_ADDR_CHN": NaN,
        "DEV_NAME_ENG": "CULLINAN HARBOUR",
        "DEV_NAME_CHN": "天璽‧海",
        "FIRST_REFERENCE_LOT_PRN": "D4356833"
    },
    {
        "PRN": "D5952756",
        "SEQ_NUM": 1,
        "BLOCK": "PH1",
        "FLOOR": "B2",
        "FLAT": "8637",
        "HOUSE_NUM_PREFIX": 2222.0,
        "STREET_NAME_ENG": "SHING FUNG ROAD",
        "STREET_NAME_CHN": "承豐道",
        "AREA_DESC_ENG": "KOWLOON",
        "AREA_DESC_CHN": "九龍",
        "FREE_FORMAT_ADDR_ENG": "RESIDENTIAL CAR PARKING SPACE NO. 8637 ON B2 FLOOR PHASE 1 OF CULLINAN HARBOUR DEVELOPM",
        "FREE_FORMAT_ADDR_CHN": NaN,
        "DEV_NAME_ENG": "CULLINAN HARBOUR",
        "DEV_NAME_CHN": "天璽‧海",
        "FIRST_REFERENCE_LOT_PRN": "D4356833"
    },
    {
        "PRN": "D5952762",
        "SEQ_NUM": 1,
        "BLOCK": "PH1",
        "FLOOR": "B2",
        "FLAT": "8638",
        "HOUSE_NUM_PREFIX": 2222.0,
        "STREET_NAME_ENG": "SHING FUNG ROAD",
        "STREET_NAME_CHN": "承豐道",
        "AREA_DESC_ENG": "KOWLOON",
        "AREA_DESC_CHN": "九龍",
        "FREE_FORMAT_ADDR_ENG": "RESIDENTIAL CAR PARKING SPACE NO. 8638 ON B2 FLOOR PHASE 1 OF CULLINAN HARBOUR DEVELOPM",
        "FREE_FORMAT_ADDR_CHN": NaN,
        "DEV_NAME_ENG": "CULLINAN HARBOUR",
        "DEV_NAME_CHN": "天璽‧海",
        "FIRST_REFERENCE_LOT_PRN": "D4356833"
    },
    {
        "PRN": "D5952775",
        "SEQ_NUM": 1,
        "BLOCK": "PH1",
        "FLOOR": "B2",
        "FLAT": "8639",
        "HOUSE_NUM_PREFIX": 2222.0,
        "STREET_NAME_ENG": "SHING FUNG ROAD",
        "STREET_NAME_CHN": "承豐道",
        "AREA_DESC_ENG": "KOWLOON",
        "AREA_DESC_CHN": "九龍",
        "FREE_FORMAT_ADDR_ENG": "RESIDENTIAL CAR PARKING SPACE NO. 8639 ON B2 FLOOR PHASE 1 OF CULLINAN HARBOUR DEVELOPM",
        "FREE_FORMAT_ADDR_CHN": NaN,
        "DEV_NAME_ENG": "CULLINAN HARBOUR",
        "DEV_NAME_CHN": "天璽‧海",
        "FIRST_REFERENCE_LOT_PRN": "D4356833"
    }
]