[
    {
        "PRN": "D4636914",
        "SEQ_NUM": 1,
        "BLOCK": "ASTER",
        "FLOOR": "8",
        "FLAT": "A",
        "HOUSE_NUM_PREFIX": 28.0,
        "STREET_NAME_ENG": "SHAM MONG ROAD",
        "STREET_NAME_CHN": "深旺道",
        "AREA_DESC_ENG": "KOWLOON",
        "AREA_DESC_CHN": "九龍",
        "FREE_FORMAT_ADDR_ENG": "FLAT A ON 8TH FLOOR OF ASTER SKY MANSION CULLINAN WEST III PHASE 5 OF CULLINAN WEST DEVELOPMENT NO. 28 SHAM MONG ROAD KOWLOON",
        "FREE_FORMAT_ADDR_CHN": NaN,
        "DEV_NAME_ENG": "CULLINAN WEST III",
        "DEV_NAME_CHN": "匯璽III",
        "FIRST_REFERENCE_LOT_PRN": "D2070203"
    },
    {
        "PRN": "D4636928",
        "SEQ_NUM": 1,
        "BLOCK": "ASTER",
        "FLOOR": "8",
        "FLAT": "B",
        "HOUSE_NUM_PREFIX": 28.0,
        "STREET_NAME_ENG": "SHAM MONG ROAD",
        "STREET_NAME_CHN": "深旺道",
        "AREA_DESC_ENG": "KOWLOON",
        "AREA_DESC_CHN": "九龍",
        "FREE_FORMAT_ADDR_ENG": "FLAT B ON 8TH FLOOR OF ASTER SKY MANSION CULLINAN WEST III PHASE 5 OF CULLINAN WEST DEVELOPMENT NO. 28 SHAM MONG ROAD KOWLOON",
        "FREE_FORMAT_ADDR_CHN": NaN,
        "DEV_NAME_ENG": "CULLINAN WEST III",
        "DEV_NAME_CHN": "匯璽III",
        "FIRST_REFERENCE_LOT_PRN": "D2070203"
    },
    {
        "PRN": "D4636932",
        "SEQ_NUM": 1,
        "BLOCK": "ASTER",
        "FLOOR": "9",
        "FLAT": "A",
        "HOUSE_NUM_PREFIX": 28.0,
        "STREET_NAME_ENG": "SHAM MONG ROAD",
        "STREET_NAME_CHN": "深旺道",
        "AREA_DESC_ENG": "KOWLOON",
        "AREA_DESC_CHN": "九龍",
        "FREE_FORMAT_ADDR_ENG": "FLAT A ON 9TH FLOOR OF ASTER SKY MANSION CULLINAN WEST III PHASE 5 OF CULLINAN WEST DEVELOPMENT NO. 28 SHAM MONG ROAD KOWLOON",
        "FREE_FORMAT_ADDR_CHN": NaN,
        "DEV_NAME_ENG": "CULLINAN WEST III",
        "DEV_NAME_CHN": "匯璽III",
        "FIRST_REFERENCE_LOT_PRN": "D2070203"
    },
    {
        "PRN": "D4636946",
        "SEQ_NUM": 1,
        "BLOCK": "ASTER",
        "FLOOR": "9",
        "FLAT": "B",
        "HOUSE_NUM_PREFIX": 28.0,
        "STREET_NAME_ENG": "SHAM MONG ROAD",
        "STREET_NAME_CHN": "深旺道",
        "AREA_DESC_ENG": "KOWLOON",
        "AREA_DESC_CHN": "九龍",
        "FREE_FORMAT_ADDR_ENG": "FLAT B ON 9TH FLOOR OF ASTER SKY MANSION CULLINAN WEST III PHASE 5 OF CULLINAN WEST DEVELOPMENT NO. 28 SHAM MONG ROAD KOWLOON",
        "FREE_FORMAT_ADDR_CHN": NaN,
        "DEV_NAME_ENG": "CULLINAN WEST III",
        "DEV_NAME_CHN": "匯璽III",
        "FIRST_REFERENCE_LOT_PRN": "D2070203"
    },
    {
        "PRN": "D4636957",
        "SEQ_NUM": 1,
        "BLOCK": "ASTER",
        "FLOOR": "10",
        "FLAT": "A",
        "HOUSE_NUM_PREFIX": 28.0,
        "STREET_NAME_ENG": "SHAM MONG ROAD",
        "STREET_NAME_CHN": "深旺道",
        "AREA_DESC_ENG": "KOWLOON",
        "AREA_DESC_CHN": "九龍",
        "FREE_FORMAT_ADDR_ENG": "FLAT A ON 10TH FLOOR OF ASTER SKY MANSION CULLINAN WEST III PHASE 5 OF CULLINAN WEST DEVELOPMENT NO. 28 SHAM MONG ROAD KOWLOON",
        "FREE_FORMAT_ADDR_CHN": NaN,
        "DEV_NAME_ENG": "CULLINAN WEST III",
        "DEV_NAME_CHN": "匯璽III",
        "FIRST_REFERENCE_LOT_PRN": "D2070203"
    },
    {
        "PRN": "D4636967",
        "SEQ_NUM": 1,
        "BLOCK": "ASTER",
        "FLOOR": "10",
        "FLAT": "B",
        "HOUSE_NUM_PREFIX": 28.0,
        "STREET_NAME_ENG": "SHAM MONG ROAD",
        "STREET_NAME_CHN": "深旺道",
        "AREA_DESC_ENG": "KOWLOON",
        "AREA_DESC_CHN": "九龍",
        "FREE_FORMAT_ADDR_ENG": "FLAT B ON 10TH FLOOR OF ASTER SKY MANSION CULLINAN WEST III PHASE 5 OF CULLINAN WEST DEVELOPMENT NO. 28 SHAM MONG ROAD KOWLOON",
        "FREE_FORMAT_ADDR_CHN": NaN,
        "DEV_NAME_ENG": "CULLINAN WEST III",
        "DEV_NAME_CHN": "匯璽III",
        "FIRST_REFERENCE_LOT_PRN": "D2070203"
    },
    {
        "PRN": "D4636977",
        "SEQ_NUM": 1,
        "BLOCK": "ASTER",
        "FLOOR": "11",
        "FLAT": "A",
        "HOUSE_NUM_PREFIX": 28.0,
        "STREET_NAME_ENG": "SHAM MONG ROAD",
        "STREET_NAME_CHN": "深旺道",
        "AREA_DESC_ENG": "KOWLOON",
        "AREA_DESC_CHN": "九龍",
        "FREE_FORMAT_ADDR_ENG": "FLAT A ON 11TH FLOOR OF ASTER SKY MANSION CULLINAN WEST III PHASE 5 OF CULLINAN WEST DEVELOPMENT NO. 28 SHAM MONG ROAD KOWLOON",
        "FREE_FORMAT_ADDR_CHN": NaN,
        "DEV_NAME_ENG": "CULLINAN WEST III",
        "DEV_NAME_CHN": "匯璽III",
        "FIRST_REFERENCE_LOT_PRN": "D2070203"
    },
    {
        "PRN": "D4636984",
        "SEQ_NUM": 1,
        "BLOCK": "ASTER",
        "FLOOR": "11",
        "FLAT": "B",
        "HOUSE_NUM_PREFIX": 28.0,
        "STREET_NAME_ENG": "SHAM MONG ROAD",
        "STREET_NAME_CHN": "深旺道",
        "AREA_DESC_ENG": "KOWLOON",
        "AREA_DESC_CHN": "九龍",
        "FREE_FORMAT_ADDR_ENG": "FLAT B ON 11TH FLOOR OF ASTER SKY MANSION CULLINAN WEST III PHASE 5 OF CULLINAN WEST DEVELOPMENT NO. 28 SHAM MONG ROAD KOWLOON",
        "FREE_FORMAT_ADDR_CHN": NaN,
        "DEV_NAME_ENG": "CULLINAN WEST III",
        "DEV_NAME_CHN": "匯璽III",
        "FIRST_REFERENCE_LOT_PRN": "D2070203"
    },
    {
        "PRN": "D4637028",
        "SEQ_NUM": 1,
        "BLOCK": "ROYAL",
        "FLOOR": "8",
        "FLAT": "A",
        "HOUSE_NUM_PREFIX": 28.0,
        "STREET_NAME_ENG": "SHAM MONG ROAD",
        "STREET_NAME_CHN": "深旺道",
        "AREA_DESC_ENG": "KOWLOON",
        "AREA_DESC_CHN": "九龍",
        "FREE_FORMAT_ADDR_ENG": "FLAT A ON 8TH FLOOR OF ROYAL SKY MANSION CULLINAN WEST III PHASE 5 OF CULLINAN WEST DEVELOPMENT NO. 28 SHAM MONG ROAD KOWLOON",
        "FREE_FORMAT_ADDR_CHN": NaN,
        "DEV_NAME_ENG": "CULLINAN WEST III",
        "DEV_NAME_CHN": "匯璽III",
        "FIRST_REFERENCE_LOT_PRN": "D2070203"
    },
    {
        "PRN": "D4637032",
        "SEQ_NUM": 1,
        "BLOCK": "ROYAL",
        "FLOOR": "8",
        "FLAT": "B",
        "HOUSE_NUM_PREFIX": 28.0,
        "STREET_NAME_ENG": "SHAM MONG ROAD",
        "STREET_NAME_CHN": "深旺道",
        "AREA_DESC_ENG": "KOWLOON",
        "AREA_DESC_CHN": "九龍",
        "FREE_FORMAT_ADDR_ENG": "FLAT B ON 8TH FLOOR OF ROYAL SKY MANSION CULLINAN WEST III PHASE 5 OF CULLINAN WEST DEVELOPMENT NO. 28 SHAM MONG ROAD KOWLOON",
        "FREE_FORMAT_ADDR_CHN": NaN,
        "DEV_NAME_ENG": "CULLINAN WEST III",
        "DEV_NAME_CHN": "匯璽III",
        "FIRST_REFERENCE_LOT_PRN": "D2070203"
    },
    {
        "PRN": "D4637042",
        "SEQ_NUM": 1,
        "BLOCK": "ROYAL",
        "FLOOR": "9",
        "FLAT": "A",
        "HOUSE_NUM_PREFIX": 28.0,
        "STREET_NAME_ENG": "SHAM MONG ROAD",
        "STREET_NAME_CHN": "深旺道",
        "AREA_DESC_ENG": "KOWLOON",
        "AREA_DESC_CHN": "九龍",
        "FREE_FORMAT_ADDR_ENG": "FLAT A ON 9TH FLOOR OF ROYAL SKY MANSION CULLINAN WEST III PHASE 5 OF CULLINAN WEST DEVELOPMENT NO. 28 SHAM MONG ROAD KOWLOON",
        "FREE_FORMAT_ADDR_CHN": NaN,
        "DEV_NAME_ENG": "CULLINAN WEST III",
        "DEV_NAME_CHN": "匯璽III",
        "FIRST_REFERENCE_LOT_PRN": "D2070203"
    },
    {
        "PRN": "D4637051",
        "SEQ_NUM": 1,
        "BLOCK": "ROYAL",
        "FLOOR": "9",
        "FLAT": "B",
        "HOUSE_NUM_PREFIX": 28.0,
        "STREET_NAME_ENG": "SHAM MONG ROAD",
        "STREET_NAME_CHN": "深旺道",
        "AREA_DESC_ENG": "KOWLOON",
        "AREA_DESC_CHN": "九龍",
        "FREE_FORMAT_ADDR_ENG": "FLAT B ON 9TH FLOOR OF ROYAL SKY MANSION CULLINAN WEST III PHASE 5 OF CULLINAN WEST DEVELOPMENT NO. 28 SHAM MONG ROAD KOWLOON",
        "FREE_FORMAT_ADDR_CHN": NaN,
        "DEV_NAME_ENG": "CULLINAN WEST III",
        "DEV_NAME_CHN": "匯璽III",
        "FIRST_REFERENCE_LOT_PRN": "D2070203"
    },
    {
        "PRN": "D4637068",
        "SEQ_NUM": 1,
        "BLOCK": "ROYAL",
        "FLOOR": "10",
        "FLAT": "A",
        "HOUSE_NUM_PREFIX": 28.0,
        "STREET_NAME_ENG": "SHAM MONG ROAD",
        "STREET_NAME_CHN": "深旺道",
        "AREA_DESC_ENG": "KOWLOON",
        "AREA_DESC_CHN": "九龍",
        "FREE_FORMAT_ADDR_ENG": "FLAT A ON 10TH FLOOR OF ROYAL SKY MANSION CULLINAN WEST III PHASE 5 OF CULLINAN WEST DEVELOPMENT NO. 28 SHAM MONG ROAD KOWLOON",
        "FREE_FORMAT_ADDR_CHN": NaN,
        "DEV_NAME_ENG": "CULLINAN WEST III",
        "DEV_NAME_CHN": "匯璽III",
        "FIRST_REFERENCE_LOT_PRN": "D2070203"
    },
    {
        "PRN": "D4637079",
        "SEQ_NUM": 1,
        "BLOCK": "ROYAL",
        "FLOOR": "10",
        "FLAT": "B",
        "HOUSE_NUM_PREFIX": 28.0,
        "STREET_NAME_ENG": "SHAM MONG ROAD",
        "STREET_NAME_CHN": "深旺道",
        "AREA_DESC_ENG": "KOWLOON",
        "AREA_DESC_CHN": "九龍",
        "FREE_FORMAT_ADDR_ENG": "FLAT B ON 10TH FLOOR OF ROYAL SKY MANSION CULLINAN WEST III PHASE 5 OF CULLINAN WEST DEVELOPMENT NO. 28 SHAM MONG ROAD KOWLOON",
        "FREE_FORMAT_ADDR_CHN": NaN,
        "DEV_NAME_ENG": "CULLINAN WEST III",
        "DEV_NAME_CHN": "匯璽III",
        "FIRST_REFERENCE_LOT_PRN": "D2070203"
    },
    {
        "PRN": "D4637083",
        "SEQ_NUM": 1,
        "BLOCK": "ROYAL",
        "FLOOR": "11",
        "FLAT": "A",
        "HOUSE_NUM_PREFIX": 28.0,
        "STREET_NAME_ENG": "SHAM MONG ROAD",
        "STREET_NAME_CHN": "深旺道",
        "AREA_DESC_ENG": "KOWLOON",
        "AREA_DESC_CHN": "九龍",
        "FREE_FORMAT_ADDR_ENG": "FLAT A ON 11TH FLOOR OF ROYAL SKY MANSION CULLINAN WEST III PHASE 5 OF CULLINAN WEST DEVELOPMENT NO. 28 SHAM MONG ROAD KOWLOON",
        "FREE_FORMAT_ADDR_CHN": NaN,
        "DEV_NAME_ENG": "CULLINAN WEST III",
        "DEV_NAME_CHN": "匯璽III",
        "FIRST_REFERENCE_LOT_PRN": "D2070203"
    },
    {
        "PRN": "D4637099",
        "SEQ_NUM": 1,
        "BLOCK": "ROYAL",
        "FLOOR": "11",
        "FLAT": "B",
        "HOUSE_NUM_PREFIX": 28.0,
        "STREET_NAME_ENG": "SHAM MONG ROAD",
        "STREET_NAME_CHN": "深旺道",
        "AREA_DESC_ENG": "KOWLOON",
        "AREA_DESC_CHN": "九龍",
        "FREE_FORMAT_ADDR_ENG": "FLAT B ON 11TH FLOOR OF ROYAL SKY MANSION CULLINAN WEST III PHASE 5 OF CULLINAN WEST DEVELOPMENT NO. 28 SHAM MONG ROAD KOWLOON",
        "FREE_FORMAT_ADDR_CHN": NaN,
        "DEV_NAME_ENG": "CULLINAN WEST III",
        "DEV_NAME_CHN": "匯璽III",
        "FIRST_REFERENCE_LOT_PRN": "D2070203"
    }
]