[
    {
        "PRN": "D1333122",
        "SEQ_NUM": 1,
        "BLOCK": "3",
        "FLOOR": "1",
        "FLAT": NaN,
        "HOUSE_NUM_PREFIX": NaN,
        "STREET_NAME_ENG": NaN,
        "STREET_NAME_CHN": NaN,
        "AREA_DESC_ENG": NaN,
        "AREA_DESC_CHN": NaN,
        "FREE_FORMAT_ADDR_ENG": "FIRST FLOOR INCLUDING THE BALCONY APPURTENANT THERETO BLOCK 3 OF CYPRESS NO. 250 KAM SHAN TAI PO NEW TERRITORIES",
        "FREE_FORMAT_ADDR_CHN": NaN,
        "DEV_NAME_ENG": "CYPRESS",
        "DEV_NAME_CHN": "柏橋",
        "FIRST_REFERENCE_LOT_PRN": "D0233320"
    },
    {
        "PRN": "D1333137",
        "SEQ_NUM": 1,
        "BLOCK": "3",
        "FLOOR": "2",
        "FLAT": NaN,
        "HOUSE_NUM_PREFIX": NaN,
        "STREET_NAME_ENG": NaN,
        "STREET_NAME_CHN": NaN,
        "AREA_DESC_ENG": NaN,
        "AREA_DESC_CHN": NaN,
        "FREE_FORMAT_ADDR_ENG": "SECOND FLOOR INCLUDING THE BALCONY APPURTENANT THERETO TOGETHER WITH THE ROOF THEREABOVE AND THE STAIRCASES LEADING FROM THE LANDING BETWEEN THE FIRST FLOOR AND THE SECOND FLOOR UP TO THE ROOF BLOCK 3 OF CYPRESS NO. 250 KAM SHAN TAI PO NEW TERRITORIES",
        "FREE_FORMAT_ADDR_CHN": NaN,
        "DEV_NAME_ENG": "CYPRESS",
        "DEV_NAME_CHN": "柏橋",
        "FIRST_REFERENCE_LOT_PRN": "D0233320"
    },
    {
        "PRN": "D1333143",
        "SEQ_NUM": 1,
        "BLOCK": "3",
        "FLOOR": "G",
        "FLAT": NaN,
        "HOUSE_NUM_PREFIX": NaN,
        "STREET_NAME_ENG": NaN,
        "STREET_NAME_CHN": NaN,
        "AREA_DESC_ENG": NaN,
        "AREA_DESC_CHN": NaN,
        "FREE_FORMAT_ADDR_ENG": "GROUND FLOOR INCLUDING THE GARDEN YARD THERETO AND THE SPACE ON THE GROUND FLOOR UNDERNEATH THE STAIRCASES BLOCK 3 OF CYPRESS NO. 250 KAM SHAN TAI PO NEW TERRITORIES",
        "FREE_FORMAT_ADDR_CHN": NaN,
        "DEV_NAME_ENG": "CYPRESS",
        "DEV_NAME_CHN": "柏橋",
        "FIRST_REFERENCE_LOT_PRN": "D0233320"
    },
    {
        "PRN": "D1354172",
        "SEQ_NUM": 1,
        "BLOCK": "7",
        "FLOOR": "1",
        "FLAT": NaN,
        "HOUSE_NUM_PREFIX": NaN,
        "STREET_NAME_ENG": NaN,
        "STREET_NAME_CHN": NaN,
        "AREA_DESC_ENG": NaN,
        "AREA_DESC_CHN": NaN,
        "FREE_FORMAT_ADDR_ENG": "FIRST FLOOR INCLUDING THE BALCONY APPURTENANT THERETO BLOCK 7 OF CYPRESS NO. 250 KAM SHAN TAI PO NEW TERRITORIES",
        "FREE_FORMAT_ADDR_CHN": NaN,
        "DEV_NAME_ENG": "CYPRESS",
        "DEV_NAME_CHN": "柏橋",
        "FIRST_REFERENCE_LOT_PRN": "C1927238"
    },
    {
        "PRN": "D1354189",
        "SEQ_NUM": 1,
        "BLOCK": "7",
        "FLOOR": "2",
        "FLAT": NaN,
        "HOUSE_NUM_PREFIX": NaN,
        "STREET_NAME_ENG": NaN,
        "STREET_NAME_CHN": NaN,
        "AREA_DESC_ENG": NaN,
        "AREA_DESC_CHN": NaN,
        "FREE_FORMAT_ADDR_ENG": "SECOND FLOOR INCLUDING THE BALCONY APPURTENANT THERETO TOGETHER WITH THE ROOF THEREABOVE AND THE STAIRCASES LEADING FROM THE LANDING BETWEEN THE FIRST FLOOR AND THE SECOND FLOOR UP TO THE ROOF BLOCK 7 OF CYPRESS NO. 250 KAM SHAN TAI PO NEW TERRITORIES",
        "FREE_FORMAT_ADDR_CHN": NaN,
        "DEV_NAME_ENG": "CYPRESS",
        "DEV_NAME_CHN": "柏橋",
        "FIRST_REFERENCE_LOT_PRN": "C1927238"
    },
    {
        "PRN": "D1354194",
        "SEQ_NUM": 1,
        "BLOCK": "7",
        "FLOOR": "G",
        "FLAT": NaN,
        "HOUSE_NUM_PREFIX": NaN,
        "STREET_NAME_ENG": NaN,
        "STREET_NAME_CHN": NaN,
        "AREA_DESC_ENG": NaN,
        "AREA_DESC_CHN": NaN,
        "FREE_FORMAT_ADDR_ENG": "GROUND FLOOR INCLUDING THE GARDEN YARD THERETO AND THE SPACE ON THE GROUND FLOOR UNDERNEATH THE STAIRCASES BLOCK 7 OF CYPRESS NO. 250 KAM SHAN TAI PO NEW TERRITORIES",
        "FREE_FORMAT_ADDR_CHN": NaN,
        "DEV_NAME_ENG": "CYPRESS",
        "DEV_NAME_CHN": "柏橋",
        "FIRST_REFERENCE_LOT_PRN": "C1927238"
    },
    {
        "PRN": "D1354231",
        "SEQ_NUM": 1,
        "BLOCK": "5",
        "FLOOR": "1",
        "FLAT": NaN,
        "HOUSE_NUM_PREFIX": NaN,
        "STREET_NAME_ENG": NaN,
        "STREET_NAME_CHN": NaN,
        "AREA_DESC_ENG": NaN,
        "AREA_DESC_CHN": NaN,
        "FREE_FORMAT_ADDR_ENG": "FIRST FLOOR INCLUDING THE BALCONY APPURTENANT THERETO BLOCK 5 OF CYPRESS NO. 250 KAM SHAN TAI PO NEW TERRITORIES",
        "FREE_FORMAT_ADDR_CHN": NaN,
        "DEV_NAME_ENG": "CYPRESS",
        "DEV_NAME_CHN": "柏橋",
        "FIRST_REFERENCE_LOT_PRN": "D0225094"
    },
    {
        "PRN": "D1354245",
        "SEQ_NUM": 1,
        "BLOCK": "5",
        "FLOOR": "2",
        "FLAT": NaN,
        "HOUSE_NUM_PREFIX": NaN,
        "STREET_NAME_ENG": NaN,
        "STREET_NAME_CHN": NaN,
        "AREA_DESC_ENG": NaN,
        "AREA_DESC_CHN": NaN,
        "FREE_FORMAT_ADDR_ENG": "SECOND FLOOR INCLUDING THE BALCONY APPURTENANT THERETO TOGETHER WITH THE ROOF THEREABOVE AND THE STAIRCASES LEADING FROM THE LANDING BETWEEN THE FIRST FLOOR AND THE SECOND FLOOR UP TO THE ROOF BLOCK 5 OF CYPRESS NO. 250 KAM SHAN TAI PO NEW TERRITORIES",
        "FREE_FORMAT_ADDR_CHN": NaN,
        "DEV_NAME_ENG": "CYPRESS",
        "DEV_NAME_CHN": "柏橋",
        "FIRST_REFERENCE_LOT_PRN": "D0225094"
    },
    {
        "PRN": "D1354258",
        "SEQ_NUM": 1,
        "BLOCK": "5",
        "FLOOR": "G",
        "FLAT": NaN,
        "HOUSE_NUM_PREFIX": NaN,
        "STREET_NAME_ENG": NaN,
        "STREET_NAME_CHN": NaN,
        "AREA_DESC_ENG": NaN,
        "AREA_DESC_CHN": NaN,
        "FREE_FORMAT_ADDR_ENG": "GROUND FLOOR INCLUDING THE GARDEN YARD THERETO AND THE SPACE ON THE GROUND FLOOR UNDERNEATH THE STAIRCASES BLOCK 5 OF CYPRESS NO. 250 KAM SHAN TAI PO NEW TERRITORIES",
        "FREE_FORMAT_ADDR_CHN": NaN,
        "DEV_NAME_ENG": "CYPRESS",
        "DEV_NAME_CHN": "柏橋",
        "FIRST_REFERENCE_LOT_PRN": "D0225094"
    },
    {
        "PRN": "D1358452",
        "SEQ_NUM": 1,
        "BLOCK": "8",
        "FLOOR": "1",
        "FLAT": NaN,
        "HOUSE_NUM_PREFIX": NaN,
        "STREET_NAME_ENG": NaN,
        "STREET_NAME_CHN": NaN,
        "AREA_DESC_ENG": NaN,
        "AREA_DESC_CHN": NaN,
        "FREE_FORMAT_ADDR_ENG": "FIRST FLOOR INCLUDING THE BALCONY APPURTENANT THERETO BLOCK 8 OF CYPRESS NO. 250 KAM SHAN TAI PO NEW TERRITORIES",
        "FREE_FORMAT_ADDR_CHN": NaN,
        "DEV_NAME_ENG": "CYPRESS",
        "DEV_NAME_CHN": "柏橋",
        "FIRST_REFERENCE_LOT_PRN": "C5815553"
    },
    {
        "PRN": "D1358462",
        "SEQ_NUM": 1,
        "BLOCK": "8",
        "FLOOR": "2",
        "FLAT": NaN,
        "HOUSE_NUM_PREFIX": NaN,
        "STREET_NAME_ENG": NaN,
        "STREET_NAME_CHN": NaN,
        "AREA_DESC_ENG": NaN,
        "AREA_DESC_CHN": NaN,
        "FREE_FORMAT_ADDR_ENG": "SECOND FLOOR INCLUDING THE BALCONY APPURTENANT THERETO TOGETHER WITH THE ROOF THEREABOVE AND THE STAIRCASES LEADING FROM THE LANDING BETWEEN THE FIRST FLOOR AND THE SECOND FLOOR UP TO THE ROOF BLOCK 8 OF CYPRESS NO. 250 KAM SHAN TAI PO NEW TERRITORIES",
        "FREE_FORMAT_ADDR_CHN": NaN,
        "DEV_NAME_ENG": "CYPRESS",
        "DEV_NAME_CHN": "柏橋",
        "FIRST_REFERENCE_LOT_PRN": "C5815553"
    },
    {
        "PRN": "D1358478",
        "SEQ_NUM": 1,
        "BLOCK": "8",
        "FLOOR": "G",
        "FLAT": NaN,
        "HOUSE_NUM_PREFIX": NaN,
        "STREET_NAME_ENG": NaN,
        "STREET_NAME_CHN": NaN,
        "AREA_DESC_ENG": NaN,
        "AREA_DESC_CHN": NaN,
        "FREE_FORMAT_ADDR_ENG": "GROUND FLOOR INCLUDING THE GARDEN YARD THERETO AND THE SPACE ON THE GROUND FLOOR UNDERNEATH THE STAIRCASES BLOCK 8 OF CYPRESS NO. 250 KAM SHAN TAI PO NEW TERRITORIES",
        "FREE_FORMAT_ADDR_CHN": NaN,
        "DEV_NAME_ENG": "CYPRESS",
        "DEV_NAME_CHN": "柏橋",
        "FIRST_REFERENCE_LOT_PRN": "C5815553"
    },
    {
        "PRN": "D1358605",
        "SEQ_NUM": 1,
        "BLOCK": "4",
        "FLOOR": "1",
        "FLAT": NaN,
        "HOUSE_NUM_PREFIX": NaN,
        "STREET_NAME_ENG": NaN,
        "STREET_NAME_CHN": NaN,
        "AREA_DESC_ENG": NaN,
        "AREA_DESC_CHN": NaN,
        "FREE_FORMAT_ADDR_ENG": "FIRST FLOOR INCLUDING THE BALCONY APPURTENANT THERETO BLOCK 4 OF CYPRESS NO. 250 KAM SHAN TAI PO NEW TERRITORIES",
        "FREE_FORMAT_ADDR_CHN": NaN,
        "DEV_NAME_ENG": "CYPRESS",
        "DEV_NAME_CHN": "柏橋",
        "FIRST_REFERENCE_LOT_PRN": "D0225083"
    },
    {
        "PRN": "D1358618",
        "SEQ_NUM": 1,
        "BLOCK": "4",
        "FLOOR": "2",
        "FLAT": NaN,
        "HOUSE_NUM_PREFIX": NaN,
        "STREET_NAME_ENG": NaN,
        "STREET_NAME_CHN": NaN,
        "AREA_DESC_ENG": NaN,
        "AREA_DESC_CHN": NaN,
        "FREE_FORMAT_ADDR_ENG": "SECOND FLOOR INCLUDING THE BALCONY APPURTENANT THERETO TOGETHER WITH THE ROOF THEREABOVE AND THE STAIRCASES LEADING FROM THE LANDING BETWEEN THE FIRST FLOOR AND THE SECOND FLOOR UP TO THE ROOF BLOCK 4 OF CYPRESS NO. 250 KAM SHAN TAI PO NEW TERRITORIES",
        "FREE_FORMAT_ADDR_CHN": NaN,
        "DEV_NAME_ENG": "CYPRESS",
        "DEV_NAME_CHN": "柏橋",
        "FIRST_REFERENCE_LOT_PRN": "D0225083"
    },
    {
        "PRN": "D1358622",
        "SEQ_NUM": 1,
        "BLOCK": "4",
        "FLOOR": "G",
        "FLAT": NaN,
        "HOUSE_NUM_PREFIX": NaN,
        "STREET_NAME_ENG": NaN,
        "STREET_NAME_CHN": NaN,
        "AREA_DESC_ENG": NaN,
        "AREA_DESC_CHN": NaN,
        "FREE_FORMAT_ADDR_ENG": "GROUND FLOOR INCLUDING THE GARDEN YARD THERETO AND THE SPACE ON THE GROUND FLOOR UNDERNEATH THE STAIRCASES BLOCK 4 OF CYPRESS NO. 250 KAM SHAN TAI PO NEW TERRITORIES",
        "FREE_FORMAT_ADDR_CHN": NaN,
        "DEV_NAME_ENG": "CYPRESS",
        "DEV_NAME_CHN": "柏橋",
        "FIRST_REFERENCE_LOT_PRN": "D0225083"
    },
    {
        "PRN": "D1373451",
        "SEQ_NUM": 1,
        "BLOCK": "6",
        "FLOOR": "1",
        "FLAT": NaN,
        "HOUSE_NUM_PREFIX": NaN,
        "STREET_NAME_ENG": NaN,
        "STREET_NAME_CHN": NaN,
        "AREA_DESC_ENG": NaN,
        "AREA_DESC_CHN": NaN,
        "FREE_FORMAT_ADDR_ENG": "FIRST FLOOR INCLUDING THE BALCONY APPURTENANT THERETO BLOCK 6 OF CYPRESS NO. 250 KAM SHAN TAI PO NEW TERRITORIES",
        "FREE_FORMAT_ADDR_CHN": NaN,
        "DEV_NAME_ENG": "CYPRESS",
        "DEV_NAME_CHN": "柏橋",
        "FIRST_REFERENCE_LOT_PRN": "D0324814"
    },
    {
        "PRN": "D1373461",
        "SEQ_NUM": 1,
        "BLOCK": "6",
        "FLOOR": "2",
        "FLAT": NaN,
        "HOUSE_NUM_PREFIX": NaN,
        "STREET_NAME_ENG": NaN,
        "STREET_NAME_CHN": NaN,
        "AREA_DESC_ENG": NaN,
        "AREA_DESC_CHN": NaN,
        "FREE_FORMAT_ADDR_ENG": "SECOND FLOOR INCLUDING THE BALCONY APPURTENANT THERETO TOGETHER WITH THE ROOF THEREABOVE AND THE STAIRCASES LEADING FROM THE LANDING BETWEEN THE FIRST FLOOR AND THE SECOND FLOOR UP TO THE ROOF BLOCK 6 OF CYPRESS NO. 250 KAM SHAN TAI PO NEW TERRITORIES",
        "FREE_FORMAT_ADDR_CHN": NaN,
        "DEV_NAME_ENG": "CYPRESS",
        "DEV_NAME_CHN": "柏橋",
        "FIRST_REFERENCE_LOT_PRN": "D0324814"
    },
    {
        "PRN": "D1373475",
        "SEQ_NUM": 1,
        "BLOCK": "6",
        "FLOOR": "G",
        "FLAT": NaN,
        "HOUSE_NUM_PREFIX": NaN,
        "STREET_NAME_ENG": NaN,
        "STREET_NAME_CHN": NaN,
        "AREA_DESC_ENG": NaN,
        "AREA_DESC_CHN": NaN,
        "FREE_FORMAT_ADDR_ENG": "GROUND FLOOR INCLUDING THE GARDEN YARD THERETO AND THE SPACE ON THE GROUND FLOOR UNDERNEATH THE STAIRCASES BLOCK 6 OF CYPRESS NO. 250 KAM SHAN TAI PO NEW TERRITORIES",
        "FREE_FORMAT_ADDR_CHN": NaN,
        "DEV_NAME_ENG": "CYPRESS",
        "DEV_NAME_CHN": "柏橋",
        "FIRST_REFERENCE_LOT_PRN": "D0324814"
    },
    {
        "PRN": "D2466412",
        "SEQ_NUM": 1,
        "BLOCK": "1",
        "FLOOR": "1",
        "FLAT": NaN,
        "HOUSE_NUM_PREFIX": NaN,
        "STREET_NAME_ENG": NaN,
        "STREET_NAME_CHN": NaN,
        "AREA_DESC_ENG": NaN,
        "AREA_DESC_CHN": NaN,
        "FREE_FORMAT_ADDR_ENG": "FIRST FLOOR INCLUDING THE BALCONY APPURTENANT THERETO BLOCK 1 OF CYPRESS NO. 250 KAM SHAN TAI PO NEW TERRITORIES",
        "FREE_FORMAT_ADDR_CHN": NaN,
        "DEV_NAME_ENG": "CYPRESS",
        "DEV_NAME_CHN": "柏橋 1 座",
        "FIRST_REFERENCE_LOT_PRN": "D0387611"
    },
    {
        "PRN": "D2466421",
        "SEQ_NUM": 1,
        "BLOCK": "1",
        "FLOOR": "2",
        "FLAT": NaN,
        "HOUSE_NUM_PREFIX": NaN,
        "STREET_NAME_ENG": NaN,
        "STREET_NAME_CHN": NaN,
        "AREA_DESC_ENG": NaN,
        "AREA_DESC_CHN": NaN,
        "FREE_FORMAT_ADDR_ENG": "SECOND FLOOR INCLUDING THE BALCONY APPURTENANT THERETO TOGETHER WITH THE ROOF THEREABOVE AND THE STAIRCASES LEADING FROM THE LANDING BETWEEN THE FIRST FLOOR AND THE SECOND FLOOR UP TO THE ROOF BLOCK 1 OF CYPRESS NO. 250 KAM SHAN TAI PO NEW TERRITORIES",
        "FREE_FORMAT_ADDR_CHN": NaN,
        "DEV_NAME_ENG": "CYPRESS",
        "DEV_NAME_CHN": "柏橋 1 座",
        "FIRST_REFERENCE_LOT_PRN": "D0387611"
    },
    {
        "PRN": "D2466439",
        "SEQ_NUM": 1,
        "BLOCK": "1",
        "FLOOR": "G",
        "FLAT": NaN,
        "HOUSE_NUM_PREFIX": NaN,
        "STREET_NAME_ENG": NaN,
        "STREET_NAME_CHN": NaN,
        "AREA_DESC_ENG": NaN,
        "AREA_DESC_CHN": NaN,
        "FREE_FORMAT_ADDR_ENG": "GROUND FLOOR INCLUDING THE GARDEN YARD THERETO AND THE SPACE ON THE GROUND FLOOR UNDERNEATH THE STAIRCASES BLOCK 1 OF CYPRESS NO. 250 KAM SHAN TAI PO NEW TERRITORIES",
        "FREE_FORMAT_ADDR_CHN": NaN,
        "DEV_NAME_ENG": "CYPRESS",
        "DEV_NAME_CHN": "柏橋 1 座",
        "FIRST_REFERENCE_LOT_PRN": "D0387611"
    },
    {
        "PRN": "D2466443",
        "SEQ_NUM": 1,
        "BLOCK": "2",
        "FLOOR": "1",
        "FLAT": NaN,
        "HOUSE_NUM_PREFIX": NaN,
        "STREET_NAME_ENG": NaN,
        "STREET_NAME_CHN": NaN,
        "AREA_DESC_ENG": NaN,
        "AREA_DESC_CHN": NaN,
        "FREE_FORMAT_ADDR_ENG": "FIRST FLOOR INCLUDING THE BALCONY APPURTENANT THERETO BLOCK 2 OF CYPRESS NO. 250 KAM SHAN TAI PO NEW TERRITORIES",
        "FREE_FORMAT_ADDR_CHN": NaN,
        "DEV_NAME_ENG": "CYPRESS",
        "DEV_NAME_CHN": "柏橋 2 座",
        "FIRST_REFERENCE_LOT_PRN": "D0225072"
    },
    {
        "PRN": "D2466455",
        "SEQ_NUM": 1,
        "BLOCK": "2",
        "FLOOR": "2",
        "FLAT": NaN,
        "HOUSE_NUM_PREFIX": NaN,
        "STREET_NAME_ENG": NaN,
        "STREET_NAME_CHN": NaN,
        "AREA_DESC_ENG": NaN,
        "AREA_DESC_CHN": NaN,
        "FREE_FORMAT_ADDR_ENG": "SECOND FLOOR INCLUDING THE BALCONY APPURTENANT THERETO TOGETHER WITH THE ROOF THEREABOVE AND THE STAIRCASES LEADING FROM THE LANDING BETWEEN THE FIRST FLOOR AND THE SECOND FLOOR UP TO THE ROOF BLOCK 2 OF CYPRESS NO. 250 KAM SHAN TAI PO NEW TERRITORIES",
        "FREE_FORMAT_ADDR_CHN": NaN,
        "DEV_NAME_ENG": "CYPRESS",
        "DEV_NAME_CHN": "柏橋 2 座",
        "FIRST_REFERENCE_LOT_PRN": "D0225072"
    },
    {
        "PRN": "D2466464",
        "SEQ_NUM": 1,
        "BLOCK": "2",
        "FLOOR": "G",
        "FLAT": NaN,
        "HOUSE_NUM_PREFIX": NaN,
        "STREET_NAME_ENG": NaN,
        "STREET_NAME_CHN": NaN,
        "AREA_DESC_ENG": NaN,
        "AREA_DESC_CHN": NaN,
        "FREE_FORMAT_ADDR_ENG": "GROUND FLOOR INCLUDING THE GARDEN YARD THERETO AND THE SPACE ON THE GROUND FLOOR UNDERNEATH THE STAIRCASES BLOCK 2 OF CYPRESS NO. 250 KAM SHAN TAI PO NEW TERRITORIES",
        "FREE_FORMAT_ADDR_CHN": NaN,
        "DEV_NAME_ENG": "CYPRESS",
        "DEV_NAME_CHN": "柏橋 2 座",
        "FIRST_REFERENCE_LOT_PRN": "D0225072"
    }
]