[
    {
        "PRN": "D3925571",
        "SEQ_NUM": 1,
        "BLOCK": "8",
        "FLOOR": "1",
        "FLAT": NaN,
        "HOUSE_NUM_PREFIX": NaN,
        "STREET_NAME_ENG": NaN,
        "STREET_NAME_CHN": NaN,
        "AREA_DESC_ENG": NaN,
        "AREA_DESC_CHN": NaN,
        "FREE_FORMAT_ADDR_ENG": "FIRST FLOOR INCLUDING THE BALCONY HOUSE NO. 8 OF EARL'S COURT NO. 203 CHUK YUEN TSUEN SAN TIN YUEN LONG NEW TERRITORIES",
        "FREE_FORMAT_ADDR_CHN": NaN,
        "DEV_NAME_ENG": "EARL'S COURT",
        "DEV_NAME_CHN": "伯爵軒",
        "FIRST_REFERENCE_LOT_PRN": "D0766650"
    },
    {
        "PRN": "D3925586",
        "SEQ_NUM": 1,
        "BLOCK": "8",
        "FLOOR": "2",
        "FLAT": NaN,
        "HOUSE_NUM_PREFIX": NaN,
        "STREET_NAME_ENG": NaN,
        "STREET_NAME_CHN": NaN,
        "AREA_DESC_ENG": NaN,
        "AREA_DESC_CHN": NaN,
        "FREE_FORMAT_ADDR_ENG": "SECOND FLOOR INCLUDING THE BALCONY AND THE ROOF HOUSE NO. 8 OF EARL'S COURT NO. 203 CHUK YUEN TSUEN SAN TIN YUEN LONG NEW TERRITORIES",
        "FREE_FORMAT_ADDR_CHN": NaN,
        "DEV_NAME_ENG": "EARL'S COURT",
        "DEV_NAME_CHN": "伯爵軒",
        "FIRST_REFERENCE_LOT_PRN": "D0766650"
    },
    {
        "PRN": "D3925598",
        "SEQ_NUM": 1,
        "BLOCK": "8",
        "FLOOR": "G",
        "FLAT": NaN,
        "HOUSE_NUM_PREFIX": NaN,
        "STREET_NAME_ENG": NaN,
        "STREET_NAME_CHN": NaN,
        "AREA_DESC_ENG": NaN,
        "AREA_DESC_CHN": NaN,
        "FREE_FORMAT_ADDR_ENG": "GROUND FLOOR AND THE GARDEN AND THE STORE ROOM HOUSE NO. 8 OF EARL'S COURT NO. 203 CHUK YUEN TSUEN SAN TIN YUEN LONG NEW TERRITORIES",
        "FREE_FORMAT_ADDR_CHN": NaN,
        "DEV_NAME_ENG": "EARL'S COURT",
        "DEV_NAME_CHN": "伯爵軒",
        "FIRST_REFERENCE_LOT_PRN": "D0766650"
    },
    {
        "PRN": "D3926293",
        "SEQ_NUM": 1,
        "BLOCK": "7",
        "FLOOR": "1",
        "FLAT": NaN,
        "HOUSE_NUM_PREFIX": NaN,
        "STREET_NAME_ENG": NaN,
        "STREET_NAME_CHN": NaN,
        "AREA_DESC_ENG": NaN,
        "AREA_DESC_CHN": NaN,
        "FREE_FORMAT_ADDR_ENG": "FIRST FLOOR INCLUDING THE BALCONY HOUSE NO. 7 OF EARL'S COURT NO. 205 CHUK YUEN TSUEN SAN TIN YUEN LONG NEW TERRITORIES",
        "FREE_FORMAT_ADDR_CHN": NaN,
        "DEV_NAME_ENG": "EARL'S COURT",
        "DEV_NAME_CHN": "伯爵軒",
        "FIRST_REFERENCE_LOT_PRN": "D0766669"
    },
    {
        "PRN": "D3926302",
        "SEQ_NUM": 1,
        "BLOCK": "7",
        "FLOOR": "2",
        "FLAT": NaN,
        "HOUSE_NUM_PREFIX": NaN,
        "STREET_NAME_ENG": NaN,
        "STREET_NAME_CHN": NaN,
        "AREA_DESC_ENG": NaN,
        "AREA_DESC_CHN": NaN,
        "FREE_FORMAT_ADDR_ENG": "SECOND FLOOR INCLUDING THE BALCONY AND THE ROOF HOUSE NO. 7 OF EARL'S COURT NO. 205 CHUK YUEN TSUEN SAN TIN YUEN LONG NEW TERRITORIES",
        "FREE_FORMAT_ADDR_CHN": NaN,
        "DEV_NAME_ENG": "EARL'S COURT",
        "DEV_NAME_CHN": "伯爵軒",
        "FIRST_REFERENCE_LOT_PRN": "D0766669"
    },
    {
        "PRN": "D3926316",
        "SEQ_NUM": 1,
        "BLOCK": "7",
        "FLOOR": "G",
        "FLAT": NaN,
        "HOUSE_NUM_PREFIX": NaN,
        "STREET_NAME_ENG": NaN,
        "STREET_NAME_CHN": NaN,
        "AREA_DESC_ENG": NaN,
        "AREA_DESC_CHN": NaN,
        "FREE_FORMAT_ADDR_ENG": "GROUND FLOOR AND THE GARDEN HOUSE NO. 7 OF EARL'S COURT NO. 205 CHUK YUEN TSUEN SAN TIN YUEN LONG NEW TERRITORIES",
        "FREE_FORMAT_ADDR_CHN": NaN,
        "DEV_NAME_ENG": "EARL'S COURT",
        "DEV_NAME_CHN": "伯爵軒",
        "FIRST_REFERENCE_LOT_PRN": "D0766669"
    },
    {
        "PRN": "D3971026",
        "SEQ_NUM": 1,
        "BLOCK": "6",
        "FLOOR": "1",
        "FLAT": NaN,
        "HOUSE_NUM_PREFIX": NaN,
        "STREET_NAME_ENG": NaN,
        "STREET_NAME_CHN": NaN,
        "AREA_DESC_ENG": NaN,
        "AREA_DESC_CHN": NaN,
        "FREE_FORMAT_ADDR_ENG": "FIRST FLOOR INCLUDING THE BALCONY HOUSE NO. 6 OF EARL'S COURT NO. 206 CHUK YUEN TSUEN SAN TIN YUEN LONG NEW TERRITORIES",
        "FREE_FORMAT_ADDR_CHN": NaN,
        "DEV_NAME_ENG": "EARL'S COURT",
        "DEV_NAME_CHN": "伯爵軒",
        "FIRST_REFERENCE_LOT_PRN": "D0766676"
    },
    {
        "PRN": "D3971031",
        "SEQ_NUM": 1,
        "BLOCK": "6",
        "FLOOR": "2",
        "FLAT": NaN,
        "HOUSE_NUM_PREFIX": NaN,
        "STREET_NAME_ENG": NaN,
        "STREET_NAME_CHN": NaN,
        "AREA_DESC_ENG": NaN,
        "AREA_DESC_CHN": NaN,
        "FREE_FORMAT_ADDR_ENG": "SECOND FLOOR INCLUDING THE BALCONY AND THE ROOF HOUSE NO. 6 OF EARL'S COURT NO. 206 CHUK YUEN TSUEN SAN TIN YUEN LONG NEW TERRITORIES",
        "FREE_FORMAT_ADDR_CHN": NaN,
        "DEV_NAME_ENG": "EARL'S COURT",
        "DEV_NAME_CHN": "伯爵軒",
        "FIRST_REFERENCE_LOT_PRN": "D0766676"
    },
    {
        "PRN": "D3971040",
        "SEQ_NUM": 1,
        "BLOCK": "6",
        "FLOOR": "G",
        "FLAT": NaN,
        "HOUSE_NUM_PREFIX": NaN,
        "STREET_NAME_ENG": NaN,
        "STREET_NAME_CHN": NaN,
        "AREA_DESC_ENG": NaN,
        "AREA_DESC_CHN": NaN,
        "FREE_FORMAT_ADDR_ENG": "GROUND FLOOR AND THE GARDEN HOUSE NO. 6 OF EARL'S COURT NO. 206 CHUK YUEN TSUEN SAN TIN YUEN LONG NEW TERRITORIES",
        "FREE_FORMAT_ADDR_CHN": NaN,
        "DEV_NAME_ENG": "EARL'S COURT",
        "DEV_NAME_CHN": "伯爵軒",
        "FIRST_REFERENCE_LOT_PRN": "D0766676"
    },
    {
        "PRN": "D5588952",
        "SEQ_NUM": 1,
        "BLOCK": "49",
        "FLOOR": "1",
        "FLAT": NaN,
        "HOUSE_NUM_PREFIX": NaN,
        "STREET_NAME_ENG": NaN,
        "STREET_NAME_CHN": NaN,
        "AREA_DESC_ENG": NaN,
        "AREA_DESC_CHN": NaN,
        "FREE_FORMAT_ADDR_ENG": "FIRST FLOOR INCLUDING THE BALCONY HOUSE NO. 49 OF EARL'S COURT NO. 386 CHUK YUEN TSUEN SAN TIN YUEN LONG NEW TERRITORIES",
        "FREE_FORMAT_ADDR_CHN": NaN,
        "DEV_NAME_ENG": "EARL'S COURT",
        "DEV_NAME_CHN": "伯爵軒",
        "FIRST_REFERENCE_LOT_PRN": "C2391919"
    },
    {
        "PRN": "D5588960",
        "SEQ_NUM": 1,
        "BLOCK": "49",
        "FLOOR": "2",
        "FLAT": NaN,
        "HOUSE_NUM_PREFIX": NaN,
        "STREET_NAME_ENG": NaN,
        "STREET_NAME_CHN": NaN,
        "AREA_DESC_ENG": NaN,
        "AREA_DESC_CHN": NaN,
        "FREE_FORMAT_ADDR_ENG": "SECOND FLOOR INCLUDING THE BALCONY AND THE ROOF HOUSE NO. 49 OF EARL'S COURT NO. 386 CHUK YUEN TSUEN SAN TIN YUEN LONG NEW TERRITORIES",
        "FREE_FORMAT_ADDR_CHN": NaN,
        "DEV_NAME_ENG": "EARL'S COURT",
        "DEV_NAME_CHN": "伯爵軒",
        "FIRST_REFERENCE_LOT_PRN": "C2391919"
    },
    {
        "PRN": "D5588974",
        "SEQ_NUM": 1,
        "BLOCK": "49",
        "FLOOR": "G",
        "FLAT": NaN,
        "HOUSE_NUM_PREFIX": NaN,
        "STREET_NAME_ENG": NaN,
        "STREET_NAME_CHN": NaN,
        "AREA_DESC_ENG": NaN,
        "AREA_DESC_CHN": NaN,
        "FREE_FORMAT_ADDR_ENG": "GROUND FLOOR AND THE GARDEN HOUSE NO. 49 OF EARL'S COURT NO. 386 CHUK YUEN TSUEN SAN TIN YUEN LONG NEW TERRITORIES",
        "FREE_FORMAT_ADDR_CHN": NaN,
        "DEV_NAME_ENG": "EARL'S COURT",
        "DEV_NAME_CHN": "伯爵軒",
        "FIRST_REFERENCE_LOT_PRN": "C2391919"
    },
    {
        "PRN": "D5649240",
        "SEQ_NUM": 1,
        "BLOCK": "60",
        "FLOOR": "1",
        "FLAT": NaN,
        "HOUSE_NUM_PREFIX": NaN,
        "STREET_NAME_ENG": NaN,
        "STREET_NAME_CHN": NaN,
        "AREA_DESC_ENG": NaN,
        "AREA_DESC_CHN": NaN,
        "FREE_FORMAT_ADDR_ENG": "FIRST FLOOR INCLUDING THE BALCONY HOUSE NO. 60 OF EARL'S COURT NO. 418 CHUK YUEN TSUEN SAN TIN YUEN LONG NEW TERRITORIES",
        "FREE_FORMAT_ADDR_CHN": NaN,
        "DEV_NAME_ENG": "EARL'S COURT",
        "DEV_NAME_CHN": "伯爵軒",
        "FIRST_REFERENCE_LOT_PRN": "C2391874"
    },
    {
        "PRN": "D5649259",
        "SEQ_NUM": 1,
        "BLOCK": "60",
        "FLOOR": "2",
        "FLAT": NaN,
        "HOUSE_NUM_PREFIX": NaN,
        "STREET_NAME_ENG": NaN,
        "STREET_NAME_CHN": NaN,
        "AREA_DESC_ENG": NaN,
        "AREA_DESC_CHN": NaN,
        "FREE_FORMAT_ADDR_ENG": "SECOND FLOOR INCLUDING THE BALCONY AND THE ROOF HOUSE NO. 60 OF EARL'S COURT NO. 418 CHUK YUEN TSUEN SAN TIN YUEN LONG NEW TERRITORIES",
        "FREE_FORMAT_ADDR_CHN": NaN,
        "DEV_NAME_ENG": "EARL'S COURT",
        "DEV_NAME_CHN": "伯爵軒",
        "FIRST_REFERENCE_LOT_PRN": "C2391874"
    },
    {
        "PRN": "D5649266",
        "SEQ_NUM": 1,
        "BLOCK": "60",
        "FLOOR": "G",
        "FLAT": NaN,
        "HOUSE_NUM_PREFIX": NaN,
        "STREET_NAME_ENG": NaN,
        "STREET_NAME_CHN": NaN,
        "AREA_DESC_ENG": NaN,
        "AREA_DESC_CHN": NaN,
        "FREE_FORMAT_ADDR_ENG": "GROUND FLOOR AND THE GARDEN HOUSE NO. 60 OF EARL'S COURT NO. 418 CHUK YUEN TSUEN SAN TIN YUEN LONG NEW TERRITORIES",
        "FREE_FORMAT_ADDR_CHN": NaN,
        "DEV_NAME_ENG": "EARL'S COURT",
        "DEV_NAME_CHN": "伯爵軒",
        "FIRST_REFERENCE_LOT_PRN": "C2391874"
    },
    {
        "PRN": "D5665119",
        "SEQ_NUM": 1,
        "BLOCK": "48",
        "FLOOR": "1",
        "FLAT": NaN,
        "HOUSE_NUM_PREFIX": NaN,
        "STREET_NAME_ENG": NaN,
        "STREET_NAME_CHN": NaN,
        "AREA_DESC_ENG": NaN,
        "AREA_DESC_CHN": NaN,
        "FREE_FORMAT_ADDR_ENG": "FIRST FLOOR INCLUDING THE BALCONY HOUSE NO. 48 OF EARL'S COURT NO. 385 CHUK YUEN TSUEN SAN TIN YUEN LONG NEW TERRITORIES",
        "FREE_FORMAT_ADDR_CHN": NaN,
        "DEV_NAME_ENG": "EARL'S COURT",
        "DEV_NAME_CHN": "伯爵軒",
        "FIRST_REFERENCE_LOT_PRN": "C2391892"
    },
    {
        "PRN": "D5665124",
        "SEQ_NUM": 1,
        "BLOCK": "48",
        "FLOOR": "2",
        "FLAT": NaN,
        "HOUSE_NUM_PREFIX": NaN,
        "STREET_NAME_ENG": NaN,
        "STREET_NAME_CHN": NaN,
        "AREA_DESC_ENG": NaN,
        "AREA_DESC_CHN": NaN,
        "FREE_FORMAT_ADDR_ENG": "SECOND FLOOR INCLUDING THE BALCONY AND THE ROOF HOUSE NO. 48 OF EARL'S COURT NO. 385 CHUK YUEN TSUEN SAN TIN YUEN LONG NEW TERRITORIES",
        "FREE_FORMAT_ADDR_CHN": NaN,
        "DEV_NAME_ENG": "EARL'S COURT",
        "DEV_NAME_CHN": "伯爵軒",
        "FIRST_REFERENCE_LOT_PRN": "C2391892"
    },
    {
        "PRN": "D5665139",
        "SEQ_NUM": 1,
        "BLOCK": "48",
        "FLOOR": "G",
        "FLAT": NaN,
        "HOUSE_NUM_PREFIX": NaN,
        "STREET_NAME_ENG": NaN,
        "STREET_NAME_CHN": NaN,
        "AREA_DESC_ENG": NaN,
        "AREA_DESC_CHN": NaN,
        "FREE_FORMAT_ADDR_ENG": "GROUND FLOOR AND THE GARDEN HOUSE NO. 48 OF EARL'S COURT NO. 385 CHUK YUEN TSUEN SAN TIN YUEN LONG NEW TERRITORIES",
        "FREE_FORMAT_ADDR_CHN": NaN,
        "DEV_NAME_ENG": "EARL'S COURT",
        "DEV_NAME_CHN": "伯爵軒",
        "FIRST_REFERENCE_LOT_PRN": "C2391892"
    },
    {
        "PRN": "D5688652",
        "SEQ_NUM": 1,
        "BLOCK": "16",
        "FLOOR": "1",
        "FLAT": NaN,
        "HOUSE_NUM_PREFIX": NaN,
        "STREET_NAME_ENG": NaN,
        "STREET_NAME_CHN": NaN,
        "AREA_DESC_ENG": NaN,
        "AREA_DESC_CHN": NaN,
        "FREE_FORMAT_ADDR_ENG": "FIRST FLOOR INCLUDING THE BALCONY HOUSE NO. 16 OF EARL'S COURT NO. 350 CHUK YUEN TSUEN SAN TIN YUEN LONG NEW TERRITORIES",
        "FREE_FORMAT_ADDR_CHN": NaN,
        "DEV_NAME_ENG": "EARL'S COURT",
        "DEV_NAME_CHN": "伯爵軒",
        "FIRST_REFERENCE_LOT_PRN": "D0831960"
    },
    {
        "PRN": "D5688660",
        "SEQ_NUM": 1,
        "BLOCK": "16",
        "FLOOR": "2",
        "FLAT": NaN,
        "HOUSE_NUM_PREFIX": NaN,
        "STREET_NAME_ENG": NaN,
        "STREET_NAME_CHN": NaN,
        "AREA_DESC_ENG": NaN,
        "AREA_DESC_CHN": NaN,
        "FREE_FORMAT_ADDR_ENG": "SECOND FLOOR INCLUDING THE BALCONY AND THE ROOF HOUSE NO. 16 OF EARL'S COURT NO. 350 CHUK YUEN TSUEN SAN TIN YUEN LONG NEW TERRITORIES",
        "FREE_FORMAT_ADDR_CHN": NaN,
        "DEV_NAME_ENG": "EARL'S COURT",
        "DEV_NAME_CHN": "伯爵軒",
        "FIRST_REFERENCE_LOT_PRN": "D0831960"
    },
    {
        "PRN": "D5688678",
        "SEQ_NUM": 1,
        "BLOCK": "16",
        "FLOOR": "G",
        "FLAT": NaN,
        "HOUSE_NUM_PREFIX": NaN,
        "STREET_NAME_ENG": NaN,
        "STREET_NAME_CHN": NaN,
        "AREA_DESC_ENG": NaN,
        "AREA_DESC_CHN": NaN,
        "FREE_FORMAT_ADDR_ENG": "GROUND FLOOR AND THE GARDEN HOUSE NO. 16 OF EARL'S COURT NO. 350 CHUK YUEN TSUEN SAN TIN YUEN LONG NEW TERRITORIES",
        "FREE_FORMAT_ADDR_CHN": NaN,
        "DEV_NAME_ENG": "EARL'S COURT",
        "DEV_NAME_CHN": "伯爵軒",
        "FIRST_REFERENCE_LOT_PRN": "D0831960"
    },
    {
        "PRN": "D5882052",
        "SEQ_NUM": 1,
        "BLOCK": "47",
        "FLOOR": "1",
        "FLAT": NaN,
        "HOUSE_NUM_PREFIX": NaN,
        "STREET_NAME_ENG": NaN,
        "STREET_NAME_CHN": NaN,
        "AREA_DESC_ENG": NaN,
        "AREA_DESC_CHN": NaN,
        "FREE_FORMAT_ADDR_ENG": "FIRST FLOOR INCLUDING THE BALCONY HOUSE NO. 47 OF EARL'S COURT NO. 383 CHUK YUEN TSUEN SAN TIN YUEN LONG NEW TERRITORIES",
        "FREE_FORMAT_ADDR_CHN": NaN,
        "DEV_NAME_ENG": "EARL'S COURT",
        "DEV_NAME_CHN": "伯爵軒",
        "FIRST_REFERENCE_LOT_PRN": "C6629430"
    },
    {
        "PRN": "D5882069",
        "SEQ_NUM": 1,
        "BLOCK": "47",
        "FLOOR": "2",
        "FLAT": NaN,
        "HOUSE_NUM_PREFIX": NaN,
        "STREET_NAME_ENG": NaN,
        "STREET_NAME_CHN": NaN,
        "AREA_DESC_ENG": NaN,
        "AREA_DESC_CHN": NaN,
        "FREE_FORMAT_ADDR_ENG": "SECOND FLOOR INCLUDING THE BALCONY AND THE ROOF HOUSE NO. 47 OF EARL'S COURT NO. 383 CHUK YUEN TSUEN SAN TIN YUEN LONG NEW TERRITORIES",
        "FREE_FORMAT_ADDR_CHN": NaN,
        "DEV_NAME_ENG": "EARL'S COURT",
        "DEV_NAME_CHN": "伯爵軒",
        "FIRST_REFERENCE_LOT_PRN": "C6629430"
    },
    {
        "PRN": "D5882079",
        "SEQ_NUM": 1,
        "BLOCK": "47",
        "FLOOR": "G",
        "FLAT": NaN,
        "HOUSE_NUM_PREFIX": NaN,
        "STREET_NAME_ENG": NaN,
        "STREET_NAME_CHN": NaN,
        "AREA_DESC_ENG": NaN,
        "AREA_DESC_CHN": NaN,
        "FREE_FORMAT_ADDR_ENG": "GROUND FLOOR AND THE GARDEN HOUSE NO. 47 OF EARL'S COURT NO. 383 CHUK YUEN TSUEN SAN TIN YUEN LONG NEW TERRITORIES",
        "FREE_FORMAT_ADDR_CHN": NaN,
        "DEV_NAME_ENG": "EARL'S COURT",
        "DEV_NAME_CHN": "伯爵軒",
        "FIRST_REFERENCE_LOT_PRN": "C6629430"
    },
    {
        "PRN": "D5890831",
        "SEQ_NUM": 1,
        "BLOCK": "51",
        "FLOOR": "1",
        "FLAT": NaN,
        "HOUSE_NUM_PREFIX": NaN,
        "STREET_NAME_ENG": NaN,
        "STREET_NAME_CHN": NaN,
        "AREA_DESC_ENG": NaN,
        "AREA_DESC_CHN": NaN,
        "FREE_FORMAT_ADDR_ENG": "FIRST FLOOR INCLUDING THE BALCONY HOUSE NO. 51 OF EARL'S COURT NO. 388 CHUK YUEN TSUEN SAN TIN YUEN LONG NEW TERRITORIES",
        "FREE_FORMAT_ADDR_CHN": NaN,
        "DEV_NAME_ENG": "EARL'S COURT",
        "DEV_NAME_CHN": "伯爵軒",
        "FIRST_REFERENCE_LOT_PRN": "C5572005"
    },
    {
        "PRN": "D5890841",
        "SEQ_NUM": 1,
        "BLOCK": "51",
        "FLOOR": "2",
        "FLAT": NaN,
        "HOUSE_NUM_PREFIX": NaN,
        "STREET_NAME_ENG": NaN,
        "STREET_NAME_CHN": NaN,
        "AREA_DESC_ENG": NaN,
        "AREA_DESC_CHN": NaN,
        "FREE_FORMAT_ADDR_ENG": "SECOND FLOOR INCLUDING THE BALCONY AND THE ROOF HOUSE NO. 51 OF EARL'S COURT NO. 388 CHUK YUEN TSUEN SAN TIN YUEN LONG NEW TERRITORIES",
        "FREE_FORMAT_ADDR_CHN": NaN,
        "DEV_NAME_ENG": "EARL'S COURT",
        "DEV_NAME_CHN": "伯爵軒",
        "FIRST_REFERENCE_LOT_PRN": "C5572005"
    },
    {
        "PRN": "D5890853",
        "SEQ_NUM": 1,
        "BLOCK": "51",
        "FLOOR": "G",
        "FLAT": NaN,
        "HOUSE_NUM_PREFIX": NaN,
        "STREET_NAME_ENG": NaN,
        "STREET_NAME_CHN": NaN,
        "AREA_DESC_ENG": NaN,
        "AREA_DESC_CHN": NaN,
        "FREE_FORMAT_ADDR_ENG": "GROUND FLOOR AND THE GARDEN HOUSE NO. 51 OF EARL'S COURT NO. 388 CHUK YUEN TSUEN SAN TIN YUEN LONG NEW TERRITORIES",
        "FREE_FORMAT_ADDR_CHN": NaN,
        "DEV_NAME_ENG": "EARL'S COURT",
        "DEV_NAME_CHN": "伯爵軒",
        "FIRST_REFERENCE_LOT_PRN": "C5572005"
    },
    {
        "PRN": "D5913344",
        "SEQ_NUM": 1,
        "BLOCK": "15",
        "FLOOR": "1",
        "FLAT": NaN,
        "HOUSE_NUM_PREFIX": NaN,
        "STREET_NAME_ENG": NaN,
        "STREET_NAME_CHN": NaN,
        "AREA_DESC_ENG": NaN,
        "AREA_DESC_CHN": NaN,
        "FREE_FORMAT_ADDR_ENG": "FIRST FLOOR INCLUDING THE BALCONY HOUSE NO. 15 OF EARL'S COURT NO. 358 CHUK YUEN TSUEN SAN TIN YUEN LONG NEW TERRITORIES",
        "FREE_FORMAT_ADDR_CHN": NaN,
        "DEV_NAME_ENG": "EARL'S COURT",
        "DEV_NAME_CHN": "伯爵軒",
        "FIRST_REFERENCE_LOT_PRN": "C4948202"
    },
    {
        "PRN": "D5913358",
        "SEQ_NUM": 1,
        "BLOCK": "15",
        "FLOOR": "2",
        "FLAT": NaN,
        "HOUSE_NUM_PREFIX": NaN,
        "STREET_NAME_ENG": NaN,
        "STREET_NAME_CHN": NaN,
        "AREA_DESC_ENG": NaN,
        "AREA_DESC_CHN": NaN,
        "FREE_FORMAT_ADDR_ENG": "SECOND FLOOR INCLUDING THE BALCONY AND THE ROOF HOUSE NO. 15 OF EARL'S COURT NO. 358 CHUK YUEN TSUEN SAN TIN YUEN LONG NEW TERRITORIES",
        "FREE_FORMAT_ADDR_CHN": NaN,
        "DEV_NAME_ENG": "EARL'S COURT",
        "DEV_NAME_CHN": "伯爵軒",
        "FIRST_REFERENCE_LOT_PRN": "C4948202"
    },
    {
        "PRN": "D5913364",
        "SEQ_NUM": 1,
        "BLOCK": "15",
        "FLOOR": "G",
        "FLAT": NaN,
        "HOUSE_NUM_PREFIX": NaN,
        "STREET_NAME_ENG": NaN,
        "STREET_NAME_CHN": NaN,
        "AREA_DESC_ENG": NaN,
        "AREA_DESC_CHN": NaN,
        "FREE_FORMAT_ADDR_ENG": "GROUND FLOOR AND THE GARDEN HOUSE NO. 15 OF EARL'S COURT NO. 358 CHUK YUEN TSUEN SAN TIN YUEN LONG NEW TERRITORIES",
        "FREE_FORMAT_ADDR_CHN": NaN,
        "DEV_NAME_ENG": "EARL'S COURT",
        "DEV_NAME_CHN": "伯爵軒",
        "FIRST_REFERENCE_LOT_PRN": "C4948202"
    },
    {
        "PRN": "D5915481",
        "SEQ_NUM": 1,
        "BLOCK": "19",
        "FLOOR": "1",
        "FLAT": NaN,
        "HOUSE_NUM_PREFIX": NaN,
        "STREET_NAME_ENG": NaN,
        "STREET_NAME_CHN": NaN,
        "AREA_DESC_ENG": NaN,
        "AREA_DESC_CHN": NaN,
        "FREE_FORMAT_ADDR_ENG": "FIRST FLOOR INCLUDING THE BALCONY HOUSE NO. 19 OF EARL'S COURT NO. 351 CHUK YUEN TSUEN SAN TIN YUEN LONG NEW TERRITORIES",
        "FREE_FORMAT_ADDR_CHN": NaN,
        "DEV_NAME_ENG": "EARL'S COURT",
        "DEV_NAME_CHN": "伯爵軒",
        "FIRST_REFERENCE_LOT_PRN": "D0831970"
    },
    {
        "PRN": "D5915493",
        "SEQ_NUM": 1,
        "BLOCK": "19",
        "FLOOR": "2",
        "FLAT": NaN,
        "HOUSE_NUM_PREFIX": NaN,
        "STREET_NAME_ENG": NaN,
        "STREET_NAME_CHN": NaN,
        "AREA_DESC_ENG": NaN,
        "AREA_DESC_CHN": NaN,
        "FREE_FORMAT_ADDR_ENG": "SECOND FLOOR INCLUDING THE BALCONY AND THE ROOF HOUSE NO. 19 OF EARL'S COURT NO. 351 CHUK YUEN TSUEN SAN TIN YUEN LONG NEW TERRITORIES",
        "FREE_FORMAT_ADDR_CHN": NaN,
        "DEV_NAME_ENG": "EARL'S COURT",
        "DEV_NAME_CHN": "伯爵軒",
        "FIRST_REFERENCE_LOT_PRN": "D0831970"
    },
    {
        "PRN": "D5915500",
        "SEQ_NUM": 1,
        "BLOCK": "19",
        "FLOOR": "G",
        "FLAT": NaN,
        "HOUSE_NUM_PREFIX": NaN,
        "STREET_NAME_ENG": NaN,
        "STREET_NAME_CHN": NaN,
        "AREA_DESC_ENG": NaN,
        "AREA_DESC_CHN": NaN,
        "FREE_FORMAT_ADDR_ENG": "GROUND FLOOR AND THE GARDEN HOUSE NO. 19 OF EARL'S COURT NO. 351 CHUK YUEN TSUEN SAN TIN YUEN LONG NEW TERRITORIES",
        "FREE_FORMAT_ADDR_CHN": NaN,
        "DEV_NAME_ENG": "EARL'S COURT",
        "DEV_NAME_CHN": "伯爵軒",
        "FIRST_REFERENCE_LOT_PRN": "D0831970"
    },
    {
        "PRN": "D5933041",
        "SEQ_NUM": 1,
        "BLOCK": "50",
        "FLOOR": "1",
        "FLAT": NaN,
        "HOUSE_NUM_PREFIX": NaN,
        "STREET_NAME_ENG": NaN,
        "STREET_NAME_CHN": NaN,
        "AREA_DESC_ENG": NaN,
        "AREA_DESC_CHN": NaN,
        "FREE_FORMAT_ADDR_ENG": "FIRST FLOOR INCLUDING THE BALCONY HOUSE NO. 50 OF EARL'S COURT NO. 387 CHUK YUEN TSUEN SAN TIN YUEN LONG NEW TERRITORIES",
        "FREE_FORMAT_ADDR_CHN": NaN,
        "DEV_NAME_ENG": "EARL'S COURT",
        "DEV_NAME_CHN": "伯爵軒",
        "FIRST_REFERENCE_LOT_PRN": "C2391901"
    },
    {
        "PRN": "D5933051",
        "SEQ_NUM": 1,
        "BLOCK": "50",
        "FLOOR": "2",
        "FLAT": NaN,
        "HOUSE_NUM_PREFIX": NaN,
        "STREET_NAME_ENG": NaN,
        "STREET_NAME_CHN": NaN,
        "AREA_DESC_ENG": NaN,
        "AREA_DESC_CHN": NaN,
        "FREE_FORMAT_ADDR_ENG": "SECOND FLOOR INCLUDING THE BALCONY AND THE ROOF HOUSE NO. 50 OF EARL'S COURT NO. 387 CHUK YUEN TSUEN SAN TIN YUEN LONG NEW TERRITORIES",
        "FREE_FORMAT_ADDR_CHN": NaN,
        "DEV_NAME_ENG": "EARL'S COURT",
        "DEV_NAME_CHN": "伯爵軒",
        "FIRST_REFERENCE_LOT_PRN": "C2391901"
    },
    {
        "PRN": "D5933063",
        "SEQ_NUM": 1,
        "BLOCK": "50",
        "FLOOR": "G",
        "FLAT": NaN,
        "HOUSE_NUM_PREFIX": NaN,
        "STREET_NAME_ENG": NaN,
        "STREET_NAME_CHN": NaN,
        "AREA_DESC_ENG": NaN,
        "AREA_DESC_CHN": NaN,
        "FREE_FORMAT_ADDR_ENG": "GROUND FLOOR AND THE GARDEN HOUSE NO. 50 OF EARL'S COURT NO. 387 CHUK YUEN TSUEN SAN TIN YUEN LONG NEW TERRITORIES",
        "FREE_FORMAT_ADDR_CHN": NaN,
        "DEV_NAME_ENG": "EARL'S COURT",
        "DEV_NAME_CHN": "伯爵軒",
        "FIRST_REFERENCE_LOT_PRN": "C2391901"
    },
    {
        "PRN": "D5933796",
        "SEQ_NUM": 1,
        "BLOCK": "35",
        "FLOOR": "1",
        "FLAT": NaN,
        "HOUSE_NUM_PREFIX": NaN,
        "STREET_NAME_ENG": NaN,
        "STREET_NAME_CHN": NaN,
        "AREA_DESC_ENG": NaN,
        "AREA_DESC_CHN": NaN,
        "FREE_FORMAT_ADDR_ENG": "FIRST FLOOR INCLUDING THE BALCONY HOUSE NO. 35 OF EARL'S COURT NO. 429 CHUK YUEN TSUEN SAN TIN YUEN LONG NEW TERRITORIES",
        "FREE_FORMAT_ADDR_CHN": NaN,
        "DEV_NAME_ENG": "EARL'S COURT",
        "DEV_NAME_CHN": "伯爵軒",
        "FIRST_REFERENCE_LOT_PRN": "C4948224"
    },
    {
        "PRN": "D5933809",
        "SEQ_NUM": 1,
        "BLOCK": "35",
        "FLOOR": "2",
        "FLAT": NaN,
        "HOUSE_NUM_PREFIX": NaN,
        "STREET_NAME_ENG": NaN,
        "STREET_NAME_CHN": NaN,
        "AREA_DESC_ENG": NaN,
        "AREA_DESC_CHN": NaN,
        "FREE_FORMAT_ADDR_ENG": "SECOND FLOOR INCLUDING THE BALCONY AND THE ROOF HOUSE NO. 35 OF EARL'S COURT NO. 429 CHUK YUEN TSUEN SAN TIN YUEN LONG NEW TERRITORIES",
        "FREE_FORMAT_ADDR_CHN": NaN,
        "DEV_NAME_ENG": "EARL'S COURT",
        "DEV_NAME_CHN": "伯爵軒",
        "FIRST_REFERENCE_LOT_PRN": "C4948224"
    },
    {
        "PRN": "D5933817",
        "SEQ_NUM": 1,
        "BLOCK": "35",
        "FLOOR": "G",
        "FLAT": NaN,
        "HOUSE_NUM_PREFIX": NaN,
        "STREET_NAME_ENG": NaN,
        "STREET_NAME_CHN": NaN,
        "AREA_DESC_ENG": NaN,
        "AREA_DESC_CHN": NaN,
        "FREE_FORMAT_ADDR_ENG": "GROUND FLOOR AND THE GARDEN HOUSE NO. 35 OF EARL'S COURT NO. 429 CHUK YUEN TSUEN SAN TIN YUEN LONG NEW TERRITORIES",
        "FREE_FORMAT_ADDR_CHN": NaN,
        "DEV_NAME_ENG": "EARL'S COURT",
        "DEV_NAME_CHN": "伯爵軒",
        "FIRST_REFERENCE_LOT_PRN": "C4948224"
    },
    {
        "PRN": "D5934000",
        "SEQ_NUM": 1,
        "BLOCK": "53A",
        "FLOOR": "1",
        "FLAT": NaN,
        "HOUSE_NUM_PREFIX": NaN,
        "STREET_NAME_ENG": NaN,
        "STREET_NAME_CHN": NaN,
        "AREA_DESC_ENG": NaN,
        "AREA_DESC_CHN": NaN,
        "FREE_FORMAT_ADDR_ENG": "FIRST FLOOR INCLUDING THE BALCONY HOUSE NO. 53A OF EARL'S COURT NO. 391 CHUK YUEN TSUEN SAN TIN YUEN LONG NEW TERRITORIES",
        "FREE_FORMAT_ADDR_CHN": NaN,
        "DEV_NAME_ENG": "EARL'S COURT",
        "DEV_NAME_CHN": "伯爵軒",
        "FIRST_REFERENCE_LOT_PRN": "C2391889"
    },
    {
        "PRN": "D5934018",
        "SEQ_NUM": 1,
        "BLOCK": "53A",
        "FLOOR": "2",
        "FLAT": NaN,
        "HOUSE_NUM_PREFIX": NaN,
        "STREET_NAME_ENG": NaN,
        "STREET_NAME_CHN": NaN,
        "AREA_DESC_ENG": NaN,
        "AREA_DESC_CHN": NaN,
        "FREE_FORMAT_ADDR_ENG": "SECOND FLOOR INCLUDING THE BALCONY AND THE ROOF HOUSE NO. 53A OF EARL'S COURT NO. 391 CHUK YUEN TSUEN SAN TIN YUEN LONG NEW TERRITORIES",
        "FREE_FORMAT_ADDR_CHN": NaN,
        "DEV_NAME_ENG": "EARL'S COURT",
        "DEV_NAME_CHN": "伯爵軒",
        "FIRST_REFERENCE_LOT_PRN": "C2391889"
    },
    {
        "PRN": "D5934028",
        "SEQ_NUM": 1,
        "BLOCK": "53A",
        "FLOOR": "G",
        "FLAT": NaN,
        "HOUSE_NUM_PREFIX": NaN,
        "STREET_NAME_ENG": NaN,
        "STREET_NAME_CHN": NaN,
        "AREA_DESC_ENG": NaN,
        "AREA_DESC_CHN": NaN,
        "FREE_FORMAT_ADDR_ENG": "GROUND FLOOR AND THE GARDEN HOUSE NO. 53A OF EARL'S COURT NO. 391 CHUK YUEN TSUEN SAN TIN YUEN LONG NEW TERRITORIES",
        "FREE_FORMAT_ADDR_CHN": NaN,
        "DEV_NAME_ENG": "EARL'S COURT",
        "DEV_NAME_CHN": "伯爵軒",
        "FIRST_REFERENCE_LOT_PRN": "C2391889"
    },
    {
        "PRN": "D5934172",
        "SEQ_NUM": 1,
        "BLOCK": "56",
        "FLOOR": "1",
        "FLAT": NaN,
        "HOUSE_NUM_PREFIX": NaN,
        "STREET_NAME_ENG": NaN,
        "STREET_NAME_CHN": NaN,
        "AREA_DESC_ENG": NaN,
        "AREA_DESC_CHN": NaN,
        "FREE_FORMAT_ADDR_ENG": "FIRST FLOOR INCLUDING THE BALCONY HOUSE NO. 56 OF EARL'S COURT NO. 422 CHUK YUEN TSUEN SAN TIN YUEN LONG NEW TERRITORIES",
        "FREE_FORMAT_ADDR_CHN": NaN,
        "DEV_NAME_ENG": "EARL'S COURT",
        "DEV_NAME_CHN": "伯爵軒",
        "FIRST_REFERENCE_LOT_PRN": "C4948173"
    },
    {
        "PRN": "D5934182",
        "SEQ_NUM": 1,
        "BLOCK": "56",
        "FLOOR": "2",
        "FLAT": NaN,
        "HOUSE_NUM_PREFIX": NaN,
        "STREET_NAME_ENG": NaN,
        "STREET_NAME_CHN": NaN,
        "AREA_DESC_ENG": NaN,
        "AREA_DESC_CHN": NaN,
        "FREE_FORMAT_ADDR_ENG": "SECOND FLOOR INCLUDING THE BALCONY AND THE ROOF HOUSE NO. 56 OF EARL'S COURT NO. 422 CHUK YUEN TSUEN SAN TIN YUEN LONG NEW TERRITORIES",
        "FREE_FORMAT_ADDR_CHN": NaN,
        "DEV_NAME_ENG": "EARL'S COURT",
        "DEV_NAME_CHN": "伯爵軒",
        "FIRST_REFERENCE_LOT_PRN": "C4948173"
    },
    {
        "PRN": "D5934192",
        "SEQ_NUM": 1,
        "BLOCK": "56",
        "FLOOR": "G",
        "FLAT": NaN,
        "HOUSE_NUM_PREFIX": NaN,
        "STREET_NAME_ENG": NaN,
        "STREET_NAME_CHN": NaN,
        "AREA_DESC_ENG": NaN,
        "AREA_DESC_CHN": NaN,
        "FREE_FORMAT_ADDR_ENG": "GROUND FLOOR AND THE GARDEN HOUSE NO. 56 OF EARL'S COURT NO. 422 CHUK YUEN TSUEN SAN TIN YUEN LONG NEW TERRITORIES",
        "FREE_FORMAT_ADDR_CHN": NaN,
        "DEV_NAME_ENG": "EARL'S COURT",
        "DEV_NAME_CHN": "伯爵軒",
        "FIRST_REFERENCE_LOT_PRN": "C4948173"
    },
    {
        "PRN": "D5934691",
        "SEQ_NUM": 1,
        "BLOCK": "57",
        "FLOOR": "1",
        "FLAT": NaN,
        "HOUSE_NUM_PREFIX": NaN,
        "STREET_NAME_ENG": NaN,
        "STREET_NAME_CHN": NaN,
        "AREA_DESC_ENG": NaN,
        "AREA_DESC_CHN": NaN,
        "FREE_FORMAT_ADDR_ENG": "FIRST FLOOR INCLUDING THE BALCONY HOUSE NO. 57 OF EARL'S COURT NO. 421 CHUK YUEN TSUEN SAN TIN YUEN LONG NEW TERRITORIES",
        "FREE_FORMAT_ADDR_CHN": NaN,
        "DEV_NAME_ENG": "EARL'S COURT",
        "DEV_NAME_CHN": "伯爵軒",
        "FIRST_REFERENCE_LOT_PRN": "C2391860"
    },
    {
        "PRN": "D5934703",
        "SEQ_NUM": 1,
        "BLOCK": "57",
        "FLOOR": "2",
        "FLAT": NaN,
        "HOUSE_NUM_PREFIX": NaN,
        "STREET_NAME_ENG": NaN,
        "STREET_NAME_CHN": NaN,
        "AREA_DESC_ENG": NaN,
        "AREA_DESC_CHN": NaN,
        "FREE_FORMAT_ADDR_ENG": "SECOND FLOOR INCLUDING THE BALCONY AND THE ROOF HOUSE NO. 57 OF EARL'S COURT NO. 421 CHUK YUEN TSUEN SAN TIN YUEN LONG NEW TERRITORIES",
        "FREE_FORMAT_ADDR_CHN": NaN,
        "DEV_NAME_ENG": "EARL'S COURT",
        "DEV_NAME_CHN": "伯爵軒",
        "FIRST_REFERENCE_LOT_PRN": "C2391860"
    },
    {
        "PRN": "D5934716",
        "SEQ_NUM": 1,
        "BLOCK": "57",
        "FLOOR": "G",
        "FLAT": NaN,
        "HOUSE_NUM_PREFIX": NaN,
        "STREET_NAME_ENG": NaN,
        "STREET_NAME_CHN": NaN,
        "AREA_DESC_ENG": NaN,
        "AREA_DESC_CHN": NaN,
        "FREE_FORMAT_ADDR_ENG": "GROUND FLOOR AND THE GARDEN HOUSE NO. 57 OF EARL'S COURT NO. 421 CHUK YUEN TSUEN SAN TIN YUEN LONG NEW TERRITORIES",
        "FREE_FORMAT_ADDR_CHN": NaN,
        "DEV_NAME_ENG": "EARL'S COURT",
        "DEV_NAME_CHN": "伯爵軒",
        "FIRST_REFERENCE_LOT_PRN": "C2391860"
    },
    {
        "PRN": "D5937392",
        "SEQ_NUM": 1,
        "BLOCK": "22",
        "FLOOR": "1",
        "FLAT": NaN,
        "HOUSE_NUM_PREFIX": NaN,
        "STREET_NAME_ENG": NaN,
        "STREET_NAME_CHN": NaN,
        "AREA_DESC_ENG": NaN,
        "AREA_DESC_CHN": NaN,
        "FREE_FORMAT_ADDR_ENG": "FIRST FLOOR INCLUDING THE BALCONY HOUSE NO. 22 OF EARL'S COURT NO. 361 CHUK YUEN TSUEN SAN TIN YUEN LONG NEW TERRITORIES",
        "FREE_FORMAT_ADDR_CHN": NaN,
        "DEV_NAME_ENG": "EARL'S COURT",
        "DEV_NAME_CHN": "伯爵軒",
        "FIRST_REFERENCE_LOT_PRN": "C2391951"
    },
    {
        "PRN": "D5937400",
        "SEQ_NUM": 1,
        "BLOCK": "22",
        "FLOOR": "2",
        "FLAT": NaN,
        "HOUSE_NUM_PREFIX": NaN,
        "STREET_NAME_ENG": NaN,
        "STREET_NAME_CHN": NaN,
        "AREA_DESC_ENG": NaN,
        "AREA_DESC_CHN": NaN,
        "FREE_FORMAT_ADDR_ENG": "SECOND FLOOR INCLUDING THE BALCONY AND THE ROOF HOUSE NO. 22 OF EARL'S COURT NO. 361 CHUK YUEN TSUEN SAN TIN YUEN LONG NEW TERRITORIES",
        "FREE_FORMAT_ADDR_CHN": NaN,
        "DEV_NAME_ENG": "EARL'S COURT",
        "DEV_NAME_CHN": "伯爵軒",
        "FIRST_REFERENCE_LOT_PRN": "C2391951"
    },
    {
        "PRN": "D5937411",
        "SEQ_NUM": 1,
        "BLOCK": "22",
        "FLOOR": "G",
        "FLAT": NaN,
        "HOUSE_NUM_PREFIX": NaN,
        "STREET_NAME_ENG": NaN,
        "STREET_NAME_CHN": NaN,
        "AREA_DESC_ENG": NaN,
        "AREA_DESC_CHN": NaN,
        "FREE_FORMAT_ADDR_ENG": "GROUND FLOOR AND THE GARDEN HOUSE NO. 22 OF EARL'S COURT NO. 361 CHUK YUEN TSUEN SAN TIN YUEN LONG NEW TERRITORIES",
        "FREE_FORMAT_ADDR_CHN": NaN,
        "DEV_NAME_ENG": "EARL'S COURT",
        "DEV_NAME_CHN": "伯爵軒",
        "FIRST_REFERENCE_LOT_PRN": "C2391951"
    },
    {
        "PRN": "D5938621",
        "SEQ_NUM": 1,
        "BLOCK": "46",
        "FLOOR": "1",
        "FLAT": NaN,
        "HOUSE_NUM_PREFIX": NaN,
        "STREET_NAME_ENG": NaN,
        "STREET_NAME_CHN": NaN,
        "AREA_DESC_ENG": NaN,
        "AREA_DESC_CHN": NaN,
        "FREE_FORMAT_ADDR_ENG": "FIRST FLOOR INCLUDING THE BALCONY HOUSE NO. 46 OF EARL'S COURT NO. 382 CHUK YUEN TSUEN SAN TIN YUEN LONG NEW TERRITORIES",
        "FREE_FORMAT_ADDR_CHN": NaN,
        "DEV_NAME_ENG": "EARL'S COURT",
        "DEV_NAME_CHN": "伯爵軒",
        "FIRST_REFERENCE_LOT_PRN": "C4948158"
    },
    {
        "PRN": "D5938634",
        "SEQ_NUM": 1,
        "BLOCK": "46",
        "FLOOR": "2",
        "FLAT": NaN,
        "HOUSE_NUM_PREFIX": NaN,
        "STREET_NAME_ENG": NaN,
        "STREET_NAME_CHN": NaN,
        "AREA_DESC_ENG": NaN,
        "AREA_DESC_CHN": NaN,
        "FREE_FORMAT_ADDR_ENG": "SECOND FLOOR INCLUDING THE BALCONY AND THE ROOF HOUSE NO. 46 OF EARL'S COURT NO. 382 CHUK YUEN TSUEN SAN TIN YUEN LONG NEW TERRITORIES",
        "FREE_FORMAT_ADDR_CHN": NaN,
        "DEV_NAME_ENG": "EARL'S COURT",
        "DEV_NAME_CHN": "伯爵軒",
        "FIRST_REFERENCE_LOT_PRN": "C4948158"
    },
    {
        "PRN": "D5938646",
        "SEQ_NUM": 1,
        "BLOCK": "46",
        "FLOOR": "G",
        "FLAT": NaN,
        "HOUSE_NUM_PREFIX": NaN,
        "STREET_NAME_ENG": NaN,
        "STREET_NAME_CHN": NaN,
        "AREA_DESC_ENG": NaN,
        "AREA_DESC_CHN": NaN,
        "FREE_FORMAT_ADDR_ENG": "GROUND FLOOR AND THE GARDEN HOUSE NO. 46 OF EARL'S COURT NO. 382 CHUK YUEN TSUEN SAN TIN YUEN LONG NEW TERRITORIES",
        "FREE_FORMAT_ADDR_CHN": NaN,
        "DEV_NAME_ENG": "EARL'S COURT",
        "DEV_NAME_CHN": "伯爵軒",
        "FIRST_REFERENCE_LOT_PRN": "C4948158"
    },
    {
        "PRN": "D5938657",
        "SEQ_NUM": 1,
        "BLOCK": "33",
        "FLOOR": "1",
        "FLAT": NaN,
        "HOUSE_NUM_PREFIX": NaN,
        "STREET_NAME_ENG": NaN,
        "STREET_NAME_CHN": NaN,
        "AREA_DESC_ENG": NaN,
        "AREA_DESC_CHN": NaN,
        "FREE_FORMAT_ADDR_ENG": "FIRST FLOOR INCLUDING THE BALCONY HOUSE NO. 33 OF EARL'S COURT NO. 432 CHUK YUEN TSUEN SAN TIN YUEN LONG NEW TERRITORIES",
        "FREE_FORMAT_ADDR_CHN": NaN,
        "DEV_NAME_ENG": "EARL'S COURT",
        "DEV_NAME_CHN": "伯爵軒",
        "FIRST_REFERENCE_LOT_PRN": "C2392024"
    },
    {
        "PRN": "D5938667",
        "SEQ_NUM": 1,
        "BLOCK": "33",
        "FLOOR": "2",
        "FLAT": NaN,
        "HOUSE_NUM_PREFIX": NaN,
        "STREET_NAME_ENG": NaN,
        "STREET_NAME_CHN": NaN,
        "AREA_DESC_ENG": NaN,
        "AREA_DESC_CHN": NaN,
        "FREE_FORMAT_ADDR_ENG": "SECOND FLOOR INCLUDING THE BALCONY AND THE ROOF HOUSE NO. 33 OF EARL'S COURT NO. 432 CHUK YUEN TSUEN SAN TIN YUEN LONG NEW TERRITORIES",
        "FREE_FORMAT_ADDR_CHN": NaN,
        "DEV_NAME_ENG": "EARL'S COURT",
        "DEV_NAME_CHN": "伯爵軒",
        "FIRST_REFERENCE_LOT_PRN": "C2392024"
    },
    {
        "PRN": "D5938670",
        "SEQ_NUM": 1,
        "BLOCK": "33",
        "FLOOR": "G",
        "FLAT": NaN,
        "HOUSE_NUM_PREFIX": NaN,
        "STREET_NAME_ENG": NaN,
        "STREET_NAME_CHN": NaN,
        "AREA_DESC_ENG": NaN,
        "AREA_DESC_CHN": NaN,
        "FREE_FORMAT_ADDR_ENG": "GROUND FLOOR AND THE GARDEN HOUSE NO. 33 OF EARL'S COURT NO. 432 CHUK YUEN TSUEN SAN TIN YUEN LONG NEW TERRITORIES",
        "FREE_FORMAT_ADDR_CHN": NaN,
        "DEV_NAME_ENG": "EARL'S COURT",
        "DEV_NAME_CHN": "伯爵軒",
        "FIRST_REFERENCE_LOT_PRN": "C2392024"
    },
    {
        "PRN": "D5938716",
        "SEQ_NUM": 1,
        "BLOCK": "36",
        "FLOOR": "2",
        "FLAT": NaN,
        "HOUSE_NUM_PREFIX": NaN,
        "STREET_NAME_ENG": NaN,
        "STREET_NAME_CHN": NaN,
        "AREA_DESC_ENG": NaN,
        "AREA_DESC_CHN": NaN,
        "FREE_FORMAT_ADDR_ENG": "SECOND FLOOR INCLUDING THE BALCONY AND THE ROOF HOUSE NO. 36 OF EARL'S COURT NO. 430 CHUK YUEN TSUEN SAN TIN YUEN LONG NEW TERRITORIES",
        "FREE_FORMAT_ADDR_CHN": NaN,
        "DEV_NAME_ENG": "EARL'S COURT",
        "DEV_NAME_CHN": "伯爵軒",
        "FIRST_REFERENCE_LOT_PRN": "C6447718"
    },
    {
        "PRN": "D5938725",
        "SEQ_NUM": 1,
        "BLOCK": "36",
        "FLOOR": "G",
        "FLAT": NaN,
        "HOUSE_NUM_PREFIX": NaN,
        "STREET_NAME_ENG": NaN,
        "STREET_NAME_CHN": NaN,
        "AREA_DESC_ENG": NaN,
        "AREA_DESC_CHN": NaN,
        "FREE_FORMAT_ADDR_ENG": "DUPLEX UNIT COMPRISING GROUND FLOOR AND THE GARDEN AND FIRST FLOOR INCLUDING THE BALCONY HOUSE NO. 36 OF EARL'S COURT NO. 430 CHUK YUEN TSUEN SAN TIN YUEN LONG NEW TERRITORIES",
        "FREE_FORMAT_ADDR_CHN": NaN,
        "DEV_NAME_ENG": "EARL'S COURT",
        "DEV_NAME_CHN": "伯爵軒",
        "FIRST_REFERENCE_LOT_PRN": "C6447718"
    },
    {
        "PRN": "D5938909",
        "SEQ_NUM": 1,
        "BLOCK": "12",
        "FLOOR": "1",
        "FLAT": NaN,
        "HOUSE_NUM_PREFIX": NaN,
        "STREET_NAME_ENG": NaN,
        "STREET_NAME_CHN": NaN,
        "AREA_DESC_ENG": NaN,
        "AREA_DESC_CHN": NaN,
        "FREE_FORMAT_ADDR_ENG": "FIRST FLOOR INCLUDING THE BALCONY HOUSE NO. 12 OF EARL'S COURT NO. 355 CHUK YUEN TSUEN SAN TIN YUEN LONG NEW TERRITORIES",
        "FREE_FORMAT_ADDR_CHN": NaN,
        "DEV_NAME_ENG": "EARL'S COURT",
        "DEV_NAME_CHN": "伯爵軒",
        "FIRST_REFERENCE_LOT_PRN": "D0831953"
    },
    {
        "PRN": "D5938916",
        "SEQ_NUM": 1,
        "BLOCK": "12",
        "FLOOR": "2",
        "FLAT": NaN,
        "HOUSE_NUM_PREFIX": NaN,
        "STREET_NAME_ENG": NaN,
        "STREET_NAME_CHN": NaN,
        "AREA_DESC_ENG": NaN,
        "AREA_DESC_CHN": NaN,
        "FREE_FORMAT_ADDR_ENG": "SECOND FLOOR INCLUDING THE BALCONY AND THE ROOF HOUSE NO. 12 OF EARL'S COURT NO. 355 CHUK YUEN TSUEN SAN TIN YUEN LONG NEW TERRITORIES",
        "FREE_FORMAT_ADDR_CHN": NaN,
        "DEV_NAME_ENG": "EARL'S COURT",
        "DEV_NAME_CHN": "伯爵軒",
        "FIRST_REFERENCE_LOT_PRN": "D0831953"
    },
    {
        "PRN": "D5938928",
        "SEQ_NUM": 1,
        "BLOCK": "12",
        "FLOOR": "G",
        "FLAT": NaN,
        "HOUSE_NUM_PREFIX": NaN,
        "STREET_NAME_ENG": NaN,
        "STREET_NAME_CHN": NaN,
        "AREA_DESC_ENG": NaN,
        "AREA_DESC_CHN": NaN,
        "FREE_FORMAT_ADDR_ENG": "GROUND FLOOR AND THE GARDEN HOUSE NO. 12 OF EARL'S COURT NO. 355 CHUK YUEN TSUEN SAN TIN YUEN LONG NEW TERRITORIES",
        "FREE_FORMAT_ADDR_CHN": NaN,
        "DEV_NAME_ENG": "EARL'S COURT",
        "DEV_NAME_CHN": "伯爵軒",
        "FIRST_REFERENCE_LOT_PRN": "D0831953"
    },
    {
        "PRN": "D5944756",
        "SEQ_NUM": 1,
        "BLOCK": "58",
        "FLOOR": "1",
        "FLAT": NaN,
        "HOUSE_NUM_PREFIX": NaN,
        "STREET_NAME_ENG": NaN,
        "STREET_NAME_CHN": NaN,
        "AREA_DESC_ENG": NaN,
        "AREA_DESC_CHN": NaN,
        "FREE_FORMAT_ADDR_ENG": "FIRST FLOOR INCLUDING THE BALCONY HOUSE NO. 58 OF EARL'S COURT NO. 420 CHUK YUEN TSUEN SAN TIN YUEN LONG NEW TERRITORIES",
        "FREE_FORMAT_ADDR_CHN": "新界元朗新田 竹園村 420 號",
        "DEV_NAME_ENG": "EARL'S COURT",
        "DEV_NAME_CHN": "伯爵軒",
        "FIRST_REFERENCE_LOT_PRN": "C6239647"
    },
    {
        "PRN": "D5944764",
        "SEQ_NUM": 1,
        "BLOCK": "58",
        "FLOOR": "2",
        "FLAT": NaN,
        "HOUSE_NUM_PREFIX": NaN,
        "STREET_NAME_ENG": NaN,
        "STREET_NAME_CHN": NaN,
        "AREA_DESC_ENG": NaN,
        "AREA_DESC_CHN": NaN,
        "FREE_FORMAT_ADDR_ENG": "SECOND FLOOR INCLUDING THE BALCONY AND THE ROOF HOUSE NO. 58 OF EARL'S COURT NO. 420 CHUK YUEN TSUEN SAN TIN YUEN LONG NEW TERRITORIES",
        "FREE_FORMAT_ADDR_CHN": NaN,
        "DEV_NAME_ENG": "EARL'S COURT",
        "DEV_NAME_CHN": "伯爵軒",
        "FIRST_REFERENCE_LOT_PRN": "C6239647"
    },
    {
        "PRN": "D5944775",
        "SEQ_NUM": 1,
        "BLOCK": "58",
        "FLOOR": "G",
        "FLAT": NaN,
        "HOUSE_NUM_PREFIX": NaN,
        "STREET_NAME_ENG": NaN,
        "STREET_NAME_CHN": NaN,
        "AREA_DESC_ENG": NaN,
        "AREA_DESC_CHN": NaN,
        "FREE_FORMAT_ADDR_ENG": "GROUND FLOOR AND THE GARDEN HOUSE NO. 58 OF EARL'S COURT NO. 420 CHUK YUEN TSUEN SAN TIN YUEN LONG NEW TERRITORIES",
        "FREE_FORMAT_ADDR_CHN": NaN,
        "DEV_NAME_ENG": "EARL'S COURT",
        "DEV_NAME_CHN": "伯爵軒",
        "FIRST_REFERENCE_LOT_PRN": "C6239647"
    },
    {
        "PRN": "D5945060",
        "SEQ_NUM": 1,
        "BLOCK": "23",
        "FLOOR": "1",
        "FLAT": NaN,
        "HOUSE_NUM_PREFIX": NaN,
        "STREET_NAME_ENG": NaN,
        "STREET_NAME_CHN": NaN,
        "AREA_DESC_ENG": NaN,
        "AREA_DESC_CHN": NaN,
        "FREE_FORMAT_ADDR_ENG": "FIRST FLOOR INCLUDING THE BALCONY HOUSE NO. 23 OF EARL'S COURT NO. 362 CHUK YUEN TSUEN SAN TIN YUEN LONG NEW TERRITORIES",
        "FREE_FORMAT_ADDR_CHN": NaN,
        "DEV_NAME_ENG": "EARL'S COURT",
        "DEV_NAME_CHN": "伯爵軒",
        "FIRST_REFERENCE_LOT_PRN": "C4948190"
    },
    {
        "PRN": "D5945070",
        "SEQ_NUM": 1,
        "BLOCK": "23",
        "FLOOR": "2",
        "FLAT": NaN,
        "HOUSE_NUM_PREFIX": NaN,
        "STREET_NAME_ENG": NaN,
        "STREET_NAME_CHN": NaN,
        "AREA_DESC_ENG": NaN,
        "AREA_DESC_CHN": NaN,
        "FREE_FORMAT_ADDR_ENG": "SECOND FLOOR INCLUDING THE BALCONY AND THE ROOF HOUSE NO. 23 OF EARL'S COURT NO. 362 CHUK YUEN TSUEN SAN TIN YUEN LONG NEW TERRITORIES",
        "FREE_FORMAT_ADDR_CHN": NaN,
        "DEV_NAME_ENG": "EARL'S COURT",
        "DEV_NAME_CHN": "伯爵軒",
        "FIRST_REFERENCE_LOT_PRN": "C4948190"
    },
    {
        "PRN": "D5945089",
        "SEQ_NUM": 1,
        "BLOCK": "23",
        "FLOOR": "G",
        "FLAT": NaN,
        "HOUSE_NUM_PREFIX": NaN,
        "STREET_NAME_ENG": NaN,
        "STREET_NAME_CHN": NaN,
        "AREA_DESC_ENG": NaN,
        "AREA_DESC_CHN": NaN,
        "FREE_FORMAT_ADDR_ENG": "GROUND FLOOR AND THE GARDEN HOUSE NO. 23 OF EARL'S COURT NO. 362 CHUK YUEN TSUEN SAN TIN YUEN LONG NEW TERRITORIES",
        "FREE_FORMAT_ADDR_CHN": NaN,
        "DEV_NAME_ENG": "EARL'S COURT",
        "DEV_NAME_CHN": "伯爵軒",
        "FIRST_REFERENCE_LOT_PRN": "C4948190"
    },
    {
        "PRN": "D5945359",
        "SEQ_NUM": 1,
        "BLOCK": "13",
        "FLOOR": "2",
        "FLAT": NaN,
        "HOUSE_NUM_PREFIX": NaN,
        "STREET_NAME_ENG": NaN,
        "STREET_NAME_CHN": NaN,
        "AREA_DESC_ENG": NaN,
        "AREA_DESC_CHN": NaN,
        "FREE_FORMAT_ADDR_ENG": "SECOND FLOOR INCLUDING THE BALCONY AND THE ROOF HOUSE NO. 13 OF EARL'S COURT NO. 356 CHUK YUEN TSUEN SAN TIN YUEN LONG NEW TERRITORIES",
        "FREE_FORMAT_ADDR_CHN": NaN,
        "DEV_NAME_ENG": "EARL'S COURT",
        "DEV_NAME_CHN": "伯爵軒",
        "FIRST_REFERENCE_LOT_PRN": "C5386912"
    },
    {
        "PRN": "D5945369",
        "SEQ_NUM": 1,
        "BLOCK": "13",
        "FLOOR": "G",
        "FLAT": NaN,
        "HOUSE_NUM_PREFIX": NaN,
        "STREET_NAME_ENG": NaN,
        "STREET_NAME_CHN": NaN,
        "AREA_DESC_ENG": NaN,
        "AREA_DESC_CHN": NaN,
        "FREE_FORMAT_ADDR_ENG": "DUPLEX UNIT COMPRISING THE GROUND FLOOR AND THE GARDEN AND THE FIRST FLOOR INCLUDING THE BALCONY HOUSE NO. 13 OF EARL'S COURT NO. 356 CHUK YUEN TSUEN SAN TIN YUEN LONG NEW TERRITORIES",
        "FREE_FORMAT_ADDR_CHN": NaN,
        "DEV_NAME_ENG": "EARL'S COURT",
        "DEV_NAME_CHN": "伯爵軒",
        "FIRST_REFERENCE_LOT_PRN": "C5386912"
    },
    {
        "PRN": "D5945631",
        "SEQ_NUM": 1,
        "BLOCK": "52",
        "FLOOR": "1",
        "FLAT": NaN,
        "HOUSE_NUM_PREFIX": NaN,
        "STREET_NAME_ENG": NaN,
        "STREET_NAME_CHN": NaN,
        "AREA_DESC_ENG": NaN,
        "AREA_DESC_CHN": NaN,
        "FREE_FORMAT_ADDR_ENG": "FIRST FLOOR INCLUDING THE BALCONY HOUSE NO. 52 OF EARL'S COURT NO. 389 CHUK YUEN TSUEN SAN TIN YUEN LONG NEW TERRITORIES",
        "FREE_FORMAT_ADDR_CHN": NaN,
        "DEV_NAME_ENG": "EARL'S COURT",
        "DEV_NAME_CHN": "伯爵軒",
        "FIRST_REFERENCE_LOT_PRN": "C5880685"
    },
    {
        "PRN": "D5945649",
        "SEQ_NUM": 1,
        "BLOCK": "52",
        "FLOOR": "2",
        "FLAT": NaN,
        "HOUSE_NUM_PREFIX": NaN,
        "STREET_NAME_ENG": NaN,
        "STREET_NAME_CHN": NaN,
        "AREA_DESC_ENG": NaN,
        "AREA_DESC_CHN": NaN,
        "FREE_FORMAT_ADDR_ENG": "SECOND FLOOR INCLUDING THE BALCONY AND THE ROOF HOUSE NO. 52 OF EARL'S COURT NO. 389 CHUK YUEN TSUEN SAN TIN YUEN LONG NEW TERRITORIES",
        "FREE_FORMAT_ADDR_CHN": NaN,
        "DEV_NAME_ENG": "EARL'S COURT",
        "DEV_NAME_CHN": "伯爵軒",
        "FIRST_REFERENCE_LOT_PRN": "C5880685"
    },
    {
        "PRN": "D5945655",
        "SEQ_NUM": 1,
        "BLOCK": "52",
        "FLOOR": "G",
        "FLAT": NaN,
        "HOUSE_NUM_PREFIX": NaN,
        "STREET_NAME_ENG": NaN,
        "STREET_NAME_CHN": NaN,
        "AREA_DESC_ENG": NaN,
        "AREA_DESC_CHN": NaN,
        "FREE_FORMAT_ADDR_ENG": "GROUND FLOOR (INCLUDING THE STORE ROOM) AND THE GARDEN HOUSE NO. 52 OF EARL'S COURT NO. 389 CHUK YUEN TSUEN SAN TIN YUEN LONG NEW TERRITORIES",
        "FREE_FORMAT_ADDR_CHN": NaN,
        "DEV_NAME_ENG": "EARL'S COURT",
        "DEV_NAME_CHN": "伯爵軒",
        "FIRST_REFERENCE_LOT_PRN": "C5880685"
    },
    {
        "PRN": "D5953712",
        "SEQ_NUM": 1,
        "BLOCK": "26",
        "FLOOR": "1",
        "FLAT": NaN,
        "HOUSE_NUM_PREFIX": NaN,
        "STREET_NAME_ENG": NaN,
        "STREET_NAME_CHN": NaN,
        "AREA_DESC_ENG": NaN,
        "AREA_DESC_CHN": NaN,
        "FREE_FORMAT_ADDR_ENG": "FIRST FLOOR INCLUDING THE BALCONY HOUSE NO. 26 OF EARL'S COURT NO. 439 CHUK YUEN TSUEN SAN TIN YUEN LONG NEW TERRITORIES",
        "FREE_FORMAT_ADDR_CHN": NaN,
        "DEV_NAME_ENG": "EARL'S COURT",
        "DEV_NAME_CHN": "伯爵軒",
        "FIRST_REFERENCE_LOT_PRN": "C6588137"
    },
    {
        "PRN": "D5953729",
        "SEQ_NUM": 1,
        "BLOCK": "26",
        "FLOOR": "2",
        "FLAT": NaN,
        "HOUSE_NUM_PREFIX": NaN,
        "STREET_NAME_ENG": NaN,
        "STREET_NAME_CHN": NaN,
        "AREA_DESC_ENG": NaN,
        "AREA_DESC_CHN": NaN,
        "FREE_FORMAT_ADDR_ENG": "SECOND FLOOR INCLUDING THE BALCONY AND THE ROOF HOUSE NO. 26 OF EARL'S COURT NO. 439 CHUK YUEN TSUEN SAN TIN YUEN LONG NEW TERRITORIES",
        "FREE_FORMAT_ADDR_CHN": NaN,
        "DEV_NAME_ENG": "EARL'S COURT",
        "DEV_NAME_CHN": "伯爵軒",
        "FIRST_REFERENCE_LOT_PRN": "C6588137"
    },
    {
        "PRN": "D5953739",
        "SEQ_NUM": 1,
        "BLOCK": "26",
        "FLOOR": "G",
        "FLAT": NaN,
        "HOUSE_NUM_PREFIX": NaN,
        "STREET_NAME_ENG": NaN,
        "STREET_NAME_CHN": NaN,
        "AREA_DESC_ENG": NaN,
        "AREA_DESC_CHN": NaN,
        "FREE_FORMAT_ADDR_ENG": "GROUND FLOOR AND THE GARDEN HOUSE NO. 26 OF EARL'S COURT NO. 439 CHUK YUEN TSUEN SAN TIN YUEN LONG NEW TERRITORIES",
        "FREE_FORMAT_ADDR_CHN": NaN,
        "DEV_NAME_ENG": "EARL'S COURT",
        "DEV_NAME_CHN": "伯爵軒",
        "FIRST_REFERENCE_LOT_PRN": "C6588137"
    },
    {
        "PRN": "D5954846",
        "SEQ_NUM": 1,
        "BLOCK": "28",
        "FLOOR": "1",
        "FLAT": NaN,
        "HOUSE_NUM_PREFIX": NaN,
        "STREET_NAME_ENG": NaN,
        "STREET_NAME_CHN": NaN,
        "AREA_DESC_ENG": NaN,
        "AREA_DESC_CHN": NaN,
        "FREE_FORMAT_ADDR_ENG": "FIRST FLOOR INCLUDING THE BALCONY HOUSE NO. 28 OF EARL'S COURT NO. 437 CHUK YUEN TSUEN SAN TIN YUEN LONG NEW TERRITORIES",
        "FREE_FORMAT_ADDR_CHN": NaN,
        "DEV_NAME_ENG": "EARL'S COURT",
        "DEV_NAME_CHN": "伯爵軒",
        "FIRST_REFERENCE_LOT_PRN": "C5304883"
    },
    {
        "PRN": "D5954858",
        "SEQ_NUM": 1,
        "BLOCK": "28",
        "FLOOR": "2",
        "FLAT": NaN,
        "HOUSE_NUM_PREFIX": NaN,
        "STREET_NAME_ENG": NaN,
        "STREET_NAME_CHN": NaN,
        "AREA_DESC_ENG": NaN,
        "AREA_DESC_CHN": NaN,
        "FREE_FORMAT_ADDR_ENG": "SECOND FLOOR INCLUDING THE BALCONY AND THE ROOF HOUSE NO. 28 OF EARL'S COURT NO. 437 CHUK YUEN TSUEN SAN TIN YUEN LONG NEW TERRITORIES",
        "FREE_FORMAT_ADDR_CHN": NaN,
        "DEV_NAME_ENG": "EARL'S COURT",
        "DEV_NAME_CHN": "伯爵軒",
        "FIRST_REFERENCE_LOT_PRN": "C5304883"
    },
    {
        "PRN": "D5954869",
        "SEQ_NUM": 1,
        "BLOCK": "28",
        "FLOOR": "G",
        "FLAT": NaN,
        "HOUSE_NUM_PREFIX": NaN,
        "STREET_NAME_ENG": NaN,
        "STREET_NAME_CHN": NaN,
        "AREA_DESC_ENG": NaN,
        "AREA_DESC_CHN": NaN,
        "FREE_FORMAT_ADDR_ENG": "GROUND FLOOR AND THE GARDEN HOUSE NO. 28 OF EARL'S COURT NO. 437 CHUK YUEN TSUEN SAN TIN YUEN LONG NEW TERRITORIES",
        "FREE_FORMAT_ADDR_CHN": NaN,
        "DEV_NAME_ENG": "EARL'S COURT",
        "DEV_NAME_CHN": "伯爵軒",
        "FIRST_REFERENCE_LOT_PRN": "C5304883"
    },
    {
        "PRN": "D5976212",
        "SEQ_NUM": 1,
        "BLOCK": "23A",
        "FLOOR": "1",
        "FLAT": NaN,
        "HOUSE_NUM_PREFIX": NaN,
        "STREET_NAME_ENG": NaN,
        "STREET_NAME_CHN": NaN,
        "AREA_DESC_ENG": NaN,
        "AREA_DESC_CHN": NaN,
        "FREE_FORMAT_ADDR_ENG": "FIRST FLOOR INCLUDING THE BALCONY HOUSE NO. 23A OF EARL'S COURT NO. 363 CHUK YUEN TSUEN SAN TIN YUEN LONG NEW TERRITORIES",
        "FREE_FORMAT_ADDR_CHN": NaN,
        "DEV_NAME_ENG": "EARL'S COURT",
        "DEV_NAME_CHN": "伯爵軒",
        "FIRST_REFERENCE_LOT_PRN": "C2391944"
    },
    {
        "PRN": "D5976223",
        "SEQ_NUM": 1,
        "BLOCK": "23A",
        "FLOOR": "2",
        "FLAT": NaN,
        "HOUSE_NUM_PREFIX": NaN,
        "STREET_NAME_ENG": NaN,
        "STREET_NAME_CHN": NaN,
        "AREA_DESC_ENG": NaN,
        "AREA_DESC_CHN": NaN,
        "FREE_FORMAT_ADDR_ENG": "SECOND FLOOR INCLUDING THE BALCONY AND THE ROOF HOUSE NO. 23A OF EARL'S COURT NO. 363 CHUK YUEN TSUEN SAN TIN YUEN LONG NEW TERRITORIES",
        "FREE_FORMAT_ADDR_CHN": NaN,
        "DEV_NAME_ENG": "EARL'S COURT",
        "DEV_NAME_CHN": "伯爵軒",
        "FIRST_REFERENCE_LOT_PRN": "C2391944"
    },
    {
        "PRN": "D5976233",
        "SEQ_NUM": 1,
        "BLOCK": "23A",
        "FLOOR": "G",
        "FLAT": NaN,
        "HOUSE_NUM_PREFIX": NaN,
        "STREET_NAME_ENG": NaN,
        "STREET_NAME_CHN": NaN,
        "AREA_DESC_ENG": NaN,
        "AREA_DESC_CHN": NaN,
        "FREE_FORMAT_ADDR_ENG": "GROUND FLOOR AND THE GARDEN HOUSE NO. 23A OF EARL'S COURT NO. 363 CHUK YUEN TSUEN SAN TIN YUEN LONG NEW TERRITORIES",
        "FREE_FORMAT_ADDR_CHN": NaN,
        "DEV_NAME_ENG": "EARL'S COURT",
        "DEV_NAME_CHN": "伯爵軒",
        "FIRST_REFERENCE_LOT_PRN": "C2391944"
    },
    {
        "PRN": "D6027016",
        "SEQ_NUM": 1,
        "BLOCK": "41",
        "FLOOR": "1",
        "FLAT": NaN,
        "HOUSE_NUM_PREFIX": NaN,
        "STREET_NAME_ENG": NaN,
        "STREET_NAME_CHN": NaN,
        "AREA_DESC_ENG": NaN,
        "AREA_DESC_CHN": NaN,
        "FREE_FORMAT_ADDR_ENG": "FIRST FLOOR INCLUDING THE BALCONY HOUSE NO. 41 OF EARL'S COURT NO. 377 CHUK YUEN TSUEN SAN TIN YUEN LONG NEW TERRITORIES",
        "FREE_FORMAT_ADDR_CHN": NaN,
        "DEV_NAME_ENG": "EARL'S COURT",
        "DEV_NAME_CHN": "伯爵軒",
        "FIRST_REFERENCE_LOT_PRN": "C5880676"
    },
    {
        "PRN": "D6027025",
        "SEQ_NUM": 1,
        "BLOCK": "41",
        "FLOOR": "2",
        "FLAT": NaN,
        "HOUSE_NUM_PREFIX": NaN,
        "STREET_NAME_ENG": NaN,
        "STREET_NAME_CHN": NaN,
        "AREA_DESC_ENG": NaN,
        "AREA_DESC_CHN": NaN,
        "FREE_FORMAT_ADDR_ENG": "SECOND FLOOR INCLUDING THE BALCONY AND THE ROOF HOUSE NO. 41 OF EARL'S COURT NO. 377 CHUK YUEN TSUEN SAN TIN YUEN LONG NEW TERRITORIES",
        "FREE_FORMAT_ADDR_CHN": NaN,
        "DEV_NAME_ENG": "EARL'S COURT",
        "DEV_NAME_CHN": "伯爵軒",
        "FIRST_REFERENCE_LOT_PRN": "C5880676"
    },
    {
        "PRN": "D6027031",
        "SEQ_NUM": 1,
        "BLOCK": "41",
        "FLOOR": "G",
        "FLAT": NaN,
        "HOUSE_NUM_PREFIX": NaN,
        "STREET_NAME_ENG": NaN,
        "STREET_NAME_CHN": NaN,
        "AREA_DESC_ENG": NaN,
        "AREA_DESC_CHN": NaN,
        "FREE_FORMAT_ADDR_ENG": "GROUND FLOOR AND THE GARDEN HOUSE NO. 41 OF EARL'S COURT NO. 377 CHUK YUEN TSUEN SAN TIN YUEN LONG NEW TERRITORIES",
        "FREE_FORMAT_ADDR_CHN": NaN,
        "DEV_NAME_ENG": "EARL'S COURT",
        "DEV_NAME_CHN": "伯爵軒",
        "FIRST_REFERENCE_LOT_PRN": "C5880676"
    },
    {
        "PRN": "D6076750",
        "SEQ_NUM": 1,
        "BLOCK": "18",
        "FLOOR": "1",
        "FLAT": NaN,
        "HOUSE_NUM_PREFIX": NaN,
        "STREET_NAME_ENG": NaN,
        "STREET_NAME_CHN": NaN,
        "AREA_DESC_ENG": NaN,
        "AREA_DESC_CHN": NaN,
        "FREE_FORMAT_ADDR_ENG": "FIRST FLOOR INCLUDING THE BALCONY HOUSE NO. 18 OF EARL'S COURT NO. 352 CHUK YUEN TSUEN SAN TIN YUEN LONG NEW TERRITORIES",
        "FREE_FORMAT_ADDR_CHN": NaN,
        "DEV_NAME_ENG": "EARL'S COURT",
        "DEV_NAME_CHN": "伯爵軒",
        "FIRST_REFERENCE_LOT_PRN": "D0832003"
    },
    {
        "PRN": "D6076767",
        "SEQ_NUM": 1,
        "BLOCK": "18",
        "FLOOR": "2",
        "FLAT": NaN,
        "HOUSE_NUM_PREFIX": NaN,
        "STREET_NAME_ENG": NaN,
        "STREET_NAME_CHN": NaN,
        "AREA_DESC_ENG": NaN,
        "AREA_DESC_CHN": NaN,
        "FREE_FORMAT_ADDR_ENG": "SECOND FLOOR INCLUDING THE BALCONY AND THE ROOF HOUSE NO. 18 OF EARL'S COURT NO. 352 CHUK YUEN TSUEN SAN TIN YUEN LONG NEW TERRITORIES",
        "FREE_FORMAT_ADDR_CHN": NaN,
        "DEV_NAME_ENG": "EARL'S COURT",
        "DEV_NAME_CHN": "伯爵軒",
        "FIRST_REFERENCE_LOT_PRN": "D0832003"
    },
    {
        "PRN": "D6076779",
        "SEQ_NUM": 1,
        "BLOCK": "18",
        "FLOOR": "G",
        "FLAT": NaN,
        "HOUSE_NUM_PREFIX": NaN,
        "STREET_NAME_ENG": NaN,
        "STREET_NAME_CHN": NaN,
        "AREA_DESC_ENG": NaN,
        "AREA_DESC_CHN": NaN,
        "FREE_FORMAT_ADDR_ENG": "GROUND FLOOR AND THE GARDEN HOUSE NO. 18 OF EARL'S COURT NO. 352 CHUK YUEN TSUEN SAN TIN YUEN LONG NEW TERRITORIES",
        "FREE_FORMAT_ADDR_CHN": NaN,
        "DEV_NAME_ENG": "EARL'S COURT",
        "DEV_NAME_CHN": "伯爵軒",
        "FIRST_REFERENCE_LOT_PRN": "D0832003"
    },
    {
        "PRN": "D6101322",
        "SEQ_NUM": 1,
        "BLOCK": "27",
        "FLOOR": "1",
        "FLAT": NaN,
        "HOUSE_NUM_PREFIX": NaN,
        "STREET_NAME_ENG": NaN,
        "STREET_NAME_CHN": NaN,
        "AREA_DESC_ENG": NaN,
        "AREA_DESC_CHN": NaN,
        "FREE_FORMAT_ADDR_ENG": "FIRST FLOOR INCLUDING THE BALCONY HOUSE NO. 27 OF EARL'S COURT NO. 438 CHUK YUEN TSUEN SAN TIN YUEN LONG NEW TERRITORIES",
        "FREE_FORMAT_ADDR_CHN": NaN,
        "DEV_NAME_ENG": "EARL'S COURT",
        "DEV_NAME_CHN": "伯爵軒",
        "FIRST_REFERENCE_LOT_PRN": "C5572011"
    },
    {
        "PRN": "D6101330",
        "SEQ_NUM": 1,
        "BLOCK": "27",
        "FLOOR": "2",
        "FLAT": NaN,
        "HOUSE_NUM_PREFIX": NaN,
        "STREET_NAME_ENG": NaN,
        "STREET_NAME_CHN": NaN,
        "AREA_DESC_ENG": NaN,
        "AREA_DESC_CHN": NaN,
        "FREE_FORMAT_ADDR_ENG": "SECOND FLOOR INCLUDING THE BALCONY AND THE ROOF HOUSE NO. 27 OF EARL'S COURT NO. 438 CHUK YUEN TSUEN SAN TIN YUEN LONG NEW TERRITORIES",
        "FREE_FORMAT_ADDR_CHN": NaN,
        "DEV_NAME_ENG": "EARL'S COURT",
        "DEV_NAME_CHN": "伯爵軒",
        "FIRST_REFERENCE_LOT_PRN": "C5572011"
    },
    {
        "PRN": "D6101344",
        "SEQ_NUM": 1,
        "BLOCK": "27",
        "FLOOR": "G",
        "FLAT": NaN,
        "HOUSE_NUM_PREFIX": NaN,
        "STREET_NAME_ENG": NaN,
        "STREET_NAME_CHN": NaN,
        "AREA_DESC_ENG": NaN,
        "AREA_DESC_CHN": NaN,
        "FREE_FORMAT_ADDR_ENG": "GROUND FLOOR AND THE GARDEN HOUSE NO. 27 OF EARL'S COURT NO. 438 CHUK YUEN TSUEN SAN TIN YUEN LONG NEW TERRITORIES",
        "FREE_FORMAT_ADDR_CHN": NaN,
        "DEV_NAME_ENG": "EARL'S COURT",
        "DEV_NAME_CHN": "伯爵軒",
        "FIRST_REFERENCE_LOT_PRN": "C5572011"
    },
    {
        "PRN": "D6132368",
        "SEQ_NUM": 1,
        "BLOCK": "43",
        "FLOOR": "1",
        "FLAT": NaN,
        "HOUSE_NUM_PREFIX": NaN,
        "STREET_NAME_ENG": NaN,
        "STREET_NAME_CHN": NaN,
        "AREA_DESC_ENG": NaN,
        "AREA_DESC_CHN": NaN,
        "FREE_FORMAT_ADDR_ENG": "FIRST FLOOR INCLUDING THE BALCONY HOUSE NO. 43 OF EARL'S COURT NO. 379 CHUK YUEN TSUEN SAN TIN YUEN LONG NEW TERRITORIES",
        "FREE_FORMAT_ADDR_CHN": NaN,
        "DEV_NAME_ENG": "EARL'S COURT",
        "DEV_NAME_CHN": "伯爵軒",
        "FIRST_REFERENCE_LOT_PRN": "C4948140"
    },
    {
        "PRN": "D6132376",
        "SEQ_NUM": 1,
        "BLOCK": "43",
        "FLOOR": "2",
        "FLAT": NaN,
        "HOUSE_NUM_PREFIX": NaN,
        "STREET_NAME_ENG": NaN,
        "STREET_NAME_CHN": NaN,
        "AREA_DESC_ENG": NaN,
        "AREA_DESC_CHN": NaN,
        "FREE_FORMAT_ADDR_ENG": "SECOND FLOOR INCLUDING THE BALCONY AND THE ROOF HOUSE NO. 43 OF EARL'S COURT NO. 379 CHUK YUEN TSUEN SAN TIN YUEN LONG NEW TERRITORIES",
        "FREE_FORMAT_ADDR_CHN": NaN,
        "DEV_NAME_ENG": "EARL'S COURT",
        "DEV_NAME_CHN": "伯爵軒",
        "FIRST_REFERENCE_LOT_PRN": "C4948140"
    },
    {
        "PRN": "D6132386",
        "SEQ_NUM": 1,
        "BLOCK": "43",
        "FLOOR": "G",
        "FLAT": NaN,
        "HOUSE_NUM_PREFIX": NaN,
        "STREET_NAME_ENG": NaN,
        "STREET_NAME_CHN": NaN,
        "AREA_DESC_ENG": NaN,
        "AREA_DESC_CHN": NaN,
        "FREE_FORMAT_ADDR_ENG": "GROUND FLOOR AND THE GARDEN HOUSE NO. 43 OF EARL'S COURT NO. 379 CHUK YUEN TSUEN SAN TIN YUEN LONG NEW TERRITORIES",
        "FREE_FORMAT_ADDR_CHN": NaN,
        "DEV_NAME_ENG": "EARL'S COURT",
        "DEV_NAME_CHN": "伯爵軒",
        "FIRST_REFERENCE_LOT_PRN": "C4948140"
    },
    {
        "PRN": "D6132449",
        "SEQ_NUM": 1,
        "BLOCK": "42",
        "FLOOR": "1",
        "FLAT": NaN,
        "HOUSE_NUM_PREFIX": NaN,
        "STREET_NAME_ENG": NaN,
        "STREET_NAME_CHN": NaN,
        "AREA_DESC_ENG": NaN,
        "AREA_DESC_CHN": NaN,
        "FREE_FORMAT_ADDR_ENG": "FIRST FLOOR INCLUDING THE BALCONY HOUSE NO. 42 OF EARL'S COURT NO. 378 CHUK YUEN TSUEN SAN TIN YUEN LONG NEW TERRITORIES",
        "FREE_FORMAT_ADDR_CHN": NaN,
        "DEV_NAME_ENG": "EARL'S COURT",
        "DEV_NAME_CHN": "伯爵軒",
        "FIRST_REFERENCE_LOT_PRN": "C2391798"
    },
    {
        "PRN": "D6132450",
        "SEQ_NUM": 1,
        "BLOCK": "42",
        "FLOOR": "2",
        "FLAT": NaN,
        "HOUSE_NUM_PREFIX": NaN,
        "STREET_NAME_ENG": NaN,
        "STREET_NAME_CHN": NaN,
        "AREA_DESC_ENG": NaN,
        "AREA_DESC_CHN": NaN,
        "FREE_FORMAT_ADDR_ENG": "SECOND FLOOR INCLUDING THE BALCONY AND THE ROOF HOUSE NO. 42 OF EARL'S COURT NO. 378 CHUK YUEN TSUEN SAN TIN YUEN LONG NEW TERRITORIES",
        "FREE_FORMAT_ADDR_CHN": NaN,
        "DEV_NAME_ENG": "EARL'S COURT",
        "DEV_NAME_CHN": "伯爵軒",
        "FIRST_REFERENCE_LOT_PRN": "C2391798"
    },
    {
        "PRN": "D6132463",
        "SEQ_NUM": 1,
        "BLOCK": "42",
        "FLOOR": "G",
        "FLAT": NaN,
        "HOUSE_NUM_PREFIX": NaN,
        "STREET_NAME_ENG": NaN,
        "STREET_NAME_CHN": NaN,
        "AREA_DESC_ENG": NaN,
        "AREA_DESC_CHN": NaN,
        "FREE_FORMAT_ADDR_ENG": "GROUND FLOOR AND THE GARDEN HOUSE NO. 42 OF EARL'S COURT NO. 378 CHUK YUEN TSUEN SAN TIN YUEN LONG NEW TERRITORIES",
        "FREE_FORMAT_ADDR_CHN": NaN,
        "DEV_NAME_ENG": "EARL'S COURT",
        "DEV_NAME_CHN": "伯爵軒",
        "FIRST_REFERENCE_LOT_PRN": "C2391798"
    },
    {
        "PRN": "D6136412",
        "SEQ_NUM": 1,
        "BLOCK": "40",
        "FLOOR": "1",
        "FLAT": NaN,
        "HOUSE_NUM_PREFIX": NaN,
        "STREET_NAME_ENG": NaN,
        "STREET_NAME_CHN": NaN,
        "AREA_DESC_ENG": NaN,
        "AREA_DESC_CHN": NaN,
        "FREE_FORMAT_ADDR_ENG": "FIRST FLOOR INCLUDING THE BALCONY HOUSE NO. 40 OF EARL'S COURT NO. 427 CHUK YUEN TSUEN SAN TIN YUEN LONG NEW TERRITORIES",
        "FREE_FORMAT_ADDR_CHN": NaN,
        "DEV_NAME_ENG": "EARL'S COURT",
        "DEV_NAME_CHN": "伯爵軒",
        "FIRST_REFERENCE_LOT_PRN": "C2391834"
    },
    {
        "PRN": "D6136421",
        "SEQ_NUM": 1,
        "BLOCK": "40",
        "FLOOR": "2",
        "FLAT": NaN,
        "HOUSE_NUM_PREFIX": NaN,
        "STREET_NAME_ENG": NaN,
        "STREET_NAME_CHN": NaN,
        "AREA_DESC_ENG": NaN,
        "AREA_DESC_CHN": NaN,
        "FREE_FORMAT_ADDR_ENG": "SECOND FLOOR INCLUDING THE BALCONY AND THE ROOF HOUSE NO. 40 OF EARL'S COURT NO. 427 CHUK YUEN TSUEN SAN TIN YUEN LONG NEW TERRITORIES",
        "FREE_FORMAT_ADDR_CHN": NaN,
        "DEV_NAME_ENG": "EARL'S COURT",
        "DEV_NAME_CHN": "伯爵軒",
        "FIRST_REFERENCE_LOT_PRN": "C2391834"
    },
    {
        "PRN": "D6136430",
        "SEQ_NUM": 1,
        "BLOCK": "40",
        "FLOOR": "G",
        "FLAT": NaN,
        "HOUSE_NUM_PREFIX": NaN,
        "STREET_NAME_ENG": NaN,
        "STREET_NAME_CHN": NaN,
        "AREA_DESC_ENG": NaN,
        "AREA_DESC_CHN": NaN,
        "FREE_FORMAT_ADDR_ENG": "GROUND FLOOR AND THE GARDEN HOUSE NO. 40 OF EARL'S COURT NO. 427 CHUK YUEN TSUEN SAN TIN YUEN LONG NEW TERRITORIES",
        "FREE_FORMAT_ADDR_CHN": NaN,
        "DEV_NAME_ENG": "EARL'S COURT",
        "DEV_NAME_CHN": "伯爵軒",
        "FIRST_REFERENCE_LOT_PRN": "C2391834"
    },
    {
        "PRN": "D6139533",
        "SEQ_NUM": 1,
        "BLOCK": "5",
        "FLOOR": "1",
        "FLAT": NaN,
        "HOUSE_NUM_PREFIX": NaN,
        "STREET_NAME_ENG": NaN,
        "STREET_NAME_CHN": NaN,
        "AREA_DESC_ENG": NaN,
        "AREA_DESC_CHN": NaN,
        "FREE_FORMAT_ADDR_ENG": "FIRST FLOOR INCLUDING THE BALCONY HOUSE NO. 5 OF EARL'S COURT NO. 213 CHUK YUEN TSUEN SAN TIN YUEN LONG NEW TERRITORIES",
        "FREE_FORMAT_ADDR_CHN": NaN,
        "DEV_NAME_ENG": "EARL'S COURT",
        "DEV_NAME_CHN": "伯爵軒",
        "FIRST_REFERENCE_LOT_PRN": "D0329186"
    },
    {
        "PRN": "D6139541",
        "SEQ_NUM": 1,
        "BLOCK": "5",
        "FLOOR": "2",
        "FLAT": NaN,
        "HOUSE_NUM_PREFIX": NaN,
        "STREET_NAME_ENG": NaN,
        "STREET_NAME_CHN": NaN,
        "AREA_DESC_ENG": NaN,
        "AREA_DESC_CHN": NaN,
        "FREE_FORMAT_ADDR_ENG": "SECOND FLOOR INCLUDING THE BALCONY AND THE ROOF HOUSE NO. 5 OF EARL'S COURT NO. 213 CHUK YUEN TSUEN SAN TIN YUEN LONG NEW TERRITORIES",
        "FREE_FORMAT_ADDR_CHN": NaN,
        "DEV_NAME_ENG": "EARL'S COURT",
        "DEV_NAME_CHN": "伯爵軒",
        "FIRST_REFERENCE_LOT_PRN": "D0329186"
    },
    {
        "PRN": "D6139557",
        "SEQ_NUM": 1,
        "BLOCK": "5",
        "FLOOR": "G",
        "FLAT": NaN,
        "HOUSE_NUM_PREFIX": NaN,
        "STREET_NAME_ENG": NaN,
        "STREET_NAME_CHN": NaN,
        "AREA_DESC_ENG": NaN,
        "AREA_DESC_CHN": NaN,
        "FREE_FORMAT_ADDR_ENG": "GROUND FLOOR AND THE GARDEN HOUSE NO. 5 OF EARL'S COURT NO. 213 CHUK YUEN TSUEN SAN TIN YUEN LONG NEW TERRITORIES",
        "FREE_FORMAT_ADDR_CHN": NaN,
        "DEV_NAME_ENG": "EARL'S COURT",
        "DEV_NAME_CHN": "伯爵軒",
        "FIRST_REFERENCE_LOT_PRN": "D0329186"
    }
]