[
    {
        "PRN": "B0788845",
        "SEQ_NUM": 1,
        "BLOCK": "25",
        "FLOOR": "G",
        "FLAT": NaN,
        "HOUSE_NUM_PREFIX": NaN,
        "STREET_NAME_ENG": NaN,
        "STREET_NAME_CHN": NaN,
        "AREA_DESC_ENG": NaN,
        "AREA_DESC_CHN": NaN,
        "FREE_FORMAT_ADDR_ENG": "G/F(& SPACE/STOREROOM UNDER STAIRS ON G/F) & GDN. BLK.25 OF FORTUNE VILLA DD130 LOT NO.53 S.J 188 TSING CHUEN WAI TUEN MUN N.T.",
        "FREE_FORMAT_ADDR_CHN": NaN,
        "DEV_NAME_ENG": "FORTUNE VILLA",
        "DEV_NAME_CHN": "鴻運花園",
        "FIRST_REFERENCE_LOT_PRN": "C6223331"
    },
    {
        "PRN": "B0788856",
        "SEQ_NUM": 1,
        "BLOCK": "27",
        "FLOOR": "G",
        "FLAT": NaN,
        "HOUSE_NUM_PREFIX": NaN,
        "STREET_NAME_ENG": NaN,
        "STREET_NAME_CHN": NaN,
        "AREA_DESC_ENG": NaN,
        "AREA_DESC_CHN": NaN,
        "FREE_FORMAT_ADDR_ENG": "G/F(EXCL.SPACE/STOREROOM UNDER STAIRS ON G/F) & GDN. BLK.27 OF FORTUNE VILLA NO.188 TSING CHUEN WAI DD130 LOT 53 S.L TUEN MUN N.T.",
        "FREE_FORMAT_ADDR_CHN": NaN,
        "DEV_NAME_ENG": "FORTUNE VILLA",
        "DEV_NAME_CHN": "鴻運花園",
        "FIRST_REFERENCE_LOT_PRN": "C2190453"
    },
    {
        "PRN": "B0788860",
        "SEQ_NUM": 1,
        "BLOCK": "27",
        "FLOOR": "1",
        "FLAT": NaN,
        "HOUSE_NUM_PREFIX": NaN,
        "STREET_NAME_ENG": NaN,
        "STREET_NAME_CHN": NaN,
        "AREA_DESC_ENG": NaN,
        "AREA_DESC_CHN": NaN,
        "FREE_FORMAT_ADDR_ENG": "1/F AND BALCONY BLOCK 27 OF FORTUNE VILLA NO.188 TSING CHUEN WAI DD130 LOT NO.53 S.L TUEN MUN N.T.",
        "FREE_FORMAT_ADDR_CHN": NaN,
        "DEV_NAME_ENG": "FORTUNE VILLA",
        "DEV_NAME_CHN": "鴻運花園",
        "FIRST_REFERENCE_LOT_PRN": "C2190453"
    },
    {
        "PRN": "B0788870",
        "SEQ_NUM": 1,
        "BLOCK": "27",
        "FLOOR": "2",
        "FLAT": NaN,
        "HOUSE_NUM_PREFIX": NaN,
        "STREET_NAME_ENG": NaN,
        "STREET_NAME_CHN": NaN,
        "AREA_DESC_ENG": NaN,
        "AREA_DESC_CHN": NaN,
        "FREE_FORMAT_ADDR_ENG": "2/F(& BALCONY & STAIRS FR.1/F-ROOF EXCL. LANDING ON 1/F) & ROOF BLK.27 FORTUNE VILLA DD130 LOT NO.53 S.L 188 TSING CHUEN WAI TUEN MUN N.T.",
        "FREE_FORMAT_ADDR_CHN": NaN,
        "DEV_NAME_ENG": "FORTUNE VILLA",
        "DEV_NAME_CHN": "鴻運花園",
        "FIRST_REFERENCE_LOT_PRN": "C2190453"
    },
    {
        "PRN": "B0789031",
        "SEQ_NUM": 1,
        "BLOCK": "18",
        "FLOOR": "G",
        "FLAT": NaN,
        "HOUSE_NUM_PREFIX": NaN,
        "STREET_NAME_ENG": NaN,
        "STREET_NAME_CHN": NaN,
        "AREA_DESC_ENG": NaN,
        "AREA_DESC_CHN": NaN,
        "FREE_FORMAT_ADDR_ENG": "G/F(& SPACE/STOREROOM UNDER STAIRS ON G/F) AND GARDEN BLOCK 18 FORTUNE VILLA DD130 LOT NO.53 S.D 188 TSING CHUEN WAI TUEN MUN N.T.",
        "FREE_FORMAT_ADDR_CHN": NaN,
        "DEV_NAME_ENG": "FORTUNE VILLA",
        "DEV_NAME_CHN": "鴻運花園",
        "FIRST_REFERENCE_LOT_PRN": "C2190427"
    },
    {
        "PRN": "B0789045",
        "SEQ_NUM": 1,
        "BLOCK": "18",
        "FLOOR": "2",
        "FLAT": NaN,
        "HOUSE_NUM_PREFIX": NaN,
        "STREET_NAME_ENG": NaN,
        "STREET_NAME_CHN": NaN,
        "AREA_DESC_ENG": NaN,
        "AREA_DESC_CHN": NaN,
        "FREE_FORMAT_ADDR_ENG": "2/F(& BALCONY & STAIRS FR.1/F-ROOF EXCL.LANDING ON 1/F)& ROOF BLK.18 FORTUNE VILLA DD130 LOT NO.53 S.D 188 TSING CHUEN WAI TUEN MUN N.T.",
        "FREE_FORMAT_ADDR_CHN": NaN,
        "DEV_NAME_ENG": "FORTUNE VILLA",
        "DEV_NAME_CHN": "鴻運花園",
        "FIRST_REFERENCE_LOT_PRN": "C2190427"
    },
    {
        "PRN": "B0789051",
        "SEQ_NUM": 1,
        "BLOCK": "19",
        "FLOOR": "G",
        "FLAT": NaN,
        "HOUSE_NUM_PREFIX": NaN,
        "STREET_NAME_ENG": NaN,
        "STREET_NAME_CHN": NaN,
        "AREA_DESC_ENG": NaN,
        "AREA_DESC_CHN": NaN,
        "FREE_FORMAT_ADDR_ENG": "G/F(& SPACE/STOREROOM UNDER STAIRS ON G/F) AND GARDEN BLOCK 19 FORTUNE VILLA DD130 LOT NO.53 S.E 188 TSING CHUEN WAI TUEN MUN N.T.",
        "FREE_FORMAT_ADDR_CHN": NaN,
        "DEV_NAME_ENG": "FORTUNE VILLA",
        "DEV_NAME_CHN": "鴻運花園",
        "FIRST_REFERENCE_LOT_PRN": "C6043832"
    },
    {
        "PRN": "B0789067",
        "SEQ_NUM": 1,
        "BLOCK": "19",
        "FLOOR": "1",
        "FLAT": NaN,
        "HOUSE_NUM_PREFIX": NaN,
        "STREET_NAME_ENG": NaN,
        "STREET_NAME_CHN": NaN,
        "AREA_DESC_ENG": NaN,
        "AREA_DESC_CHN": NaN,
        "FREE_FORMAT_ADDR_ENG": "1/F AND BALCONY BLOCK 19 FORTUNE VILLA DD130 LOT NO. 53 S.E NO. 188 TSING CHUEN WAI TUEN MUN NEW TERRITORIES",
        "FREE_FORMAT_ADDR_CHN": NaN,
        "DEV_NAME_ENG": "FORTUNE VILLA",
        "DEV_NAME_CHN": "鴻運花園",
        "FIRST_REFERENCE_LOT_PRN": "C6043832"
    },
    {
        "PRN": "B0789075",
        "SEQ_NUM": 1,
        "BLOCK": "19",
        "FLOOR": "2",
        "FLAT": NaN,
        "HOUSE_NUM_PREFIX": NaN,
        "STREET_NAME_ENG": NaN,
        "STREET_NAME_CHN": NaN,
        "AREA_DESC_ENG": NaN,
        "AREA_DESC_CHN": NaN,
        "FREE_FORMAT_ADDR_ENG": "2/F(& BALCONY & STAIRS FR.1/F-ROOF EXCL. LANDING ON 1/F)& ROOF BLK.19 FORTUNE VILLA DD130 LOT NO.53 S.E 188 TSING CHUEN WAI TUEN MUN N.T.",
        "FREE_FORMAT_ADDR_CHN": NaN,
        "DEV_NAME_ENG": "FORTUNE VILLA",
        "DEV_NAME_CHN": "鴻運花園",
        "FIRST_REFERENCE_LOT_PRN": "C6043832"
    },
    {
        "PRN": "B0789082",
        "SEQ_NUM": 1,
        "BLOCK": "20",
        "FLOOR": "G",
        "FLAT": NaN,
        "HOUSE_NUM_PREFIX": NaN,
        "STREET_NAME_ENG": NaN,
        "STREET_NAME_CHN": NaN,
        "AREA_DESC_ENG": NaN,
        "AREA_DESC_CHN": NaN,
        "FREE_FORMAT_ADDR_ENG": "G/F(& SPACE/STOREROOM UNDER STAIRS ON G/F) AND GARDEN BLOCK 20 FORTUNE VILLA DD130 LOT 53 S.F 188 TSING CHUEN WAI TUEN MUN N.T.",
        "FREE_FORMAT_ADDR_CHN": NaN,
        "DEV_NAME_ENG": "FORTUNE VILLA",
        "DEV_NAME_CHN": "鴻運花園",
        "FIRST_REFERENCE_LOT_PRN": "C6223320"
    },
    {
        "PRN": "B0789096",
        "SEQ_NUM": 1,
        "BLOCK": "11",
        "FLOOR": "G",
        "FLAT": NaN,
        "HOUSE_NUM_PREFIX": NaN,
        "STREET_NAME_ENG": NaN,
        "STREET_NAME_CHN": NaN,
        "AREA_DESC_ENG": NaN,
        "AREA_DESC_CHN": NaN,
        "FREE_FORMAT_ADDR_ENG": "G/F(INCL. STOREROOM UNDER STAIRS ON G/F)& GDN. BLK.11 OF FORTUNE VILLA LOT NO.81 S.N IN DD130 NO.188 TSING CHUEN WAI TUEN MUN N T",
        "FREE_FORMAT_ADDR_CHN": NaN,
        "DEV_NAME_ENG": "FORTUNE VILLA",
        "DEV_NAME_CHN": "鴻運花園",
        "FIRST_REFERENCE_LOT_PRN": "C4922447"
    },
    {
        "PRN": "B0789105",
        "SEQ_NUM": 1,
        "BLOCK": "11",
        "FLOOR": "1",
        "FLAT": NaN,
        "HOUSE_NUM_PREFIX": NaN,
        "STREET_NAME_ENG": NaN,
        "STREET_NAME_CHN": NaN,
        "AREA_DESC_ENG": NaN,
        "AREA_DESC_CHN": NaN,
        "FREE_FORMAT_ADDR_ENG": "1/F(INCL. BALCONY ADJACENT THERETO) BLK.11 OF FORTUNE VILLA LOT NO.81 S.N IN DD130 NO.188 TSING CHUEN WAI TUEN MUN N T",
        "FREE_FORMAT_ADDR_CHN": NaN,
        "DEV_NAME_ENG": "FORTUNE VILLA",
        "DEV_NAME_CHN": "鴻運花園",
        "FIRST_REFERENCE_LOT_PRN": "C4922447"
    },
    {
        "PRN": "B0789111",
        "SEQ_NUM": 1,
        "BLOCK": "12",
        "FLOOR": "G",
        "FLAT": NaN,
        "HOUSE_NUM_PREFIX": NaN,
        "STREET_NAME_ENG": NaN,
        "STREET_NAME_CHN": NaN,
        "AREA_DESC_ENG": NaN,
        "AREA_DESC_CHN": NaN,
        "FREE_FORMAT_ADDR_ENG": "G/F(EXCL. STOREROOM UNDER STAIRS ON G/F)& GDN. BLK.12 OF FORTUNE VILLA LOT NO.81 S.P IN DD130 NO.188 TSING CHUEN WAI TUEN MUN N T",
        "FREE_FORMAT_ADDR_CHN": NaN,
        "DEV_NAME_ENG": "FORTUNE VILLA",
        "DEV_NAME_CHN": "鴻運花園",
        "FIRST_REFERENCE_LOT_PRN": "C2191261"
    },
    {
        "PRN": "B0789128",
        "SEQ_NUM": 1,
        "BLOCK": "12",
        "FLOOR": "2",
        "FLAT": NaN,
        "HOUSE_NUM_PREFIX": NaN,
        "STREET_NAME_ENG": NaN,
        "STREET_NAME_CHN": NaN,
        "AREA_DESC_ENG": NaN,
        "AREA_DESC_CHN": NaN,
        "FREE_FORMAT_ADDR_ENG": "2/F (INCLUDING BALCONY ADJACENT THERETO & THE STAIRS FROM THE 1/F TO THE ROOF BUT EXCLUDING THE LANDING ON 1/F) AND THE ROOF BLOCK 12 OF FORTUNE VILLA LOT NO.81 S.P IN DD130 NO.188 TSING CHUEN WAI TUEN MUN NEW TERRITORIES",
        "FREE_FORMAT_ADDR_CHN": NaN,
        "DEV_NAME_ENG": "FORTUNE VILLA",
        "DEV_NAME_CHN": "鴻運花園",
        "FIRST_REFERENCE_LOT_PRN": "C2191261"
    },
    {
        "PRN": "B0789133",
        "SEQ_NUM": 1,
        "BLOCK": "5",
        "FLOOR": "G",
        "FLAT": NaN,
        "HOUSE_NUM_PREFIX": NaN,
        "STREET_NAME_ENG": NaN,
        "STREET_NAME_CHN": NaN,
        "AREA_DESC_ENG": NaN,
        "AREA_DESC_CHN": NaN,
        "FREE_FORMAT_ADDR_ENG": "G/F(EXCL. STOREROOM UNDER STAIRS ON G/F)& GDN. BLK.5 OF FORTUNE VILLA LOT NO.81 S.F IN DD130 NO.188 TSING CHUEN WAI TUEN MUN N T",
        "FREE_FORMAT_ADDR_CHN": NaN,
        "DEV_NAME_ENG": "FORTUNE VILLA",
        "DEV_NAME_CHN": "鴻運花園",
        "FIRST_REFERENCE_LOT_PRN": "C2191163"
    },
    {
        "PRN": "B0789147",
        "SEQ_NUM": 1,
        "BLOCK": "5",
        "FLOOR": "1",
        "FLAT": NaN,
        "HOUSE_NUM_PREFIX": NaN,
        "STREET_NAME_ENG": NaN,
        "STREET_NAME_CHN": NaN,
        "AREA_DESC_ENG": NaN,
        "AREA_DESC_CHN": NaN,
        "FREE_FORMAT_ADDR_ENG": "1/F(INCL. BALCONY ADJACENT THERETO) BLK. 5 OF FORTUNE VILLA LOT NO.81 S.F IN DD130 NO.188 TSING CHUEN WAI TUEN MUN N T",
        "FREE_FORMAT_ADDR_CHN": NaN,
        "DEV_NAME_ENG": "FORTUNE VILLA",
        "DEV_NAME_CHN": "鴻運花園",
        "FIRST_REFERENCE_LOT_PRN": "C2191163"
    },
    {
        "PRN": "B0789175",
        "SEQ_NUM": 1,
        "BLOCK": "23B",
        "FLOOR": "1",
        "FLAT": NaN,
        "HOUSE_NUM_PREFIX": NaN,
        "STREET_NAME_ENG": NaN,
        "STREET_NAME_CHN": NaN,
        "AREA_DESC_ENG": NaN,
        "AREA_DESC_CHN": NaN,
        "FREE_FORMAT_ADDR_ENG": "1/F AND BALCONY BLOCK 23B FORTUNE VILLA DD130 LOT NO. 53 S.P NO.188 TSING CHUEN WAI TUEN MUN NEW TERRITORIES",
        "FREE_FORMAT_ADDR_CHN": NaN,
        "DEV_NAME_ENG": "FORTUNE VILLA",
        "DEV_NAME_CHN": "鴻運花園",
        "FIRST_REFERENCE_LOT_PRN": "C6544700"
    },
    {
        "PRN": "B0789292",
        "SEQ_NUM": 1,
        "BLOCK": "6",
        "FLOOR": "G",
        "FLAT": NaN,
        "HOUSE_NUM_PREFIX": NaN,
        "STREET_NAME_ENG": NaN,
        "STREET_NAME_CHN": NaN,
        "AREA_DESC_ENG": NaN,
        "AREA_DESC_CHN": NaN,
        "FREE_FORMAT_ADDR_ENG": "G/F (INCLUDING THE STOREROOM UNDER STAIRS ON G/F) AND THE GARDEN BLOCK 6 OF FORTUNE VILLA SEC.G OF LOT NO.81 IN D.D.130 NO.188 TSING CHUEN WAI TUEN MUN NEW TERRITORIES",
        "FREE_FORMAT_ADDR_CHN": NaN,
        "DEV_NAME_ENG": "FORTUNE VILLA",
        "DEV_NAME_CHN": "鴻運花園",
        "FIRST_REFERENCE_LOT_PRN": "C6444791"
    },
    {
        "PRN": "B0789303",
        "SEQ_NUM": 1,
        "BLOCK": "6",
        "FLOOR": "2",
        "FLAT": NaN,
        "HOUSE_NUM_PREFIX": NaN,
        "STREET_NAME_ENG": NaN,
        "STREET_NAME_CHN": NaN,
        "AREA_DESC_ENG": NaN,
        "AREA_DESC_CHN": NaN,
        "FREE_FORMAT_ADDR_ENG": "2/F (INCLUDING THE BALCONY AND THE STAIRS FROM 1/F TO THE ROOF BUT EXCLUDING THE LANDING ON 1/F) & R/F BLOCK 6 OF FORTUNE VILLA SEC.G OF LOT NO.81 IN D.D.130 NO.188 TSING CHUEN WAI TUEN MUN NEW TERRITORIES",
        "FREE_FORMAT_ADDR_CHN": NaN,
        "DEV_NAME_ENG": "FORTUNE VILLA",
        "DEV_NAME_CHN": "鴻運花園",
        "FIRST_REFERENCE_LOT_PRN": "C6444791"
    },
    {
        "PRN": "B0789312",
        "SEQ_NUM": 1,
        "BLOCK": "17",
        "FLOOR": "G",
        "FLAT": NaN,
        "HOUSE_NUM_PREFIX": NaN,
        "STREET_NAME_ENG": NaN,
        "STREET_NAME_CHN": NaN,
        "AREA_DESC_ENG": NaN,
        "AREA_DESC_CHN": NaN,
        "FREE_FORMAT_ADDR_ENG": "G/F (INCLUDING THE SPACE OR STOREROOM UNDER STAIRS ON THE GROUND FLOOR) AND THE GARDEN ADJACENT THERETO BLOCK 17 OF FORTUNE VILLA DD130 LOT NO. 53 S.C NO. 188 TSING CHUEN WAI TUEN MUN NEW TERRITORIES",
        "FREE_FORMAT_ADDR_CHN": NaN,
        "DEV_NAME_ENG": "FORTUNE VILLA",
        "DEV_NAME_CHN": "鴻運花園",
        "FIRST_REFERENCE_LOT_PRN": "C5556822"
    },
    {
        "PRN": "B0789323",
        "SEQ_NUM": 1,
        "BLOCK": "17",
        "FLOOR": "2",
        "FLAT": NaN,
        "HOUSE_NUM_PREFIX": NaN,
        "STREET_NAME_ENG": NaN,
        "STREET_NAME_CHN": NaN,
        "AREA_DESC_ENG": NaN,
        "AREA_DESC_CHN": NaN,
        "FREE_FORMAT_ADDR_ENG": "2/F (INCLUDING THE BALCONY ADJACENT THERETO AND THE STAIRS FROM THE FIRST FLOOR TO THE BLOCK 17 OF ROOF BUT EXCLUDING THE LANDING ON THE FIRST FLOOR) AND THE ROOF THEREABOVE FORTUNE VILLA DD130 LOT NO. 53 S.C NO. 188 TSING CHUEN WAI TUEN MUN NEW TERRITORIES",
        "FREE_FORMAT_ADDR_CHN": NaN,
        "DEV_NAME_ENG": "FORTUNE VILLA",
        "DEV_NAME_CHN": "鴻運花園",
        "FIRST_REFERENCE_LOT_PRN": "C5556822"
    },
    {
        "PRN": "B0789361",
        "SEQ_NUM": 1,
        "BLOCK": "13A",
        "FLOOR": "G",
        "FLAT": NaN,
        "HOUSE_NUM_PREFIX": NaN,
        "STREET_NAME_ENG": NaN,
        "STREET_NAME_CHN": NaN,
        "AREA_DESC_ENG": NaN,
        "AREA_DESC_CHN": NaN,
        "FREE_FORMAT_ADDR_ENG": "G/F (EXCLUDING THE STOREROOM UNDER STAIRS ON THE G/F) & GARDEN BLOCK 13A OF FORTUNE VILLA DD130 LOT 81 SECTION R NO.188 TSING CHUEN WAI TUEN MUN NEW TERRITORIES",
        "FREE_FORMAT_ADDR_CHN": NaN,
        "DEV_NAME_ENG": "FORTUNE VILLA",
        "DEV_NAME_CHN": "鴻運花園",
        "FIRST_REFERENCE_LOT_PRN": "C2191273"
    },
    {
        "PRN": "B0789379",
        "SEQ_NUM": 1,
        "BLOCK": "13A",
        "FLOOR": "1",
        "FLAT": NaN,
        "HOUSE_NUM_PREFIX": NaN,
        "STREET_NAME_ENG": NaN,
        "STREET_NAME_CHN": NaN,
        "AREA_DESC_ENG": NaN,
        "AREA_DESC_CHN": NaN,
        "FREE_FORMAT_ADDR_ENG": "1/F (INCLUDING THE BALCONY) BLK. 13A OF FORTUNE VILLA  DD130 LOT 81 S.R  NO.188 TSING CHUEN WAI TUEN MUN N.T",
        "FREE_FORMAT_ADDR_CHN": NaN,
        "DEV_NAME_ENG": "FORTUNE VILLA",
        "DEV_NAME_CHN": "鴻運花園",
        "FIRST_REFERENCE_LOT_PRN": "C2191273"
    },
    {
        "PRN": "B0789384",
        "SEQ_NUM": 1,
        "BLOCK": "3A",
        "FLOOR": "1",
        "FLAT": NaN,
        "HOUSE_NUM_PREFIX": NaN,
        "STREET_NAME_ENG": NaN,
        "STREET_NAME_CHN": NaN,
        "AREA_DESC_ENG": NaN,
        "AREA_DESC_CHN": NaN,
        "FREE_FORMAT_ADDR_ENG": "1/F (INCLUDING THE BALCONY) BLOCK 3A OF FORTUNE VILLA LOT NO.81 S.D IN DD 130 NO.188 TSING CHUEN WAI TUEN MUN NT",
        "FREE_FORMAT_ADDR_CHN": NaN,
        "DEV_NAME_ENG": "FORTUNE VILLA",
        "DEV_NAME_CHN": "鴻運花園",
        "FIRST_REFERENCE_LOT_PRN": "C2191145"
    },
    {
        "PRN": "B0789396",
        "SEQ_NUM": 1,
        "BLOCK": "3A",
        "FLOOR": "2",
        "FLAT": NaN,
        "HOUSE_NUM_PREFIX": NaN,
        "STREET_NAME_ENG": NaN,
        "STREET_NAME_CHN": NaN,
        "AREA_DESC_ENG": NaN,
        "AREA_DESC_CHN": NaN,
        "FREE_FORMAT_ADDR_ENG": "2/F (INCLUDING THE BALCONY ADJACENT THERETO & THE STAIRS FROM THE FIRST FLOOR TO THE ROOF BUT EXCLUDING THE LANDING ON 1/F) AND THE ROOF BLOCK 3A OF FORTUNE VILLA LOT NO.81 SECTION D IN DD 130 NO.188 TSING CHUEN WAI TUEN MUN NEW TERRITORIES",
        "FREE_FORMAT_ADDR_CHN": NaN,
        "DEV_NAME_ENG": "FORTUNE VILLA",
        "DEV_NAME_CHN": "鴻運花園",
        "FIRST_REFERENCE_LOT_PRN": "C2191145"
    },
    {
        "PRN": "B0789403",
        "SEQ_NUM": 1,
        "BLOCK": "9",
        "FLOOR": "G",
        "FLAT": NaN,
        "HOUSE_NUM_PREFIX": NaN,
        "STREET_NAME_ENG": NaN,
        "STREET_NAME_CHN": NaN,
        "AREA_DESC_ENG": NaN,
        "AREA_DESC_CHN": NaN,
        "FREE_FORMAT_ADDR_ENG": "G/F (INCLUDING THE STOREROOM UNDER STAIRS ON G/F) AND THE GARDEN BLOCK 9 OF FORTUNE VILLA LOT NO.81 S.L IN DD 130 NO.188 TSING CHUEN WAI TUEN MUN NEW TERRITORIES",
        "FREE_FORMAT_ADDR_CHN": NaN,
        "DEV_NAME_ENG": "FORTUNE VILLA",
        "DEV_NAME_CHN": "鴻運花園",
        "FIRST_REFERENCE_LOT_PRN": "C2191243"
    },
    {
        "PRN": "B0789418",
        "SEQ_NUM": 1,
        "BLOCK": "9",
        "FLOOR": "1",
        "FLAT": NaN,
        "HOUSE_NUM_PREFIX": NaN,
        "STREET_NAME_ENG": NaN,
        "STREET_NAME_CHN": NaN,
        "AREA_DESC_ENG": NaN,
        "AREA_DESC_CHN": NaN,
        "FREE_FORMAT_ADDR_ENG": "1/F (INCLUDING THE BALCONY) BLOCK 9 OF FORTUNE VILLA LOT NO.81 S.L IN DD 130 NO.188 TSING CHUEN WAI TUEN MUN NT",
        "FREE_FORMAT_ADDR_CHN": NaN,
        "DEV_NAME_ENG": "FORTUNE VILLA",
        "DEV_NAME_CHN": "鴻運花園",
        "FIRST_REFERENCE_LOT_PRN": "C2191243"
    },
    {
        "PRN": "B0789472",
        "SEQ_NUM": 1,
        "BLOCK": "1",
        "FLOOR": "G",
        "FLAT": NaN,
        "HOUSE_NUM_PREFIX": NaN,
        "STREET_NAME_ENG": NaN,
        "STREET_NAME_CHN": NaN,
        "AREA_DESC_ENG": NaN,
        "AREA_DESC_CHN": NaN,
        "FREE_FORMAT_ADDR_ENG": "G/F (EXCL. STOREROOM UNDER STAIRS ON G/F) & THE GARDEN OF BLOCK 1 OF FORTUNE VILLA  188 TSING CHUEN WAI DD130 LOT NO.81 SEC.B TUEN MUN N.T.",
        "FREE_FORMAT_ADDR_CHN": NaN,
        "DEV_NAME_ENG": "FORTUNE VILLA",
        "DEV_NAME_CHN": "鴻運花園",
        "FIRST_REFERENCE_LOT_PRN": "C2191138"
    },
    {
        "PRN": "B0789481",
        "SEQ_NUM": 1,
        "BLOCK": "1",
        "FLOOR": "2",
        "FLAT": NaN,
        "HOUSE_NUM_PREFIX": NaN,
        "STREET_NAME_ENG": NaN,
        "STREET_NAME_CHN": NaN,
        "AREA_DESC_ENG": NaN,
        "AREA_DESC_CHN": NaN,
        "FREE_FORMAT_ADDR_ENG": "2/F (INCLUDING THE BALCONY & THE STAIRS FROM 1/F TO ROOF BUT EXCLUDING THE LANDING ON 1/F) AND THE ROOF BLOCK 1 OF FORTUNE VILLA NO.188 TSING CHUEN WAI DD130 LOT NO.81 SECTION B TUEN MUN NEW TERRITORIES",
        "FREE_FORMAT_ADDR_CHN": NaN,
        "DEV_NAME_ENG": "FORTUNE VILLA",
        "DEV_NAME_CHN": "鴻運花園",
        "FIRST_REFERENCE_LOT_PRN": "C2191138"
    },
    {
        "PRN": "B0789490",
        "SEQ_NUM": 1,
        "BLOCK": "8",
        "FLOOR": "G",
        "FLAT": NaN,
        "HOUSE_NUM_PREFIX": NaN,
        "STREET_NAME_ENG": NaN,
        "STREET_NAME_CHN": NaN,
        "AREA_DESC_ENG": NaN,
        "AREA_DESC_CHN": NaN,
        "FREE_FORMAT_ADDR_ENG": "G/F(EXCL. STOREROOM UNDER STAIR ON G/F) & GARDEN BLOCK 8 OF FORTUNE VILLA NO.188 TSING CHUEN WAI DD130 LOT NO.51 S.B TUEN MUN N.T.",
        "FREE_FORMAT_ADDR_CHN": NaN,
        "DEV_NAME_ENG": "FORTUNE VILLA",
        "DEV_NAME_CHN": "鴻運花園",
        "FIRST_REFERENCE_LOT_PRN": "C5775083"
    },
    {
        "PRN": "B0789524",
        "SEQ_NUM": 1,
        "BLOCK": "7",
        "FLOOR": "2",
        "FLAT": NaN,
        "HOUSE_NUM_PREFIX": NaN,
        "STREET_NAME_ENG": NaN,
        "STREET_NAME_CHN": NaN,
        "AREA_DESC_ENG": NaN,
        "AREA_DESC_CHN": NaN,
        "FREE_FORMAT_ADDR_ENG": "SECOND FLOOR (INCLUDING THE BALCONY ADJACENT THERETO & THE STAIRS FROM THE 1/F TO THE ROOF BUT EXCLUDING THE LANDING ON THE 1/F) & THE ROOF BLOCK 7 OF FORTUNE VILLA LOT NO.81 SECTION J IN DD130 NO.188 TSING CHUEN WAI TUEN MUN NEW TERRITORIES",
        "FREE_FORMAT_ADDR_CHN": NaN,
        "DEV_NAME_ENG": "FORTUNE VILLA",
        "DEV_NAME_CHN": "鴻運花園",
        "FIRST_REFERENCE_LOT_PRN": "C2191189"
    },
    {
        "PRN": "B0789534",
        "SEQ_NUM": 1,
        "BLOCK": "15",
        "FLOOR": "G",
        "FLAT": NaN,
        "HOUSE_NUM_PREFIX": NaN,
        "STREET_NAME_ENG": NaN,
        "STREET_NAME_CHN": NaN,
        "AREA_DESC_ENG": NaN,
        "AREA_DESC_CHN": NaN,
        "FREE_FORMAT_ADDR_ENG": "G/F (INCLUDING THE STOREROOM UNDER STAIRS ON G/F) & GARDEN BLOCK 15 OF FORTUNE VILLA DD 130 LOT 81 SECTION T NO.188 TSING CHUEN WAI TUEN MUN NEW TERRITORIES",
        "FREE_FORMAT_ADDR_CHN": NaN,
        "DEV_NAME_ENG": "FORTUNE VILLA",
        "DEV_NAME_CHN": "鴻運花園",
        "FIRST_REFERENCE_LOT_PRN": "C5819857"
    },
    {
        "PRN": "B0789549",
        "SEQ_NUM": 1,
        "BLOCK": "15",
        "FLOOR": "1",
        "FLAT": NaN,
        "HOUSE_NUM_PREFIX": NaN,
        "STREET_NAME_ENG": NaN,
        "STREET_NAME_CHN": NaN,
        "AREA_DESC_ENG": NaN,
        "AREA_DESC_CHN": NaN,
        "FREE_FORMAT_ADDR_ENG": "1/F (INCLUDING THE BALCONY) BLOCK 15 OF FORTUNE VILLA  DD 130 LOT 81 SECTION T  NO.188 TSING CHUEN WAI TUEN MUN NT",
        "FREE_FORMAT_ADDR_CHN": NaN,
        "DEV_NAME_ENG": "FORTUNE VILLA",
        "DEV_NAME_CHN": "鴻運花園",
        "FIRST_REFERENCE_LOT_PRN": "C5819857"
    },
    {
        "PRN": "B0789559",
        "SEQ_NUM": 1,
        "BLOCK": "15",
        "FLOOR": "2",
        "FLAT": NaN,
        "HOUSE_NUM_PREFIX": NaN,
        "STREET_NAME_ENG": NaN,
        "STREET_NAME_CHN": NaN,
        "AREA_DESC_ENG": NaN,
        "AREA_DESC_CHN": NaN,
        "FREE_FORMAT_ADDR_ENG": "2/F (INCLUDING THE BALCONY & STAIRS FROM 1/F TO THE ROOF BUT EXCLUDING THE LANDING ON 1/F) & ROOF BLOCK 15 OF FORTUNE VILLA DD 130 LOT 81 SECTION T NO.188 TSING CHUEN WAI TUEN MUN NEW TERRITORIES",
        "FREE_FORMAT_ADDR_CHN": NaN,
        "DEV_NAME_ENG": "FORTUNE VILLA",
        "DEV_NAME_CHN": "鴻運花園",
        "FIRST_REFERENCE_LOT_PRN": "C5819857"
    },
    {
        "PRN": "B0789602",
        "SEQ_NUM": 1,
        "BLOCK": "2",
        "FLOOR": "G",
        "FLAT": NaN,
        "HOUSE_NUM_PREFIX": NaN,
        "STREET_NAME_ENG": NaN,
        "STREET_NAME_CHN": NaN,
        "AREA_DESC_ENG": NaN,
        "AREA_DESC_CHN": NaN,
        "FREE_FORMAT_ADDR_ENG": "G/F (INCLUDING THE STOREROOM UNDER STAIRS ON THE G/F) AND THE GARDEN ADJACENT THERETO BLOCK 2 OF FORTUNE VILLA SECTION C OF LOT NO. 81 IN DD 130 NO. 188 TSING CHUEN WAI TUEN MUN NEW TERRITORIES",
        "FREE_FORMAT_ADDR_CHN": NaN,
        "DEV_NAME_ENG": "FORTUNE VILLA",
        "DEV_NAME_CHN": "鴻運花園",
        "FIRST_REFERENCE_LOT_PRN": "C5556903"
    },
    {
        "PRN": "B0789617",
        "SEQ_NUM": 1,
        "BLOCK": "2",
        "FLOOR": "1",
        "FLAT": NaN,
        "HOUSE_NUM_PREFIX": NaN,
        "STREET_NAME_ENG": NaN,
        "STREET_NAME_CHN": NaN,
        "AREA_DESC_ENG": NaN,
        "AREA_DESC_CHN": NaN,
        "FREE_FORMAT_ADDR_ENG": "1/F (INCLUDING THE BALCONY ADJACENT THERETO) BLOCK 2 OF FORTUNE VILLA SECTION C OF LOT NO. 81 IN DD 130 NO. 188 TSING CHUEN WAI TUEN MUN NT",
        "FREE_FORMAT_ADDR_CHN": NaN,
        "DEV_NAME_ENG": "FORTUNE VILLA",
        "DEV_NAME_CHN": "鴻運花園",
        "FIRST_REFERENCE_LOT_PRN": "C5556903"
    },
    {
        "PRN": "B0789628",
        "SEQ_NUM": 1,
        "BLOCK": "2",
        "FLOOR": "2",
        "FLAT": NaN,
        "HOUSE_NUM_PREFIX": NaN,
        "STREET_NAME_ENG": NaN,
        "STREET_NAME_CHN": NaN,
        "AREA_DESC_ENG": NaN,
        "AREA_DESC_CHN": NaN,
        "FREE_FORMAT_ADDR_ENG": "2/F (INCLUDING THE BALCONY ADJACENT THERETO AND STAIRS FROM THE FIRST FLOOR TO THE ROOF BUT EXCLUDING THE LANDING ON FIRST FLOOR) AND THE ROOF THEREABOVE BLOCK 2 OF FORTUNE VILLA SECTION C OF LOT NO. 81 IN DD 130 NO. 188 TSING CHUEN WAI TUEN MUN NEW TERRITORIES",
        "FREE_FORMAT_ADDR_CHN": NaN,
        "DEV_NAME_ENG": "FORTUNE VILLA",
        "DEV_NAME_CHN": "鴻運花園",
        "FIRST_REFERENCE_LOT_PRN": "C5556903"
    },
    {
        "PRN": "B0789638",
        "SEQ_NUM": 1,
        "BLOCK": "22",
        "FLOOR": "1",
        "FLAT": NaN,
        "HOUSE_NUM_PREFIX": NaN,
        "STREET_NAME_ENG": NaN,
        "STREET_NAME_CHN": NaN,
        "AREA_DESC_ENG": NaN,
        "AREA_DESC_CHN": NaN,
        "FREE_FORMAT_ADDR_ENG": "1/F (INCLUDING THE BALCONY ADJACENT THERETO) BLOCK 22 OF FORTUNE VILLA SECTION H OF LOT NO. 53 IN DD 130 NO. 188 TSING CHUEN WAI TUEN MUN NT",
        "FREE_FORMAT_ADDR_CHN": NaN,
        "DEV_NAME_ENG": "FORTUNE VILLA",
        "DEV_NAME_CHN": "鴻運花園",
        "FIRST_REFERENCE_LOT_PRN": "C2190443"
    },
    {
        "PRN": "B0789644",
        "SEQ_NUM": 1,
        "BLOCK": "23A",
        "FLOOR": "G",
        "FLAT": NaN,
        "HOUSE_NUM_PREFIX": NaN,
        "STREET_NAME_ENG": NaN,
        "STREET_NAME_CHN": NaN,
        "AREA_DESC_ENG": NaN,
        "AREA_DESC_CHN": NaN,
        "FREE_FORMAT_ADDR_ENG": "G/F (INCLUDING THE SPACE OR STOREROOM UNDER STAIRS ON THE GROUND FLOOR) AND THE GARDEN ADJACENT THERETO BLOCK 23A OF FORTUNE VILLA SECTION R OF LOT NO. 53 IN DD 130 NO. 188 TSING CHUEN WAI TUEN MUN NEW TERRITORIES",
        "FREE_FORMAT_ADDR_CHN": NaN,
        "DEV_NAME_ENG": "FORTUNE VILLA",
        "DEV_NAME_CHN": "鴻運花園",
        "FIRST_REFERENCE_LOT_PRN": "C4922332"
    },
    {
        "PRN": "B0789654",
        "SEQ_NUM": 1,
        "BLOCK": "23A",
        "FLOOR": "1",
        "FLAT": NaN,
        "HOUSE_NUM_PREFIX": NaN,
        "STREET_NAME_ENG": NaN,
        "STREET_NAME_CHN": NaN,
        "AREA_DESC_ENG": NaN,
        "AREA_DESC_CHN": NaN,
        "FREE_FORMAT_ADDR_ENG": "1/F (INCLUDING THE BALCONY ADJACENT THERETO) BLOCK 23A OF FORTUNE VILLA SECTION R OF LOT NO. 53 IN DD 130 NO. 188 TSING CHUEN WAI TUEN MUN NT",
        "FREE_FORMAT_ADDR_CHN": NaN,
        "DEV_NAME_ENG": "FORTUNE VILLA",
        "DEV_NAME_CHN": "鴻運花園",
        "FIRST_REFERENCE_LOT_PRN": "C4922332"
    },
    {
        "PRN": "B0789669",
        "SEQ_NUM": 1,
        "BLOCK": "23A",
        "FLOOR": "2",
        "FLAT": NaN,
        "HOUSE_NUM_PREFIX": NaN,
        "STREET_NAME_ENG": NaN,
        "STREET_NAME_CHN": NaN,
        "AREA_DESC_ENG": NaN,
        "AREA_DESC_CHN": NaN,
        "FREE_FORMAT_ADDR_ENG": "2/F (INCLUDING THE BALCONY ADJACENT THERETO AND THE STAIRS FROM THE FIRST FLOOR TO THE ROOF BUT EXCLUDING THE LANDING ON THE FIRST FLOOR) AND THE ROOF THEREABOVE BLOCK 23A OF FORTUNE VILLA SECTION R OF LOT NO. 53 IN DD 130 NO. 188 TSING CHUEN WAI TUEN MUN NEW TERRITORIES",
        "FREE_FORMAT_ADDR_CHN": NaN,
        "DEV_NAME_ENG": "FORTUNE VILLA",
        "DEV_NAME_CHN": "鴻運花園",
        "FIRST_REFERENCE_LOT_PRN": "C4922332"
    },
    {
        "PRN": "B0789675",
        "SEQ_NUM": 1,
        "BLOCK": "26",
        "FLOOR": "G",
        "FLAT": NaN,
        "HOUSE_NUM_PREFIX": NaN,
        "STREET_NAME_ENG": NaN,
        "STREET_NAME_CHN": NaN,
        "AREA_DESC_ENG": NaN,
        "AREA_DESC_CHN": NaN,
        "FREE_FORMAT_ADDR_ENG": "G/F (EXCLUDING THE SPACE OR STOREROOM UNDER STAIRS ON THE GROUND FLOOR) AND THE GARDEN ADJACENT THERETO BLOCK 26 OF FORTUNE VILLA SECTION K OF LOT NO. 53 IN DD 130 NO. 188 TSING CHUEN WAI TUEN MUN NEW TERRITORIES",
        "FREE_FORMAT_ADDR_CHN": NaN,
        "DEV_NAME_ENG": "FORTUNE VILLA",
        "DEV_NAME_CHN": "鴻運花園",
        "FIRST_REFERENCE_LOT_PRN": "C6710412"
    },
    {
        "PRN": "B0789689",
        "SEQ_NUM": 1,
        "BLOCK": "26",
        "FLOOR": "2",
        "FLAT": NaN,
        "HOUSE_NUM_PREFIX": NaN,
        "STREET_NAME_ENG": NaN,
        "STREET_NAME_CHN": NaN,
        "AREA_DESC_ENG": NaN,
        "AREA_DESC_CHN": NaN,
        "FREE_FORMAT_ADDR_ENG": "2/F (INCLUDING THE BALCONY ADJACENT THERETO AND THE STAIRS FROM THE FIRST FLOOR TO THE ROOF BUT EXCLUDING THE LANDING ON THE FIRST FLOOR) AND THE ROOF THEREABOVE BLOCK 26 OF FORTUNE VILLA SECTION K OF LOT NO. 53 IN DD 130 NO. 188 TSING CHUEN WAI TUEN MUN NEW TERRITORIES",
        "FREE_FORMAT_ADDR_CHN": NaN,
        "DEV_NAME_ENG": "FORTUNE VILLA",
        "DEV_NAME_CHN": "鴻運花園",
        "FIRST_REFERENCE_LOT_PRN": "C6710412"
    },
    {
        "PRN": "B0789737",
        "SEQ_NUM": 1,
        "BLOCK": "28",
        "FLOOR": "G",
        "FLAT": NaN,
        "HOUSE_NUM_PREFIX": NaN,
        "STREET_NAME_ENG": NaN,
        "STREET_NAME_CHN": NaN,
        "AREA_DESC_ENG": NaN,
        "AREA_DESC_CHN": NaN,
        "FREE_FORMAT_ADDR_ENG": "G/F (INCLUDING THE SPACE OR STORE ROOM UNDER STAIRS ON THE GROUND FLOOR) AND THE GARDEN ADJACENT THERETO BLOCK 28 OF FORTUNE VILLA SECTION M OF LOT NO. 53 IN DD 130 NO. 188 TSING CHUEN WAI TUEN MUN NEW TERRITORIES",
        "FREE_FORMAT_ADDR_CHN": NaN,
        "DEV_NAME_ENG": "FORTUNE VILLA",
        "DEV_NAME_CHN": "鴻運花園",
        "FIRST_REFERENCE_LOT_PRN": "C5556833"
    },
    {
        "PRN": "B0789741",
        "SEQ_NUM": 1,
        "BLOCK": "28",
        "FLOOR": "1",
        "FLAT": NaN,
        "HOUSE_NUM_PREFIX": NaN,
        "STREET_NAME_ENG": NaN,
        "STREET_NAME_CHN": NaN,
        "AREA_DESC_ENG": NaN,
        "AREA_DESC_CHN": NaN,
        "FREE_FORMAT_ADDR_ENG": "1/F (INCL. THE BALCONY ADJACENT THERETO) BLOCK 28 OF FORTUNE VILLA SECTION M OF LOT NO. 53 IN DD 130 NO. 188 TSING CHUEN WAI TUEN MUN NT",
        "FREE_FORMAT_ADDR_CHN": NaN,
        "DEV_NAME_ENG": "FORTUNE VILLA",
        "DEV_NAME_CHN": "鴻運花園",
        "FIRST_REFERENCE_LOT_PRN": "C5556833"
    },
    {
        "PRN": "B0789756",
        "SEQ_NUM": 1,
        "BLOCK": "28",
        "FLOOR": "2",
        "FLAT": NaN,
        "HOUSE_NUM_PREFIX": NaN,
        "STREET_NAME_ENG": NaN,
        "STREET_NAME_CHN": NaN,
        "AREA_DESC_ENG": NaN,
        "AREA_DESC_CHN": NaN,
        "FREE_FORMAT_ADDR_ENG": "2/F (INCLUDING THE BALCONY ADJACENT THERETO AND THE STAIRS FROM THE FIRST FLOOR TO THE ROOF BUT EXCLUDING THE LANDING ON THE FIRST FLOOR) AND THE ROOF THEREABOVE BLOCK 28 OF FORTUNE VILLA SECTION M OF LOT NO. 53 IN DD 130 NO. 188 TSING CHUEN WAI TUEN MUN NEW TERRITORIES",
        "FREE_FORMAT_ADDR_CHN": NaN,
        "DEV_NAME_ENG": "FORTUNE VILLA",
        "DEV_NAME_CHN": "鴻運花園",
        "FIRST_REFERENCE_LOT_PRN": "C5556833"
    },
    {
        "PRN": "B0789770",
        "SEQ_NUM": 1,
        "BLOCK": "10",
        "FLOOR": "G",
        "FLAT": NaN,
        "HOUSE_NUM_PREFIX": NaN,
        "STREET_NAME_ENG": NaN,
        "STREET_NAME_CHN": NaN,
        "AREA_DESC_ENG": NaN,
        "AREA_DESC_CHN": NaN,
        "FREE_FORMAT_ADDR_ENG": "G/F (INCLUDING THE STOREROOM UNDER STAIRS ON THE GROUND FLOOR) AND THE GARDEN ADJACENT THERETO BLOCK 10 OF FORTUNE VILLA SECTION M OF LOT NO. 81 IN DD 130 NO. 188 TSING CHUEN WAI TUEN MUN NEW TERRITORIES",
        "FREE_FORMAT_ADDR_CHN": NaN,
        "DEV_NAME_ENG": "FORTUNE VILLA",
        "DEV_NAME_CHN": "鴻運花園",
        "FIRST_REFERENCE_LOT_PRN": "C2191250"
    },
    {
        "PRN": "B0789789",
        "SEQ_NUM": 1,
        "BLOCK": "10",
        "FLOOR": "1",
        "FLAT": NaN,
        "HOUSE_NUM_PREFIX": NaN,
        "STREET_NAME_ENG": NaN,
        "STREET_NAME_CHN": NaN,
        "AREA_DESC_ENG": NaN,
        "AREA_DESC_CHN": NaN,
        "FREE_FORMAT_ADDR_ENG": "1/F (INCL. THE BALCONY ADJACENT THERETO ) BLOCK 10 OF FORTUNE VILLA SECTION M OF LOT NO. 81 IN DD 130 NO. 188 TSING CHUEN WAI TUEN MUN NT",
        "FREE_FORMAT_ADDR_CHN": NaN,
        "DEV_NAME_ENG": "FORTUNE VILLA",
        "DEV_NAME_CHN": "鴻運花園",
        "FIRST_REFERENCE_LOT_PRN": "C2191250"
    },
    {
        "PRN": "B0789796",
        "SEQ_NUM": 1,
        "BLOCK": "10",
        "FLOOR": "2",
        "FLAT": NaN,
        "HOUSE_NUM_PREFIX": NaN,
        "STREET_NAME_ENG": NaN,
        "STREET_NAME_CHN": NaN,
        "AREA_DESC_ENG": NaN,
        "AREA_DESC_CHN": NaN,
        "FREE_FORMAT_ADDR_ENG": "2/F (INCLUDING THE BALCONY ADJACENT THERETO AND THE STAIRS FROM THE FIRST FLOOR TO THE ROOF BUT EXCLUDING THE LANDING ON THE FIRST FLOOR) AND THE ROOF THEREABOVE BLOCK 10 OF FORTUNE VILLA SECTION M OF LOT NO. 81 IN DD 130 NO. 188 TSING CHUEN WAI TUEN MUN NEW TERRITORIES",
        "FREE_FORMAT_ADDR_CHN": NaN,
        "DEV_NAME_ENG": "FORTUNE VILLA",
        "DEV_NAME_CHN": "鴻運花園",
        "FIRST_REFERENCE_LOT_PRN": "C2191250"
    },
    {
        "PRN": "B0789900",
        "SEQ_NUM": 1,
        "BLOCK": "3B",
        "FLOOR": "2",
        "FLAT": NaN,
        "HOUSE_NUM_PREFIX": NaN,
        "STREET_NAME_ENG": NaN,
        "STREET_NAME_CHN": NaN,
        "AREA_DESC_ENG": NaN,
        "AREA_DESC_CHN": NaN,
        "FREE_FORMAT_ADDR_ENG": "SECOND FLOOR (INCLUDING THE BALCONY ADJACENT THERETO AND THE STAIRS FROM THE FIRST FLOOR TO THE ROOF BUT EXCLUDING THE LANDING ON THE FIRST FLOOR) AND THE ROOF THEREABOVE BLOCK 3B OF FORTUNE VILLA SECTION E OF LOT NO. 81 IN DD 130 NO. 188 TSING CHUEN WAI TUEN MUN NEW TERRITORIES",
        "FREE_FORMAT_ADDR_CHN": NaN,
        "DEV_NAME_ENG": "FORTUNE VILLA",
        "DEV_NAME_CHN": "鴻運花園",
        "FIRST_REFERENCE_LOT_PRN": "C2191155"
    },
    {
        "PRN": "B0790072",
        "SEQ_NUM": 1,
        "BLOCK": "29",
        "FLOOR": "G",
        "FLAT": NaN,
        "HOUSE_NUM_PREFIX": NaN,
        "STREET_NAME_ENG": NaN,
        "STREET_NAME_CHN": NaN,
        "AREA_DESC_ENG": NaN,
        "AREA_DESC_CHN": NaN,
        "FREE_FORMAT_ADDR_ENG": "GROUND FLOOR (EXCLUDING THE SPACE OR STOREROOM UNDER STAIRS ON THE GROUND FLOOR) AND THE GARDEN ADJACENT THERETO BLOCK 29 OF FORTUNE VILLA SECTION N OF LOT NO. 53 IN DD 130 NO. 188 TSING CHUEN WAI TUEN MUN NEW TERRITORIES",
        "FREE_FORMAT_ADDR_CHN": NaN,
        "DEV_NAME_ENG": "FORTUNE VILLA",
        "DEV_NAME_CHN": "鴻運花園",
        "FIRST_REFERENCE_LOT_PRN": "C2190463"
    },
    {
        "PRN": "B0790083",
        "SEQ_NUM": 1,
        "BLOCK": "29",
        "FLOOR": "1",
        "FLAT": NaN,
        "HOUSE_NUM_PREFIX": NaN,
        "STREET_NAME_ENG": NaN,
        "STREET_NAME_CHN": NaN,
        "AREA_DESC_ENG": NaN,
        "AREA_DESC_CHN": NaN,
        "FREE_FORMAT_ADDR_ENG": "1/F(INCLUDING THE BALCONY ADJACENT THERETO) BLOCK 29 OF FORTUNE VILLA SECTION N OF LOT NO. 53 IN DD 130 NO. 188 TSING CHUEN WAI TUEN MUN NT",
        "FREE_FORMAT_ADDR_CHN": NaN,
        "DEV_NAME_ENG": "FORTUNE VILLA",
        "DEV_NAME_CHN": "鴻運花園",
        "FIRST_REFERENCE_LOT_PRN": "C2190463"
    },
    {
        "PRN": "B0790308",
        "SEQ_NUM": 1,
        "BLOCK": "13B",
        "FLOOR": "G",
        "FLAT": NaN,
        "HOUSE_NUM_PREFIX": NaN,
        "STREET_NAME_ENG": NaN,
        "STREET_NAME_CHN": NaN,
        "AREA_DESC_ENG": NaN,
        "AREA_DESC_CHN": NaN,
        "FREE_FORMAT_ADDR_ENG": "GROUND FLOOR (EXCLUDING THE STOREROOM UNDER STAIRS ON THE GROUND FLOOR) AND THE GARDEN ADJACENT THERETO BLOCK 13B OF FORTUNE VILLA SECTION S OF LOT NO. 81 IN DD 130 NO. 188 TSING CHUEN WAI TUEN MUN NEW TERRITORIES",
        "FREE_FORMAT_ADDR_CHN": NaN,
        "DEV_NAME_ENG": "FORTUNE VILLA",
        "DEV_NAME_CHN": "鴻運花園",
        "FIRST_REFERENCE_LOT_PRN": "C4922450"
    },
    {
        "PRN": "B4722548",
        "SEQ_NUM": 1,
        "BLOCK": "23B",
        "FLOOR": "G",
        "FLAT": NaN,
        "HOUSE_NUM_PREFIX": NaN,
        "STREET_NAME_ENG": NaN,
        "STREET_NAME_CHN": NaN,
        "AREA_DESC_ENG": NaN,
        "AREA_DESC_CHN": NaN,
        "FREE_FORMAT_ADDR_ENG": "G/F(& SPACE/STOREROOM UNDER STAIRS ON G/F) AND GARDEN BLOCK 23B FORTUNE VILLA DD130 LOT NO. 53 S.P 188 TSING CHUEN WAI TUEN MUN N.T.",
        "FREE_FORMAT_ADDR_CHN": NaN,
        "DEV_NAME_ENG": "FORTUNE VILLA",
        "DEV_NAME_CHN": "鴻運花園",
        "FIRST_REFERENCE_LOT_PRN": "C6544700"
    },
    {
        "PRN": "B4722560",
        "SEQ_NUM": 1,
        "BLOCK": "6",
        "FLOOR": "1",
        "FLAT": NaN,
        "HOUSE_NUM_PREFIX": NaN,
        "STREET_NAME_ENG": NaN,
        "STREET_NAME_CHN": NaN,
        "AREA_DESC_ENG": NaN,
        "AREA_DESC_CHN": NaN,
        "FREE_FORMAT_ADDR_ENG": "1/F INCLUDING THE BALCONY BLOCK 6 OF FORTUNE VILLA SEC.G OF LOT NO.81 IN D.D.130 NO.188 TSING CHUEN WAI TUEN MUN N.T",
        "FREE_FORMAT_ADDR_CHN": NaN,
        "DEV_NAME_ENG": "FORTUNE VILLA",
        "DEV_NAME_CHN": "鴻運花園",
        "FIRST_REFERENCE_LOT_PRN": "C6444791"
    },
    {
        "PRN": "B4722575",
        "SEQ_NUM": 1,
        "BLOCK": "13A",
        "FLOOR": "2",
        "FLAT": NaN,
        "HOUSE_NUM_PREFIX": NaN,
        "STREET_NAME_ENG": NaN,
        "STREET_NAME_CHN": NaN,
        "AREA_DESC_ENG": NaN,
        "AREA_DESC_CHN": NaN,
        "FREE_FORMAT_ADDR_ENG": "2/F (INCLUDING THE BALCONY & STAIRS FROM 1/F TO ROOF BUT EXCLUDING THE LANDING ON 1/F) & THE ROOF BLOCK 13A OF FORTUNE VILLA DD130 LOT 81 SECTION R NO.188 TSING CHUEN WAI TUEN MUN NEW TERRITORIES",
        "FREE_FORMAT_ADDR_CHN": NaN,
        "DEV_NAME_ENG": "FORTUNE VILLA",
        "DEV_NAME_CHN": "鴻運花園",
        "FIRST_REFERENCE_LOT_PRN": "C2191273"
    },
    {
        "PRN": "B4722602",
        "SEQ_NUM": 1,
        "BLOCK": "22",
        "FLOOR": "G",
        "FLAT": NaN,
        "HOUSE_NUM_PREFIX": NaN,
        "STREET_NAME_ENG": NaN,
        "STREET_NAME_CHN": NaN,
        "AREA_DESC_ENG": NaN,
        "AREA_DESC_CHN": NaN,
        "FREE_FORMAT_ADDR_ENG": "G/F (INCLUDING THE SPACE OR STOREROOM UNDER STAIRS ON THE GROUND FLOOR) AND THE GARDEN ADJACENT THERETO BLOCK 22 OF FORTUNE VILLA SECTION H OF LOT NO. 53 IN DD 130 NO. 188 TSING CHUEN WAI TUEN MUN NEW TERRITORIES",
        "FREE_FORMAT_ADDR_CHN": NaN,
        "DEV_NAME_ENG": "FORTUNE VILLA",
        "DEV_NAME_CHN": "鴻運花園",
        "FIRST_REFERENCE_LOT_PRN": "C2190443"
    },
    {
        "PRN": "B4722618",
        "SEQ_NUM": 1,
        "BLOCK": "26",
        "FLOOR": "1",
        "FLAT": NaN,
        "HOUSE_NUM_PREFIX": NaN,
        "STREET_NAME_ENG": NaN,
        "STREET_NAME_CHN": NaN,
        "AREA_DESC_ENG": NaN,
        "AREA_DESC_CHN": NaN,
        "FREE_FORMAT_ADDR_ENG": "1/F (INCLUDING THE BALCONY ADJACENT THERETO) BLOCK 26 OF FORTUNE VILLA SECTION K OF LOT NO. 53 IN DD 130 NO. 188 TSING CHUEN WAI TUEN MUN NT",
        "FREE_FORMAT_ADDR_CHN": NaN,
        "DEV_NAME_ENG": "FORTUNE VILLA",
        "DEV_NAME_CHN": "鴻運花園",
        "FIRST_REFERENCE_LOT_PRN": "C6710412"
    },
    {
        "PRN": "B4722627",
        "SEQ_NUM": 1,
        "BLOCK": "21",
        "FLOOR": "G",
        "FLAT": NaN,
        "HOUSE_NUM_PREFIX": NaN,
        "STREET_NAME_ENG": NaN,
        "STREET_NAME_CHN": NaN,
        "AREA_DESC_ENG": NaN,
        "AREA_DESC_CHN": NaN,
        "FREE_FORMAT_ADDR_ENG": "G/F (INCLUDING THE SPACE OR STOREROOM UNDER STAIRS ON THE GROUND FLOOR) AND THE GARDEN ADJACENT THERETO BLOCK 21 OF FORTUNE VILLA SECTION G OF LOT NO. 53 IN DD 130 NO. 188 TSING CHUEN WAI TUEN MUN NEW TERRITORIES",
        "FREE_FORMAT_ADDR_CHN": NaN,
        "DEV_NAME_ENG": "FORTUNE VILLA",
        "DEV_NAME_CHN": "鴻運花園",
        "FIRST_REFERENCE_LOT_PRN": "C2190435"
    },
    {
        "PRN": "B4722633",
        "SEQ_NUM": 1,
        "BLOCK": "21",
        "FLOOR": "1",
        "FLAT": NaN,
        "HOUSE_NUM_PREFIX": NaN,
        "STREET_NAME_ENG": NaN,
        "STREET_NAME_CHN": NaN,
        "AREA_DESC_ENG": NaN,
        "AREA_DESC_CHN": NaN,
        "FREE_FORMAT_ADDR_ENG": "1/F (INCLUDING THE BALCONY ADJACENT THERETO ) BLOCK 21 OF FORTUNE VILLA SECTION G OF LOT NO. 53 IN DD 130 NO. 188 TSING CHUEN WAI TUEN MUN NT",
        "FREE_FORMAT_ADDR_CHN": NaN,
        "DEV_NAME_ENG": "FORTUNE VILLA",
        "DEV_NAME_CHN": "鴻運花園",
        "FIRST_REFERENCE_LOT_PRN": "C2190435"
    },
    {
        "PRN": "B4722669",
        "SEQ_NUM": 1,
        "BLOCK": "3B",
        "FLOOR": "1",
        "FLAT": NaN,
        "HOUSE_NUM_PREFIX": NaN,
        "STREET_NAME_ENG": NaN,
        "STREET_NAME_CHN": NaN,
        "AREA_DESC_ENG": NaN,
        "AREA_DESC_CHN": NaN,
        "FREE_FORMAT_ADDR_ENG": "FIRST FLOOR (INCL. BALCONY ADJACENT THERETO) BLOCK 3B OF FORTUNE VILLA SECTION E OF LOT NO. 81 IN DD 130 NO. 188 TSING CHUEN WAI TUEN MUN NEW TERRITORIES",
        "FREE_FORMAT_ADDR_CHN": NaN,
        "DEV_NAME_ENG": "FORTUNE VILLA",
        "DEV_NAME_CHN": "鴻運花園",
        "FIRST_REFERENCE_LOT_PRN": "C2191155"
    },
    {
        "PRN": "B4722706",
        "SEQ_NUM": 1,
        "BLOCK": "16",
        "FLOOR": "1",
        "FLAT": NaN,
        "HOUSE_NUM_PREFIX": NaN,
        "STREET_NAME_ENG": NaN,
        "STREET_NAME_CHN": NaN,
        "AREA_DESC_ENG": NaN,
        "AREA_DESC_CHN": NaN,
        "FREE_FORMAT_ADDR_ENG": "FIRST FLOOR (INCLUDING THE BALCONY ADJACENT THERETO) DD130 LOT 53 S.B BLOCK 16 OF FORTUNE VILLA NO. 188 TSING CHUEN WAI TUEN MUN N.T.",
        "FREE_FORMAT_ADDR_CHN": NaN,
        "DEV_NAME_ENG": "FORTUNE VILLA",
        "DEV_NAME_CHN": "鴻運花園",
        "FIRST_REFERENCE_LOT_PRN": "C2190418"
    },
    {
        "PRN": "B4722711",
        "SEQ_NUM": 1,
        "BLOCK": "16",
        "FLOOR": "2",
        "FLAT": NaN,
        "HOUSE_NUM_PREFIX": NaN,
        "STREET_NAME_ENG": NaN,
        "STREET_NAME_CHN": NaN,
        "AREA_DESC_ENG": NaN,
        "AREA_DESC_CHN": NaN,
        "FREE_FORMAT_ADDR_ENG": "SECOND FLOOR (INCLUDING THE BALCONY ADJACENT THERETO AND THE STAIRS FROM THE FIRST FLOOR TO THE ROOF BUT EXCLUDING THE LANDING ON THE FIRST FLOOR) AND THE ROOF THEREABOVE DD130 LOT 53 SECTION B BLOCK 16 FORTUNE VILLA NO. 188 TSING CHUEN WAI TUEN MUN NEW TERRITORIES",
        "FREE_FORMAT_ADDR_CHN": NaN,
        "DEV_NAME_ENG": "FORTUNE VILLA",
        "DEV_NAME_CHN": "鴻運花園",
        "FIRST_REFERENCE_LOT_PRN": "C2190418"
    },
    {
        "PRN": "B5318820",
        "SEQ_NUM": 1,
        "BLOCK": "18",
        "FLOOR": "1",
        "FLAT": NaN,
        "HOUSE_NUM_PREFIX": NaN,
        "STREET_NAME_ENG": NaN,
        "STREET_NAME_CHN": NaN,
        "AREA_DESC_ENG": NaN,
        "AREA_DESC_CHN": NaN,
        "FREE_FORMAT_ADDR_ENG": "FIRST FLOOR (INCLUDING THE BALCONY ADJACENT THERETO) BLOCK 18 OF FORTUNE VILLA DD130 LOT NO. 53 S.D NO. 188 TSING CHUEN WAI TUEN MUN NEW TERRITORIES",
        "FREE_FORMAT_ADDR_CHN": NaN,
        "DEV_NAME_ENG": "FORTUNE VILLA",
        "DEV_NAME_CHN": "鴻運花園",
        "FIRST_REFERENCE_LOT_PRN": "C2190427"
    },
    {
        "PRN": "B5318840",
        "SEQ_NUM": 1,
        "BLOCK": "30",
        "FLOOR": "2",
        "FLAT": NaN,
        "HOUSE_NUM_PREFIX": NaN,
        "STREET_NAME_ENG": NaN,
        "STREET_NAME_CHN": NaN,
        "AREA_DESC_ENG": NaN,
        "AREA_DESC_CHN": NaN,
        "FREE_FORMAT_ADDR_ENG": "2/F(& BALCONY & STAIRS FR.1/F-ROOF EXCL.LANDING ON 1/F)& ROOF BLOCK 30 FORTUNE VILLA DD130 LOT NO. 51 S.A 188 TSING CHUEN WAI TUEN MUN N.T.",
        "FREE_FORMAT_ADDR_CHN": NaN,
        "DEV_NAME_ENG": "FORTUNE VILLA",
        "DEV_NAME_CHN": "鴻運花園",
        "FIRST_REFERENCE_LOT_PRN": "C2190094"
    },
    {
        "PRN": "B5318888",
        "SEQ_NUM": 1,
        "BLOCK": "13B",
        "FLOOR": "1",
        "FLAT": NaN,
        "HOUSE_NUM_PREFIX": NaN,
        "STREET_NAME_ENG": NaN,
        "STREET_NAME_CHN": NaN,
        "AREA_DESC_ENG": NaN,
        "AREA_DESC_CHN": NaN,
        "FREE_FORMAT_ADDR_ENG": "1/F(INCLUDING THE BALCONY ADJACENT THERETO) BLOCK 13B OF FORTUNE VILLA SECTION S OF LOT NO. 81 IN DD 130 NO. 188 TSING CHUEN WAI TUEN MUN NT",
        "FREE_FORMAT_ADDR_CHN": NaN,
        "DEV_NAME_ENG": "FORTUNE VILLA",
        "DEV_NAME_CHN": "鴻運花園",
        "FIRST_REFERENCE_LOT_PRN": "C4922450"
    },
    {
        "PRN": "B5990823",
        "SEQ_NUM": 1,
        "BLOCK": "30",
        "FLOOR": "1",
        "FLAT": NaN,
        "HOUSE_NUM_PREFIX": NaN,
        "STREET_NAME_ENG": NaN,
        "STREET_NAME_CHN": NaN,
        "AREA_DESC_ENG": NaN,
        "AREA_DESC_CHN": NaN,
        "FREE_FORMAT_ADDR_ENG": "1/F AND BALCONY BLOCK 30 FORTUNE VILLA DD130 LOT NO.51 S.A NO.188 TSING CHUEN WAI TUEN MUN NEW TERRITORIES",
        "FREE_FORMAT_ADDR_CHN": NaN,
        "DEV_NAME_ENG": "FORTUNE VILLA",
        "DEV_NAME_CHN": "鴻運花園",
        "FIRST_REFERENCE_LOT_PRN": "C2190094"
    },
    {
        "PRN": "B5990846",
        "SEQ_NUM": 1,
        "BLOCK": "8",
        "FLOOR": "2",
        "FLAT": NaN,
        "HOUSE_NUM_PREFIX": NaN,
        "STREET_NAME_ENG": NaN,
        "STREET_NAME_CHN": NaN,
        "AREA_DESC_ENG": NaN,
        "AREA_DESC_CHN": NaN,
        "FREE_FORMAT_ADDR_ENG": "2/F (INCLUDING THE BALCONY & STAIRS FROM 1/F TO ROOF BUT EXCLUDING THE LANDING ON 1/F) AND ROOF BLOCK 8 OF FORTUNE VILLA NO.188 TSING CHUEN WAI DD130 LOT N0.51 SECTION B TUEN MUN NEW TERRITORIES",
        "FREE_FORMAT_ADDR_CHN": NaN,
        "DEV_NAME_ENG": "FORTUNE VILLA",
        "DEV_NAME_CHN": "鴻運花園",
        "FIRST_REFERENCE_LOT_PRN": "C5775083"
    },
    {
        "PRN": "B5990857",
        "SEQ_NUM": 1,
        "BLOCK": "16",
        "FLOOR": "G",
        "FLAT": NaN,
        "HOUSE_NUM_PREFIX": NaN,
        "STREET_NAME_ENG": NaN,
        "STREET_NAME_CHN": NaN,
        "AREA_DESC_ENG": NaN,
        "AREA_DESC_CHN": NaN,
        "FREE_FORMAT_ADDR_ENG": "GROUND FLOOR (INCLUDING THE SPACE OR STOREROOM UNDER STAIRS ON THE GROUND FLOOR) AND THE GARDEN ADJACENT THERETO DD130 LOT 53 SECTION B BLOCK 16 FORTUNE VILLA NO. 188 TSING CHUEN WAI TUEN MUN NEW TERRITORIES",
        "FREE_FORMAT_ADDR_CHN": NaN,
        "DEV_NAME_ENG": "FORTUNE VILLA",
        "DEV_NAME_CHN": "鴻運花園",
        "FIRST_REFERENCE_LOT_PRN": "C2190418"
    },
    {
        "PRN": "B7407924",
        "SEQ_NUM": 1,
        "BLOCK": "5",
        "FLOOR": "2",
        "FLAT": NaN,
        "HOUSE_NUM_PREFIX": NaN,
        "STREET_NAME_ENG": NaN,
        "STREET_NAME_CHN": NaN,
        "AREA_DESC_ENG": NaN,
        "AREA_DESC_CHN": NaN,
        "FREE_FORMAT_ADDR_ENG": "2/F (INCLUNDING BALCONY ADJACENT THERETO & THE STAIRS FROM THE 1/F TO THE ROOF BUT EXCLUDING THE LANDING ON 1/F) AND THE ROOF BLOCK 5 OF FORTUNE VILLA LOT NO.81 SECTION F IN DD130 NO.188 TSING CHUEN WAI TUEN MUN NEW TERRITORIES",
        "FREE_FORMAT_ADDR_CHN": NaN,
        "DEV_NAME_ENG": "FORTUNE VILLA",
        "DEV_NAME_CHN": "鴻運花園",
        "FIRST_REFERENCE_LOT_PRN": "C2191163"
    },
    {
        "PRN": "B7407950",
        "SEQ_NUM": 1,
        "BLOCK": "23B",
        "FLOOR": "2",
        "FLAT": NaN,
        "HOUSE_NUM_PREFIX": NaN,
        "STREET_NAME_ENG": NaN,
        "STREET_NAME_CHN": NaN,
        "AREA_DESC_ENG": NaN,
        "AREA_DESC_CHN": NaN,
        "FREE_FORMAT_ADDR_ENG": "2/F(& BALCONY & STAIRS FR.1/F-ROOF EXCL.LANDING ON 1/F)& ROOF BLK.23B FORTUNE VILLA DD130 LOT NO. 53 S.P 188 TSING CHUEN WAI TUEN MUN N.T.",
        "FREE_FORMAT_ADDR_CHN": NaN,
        "DEV_NAME_ENG": "FORTUNE VILLA",
        "DEV_NAME_CHN": "鴻運花園",
        "FIRST_REFERENCE_LOT_PRN": "C6544700"
    },
    {
        "PRN": "B7407984",
        "SEQ_NUM": 1,
        "BLOCK": "17",
        "FLOOR": "1",
        "FLAT": NaN,
        "HOUSE_NUM_PREFIX": NaN,
        "STREET_NAME_ENG": NaN,
        "STREET_NAME_CHN": NaN,
        "AREA_DESC_ENG": NaN,
        "AREA_DESC_CHN": NaN,
        "FREE_FORMAT_ADDR_ENG": "FIRST FLOOR (INCLUDING THE BALCONY ADJACENT THERETO) BLOCK 17 OF FORTUNE VILLA DD 130 LOT NO. 53 S.C NO. 188 TSING CHUEN WAI TUEN MUN NT",
        "FREE_FORMAT_ADDR_CHN": NaN,
        "DEV_NAME_ENG": "FORTUNE VILLA",
        "DEV_NAME_CHN": "鴻運花園",
        "FIRST_REFERENCE_LOT_PRN": "C5556822"
    },
    {
        "PRN": "B7408000",
        "SEQ_NUM": 1,
        "BLOCK": "9",
        "FLOOR": "2",
        "FLAT": NaN,
        "HOUSE_NUM_PREFIX": NaN,
        "STREET_NAME_ENG": NaN,
        "STREET_NAME_CHN": NaN,
        "AREA_DESC_ENG": NaN,
        "AREA_DESC_CHN": NaN,
        "FREE_FORMAT_ADDR_ENG": "2/F (INCLUDING THE BALCONY AND THE STAIRS FROM THE 1/F TO THE ROOF BUT EXCLUDING THE LANDING ON 1/F) AND THE ROOF BLOCK 9 OF FORTUNE VILLA LOT NO.81 SECTION L IN DD 130 NO.188 TSING CHUEN WAI TUEN MUN NEW TERRITORIES",
        "FREE_FORMAT_ADDR_CHN": NaN,
        "DEV_NAME_ENG": "FORTUNE VILLA",
        "DEV_NAME_CHN": "鴻運花園",
        "FIRST_REFERENCE_LOT_PRN": "C2191243"
    },
    {
        "PRN": "B7408011",
        "SEQ_NUM": 1,
        "BLOCK": "1",
        "FLOOR": "1",
        "FLAT": NaN,
        "HOUSE_NUM_PREFIX": NaN,
        "STREET_NAME_ENG": NaN,
        "STREET_NAME_CHN": NaN,
        "AREA_DESC_ENG": NaN,
        "AREA_DESC_CHN": NaN,
        "FREE_FORMAT_ADDR_ENG": "1/F (INCL. THE BALCONY ADJACENT THERETO) BLOCK 1 OF FORTUNE VILLA NO.188 TSING CHUEN WAI DD130 LOT NO.81 SEC.B TUEN MUN N.T.",
        "FREE_FORMAT_ADDR_CHN": NaN,
        "DEV_NAME_ENG": "FORTUNE VILLA",
        "DEV_NAME_CHN": "鴻運花園",
        "FIRST_REFERENCE_LOT_PRN": "C2191138"
    },
    {
        "PRN": "B7408021",
        "SEQ_NUM": 1,
        "BLOCK": "7",
        "FLOOR": "G",
        "FLAT": NaN,
        "HOUSE_NUM_PREFIX": NaN,
        "STREET_NAME_ENG": NaN,
        "STREET_NAME_CHN": NaN,
        "AREA_DESC_ENG": NaN,
        "AREA_DESC_CHN": NaN,
        "FREE_FORMAT_ADDR_ENG": "GROUND FLOOR (INCLUDING THE STOREROOM UNDER STAIRS ON THE G/F) & THE GARDEN BLOCK 7 OF FORTUNE VILLA LOT NO.81 SECTION J IN DD130 NO.188 TSING CHUEN WAI TUEN MUN NEW TERRITORIES",
        "FREE_FORMAT_ADDR_CHN": NaN,
        "DEV_NAME_ENG": "FORTUNE VILLA",
        "DEV_NAME_CHN": "鴻運花園",
        "FIRST_REFERENCE_LOT_PRN": "C2191189"
    },
    {
        "PRN": "B7408036",
        "SEQ_NUM": 1,
        "BLOCK": "22",
        "FLOOR": "2",
        "FLAT": NaN,
        "HOUSE_NUM_PREFIX": NaN,
        "STREET_NAME_ENG": NaN,
        "STREET_NAME_CHN": NaN,
        "AREA_DESC_ENG": NaN,
        "AREA_DESC_CHN": NaN,
        "FREE_FORMAT_ADDR_ENG": "2/F (INCLUDING THE BALCONY ADJACENT THERETO AND THE STAIRS FROM THE FIRST FLOOR TO THE ROOF BUT EXCLUDING THE LANDING ON THE FIRST FLOOR) AND THE ROOF THEREABOVE BLOCK 22 OF FORTUNE VILLA SECTION H OF LOT NO. 53 IN DD 130 NO. 188 TSING CHUEN WAI TUEN MUN NEW TERRITORIES",
        "FREE_FORMAT_ADDR_CHN": NaN,
        "DEV_NAME_ENG": "FORTUNE VILLA",
        "DEV_NAME_CHN": "鴻運花園",
        "FIRST_REFERENCE_LOT_PRN": "C2190443"
    },
    {
        "PRN": "B8004594",
        "SEQ_NUM": 1,
        "BLOCK": "11",
        "FLOOR": "2",
        "FLAT": NaN,
        "HOUSE_NUM_PREFIX": NaN,
        "STREET_NAME_ENG": NaN,
        "STREET_NAME_CHN": NaN,
        "AREA_DESC_ENG": NaN,
        "AREA_DESC_CHN": NaN,
        "FREE_FORMAT_ADDR_ENG": "2/F (INCLUDING BALCONY ADJACENT THERETO & THE STAIRS FROM THE 1/F TO THE ROOF BUT EXCLUDING THE LANDING ON 1/F) AND THE ROOF BLOCK 11 OF FORTUNE VILLA LOT NO.81 SECTION N IN DD130 NO.188 TSING CHUEN WAI TUEN MUN NEW TERRITORIES",
        "FREE_FORMAT_ADDR_CHN": NaN,
        "DEV_NAME_ENG": "FORTUNE VILLA",
        "DEV_NAME_CHN": "鴻運花園",
        "FIRST_REFERENCE_LOT_PRN": "C4922447"
    },
    {
        "PRN": "B8004614",
        "SEQ_NUM": 1,
        "BLOCK": "8",
        "FLOOR": "1",
        "FLAT": NaN,
        "HOUSE_NUM_PREFIX": NaN,
        "STREET_NAME_ENG": NaN,
        "STREET_NAME_CHN": NaN,
        "AREA_DESC_ENG": NaN,
        "AREA_DESC_CHN": NaN,
        "FREE_FORMAT_ADDR_ENG": "1/F INCL. BALCONY ADJACENT THERETO BLOCK 8 OF FORTUNE VILLA NO.188 TSING CHUEN WAI SEC.B OF LOT NO.51 IN DD 130 TUEN MUN N.T.",
        "FREE_FORMAT_ADDR_CHN": NaN,
        "DEV_NAME_ENG": "FORTUNE VILLA",
        "DEV_NAME_CHN": "鴻運花園",
        "FIRST_REFERENCE_LOT_PRN": "C5775083"
    },
    {
        "PRN": "B8676763",
        "SEQ_NUM": 1,
        "BLOCK": "25",
        "FLOOR": "2",
        "FLAT": NaN,
        "HOUSE_NUM_PREFIX": NaN,
        "STREET_NAME_ENG": NaN,
        "STREET_NAME_CHN": NaN,
        "AREA_DESC_ENG": NaN,
        "AREA_DESC_CHN": NaN,
        "FREE_FORMAT_ADDR_ENG": "2/F(& BALCONY & STAIRS FR.1/F-ROOF EXCL. LANDING ON 1/F) & ROOF BLK.25 FORTUNE VILLA DD130 LOT NO.53 S.J 188 TSING CHUEN WAI TUEN MUN N.T.",
        "FREE_FORMAT_ADDR_CHN": NaN,
        "DEV_NAME_ENG": "FORTUNE VILLA",
        "DEV_NAME_CHN": "鴻運花園",
        "FIRST_REFERENCE_LOT_PRN": "C6223331"
    },
    {
        "PRN": "B8676777",
        "SEQ_NUM": 1,
        "BLOCK": "12",
        "FLOOR": "1",
        "FLAT": NaN,
        "HOUSE_NUM_PREFIX": NaN,
        "STREET_NAME_ENG": NaN,
        "STREET_NAME_CHN": NaN,
        "AREA_DESC_ENG": NaN,
        "AREA_DESC_CHN": NaN,
        "FREE_FORMAT_ADDR_ENG": "1/F(INCL. BALCONY ADJACENT THERETO) BLK.12 OF FORTUNE VILLA LOT NO.81 S.P IN DD130 NO.188 TSING CHUEN WAI TUEN MUN N T",
        "FREE_FORMAT_ADDR_CHN": NaN,
        "DEV_NAME_ENG": "FORTUNE VILLA",
        "DEV_NAME_CHN": "鴻運花園",
        "FIRST_REFERENCE_LOT_PRN": "C2191261"
    },
    {
        "PRN": "C0090200",
        "SEQ_NUM": 1,
        "BLOCK": "20",
        "FLOOR": "1",
        "FLAT": NaN,
        "HOUSE_NUM_PREFIX": NaN,
        "STREET_NAME_ENG": NaN,
        "STREET_NAME_CHN": NaN,
        "AREA_DESC_ENG": NaN,
        "AREA_DESC_CHN": NaN,
        "FREE_FORMAT_ADDR_ENG": "1/F AND THE BALCONY BLOCK 20 FORTUNE VILLA DD130 LOT NO.53 S.F NO. 188 TSING CHUEN WAI TUEN MUN NEW TERRITORIES",
        "FREE_FORMAT_ADDR_CHN": NaN,
        "DEV_NAME_ENG": "FORTUNE VILLA",
        "DEV_NAME_CHN": "鴻運花園",
        "FIRST_REFERENCE_LOT_PRN": "C6223320"
    },
    {
        "PRN": "C0090212",
        "SEQ_NUM": 1,
        "BLOCK": "20",
        "FLOOR": "2",
        "FLAT": NaN,
        "HOUSE_NUM_PREFIX": NaN,
        "STREET_NAME_ENG": NaN,
        "STREET_NAME_CHN": NaN,
        "AREA_DESC_ENG": NaN,
        "AREA_DESC_CHN": NaN,
        "FREE_FORMAT_ADDR_ENG": "2/F(& BALCONY & STAIRS FR.1/F-ROOF EXCL.LANDING ON 1/F)& ROOF BLK.20 FORTUNE VILLA DD130 LOT NO.53 S.F 188 TSING CHUEN WAI TUEN MUN N.T.",
        "FREE_FORMAT_ADDR_CHN": NaN,
        "DEV_NAME_ENG": "FORTUNE VILLA",
        "DEV_NAME_CHN": "鴻運花園",
        "FIRST_REFERENCE_LOT_PRN": "C6223320"
    },
    {
        "PRN": "C0090253",
        "SEQ_NUM": 1,
        "BLOCK": "21",
        "FLOOR": "2",
        "FLAT": NaN,
        "HOUSE_NUM_PREFIX": NaN,
        "STREET_NAME_ENG": NaN,
        "STREET_NAME_CHN": NaN,
        "AREA_DESC_ENG": NaN,
        "AREA_DESC_CHN": NaN,
        "FREE_FORMAT_ADDR_ENG": "2/F (INCLUDING THE BALCONY ADJACENT THERETO AND THE STAIRS FROM THE FIRST FLOOR TO THE ROOF BUT EXCLUDING THE LANDING ON THE FIRST FLOOR) AND THE ROOF THEREABOVE BLOCK 21 OF FORTUNE VILLA SECTION G OF LOT NO. 53 IN DD 130 NO. 188 TSING CHUEN WAI TUEN MUN NEW TERRITORIES",
        "FREE_FORMAT_ADDR_CHN": NaN,
        "DEV_NAME_ENG": "FORTUNE VILLA",
        "DEV_NAME_CHN": "鴻運花園",
        "FIRST_REFERENCE_LOT_PRN": "C2190435"
    },
    {
        "PRN": "C0686475",
        "SEQ_NUM": 1,
        "BLOCK": "25",
        "FLOOR": "1",
        "FLAT": NaN,
        "HOUSE_NUM_PREFIX": NaN,
        "STREET_NAME_ENG": NaN,
        "STREET_NAME_CHN": NaN,
        "AREA_DESC_ENG": NaN,
        "AREA_DESC_CHN": NaN,
        "FREE_FORMAT_ADDR_ENG": "1/F & BALCONY BLOCK 25 OF FORTUNE VILLA DD130 LOT NO.53 S.J NO.188 TSING CHUEN WAI TUEN MUN NEW TERRITORIES",
        "FREE_FORMAT_ADDR_CHN": NaN,
        "DEV_NAME_ENG": "FORTUNE VILLA",
        "DEV_NAME_CHN": "鴻運花園",
        "FIRST_REFERENCE_LOT_PRN": "C6223331"
    },
    {
        "PRN": "C0686529",
        "SEQ_NUM": 1,
        "BLOCK": "13B",
        "FLOOR": "2",
        "FLAT": NaN,
        "HOUSE_NUM_PREFIX": NaN,
        "STREET_NAME_ENG": NaN,
        "STREET_NAME_CHN": NaN,
        "AREA_DESC_ENG": NaN,
        "AREA_DESC_CHN": NaN,
        "FREE_FORMAT_ADDR_ENG": "SECOND FLOOR (INCLUDING THE BALCONY ADJACENT THERETO AND THE STAIRS FROM THE FIRST FLOOR TO THE ROOF BUT EXCLUDING THE LANDING ON THE FIRST FLOOR) AND THE ROOF THEREABOVE BLOCK 13B OF FORTUNE VILLA SECTION S OF LOT NO. 81 IN DD 130 NO. 188 TSING CHUEN WAI TUEN MUN NEW TERRITORIES",
        "FREE_FORMAT_ADDR_CHN": NaN,
        "DEV_NAME_ENG": "FORTUNE VILLA",
        "DEV_NAME_CHN": "鴻運花園",
        "FIRST_REFERENCE_LOT_PRN": "C4922450"
    },
    {
        "PRN": "C1020350",
        "SEQ_NUM": 1,
        "BLOCK": "30",
        "FLOOR": "G",
        "FLAT": NaN,
        "HOUSE_NUM_PREFIX": NaN,
        "STREET_NAME_ENG": NaN,
        "STREET_NAME_CHN": NaN,
        "AREA_DESC_ENG": NaN,
        "AREA_DESC_CHN": NaN,
        "FREE_FORMAT_ADDR_ENG": "G/F(& SPACE/STOREROOM UNDER STAIRS ON G/F) AND GARDEN BLOCK 30 FORTUNE VILLA DD130 LOT NO.51 S.A 188 TSING CHUEN WAI TUEN MUN N.T.",
        "FREE_FORMAT_ADDR_CHN": NaN,
        "DEV_NAME_ENG": "FORTUNE VILLA",
        "DEV_NAME_CHN": "鴻運花園",
        "FIRST_REFERENCE_LOT_PRN": "C2190094"
    },
    {
        "PRN": "C1020367",
        "SEQ_NUM": 1,
        "BLOCK": "3B",
        "FLOOR": "G",
        "FLAT": NaN,
        "HOUSE_NUM_PREFIX": NaN,
        "STREET_NAME_ENG": NaN,
        "STREET_NAME_CHN": NaN,
        "AREA_DESC_ENG": NaN,
        "AREA_DESC_CHN": NaN,
        "FREE_FORMAT_ADDR_ENG": "GROUND FLOOR (EXCLUDING THE STOREROOM UNDER STAIRS ON THE GROUND FLOOR) AND THE GARDEN ADJACENT THERETO BLOCK 3B OF FORTUNE VILLA SECTION E OF LOT NO. 81 IN DD 130 NO. 188 TSING CHUEN WAI TUEN MUN NEW TERRITORIES",
        "FREE_FORMAT_ADDR_CHN": NaN,
        "DEV_NAME_ENG": "FORTUNE VILLA",
        "DEV_NAME_CHN": "鴻運花園",
        "FIRST_REFERENCE_LOT_PRN": "C2191155"
    },
    {
        "PRN": "C1352465",
        "SEQ_NUM": 1,
        "BLOCK": "3A",
        "FLOOR": "G",
        "FLAT": NaN,
        "HOUSE_NUM_PREFIX": NaN,
        "STREET_NAME_ENG": NaN,
        "STREET_NAME_CHN": NaN,
        "AREA_DESC_ENG": NaN,
        "AREA_DESC_CHN": NaN,
        "FREE_FORMAT_ADDR_ENG": "G/F (INCLUDING THE STOREROOM UNDER THE STAIRS ON G/F) AND THE GARDEN BLOCK 3A OF FORTUNE VILLA LOT NO.81 S.D IN DD 130 NO.188 TSING CHUEN WAI TUEN MUN NEW TERRITORIES",
        "FREE_FORMAT_ADDR_CHN": NaN,
        "DEV_NAME_ENG": "FORTUNE VILLA",
        "DEV_NAME_CHN": "鴻運花園",
        "FIRST_REFERENCE_LOT_PRN": "C2191145"
    },
    {
        "PRN": "C1352471",
        "SEQ_NUM": 1,
        "BLOCK": "7",
        "FLOOR": "1",
        "FLAT": NaN,
        "HOUSE_NUM_PREFIX": NaN,
        "STREET_NAME_ENG": NaN,
        "STREET_NAME_CHN": NaN,
        "AREA_DESC_ENG": NaN,
        "AREA_DESC_CHN": NaN,
        "FREE_FORMAT_ADDR_ENG": "FIRST FLOOR (INCL. THE BALCONY) BLOCK 7 OF FORTUNE VILLA LOT NO.81 S.J IN DD130 NO.188 TSING CHUEN WAI TUEN MUN NT",
        "FREE_FORMAT_ADDR_CHN": NaN,
        "DEV_NAME_ENG": "FORTUNE VILLA",
        "DEV_NAME_CHN": "鴻運花園",
        "FIRST_REFERENCE_LOT_PRN": "C2191189"
    },
    {
        "PRN": "C1352508",
        "SEQ_NUM": 1,
        "BLOCK": "29",
        "FLOOR": "2",
        "FLAT": NaN,
        "HOUSE_NUM_PREFIX": NaN,
        "STREET_NAME_ENG": NaN,
        "STREET_NAME_CHN": NaN,
        "AREA_DESC_ENG": NaN,
        "AREA_DESC_CHN": NaN,
        "FREE_FORMAT_ADDR_ENG": "SECOND FLOOR (INCLUDING THE BALCONY ADJACENT THERETO AND THE STAIRS FROM THE FIRST FLOOR TO THE ROOF BUT EXCLUDING THE LANDING ON THE FIRST FLOOR) AND THE ROOF THEREABOVE BLOCK 29 OF FORTUNE VILLA SECTION N OF LOT NO. 53 IN DD 130 NO. 188 TSING CHUEN WAI TUEN MUN NEW TERRITORIES",
        "FREE_FORMAT_ADDR_CHN": NaN,
        "DEV_NAME_ENG": "FORTUNE VILLA",
        "DEV_NAME_CHN": "鴻運花園",
        "FIRST_REFERENCE_LOT_PRN": "C2190463"
    }
]