[
    {
        "PRN": "D1571779",
        "SEQ_NUM": 1,
        "BLOCK": "CARP",
        "FLOOR": NaN,
        "FLAT": NaN,
        "HOUSE_NUM_PREFIX": 8.0,
        "STREET_NAME_ENG": "HANG CHEUNG STREET",
        "STREET_NAME_CHN": "幸祥街",
        "AREA_DESC_ENG": "KOWLOON",
        "AREA_DESC_CHN": "九龍",
        "FREE_FORMAT_ADDR_ENG": "CAR PARK BLOCK FORTUNE ESTATE NO.8 HANG CHEUNG STREET KOWLOON",
        "FREE_FORMAT_ADDR_CHN": NaN,
        "DEV_NAME_ENG": "FORTUNE ESTATE",
        "DEV_NAME_CHN": "幸福邨",
        "FIRST_REFERENCE_LOT_PRN": "D1389945"
    },
    {
        "PRN": "D1571785",
        "SEQ_NUM": 1,
        "BLOCK": "FOYA",
        "FLOOR": NaN,
        "FLAT": NaN,
        "HOUSE_NUM_PREFIX": 8.0,
        "STREET_NAME_ENG": "HANG CHEUNG STREET",
        "STREET_NAME_CHN": "幸祥街",
        "AREA_DESC_ENG": "KOWLOON",
        "AREA_DESC_CHN": "九龍",
        "FREE_FORMAT_ADDR_ENG": "FOOK YAT HOUSE FORTUNE ESTATE NO.8 HANG CHEUNG STREET KOWLOON",
        "FREE_FORMAT_ADDR_CHN": NaN,
        "DEV_NAME_ENG": "FORTUNE ESTATE",
        "DEV_NAME_CHN": "幸福邨",
        "FIRST_REFERENCE_LOT_PRN": "D1389945"
    },
    {
        "PRN": "D1571796",
        "SEQ_NUM": 1,
        "BLOCK": "FOYU",
        "FLOOR": NaN,
        "FLAT": NaN,
        "HOUSE_NUM_PREFIX": 8.0,
        "STREET_NAME_ENG": "HANG CHEUNG STREET",
        "STREET_NAME_CHN": "幸祥街",
        "AREA_DESC_ENG": "KOWLOON",
        "AREA_DESC_CHN": "九龍",
        "FREE_FORMAT_ADDR_ENG": "FOOK YUET HOUSE FORTUNE ESTATE NO.8 HANG CHEUNG STREET KOWLOON",
        "FREE_FORMAT_ADDR_CHN": NaN,
        "DEV_NAME_ENG": "FORTUNE ESTATE",
        "DEV_NAME_CHN": "幸福邨",
        "FIRST_REFERENCE_LOT_PRN": "D1389945"
    }
]