[
    {
        "PRN": "A4211326",
        "SEQ_NUM": 1,
        "BLOCK": "1",
        "FLOOR": "1",
        "FLAT": NaN,
        "HOUSE_NUM_PREFIX": 81.0,
        "STREET_NAME_ENG": "FUK WING STREET",
        "STREET_NAME_CHN": "福榮街",
        "AREA_DESC_ENG": "KOWLOON",
        "AREA_DESC_CHN": "九龍",
        "FREE_FORMAT_ADDR_ENG": "1ST FLOOR OF BLOCK \"1\" FUK WING HOUSE NOS.81-87 83A & 85A FUK WING STREET KOWLOON",
        "FREE_FORMAT_ADDR_CHN": NaN,
        "DEV_NAME_ENG": "FUK WING HOUSE",
        "DEV_NAME_CHN": NaN,
        "FIRST_REFERENCE_LOT_PRN": "C4641077"
    },
    {
        "PRN": "A4211333",
        "SEQ_NUM": 1,
        "BLOCK": "1",
        "FLOOR": "4",
        "FLAT": NaN,
        "HOUSE_NUM_PREFIX": 81.0,
        "STREET_NAME_ENG": "FUK WING STREET",
        "STREET_NAME_CHN": "福榮街",
        "AREA_DESC_ENG": "KOWLOON",
        "AREA_DESC_CHN": "九龍",
        "FREE_FORMAT_ADDR_ENG": "4TH FLOOR OF BLOCK \"1\" FUK WING HOUSE NOS.81-87 83A & 85A FUK WING STREET KOWLOON",
        "FREE_FORMAT_ADDR_CHN": NaN,
        "DEV_NAME_ENG": "FUK WING HOUSE",
        "DEV_NAME_CHN": NaN,
        "FIRST_REFERENCE_LOT_PRN": "C4641077"
    },
    {
        "PRN": "A4211340",
        "SEQ_NUM": 1,
        "BLOCK": "1",
        "FLOOR": "6",
        "FLAT": NaN,
        "HOUSE_NUM_PREFIX": 81.0,
        "STREET_NAME_ENG": "FUK WING STREET",
        "STREET_NAME_CHN": "福榮街",
        "AREA_DESC_ENG": "KOWLOON",
        "AREA_DESC_CHN": "九龍",
        "FREE_FORMAT_ADDR_ENG": "6TH FLOOR OF BLOCK \"1\" FUK WING HOUSE NOS.81-87 83A & 85A FUK WING STREET KOWLOON",
        "FREE_FORMAT_ADDR_CHN": NaN,
        "DEV_NAME_ENG": "FUK WING HOUSE",
        "DEV_NAME_CHN": NaN,
        "FIRST_REFERENCE_LOT_PRN": "C4641077"
    },
    {
        "PRN": "A4211354",
        "SEQ_NUM": 1,
        "BLOCK": "1",
        "FLOOR": "8",
        "FLAT": NaN,
        "HOUSE_NUM_PREFIX": 81.0,
        "STREET_NAME_ENG": "FUK WING STREET",
        "STREET_NAME_CHN": "福榮街",
        "AREA_DESC_ENG": "KOWLOON",
        "AREA_DESC_CHN": "九龍",
        "FREE_FORMAT_ADDR_ENG": "8TH FLOOR OF BLOCK \"1\" AND IMMEDIATE ROOF TOP FUK WING HOUSE NOS.81-87 83A & 85A FUK WING STREET KOWLOON",
        "FREE_FORMAT_ADDR_CHN": NaN,
        "DEV_NAME_ENG": "FUK WING HOUSE",
        "DEV_NAME_CHN": NaN,
        "FIRST_REFERENCE_LOT_PRN": "C4641077"
    },
    {
        "PRN": "A4211366",
        "SEQ_NUM": 1,
        "BLOCK": "2",
        "FLOOR": "G",
        "FLAT": NaN,
        "HOUSE_NUM_PREFIX": 81.0,
        "STREET_NAME_ENG": "FUK WING STREET",
        "STREET_NAME_CHN": "福榮街",
        "AREA_DESC_ENG": "KOWLOON",
        "AREA_DESC_CHN": "九龍",
        "FREE_FORMAT_ADDR_ENG": "GROUND FLOOR AND MEZZANINE FLOOR OF BLOCK 2 FUK WING HOUSE NOS.81-87 FUK WING STREET KOWLOON ",
        "FREE_FORMAT_ADDR_CHN": NaN,
        "DEV_NAME_ENG": "FUK WING HOUSE",
        "DEV_NAME_CHN": NaN,
        "FIRST_REFERENCE_LOT_PRN": "C4641077"
    },
    {
        "PRN": "A4211375",
        "SEQ_NUM": 1,
        "BLOCK": "2",
        "FLOOR": "2",
        "FLAT": NaN,
        "HOUSE_NUM_PREFIX": 81.0,
        "STREET_NAME_ENG": "FUK WING STREET",
        "STREET_NAME_CHN": "福榮街",
        "AREA_DESC_ENG": "KOWLOON",
        "AREA_DESC_CHN": "九龍",
        "FREE_FORMAT_ADDR_ENG": "2ND FLOOR OF BLOCK \"2\" FUK WING HOUSE NOS.81-87 83A & 85A FUK WING STREET KOWLOON",
        "FREE_FORMAT_ADDR_CHN": NaN,
        "DEV_NAME_ENG": "FUK WING HOUSE",
        "DEV_NAME_CHN": NaN,
        "FIRST_REFERENCE_LOT_PRN": "C4641077"
    },
    {
        "PRN": "A4211383",
        "SEQ_NUM": 1,
        "BLOCK": "2",
        "FLOOR": "3",
        "FLAT": NaN,
        "HOUSE_NUM_PREFIX": 81.0,
        "STREET_NAME_ENG": "FUK WING STREET",
        "STREET_NAME_CHN": "福榮街",
        "AREA_DESC_ENG": "KOWLOON",
        "AREA_DESC_CHN": "九龍",
        "FREE_FORMAT_ADDR_ENG": "3RD FLOOR OF BLOCK \"2\" FUK WING HOUSE NOS.81-87 83A & 85A FUK WING STREET KOWLOON",
        "FREE_FORMAT_ADDR_CHN": NaN,
        "DEV_NAME_ENG": "FUK WING HOUSE",
        "DEV_NAME_CHN": NaN,
        "FIRST_REFERENCE_LOT_PRN": "C4641077"
    },
    {
        "PRN": "A4211398",
        "SEQ_NUM": 1,
        "BLOCK": "2",
        "FLOOR": "4",
        "FLAT": NaN,
        "HOUSE_NUM_PREFIX": 81.0,
        "STREET_NAME_ENG": "FUK WING STREET",
        "STREET_NAME_CHN": "福榮街",
        "AREA_DESC_ENG": "KOWLOON",
        "AREA_DESC_CHN": "九龍",
        "FREE_FORMAT_ADDR_ENG": "4TH FLOOR OF BLOCK \"2\" FUK WING HOUSE NOS.81-87 83A & 85A FUK WING STREET KOWLOON",
        "FREE_FORMAT_ADDR_CHN": NaN,
        "DEV_NAME_ENG": "FUK WING HOUSE",
        "DEV_NAME_CHN": NaN,
        "FIRST_REFERENCE_LOT_PRN": "C4641077"
    },
    {
        "PRN": "A4211403",
        "SEQ_NUM": 1,
        "BLOCK": "2",
        "FLOOR": "5",
        "FLAT": NaN,
        "HOUSE_NUM_PREFIX": 81.0,
        "STREET_NAME_ENG": "FUK WING STREET",
        "STREET_NAME_CHN": "福榮街",
        "AREA_DESC_ENG": "KOWLOON",
        "AREA_DESC_CHN": "九龍",
        "FREE_FORMAT_ADDR_ENG": "5TH FLOOR OF BLOCK \"2\" FUK WING HOUSE NOS.81-87 83A & 85A FUK WING STREET KOWLOON",
        "FREE_FORMAT_ADDR_CHN": NaN,
        "DEV_NAME_ENG": "FUK WING HOUSE",
        "DEV_NAME_CHN": NaN,
        "FIRST_REFERENCE_LOT_PRN": "C4641077"
    },
    {
        "PRN": "A4211414",
        "SEQ_NUM": 1,
        "BLOCK": "2",
        "FLOOR": "6",
        "FLAT": NaN,
        "HOUSE_NUM_PREFIX": 81.0,
        "STREET_NAME_ENG": "FUK WING STREET",
        "STREET_NAME_CHN": "福榮街",
        "AREA_DESC_ENG": "KOWLOON",
        "AREA_DESC_CHN": "九龍",
        "FREE_FORMAT_ADDR_ENG": "6TH FLOOR OF BLOCK \"2\" FUK WING HOUSE NOS.81-87 83A & 85A FUK WING STREET KOWLOON",
        "FREE_FORMAT_ADDR_CHN": NaN,
        "DEV_NAME_ENG": "FUK WING HOUSE",
        "DEV_NAME_CHN": NaN,
        "FIRST_REFERENCE_LOT_PRN": "C4641077"
    },
    {
        "PRN": "A4211424",
        "SEQ_NUM": 1,
        "BLOCK": "2",
        "FLOOR": "8",
        "FLAT": NaN,
        "HOUSE_NUM_PREFIX": 81.0,
        "STREET_NAME_ENG": "FUK WING STREET",
        "STREET_NAME_CHN": "福榮街",
        "AREA_DESC_ENG": "KOWLOON",
        "AREA_DESC_CHN": "九龍",
        "FREE_FORMAT_ADDR_ENG": "8TH FLOOR OF BLOCK \"2\" AND ROOF (FRONT PORTION ) FUK WING HOUSE NOS.81-87 83A & 85A FUK WING STREET KOWLOON",
        "FREE_FORMAT_ADDR_CHN": NaN,
        "DEV_NAME_ENG": "FUK WING HOUSE",
        "DEV_NAME_CHN": NaN,
        "FIRST_REFERENCE_LOT_PRN": "C4641077"
    },
    {
        "PRN": "A4211438",
        "SEQ_NUM": 1,
        "BLOCK": "3",
        "FLOOR": "G",
        "FLAT": NaN,
        "HOUSE_NUM_PREFIX": 81.0,
        "STREET_NAME_ENG": "FUK WING STREET",
        "STREET_NAME_CHN": "福榮街",
        "AREA_DESC_ENG": "KOWLOON",
        "AREA_DESC_CHN": "九龍",
        "FREE_FORMAT_ADDR_ENG": "GROUND FLOOR AND MEZZANINE FLOOR OF BLOCK 3 FUK WING HOUSE NOS.81-87 FUK WING STREET KOWLOON ",
        "FREE_FORMAT_ADDR_CHN": NaN,
        "DEV_NAME_ENG": "FUK WING HOUSE",
        "DEV_NAME_CHN": NaN,
        "FIRST_REFERENCE_LOT_PRN": "C4641077"
    },
    {
        "PRN": "A4211449",
        "SEQ_NUM": 1,
        "BLOCK": "3",
        "FLOOR": "1",
        "FLAT": NaN,
        "HOUSE_NUM_PREFIX": 81.0,
        "STREET_NAME_ENG": "FUK WING STREET",
        "STREET_NAME_CHN": "福榮街",
        "AREA_DESC_ENG": "KOWLOON",
        "AREA_DESC_CHN": "九龍",
        "FREE_FORMAT_ADDR_ENG": "1ST FLOOR OF BLOCK \"3\" FUK WING HOUSE NOS.81-87 83A & 85A FUK WING STREET KOWLOON",
        "FREE_FORMAT_ADDR_CHN": NaN,
        "DEV_NAME_ENG": "FUK WING HOUSE",
        "DEV_NAME_CHN": NaN,
        "FIRST_REFERENCE_LOT_PRN": "C4641077"
    },
    {
        "PRN": "A4211459",
        "SEQ_NUM": 1,
        "BLOCK": "3",
        "FLOOR": "2",
        "FLAT": NaN,
        "HOUSE_NUM_PREFIX": 81.0,
        "STREET_NAME_ENG": "FUK WING STREET",
        "STREET_NAME_CHN": "福榮街",
        "AREA_DESC_ENG": "KOWLOON",
        "AREA_DESC_CHN": "九龍",
        "FREE_FORMAT_ADDR_ENG": "2ND FLOOR OF BLOCK \"3\" FUK WING HOUSE NOS.81-87 83A & 85A FUK WING STREET KOWLOON",
        "FREE_FORMAT_ADDR_CHN": NaN,
        "DEV_NAME_ENG": "FUK WING HOUSE",
        "DEV_NAME_CHN": NaN,
        "FIRST_REFERENCE_LOT_PRN": "C4641077"
    },
    {
        "PRN": "A4211464",
        "SEQ_NUM": 1,
        "BLOCK": "3",
        "FLOOR": "4",
        "FLAT": NaN,
        "HOUSE_NUM_PREFIX": 81.0,
        "STREET_NAME_ENG": "FUK WING STREET",
        "STREET_NAME_CHN": "福榮街",
        "AREA_DESC_ENG": "KOWLOON",
        "AREA_DESC_CHN": "九龍",
        "FREE_FORMAT_ADDR_ENG": "4TH FLOOR OF BLOCK \"3\" FUK WING HOUSE NOS.81-87 83A & 85A FUK WING STREET KOWLOON",
        "FREE_FORMAT_ADDR_CHN": NaN,
        "DEV_NAME_ENG": "FUK WING HOUSE",
        "DEV_NAME_CHN": NaN,
        "FIRST_REFERENCE_LOT_PRN": "C4641077"
    },
    {
        "PRN": "A4211476",
        "SEQ_NUM": 1,
        "BLOCK": "3",
        "FLOOR": "5",
        "FLAT": NaN,
        "HOUSE_NUM_PREFIX": 81.0,
        "STREET_NAME_ENG": "FUK WING STREET",
        "STREET_NAME_CHN": "福榮街",
        "AREA_DESC_ENG": "KOWLOON",
        "AREA_DESC_CHN": "九龍",
        "FREE_FORMAT_ADDR_ENG": "5TH FLOOR OF BLOCK \"3\" FUK WING HOUSE NOS.81-87 83A & 85A FUK WING STREET KOWLOON",
        "FREE_FORMAT_ADDR_CHN": NaN,
        "DEV_NAME_ENG": "FUK WING HOUSE",
        "DEV_NAME_CHN": NaN,
        "FIRST_REFERENCE_LOT_PRN": "C4641077"
    },
    {
        "PRN": "A4211489",
        "SEQ_NUM": 1,
        "BLOCK": "3",
        "FLOOR": "6",
        "FLAT": NaN,
        "HOUSE_NUM_PREFIX": 81.0,
        "STREET_NAME_ENG": "FUK WING STREET",
        "STREET_NAME_CHN": "福榮街",
        "AREA_DESC_ENG": "KOWLOON",
        "AREA_DESC_CHN": "九龍",
        "FREE_FORMAT_ADDR_ENG": "6TH FLOOR OF BLOCK \"3\" FUK WING HOUSE NOS.81-87 83A & 85A FUK WING STREET KOWLOON",
        "FREE_FORMAT_ADDR_CHN": NaN,
        "DEV_NAME_ENG": "FUK WING HOUSE",
        "DEV_NAME_CHN": NaN,
        "FIRST_REFERENCE_LOT_PRN": "C4641077"
    },
    {
        "PRN": "A4211497",
        "SEQ_NUM": 1,
        "BLOCK": "3",
        "FLOOR": "7",
        "FLAT": "FP",
        "HOUSE_NUM_PREFIX": 81.0,
        "STREET_NAME_ENG": "FUK WING STREET",
        "STREET_NAME_CHN": "福榮街",
        "AREA_DESC_ENG": "KOWLOON",
        "AREA_DESC_CHN": "九龍",
        "FREE_FORMAT_ADDR_ENG": "7TH FLOOR (FRONT PORTION) (7/F OF NO.85 FUK WING STREET) FUK WING HOUSE NOS.81-87 83A & 85A FUK WING STREET KOWLOON",
        "FREE_FORMAT_ADDR_CHN": NaN,
        "DEV_NAME_ENG": "FUK WING HOUSE",
        "DEV_NAME_CHN": NaN,
        "FIRST_REFERENCE_LOT_PRN": "C4641077"
    },
    {
        "PRN": "A4211504",
        "SEQ_NUM": 1,
        "BLOCK": "4",
        "FLOOR": "G",
        "FLAT": NaN,
        "HOUSE_NUM_PREFIX": 81.0,
        "STREET_NAME_ENG": "FUK WING STREET",
        "STREET_NAME_CHN": "福榮街",
        "AREA_DESC_ENG": "KOWLOON",
        "AREA_DESC_CHN": "九龍",
        "FREE_FORMAT_ADDR_ENG": "GROUND AND MEZZ.FLOOR (BLOCK 4) FUK WING HOUSE NOS.81-87 FUK WING STREET KOWLOON ",
        "FREE_FORMAT_ADDR_CHN": NaN,
        "DEV_NAME_ENG": "FUK WING HOUSE",
        "DEV_NAME_CHN": NaN,
        "FIRST_REFERENCE_LOT_PRN": "C4641077"
    },
    {
        "PRN": "A4211518",
        "SEQ_NUM": 1,
        "BLOCK": "4",
        "FLOOR": "1",
        "FLAT": NaN,
        "HOUSE_NUM_PREFIX": 81.0,
        "STREET_NAME_ENG": "FUK WING STREET",
        "STREET_NAME_CHN": "福榮街",
        "AREA_DESC_ENG": "KOWLOON",
        "AREA_DESC_CHN": "九龍",
        "FREE_FORMAT_ADDR_ENG": "1ST FLOOR (FRONT PORTION) OF BLOCK \"4\" (1/F OF NO.87 FUK WING STREET) FUK WING HOUSE NOS.81-87 83A & 85A FUK WING STREET KOWLOON",
        "FREE_FORMAT_ADDR_CHN": NaN,
        "DEV_NAME_ENG": "FUK WING HOUSE",
        "DEV_NAME_CHN": NaN,
        "FIRST_REFERENCE_LOT_PRN": "C4641077"
    },
    {
        "PRN": "A4211522",
        "SEQ_NUM": 1,
        "BLOCK": "4",
        "FLOOR": "2",
        "FLAT": NaN,
        "HOUSE_NUM_PREFIX": 81.0,
        "STREET_NAME_ENG": "FUK WING STREET",
        "STREET_NAME_CHN": "福榮街",
        "AREA_DESC_ENG": "KOWLOON",
        "AREA_DESC_CHN": "九龍",
        "FREE_FORMAT_ADDR_ENG": "2ND FLOOR OF BLOCK \"4\" FUK WING HOUSE NOS.81-87 83A & 85A FUK WING STREET KOWLOON",
        "FREE_FORMAT_ADDR_CHN": NaN,
        "DEV_NAME_ENG": "FUK WING HOUSE",
        "DEV_NAME_CHN": NaN,
        "FIRST_REFERENCE_LOT_PRN": "C4641077"
    },
    {
        "PRN": "A4211535",
        "SEQ_NUM": 1,
        "BLOCK": "4",
        "FLOOR": "3",
        "FLAT": NaN,
        "HOUSE_NUM_PREFIX": 81.0,
        "STREET_NAME_ENG": "FUK WING STREET",
        "STREET_NAME_CHN": "福榮街",
        "AREA_DESC_ENG": "KOWLOON",
        "AREA_DESC_CHN": "九龍",
        "FREE_FORMAT_ADDR_ENG": "3RD FLOOR OF BLOCK \"4\" FUK WING HOUSE NOS.81-87 83A & 85A FUK WING STREET KOWLOON",
        "FREE_FORMAT_ADDR_CHN": NaN,
        "DEV_NAME_ENG": "FUK WING HOUSE",
        "DEV_NAME_CHN": NaN,
        "FIRST_REFERENCE_LOT_PRN": "C4641077"
    },
    {
        "PRN": "A4211544",
        "SEQ_NUM": 1,
        "BLOCK": "4",
        "FLOOR": "4",
        "FLAT": NaN,
        "HOUSE_NUM_PREFIX": 81.0,
        "STREET_NAME_ENG": "FUK WING STREET",
        "STREET_NAME_CHN": "福榮街",
        "AREA_DESC_ENG": "KOWLOON",
        "AREA_DESC_CHN": "九龍",
        "FREE_FORMAT_ADDR_ENG": "4TH FLOOR OF BLOCK \"4\" FUK WING HOUSE NOS.81-87 83A & 85A FUK WING STREET KOWLOON",
        "FREE_FORMAT_ADDR_CHN": NaN,
        "DEV_NAME_ENG": "FUK WING HOUSE",
        "DEV_NAME_CHN": NaN,
        "FIRST_REFERENCE_LOT_PRN": "C4641077"
    },
    {
        "PRN": "A4211550",
        "SEQ_NUM": 1,
        "BLOCK": "4",
        "FLOOR": "6",
        "FLAT": NaN,
        "HOUSE_NUM_PREFIX": 81.0,
        "STREET_NAME_ENG": "FUK WING STREET",
        "STREET_NAME_CHN": "福榮街",
        "AREA_DESC_ENG": "KOWLOON",
        "AREA_DESC_CHN": "九龍",
        "FREE_FORMAT_ADDR_ENG": "6TH FLOOR OF BLOCK \"4\" FUK WING HOUSE NOS.81-87 83A & 85A FUK WING STREET KOWLOON",
        "FREE_FORMAT_ADDR_CHN": NaN,
        "DEV_NAME_ENG": "FUK WING HOUSE",
        "DEV_NAME_CHN": NaN,
        "FIRST_REFERENCE_LOT_PRN": "C4641077"
    },
    {
        "PRN": "A4211562",
        "SEQ_NUM": 1,
        "BLOCK": "4",
        "FLOOR": "7",
        "FLAT": NaN,
        "HOUSE_NUM_PREFIX": 81.0,
        "STREET_NAME_ENG": "FUK WING STREET",
        "STREET_NAME_CHN": "福榮街",
        "AREA_DESC_ENG": "KOWLOON",
        "AREA_DESC_CHN": "九龍",
        "FREE_FORMAT_ADDR_ENG": "7TH FLOOR OF BLOCK \"4\" FUK WING HOUSE NOS.81-87 83A & 85A FUK WING STREET KOWLOON",
        "FREE_FORMAT_ADDR_CHN": NaN,
        "DEV_NAME_ENG": "FUK WING HOUSE",
        "DEV_NAME_CHN": NaN,
        "FIRST_REFERENCE_LOT_PRN": "C4641077"
    },
    {
        "PRN": "A4211577",
        "SEQ_NUM": 1,
        "BLOCK": "4",
        "FLOOR": "8",
        "FLAT": NaN,
        "HOUSE_NUM_PREFIX": 81.0,
        "STREET_NAME_ENG": "FUK WING STREET",
        "STREET_NAME_CHN": "福榮街",
        "AREA_DESC_ENG": "KOWLOON",
        "AREA_DESC_CHN": "九龍",
        "FREE_FORMAT_ADDR_ENG": "8TH FLOOR OF BLOCK \"4\" FUK WING HOUSE NOS.81-87 83A & 85A FUK WING STREET KOWLOON",
        "FREE_FORMAT_ADDR_CHN": NaN,
        "DEV_NAME_ENG": "FUK WING HOUSE",
        "DEV_NAME_CHN": NaN,
        "FIRST_REFERENCE_LOT_PRN": "C4641077"
    },
    {
        "PRN": "A4211583",
        "SEQ_NUM": 1,
        "BLOCK": "5",
        "FLOOR": "4",
        "FLAT": NaN,
        "HOUSE_NUM_PREFIX": 81.0,
        "STREET_NAME_ENG": "FUK WING STREET",
        "STREET_NAME_CHN": "福榮街",
        "AREA_DESC_ENG": "KOWLOON",
        "AREA_DESC_CHN": "九龍",
        "FREE_FORMAT_ADDR_ENG": "4TH FLOOR OF BLOCK \"5\" FUK WING HOUSE NOS.81-87 83A & 85A FUK WING STREET KOWLOON",
        "FREE_FORMAT_ADDR_CHN": NaN,
        "DEV_NAME_ENG": "FUK WING HOUSE",
        "DEV_NAME_CHN": NaN,
        "FIRST_REFERENCE_LOT_PRN": "C4641077"
    },
    {
        "PRN": "A4211594",
        "SEQ_NUM": 1,
        "BLOCK": "5",
        "FLOOR": "8",
        "FLAT": NaN,
        "HOUSE_NUM_PREFIX": 81.0,
        "STREET_NAME_ENG": "FUK WING STREET",
        "STREET_NAME_CHN": "福榮街",
        "AREA_DESC_ENG": "KOWLOON",
        "AREA_DESC_CHN": "九龍",
        "FREE_FORMAT_ADDR_ENG": "8TH FLOOR OF BLOCK \"5\" AND IMMEDIATE ROOF FUK WING HOUSE NOS.81-87 83A & 85A FUK WING STREET KOWLOON",
        "FREE_FORMAT_ADDR_CHN": NaN,
        "DEV_NAME_ENG": "FUK WING HOUSE",
        "DEV_NAME_CHN": NaN,
        "FIRST_REFERENCE_LOT_PRN": "C4641077"
    },
    {
        "PRN": "A4211600",
        "SEQ_NUM": 1,
        "BLOCK": "6",
        "FLOOR": "1",
        "FLAT": NaN,
        "HOUSE_NUM_PREFIX": 81.0,
        "STREET_NAME_ENG": "FUK WING STREET",
        "STREET_NAME_CHN": "福榮街",
        "AREA_DESC_ENG": "KOWLOON",
        "AREA_DESC_CHN": "九龍",
        "FREE_FORMAT_ADDR_ENG": "1ST FLOOR OF BLOCK \"6\" FUK WING HOUSE NOS.81-87 83A & 85A FUK WING STREET KOWLOON",
        "FREE_FORMAT_ADDR_CHN": NaN,
        "DEV_NAME_ENG": "FUK WING HOUSE",
        "DEV_NAME_CHN": NaN,
        "FIRST_REFERENCE_LOT_PRN": "C4641077"
    },
    {
        "PRN": "A4211615",
        "SEQ_NUM": 1,
        "BLOCK": "6",
        "FLOOR": "4",
        "FLAT": NaN,
        "HOUSE_NUM_PREFIX": 81.0,
        "STREET_NAME_ENG": "FUK WING STREET",
        "STREET_NAME_CHN": "福榮街",
        "AREA_DESC_ENG": "KOWLOON",
        "AREA_DESC_CHN": "九龍",
        "FREE_FORMAT_ADDR_ENG": "4TH FLOOR (REAR PORTION) (FORMERLY KNOWN AS 4TH FLOOR ON BLOCK 6) (NOW KNOWN AS 4TH FLOOR OF NO. 85A FUK WING STREET) FUK WING HOUSE NOS. 81 83 83A 85 85A AND 87 FUK WING STREET KOWLOON",
        "FREE_FORMAT_ADDR_CHN": NaN,
        "DEV_NAME_ENG": "FUK WING HOUSE",
        "DEV_NAME_CHN": NaN,
        "FIRST_REFERENCE_LOT_PRN": "C4641077"
    },
    {
        "PRN": "A4211628",
        "SEQ_NUM": 1,
        "BLOCK": "6",
        "FLOOR": "8",
        "FLAT": NaN,
        "HOUSE_NUM_PREFIX": 81.0,
        "STREET_NAME_ENG": "FUK WING STREET",
        "STREET_NAME_CHN": "福榮街",
        "AREA_DESC_ENG": "KOWLOON",
        "AREA_DESC_CHN": "九龍",
        "FREE_FORMAT_ADDR_ENG": "8TH FLOOR AND ROOF OF BLOCK \"6\" FUK WING HOUSE NOS.81-87 83A & 85A FUK WING STREET KOWLOON",
        "FREE_FORMAT_ADDR_CHN": NaN,
        "DEV_NAME_ENG": "FUK WING HOUSE",
        "DEV_NAME_CHN": NaN,
        "FIRST_REFERENCE_LOT_PRN": "C4641077"
    },
    {
        "PRN": "B3904670",
        "SEQ_NUM": 1,
        "BLOCK": "4",
        "FLOOR": "5",
        "FLAT": NaN,
        "HOUSE_NUM_PREFIX": 81.0,
        "STREET_NAME_ENG": "FUK WING STREET",
        "STREET_NAME_CHN": "福榮街",
        "AREA_DESC_ENG": "KOWLOON",
        "AREA_DESC_CHN": "九龍",
        "FREE_FORMAT_ADDR_ENG": "5TH FLOOR OF BLOCK \"4\" FUK WING HOUSE NOS.81-87 83A & 85A FUK WING STREET KOWLOON",
        "FREE_FORMAT_ADDR_CHN": NaN,
        "DEV_NAME_ENG": "FUK WING HOUSE",
        "DEV_NAME_CHN": NaN,
        "FIRST_REFERENCE_LOT_PRN": "C4641077"
    },
    {
        "PRN": "B3904685",
        "SEQ_NUM": 1,
        "BLOCK": "5",
        "FLOOR": "2",
        "FLAT": NaN,
        "HOUSE_NUM_PREFIX": 81.0,
        "STREET_NAME_ENG": "FUK WING STREET",
        "STREET_NAME_CHN": "福榮街",
        "AREA_DESC_ENG": "KOWLOON",
        "AREA_DESC_CHN": "九龍",
        "FREE_FORMAT_ADDR_ENG": "2ND FLOOR OF BLOCK \"5\" FUK WING HOUSE NOS.81-87 83A & 85A FUK WING STREET KOWLOON",
        "FREE_FORMAT_ADDR_CHN": NaN,
        "DEV_NAME_ENG": "FUK WING HOUSE",
        "DEV_NAME_CHN": NaN,
        "FIRST_REFERENCE_LOT_PRN": "C4641077"
    },
    {
        "PRN": "B3904696",
        "SEQ_NUM": 1,
        "BLOCK": "5",
        "FLOOR": "7",
        "FLAT": NaN,
        "HOUSE_NUM_PREFIX": 81.0,
        "STREET_NAME_ENG": "FUK WING STREET",
        "STREET_NAME_CHN": "福榮街",
        "AREA_DESC_ENG": "KOWLOON",
        "AREA_DESC_CHN": "九龍",
        "FREE_FORMAT_ADDR_ENG": "7TH FLOOR OF BLOCK \"5\" FUK WING HOUSE NOS.81-87 83A & 85A FUK WING STREET KOWLOON",
        "FREE_FORMAT_ADDR_CHN": NaN,
        "DEV_NAME_ENG": "FUK WING HOUSE",
        "DEV_NAME_CHN": NaN,
        "FIRST_REFERENCE_LOT_PRN": "C4641077"
    },
    {
        "PRN": "B3904705",
        "SEQ_NUM": 1,
        "BLOCK": "6",
        "FLOOR": "7",
        "FLAT": NaN,
        "HOUSE_NUM_PREFIX": 81.0,
        "STREET_NAME_ENG": "FUK WING STREET",
        "STREET_NAME_CHN": "福榮街",
        "AREA_DESC_ENG": "KOWLOON",
        "AREA_DESC_CHN": "九龍",
        "FREE_FORMAT_ADDR_ENG": "7TH FLOOR OF BLOCK \"6\" FUK WING HOUSE NOS.81-87 83A & 85A FUK WING STREET KOWLOON",
        "FREE_FORMAT_ADDR_CHN": NaN,
        "DEV_NAME_ENG": "FUK WING HOUSE",
        "DEV_NAME_CHN": NaN,
        "FIRST_REFERENCE_LOT_PRN": "C4641077"
    },
    {
        "PRN": "B5155517",
        "SEQ_NUM": 1,
        "BLOCK": "1",
        "FLOOR": "3",
        "FLAT": NaN,
        "HOUSE_NUM_PREFIX": 81.0,
        "STREET_NAME_ENG": "FUK WING STREET",
        "STREET_NAME_CHN": "福榮街",
        "AREA_DESC_ENG": "KOWLOON",
        "AREA_DESC_CHN": "九龍",
        "FREE_FORMAT_ADDR_ENG": "3RD FLOOR OF BLOCK \"1\" FUK WING HOUSE NOS.81-87 83A & 85A FUK WING STREET KOWLOON",
        "FREE_FORMAT_ADDR_CHN": NaN,
        "DEV_NAME_ENG": "FUK WING HOUSE",
        "DEV_NAME_CHN": NaN,
        "FIRST_REFERENCE_LOT_PRN": "C4641077"
    },
    {
        "PRN": "B5155520",
        "SEQ_NUM": 1,
        "BLOCK": "4",
        "FLOOR": "R",
        "FLAT": NaN,
        "HOUSE_NUM_PREFIX": 81.0,
        "STREET_NAME_ENG": "FUK WING STREET",
        "STREET_NAME_CHN": "福榮街",
        "AREA_DESC_ENG": "KOWLOON",
        "AREA_DESC_CHN": "九龍",
        "FREE_FORMAT_ADDR_ENG": "THE IMMEDIATE ROOF THEREOF OF BLOCK 4 ON EIGHTH FLOOR FUK WING HOUSE NOS.81-87 83A & 85A FUK WING STREET KOWLOON",
        "FREE_FORMAT_ADDR_CHN": NaN,
        "DEV_NAME_ENG": "FUK WING HOUSE",
        "DEV_NAME_CHN": NaN,
        "FIRST_REFERENCE_LOT_PRN": "C4641077"
    },
    {
        "PRN": "B5826031",
        "SEQ_NUM": 1,
        "BLOCK": "6",
        "FLOOR": "5",
        "FLAT": NaN,
        "HOUSE_NUM_PREFIX": 81.0,
        "STREET_NAME_ENG": "FUK WING STREET",
        "STREET_NAME_CHN": "福榮街",
        "AREA_DESC_ENG": "KOWLOON",
        "AREA_DESC_CHN": "九龍",
        "FREE_FORMAT_ADDR_ENG": "5TH FLOOR OF BLOCK \"6\" FUK WING HOUSE NOS.81-87 83A & 85A FUK WING STREET KOWLOON",
        "FREE_FORMAT_ADDR_CHN": NaN,
        "DEV_NAME_ENG": "FUK WING HOUSE",
        "DEV_NAME_CHN": NaN,
        "FIRST_REFERENCE_LOT_PRN": "C4641077"
    },
    {
        "PRN": "B6583764",
        "SEQ_NUM": 1,
        "BLOCK": "1",
        "FLOOR": "7",
        "FLAT": NaN,
        "HOUSE_NUM_PREFIX": 81.0,
        "STREET_NAME_ENG": "FUK WING STREET",
        "STREET_NAME_CHN": "福榮街",
        "AREA_DESC_ENG": "KOWLOON",
        "AREA_DESC_CHN": "九龍",
        "FREE_FORMAT_ADDR_ENG": "7TH FLOOR OF BLOCK \"1\" FUK WING HOUSE NOS.81-87 83A & 85A FUK WING STREET KOWLOON",
        "FREE_FORMAT_ADDR_CHN": NaN,
        "DEV_NAME_ENG": "FUK WING HOUSE",
        "DEV_NAME_CHN": NaN,
        "FIRST_REFERENCE_LOT_PRN": "C4641077"
    },
    {
        "PRN": "B6583770",
        "SEQ_NUM": 1,
        "BLOCK": "5",
        "FLOOR": "1",
        "FLAT": NaN,
        "HOUSE_NUM_PREFIX": 81.0,
        "STREET_NAME_ENG": "FUK WING STREET",
        "STREET_NAME_CHN": "福榮街",
        "AREA_DESC_ENG": "KOWLOON",
        "AREA_DESC_CHN": "九龍",
        "FREE_FORMAT_ADDR_ENG": "1ST FLOOR OF BLOCK \"5\" FUK WING HOUSE NOS.81-87 83A & 85A FUK WING STREET KOWLOON",
        "FREE_FORMAT_ADDR_CHN": NaN,
        "DEV_NAME_ENG": "FUK WING HOUSE",
        "DEV_NAME_CHN": NaN,
        "FIRST_REFERENCE_LOT_PRN": "C4641077"
    },
    {
        "PRN": "B6583786",
        "SEQ_NUM": 1,
        "BLOCK": "5",
        "FLOOR": "3",
        "FLAT": NaN,
        "HOUSE_NUM_PREFIX": 81.0,
        "STREET_NAME_ENG": "FUK WING STREET",
        "STREET_NAME_CHN": "福榮街",
        "AREA_DESC_ENG": "KOWLOON",
        "AREA_DESC_CHN": "九龍",
        "FREE_FORMAT_ADDR_ENG": "3RD FLOOR OF BLOCK \"5\" FUK WING HOUSE NOS.81-87 83A & 85A FUK WING STREET KOWLOON",
        "FREE_FORMAT_ADDR_CHN": NaN,
        "DEV_NAME_ENG": "FUK WING HOUSE",
        "DEV_NAME_CHN": NaN,
        "FIRST_REFERENCE_LOT_PRN": "C4641077"
    },
    {
        "PRN": "B6583797",
        "SEQ_NUM": 1,
        "BLOCK": "6",
        "FLOOR": "2",
        "FLAT": NaN,
        "HOUSE_NUM_PREFIX": 81.0,
        "STREET_NAME_ENG": "FUK WING STREET",
        "STREET_NAME_CHN": "福榮街",
        "AREA_DESC_ENG": "KOWLOON",
        "AREA_DESC_CHN": "九龍",
        "FREE_FORMAT_ADDR_ENG": "2ND FLOOR OF BLOCK \"6\" FUK WING HOUSE NOS.81-87 83A & 85A FUK WING STREET KOWLOON",
        "FREE_FORMAT_ADDR_CHN": NaN,
        "DEV_NAME_ENG": "FUK WING HOUSE",
        "DEV_NAME_CHN": NaN,
        "FIRST_REFERENCE_LOT_PRN": "C4641077"
    },
    {
        "PRN": "B6583809",
        "SEQ_NUM": 1,
        "BLOCK": "6",
        "FLOOR": "3",
        "FLAT": NaN,
        "HOUSE_NUM_PREFIX": 81.0,
        "STREET_NAME_ENG": "FUK WING STREET",
        "STREET_NAME_CHN": "福榮街",
        "AREA_DESC_ENG": "KOWLOON",
        "AREA_DESC_CHN": "九龍",
        "FREE_FORMAT_ADDR_ENG": "3RD FLOOR OF BLOCK \"6\" FUK WING HOUSE NOS.81-87 83A & 85A FUK WING STREET KOWLOON",
        "FREE_FORMAT_ADDR_CHN": NaN,
        "DEV_NAME_ENG": "FUK WING HOUSE",
        "DEV_NAME_CHN": NaN,
        "FIRST_REFERENCE_LOT_PRN": "C4641077"
    },
    {
        "PRN": "B9269730",
        "SEQ_NUM": 1,
        "BLOCK": "1",
        "FLOOR": "G",
        "FLAT": NaN,
        "HOUSE_NUM_PREFIX": 81.0,
        "STREET_NAME_ENG": "FUK WING STREET",
        "STREET_NAME_CHN": "福榮街",
        "AREA_DESC_ENG": "KOWLOON",
        "AREA_DESC_CHN": "九龍",
        "FREE_FORMAT_ADDR_ENG": "GROUND FLOOR AND MEZZANINE FLOOR (NO.81 FUK WING STREET) OF BLOCK 1 FUK WING HOUSE NOS.81-87 FUK WING STREET KOWLOON",
        "FREE_FORMAT_ADDR_CHN": NaN,
        "DEV_NAME_ENG": "FUK WING HOUSE",
        "DEV_NAME_CHN": NaN,
        "FIRST_REFERENCE_LOT_PRN": "C4641077"
    },
    {
        "PRN": "B9269749",
        "SEQ_NUM": 1,
        "BLOCK": "3",
        "FLOOR": "3",
        "FLAT": NaN,
        "HOUSE_NUM_PREFIX": 81.0,
        "STREET_NAME_ENG": "FUK WING STREET",
        "STREET_NAME_CHN": "福榮街",
        "AREA_DESC_ENG": "KOWLOON",
        "AREA_DESC_CHN": "九龍",
        "FREE_FORMAT_ADDR_ENG": "3RD FLOOR OF BLOCK \"3\" FUK WING HOUSE NOS.81-87 83A & 85A FUK WING STREET KOWLOON",
        "FREE_FORMAT_ADDR_CHN": NaN,
        "DEV_NAME_ENG": "FUK WING HOUSE",
        "DEV_NAME_CHN": NaN,
        "FIRST_REFERENCE_LOT_PRN": "C4641077"
    },
    {
        "PRN": "B9269757",
        "SEQ_NUM": 1,
        "BLOCK": "3",
        "FLOOR": "8",
        "FLAT": NaN,
        "HOUSE_NUM_PREFIX": 81.0,
        "STREET_NAME_ENG": "FUK WING STREET",
        "STREET_NAME_CHN": "福榮街",
        "AREA_DESC_ENG": "KOWLOON",
        "AREA_DESC_CHN": "九龍",
        "FREE_FORMAT_ADDR_ENG": "8TH FLOOR AND ITS IMMEDIATE ROOF OF BLOCK \"3\" FUK WING HOUSE NOS.81-87 83A & 85A FUK WING STREET KOWLOON",
        "FREE_FORMAT_ADDR_CHN": NaN,
        "DEV_NAME_ENG": "FUK WING HOUSE",
        "DEV_NAME_CHN": NaN,
        "FIRST_REFERENCE_LOT_PRN": "C4641077"
    },
    {
        "PRN": "B9269764",
        "SEQ_NUM": 1,
        "BLOCK": "5",
        "FLOOR": "5",
        "FLAT": NaN,
        "HOUSE_NUM_PREFIX": 81.0,
        "STREET_NAME_ENG": "FUK WING STREET",
        "STREET_NAME_CHN": "福榮街",
        "AREA_DESC_ENG": "KOWLOON",
        "AREA_DESC_CHN": "九龍",
        "FREE_FORMAT_ADDR_ENG": "5TH FLOOR OF BLOCK \"5\" FUK WING HOUSE NOS.81-87 83A & 85A FUK WING STREET KOWLOON",
        "FREE_FORMAT_ADDR_CHN": NaN,
        "DEV_NAME_ENG": "FUK WING HOUSE",
        "DEV_NAME_CHN": NaN,
        "FIRST_REFERENCE_LOT_PRN": "C4641077"
    },
    {
        "PRN": "B9269770",
        "SEQ_NUM": 1,
        "BLOCK": "5",
        "FLOOR": "6",
        "FLAT": NaN,
        "HOUSE_NUM_PREFIX": 81.0,
        "STREET_NAME_ENG": "FUK WING STREET",
        "STREET_NAME_CHN": "福榮街",
        "AREA_DESC_ENG": "KOWLOON",
        "AREA_DESC_CHN": "九龍",
        "FREE_FORMAT_ADDR_ENG": "6TH FLOOR (REAR PORTION) OF BLOCK \"5\" (NOW KNOWN AS 6/F OF NO.83A FUK WING ST.) FUK WING HOUSE NOS.81-87 83A & 85A FUK WING STREET KOWLOON",
        "FREE_FORMAT_ADDR_CHN": NaN,
        "DEV_NAME_ENG": "FUK WING HOUSE",
        "DEV_NAME_CHN": NaN,
        "FIRST_REFERENCE_LOT_PRN": "C4641077"
    },
    {
        "PRN": "B9269789",
        "SEQ_NUM": 1,
        "BLOCK": "6",
        "FLOOR": "6",
        "FLAT": NaN,
        "HOUSE_NUM_PREFIX": 81.0,
        "STREET_NAME_ENG": "FUK WING STREET",
        "STREET_NAME_CHN": "福榮街",
        "AREA_DESC_ENG": "KOWLOON",
        "AREA_DESC_CHN": "九龍",
        "FREE_FORMAT_ADDR_ENG": "6TH FLOOR OF BLOCK \"6\" FUK WING HOUSE NOS.81-87 83A & 85A FUK WING STREET KOWLOON",
        "FREE_FORMAT_ADDR_CHN": NaN,
        "DEV_NAME_ENG": "FUK WING HOUSE",
        "DEV_NAME_CHN": NaN,
        "FIRST_REFERENCE_LOT_PRN": "C4641077"
    },
    {
        "PRN": "C0521848",
        "SEQ_NUM": 1,
        "BLOCK": "2",
        "FLOOR": "1",
        "FLAT": NaN,
        "HOUSE_NUM_PREFIX": 81.0,
        "STREET_NAME_ENG": "FUK WING STREET",
        "STREET_NAME_CHN": "福榮街",
        "AREA_DESC_ENG": "KOWLOON",
        "AREA_DESC_CHN": "九龍",
        "FREE_FORMAT_ADDR_ENG": "1ST FLOOR OF BLOCK \"2\" FUK WING HOUSE NOS.81-87 83A & 85A FUK WING STREET KOWLOON",
        "FREE_FORMAT_ADDR_CHN": NaN,
        "DEV_NAME_ENG": "FUK WING HOUSE",
        "DEV_NAME_CHN": NaN,
        "FIRST_REFERENCE_LOT_PRN": "C4641077"
    },
    {
        "PRN": "C0521851",
        "SEQ_NUM": 1,
        "BLOCK": "2",
        "FLOOR": "7",
        "FLAT": NaN,
        "HOUSE_NUM_PREFIX": 81.0,
        "STREET_NAME_ENG": "FUK WING STREET",
        "STREET_NAME_CHN": "福榮街",
        "AREA_DESC_ENG": "KOWLOON",
        "AREA_DESC_CHN": "九龍",
        "FREE_FORMAT_ADDR_ENG": "7TH FLOOR (FRONT PORTION) (FORMERLY KNOWN AS 7TH FLOOR OF BLOCK \"2\" FUK WING HOUSE) (NOW KNOWN AS 7TH FLOOR OF NO. 83 FUK WING STREET) NOS. 81-87 83A & 85A FUK WING STREET KOWLOON",
        "FREE_FORMAT_ADDR_CHN": NaN,
        "DEV_NAME_ENG": "FUK WING HOUSE",
        "DEV_NAME_CHN": NaN,
        "FIRST_REFERENCE_LOT_PRN": "C4641077"
    },
    {
        "PRN": "C0856283",
        "SEQ_NUM": 1,
        "BLOCK": "1",
        "FLOOR": "2",
        "FLAT": NaN,
        "HOUSE_NUM_PREFIX": 81.0,
        "STREET_NAME_ENG": "FUK WING STREET",
        "STREET_NAME_CHN": "福榮街",
        "AREA_DESC_ENG": "KOWLOON",
        "AREA_DESC_CHN": "九龍",
        "FREE_FORMAT_ADDR_ENG": "2ND FLOOR (FRONT PORTION) (FORMERLY KNOWN AS BLOCK \"1\" 2ND FLOOR FUK WING HOUSE) (NOW KNOWN AS 2ND FLOOR OF NO. 81 FUK WING STREET) NOS. 81-87 83A & 85A FUK WING STREET KOWLOON",
        "FREE_FORMAT_ADDR_CHN": NaN,
        "DEV_NAME_ENG": "FUK WING HOUSE",
        "DEV_NAME_CHN": NaN,
        "FIRST_REFERENCE_LOT_PRN": "C4641077"
    },
    {
        "PRN": "C1190132",
        "SEQ_NUM": 1,
        "BLOCK": "1",
        "FLOOR": "5",
        "FLAT": NaN,
        "HOUSE_NUM_PREFIX": 81.0,
        "STREET_NAME_ENG": "FUK WING STREET",
        "STREET_NAME_CHN": "福榮街",
        "AREA_DESC_ENG": "KOWLOON",
        "AREA_DESC_CHN": "九龍",
        "FREE_FORMAT_ADDR_ENG": "5TH FLOOR OF BLOCK \"1\" FUK WING HOUSE NOS.81-87 83A & 85A FUK WING STREET KOWLOON",
        "FREE_FORMAT_ADDR_CHN": NaN,
        "DEV_NAME_ENG": "FUK WING HOUSE",
        "DEV_NAME_CHN": NaN,
        "FIRST_REFERENCE_LOT_PRN": "C4641077"
    }
]