[
    {
        "PRN": "B1472797",
        "SEQ_NUM": 1,
        "BLOCK": "C",
        "FLOOR": "1",
        "FLAT": NaN,
        "HOUSE_NUM_PREFIX": NaN,
        "STREET_NAME_ENG": NaN,
        "STREET_NAME_CHN": NaN,
        "AREA_DESC_ENG": NaN,
        "AREA_DESC_CHN": NaN,
        "FREE_FORMAT_ADDR_ENG": "1/F INCLUDING THE BALCONY BLOCK C OF FUK LAM COURT 92A FUK HING TSUEN YUEN LONG NEW TERRITORIES",
        "FREE_FORMAT_ADDR_CHN": NaN,
        "DEV_NAME_ENG": "FUK LAM COURT",
        "DEV_NAME_CHN": "福臨閣",
        "FIRST_REFERENCE_LOT_PRN": "C2864438"
    },
    {
        "PRN": "B1473257",
        "SEQ_NUM": 1,
        "BLOCK": "B",
        "FLOOR": "1",
        "FLAT": NaN,
        "HOUSE_NUM_PREFIX": NaN,
        "STREET_NAME_ENG": NaN,
        "STREET_NAME_CHN": NaN,
        "AREA_DESC_ENG": NaN,
        "AREA_DESC_CHN": NaN,
        "FREE_FORMAT_ADDR_ENG": "1/F INCLUDING THE BALCONY BLOCK B OF FUK LAM COURT 92A FUK HING TSUEN YUEN LONG NEW TERRITORIES",
        "FREE_FORMAT_ADDR_CHN": NaN,
        "DEV_NAME_ENG": "FUK LAM COURT",
        "DEV_NAME_CHN": "福臨閣",
        "FIRST_REFERENCE_LOT_PRN": "C5829986"
    },
    {
        "PRN": "B1473593",
        "SEQ_NUM": 1,
        "BLOCK": "A",
        "FLOOR": "G",
        "FLAT": NaN,
        "HOUSE_NUM_PREFIX": NaN,
        "STREET_NAME_ENG": NaN,
        "STREET_NAME_CHN": NaN,
        "AREA_DESC_ENG": NaN,
        "AREA_DESC_CHN": NaN,
        "FREE_FORMAT_ADDR_ENG": "G/F AND THE GARDEN BLOCK A OF FUK LAM COURT 92A FUK HING TSUEN YUEN LONG NEW TERRITORIES",
        "FREE_FORMAT_ADDR_CHN": NaN,
        "DEV_NAME_ENG": "FUK LAM COURT",
        "DEV_NAME_CHN": "福臨閣",
        "FIRST_REFERENCE_LOT_PRN": "C2864445"
    },
    {
        "PRN": "B1473606",
        "SEQ_NUM": 1,
        "BLOCK": "A",
        "FLOOR": "1",
        "FLAT": NaN,
        "HOUSE_NUM_PREFIX": NaN,
        "STREET_NAME_ENG": NaN,
        "STREET_NAME_CHN": NaN,
        "AREA_DESC_ENG": NaN,
        "AREA_DESC_CHN": NaN,
        "FREE_FORMAT_ADDR_ENG": "1/F INCLUDING THE BALCONY BLOCK A OF FUK LAM COURT 92A FUK HING TSUEN YUEN LONG NEW TERRITORIES",
        "FREE_FORMAT_ADDR_CHN": NaN,
        "DEV_NAME_ENG": "FUK LAM COURT",
        "DEV_NAME_CHN": "福臨閣",
        "FIRST_REFERENCE_LOT_PRN": "C2864445"
    },
    {
        "PRN": "B1473613",
        "SEQ_NUM": 1,
        "BLOCK": "A",
        "FLOOR": "2",
        "FLAT": NaN,
        "HOUSE_NUM_PREFIX": NaN,
        "STREET_NAME_ENG": NaN,
        "STREET_NAME_CHN": NaN,
        "AREA_DESC_ENG": NaN,
        "AREA_DESC_CHN": NaN,
        "FREE_FORMAT_ADDR_ENG": "2/F INCLUDING THE BALCONY & ROOF BLOCK A OF FUK LAM COURT 92A FUK HING TSUEN YUEN LONG NEW TERRITORIES",
        "FREE_FORMAT_ADDR_CHN": NaN,
        "DEV_NAME_ENG": "FUK LAM COURT",
        "DEV_NAME_CHN": "福臨閣",
        "FIRST_REFERENCE_LOT_PRN": "C2864445"
    },
    {
        "PRN": "B4809564",
        "SEQ_NUM": 1,
        "BLOCK": "C",
        "FLOOR": "G",
        "FLAT": NaN,
        "HOUSE_NUM_PREFIX": NaN,
        "STREET_NAME_ENG": NaN,
        "STREET_NAME_CHN": NaN,
        "AREA_DESC_ENG": NaN,
        "AREA_DESC_CHN": NaN,
        "FREE_FORMAT_ADDR_ENG": "G/F AND THE GARDEN BLOCK C OF FUK LAM COURT 92A FUK HING TSUEN YUEN LONG NEW TERRITORIES",
        "FREE_FORMAT_ADDR_CHN": NaN,
        "DEV_NAME_ENG": "FUK LAM COURT",
        "DEV_NAME_CHN": "福臨閣",
        "FIRST_REFERENCE_LOT_PRN": "C2864438"
    },
    {
        "PRN": "B4809671",
        "SEQ_NUM": 1,
        "BLOCK": "B",
        "FLOOR": "G",
        "FLAT": NaN,
        "HOUSE_NUM_PREFIX": NaN,
        "STREET_NAME_ENG": NaN,
        "STREET_NAME_CHN": NaN,
        "AREA_DESC_ENG": NaN,
        "AREA_DESC_CHN": NaN,
        "FREE_FORMAT_ADDR_ENG": "G/F AND THE GARDEN BLOCK B OF FUK LAM COURT 92A FUK HING TSUEN YUEN LONG NEW TERRITORIES",
        "FREE_FORMAT_ADDR_CHN": NaN,
        "DEV_NAME_ENG": "FUK LAM COURT",
        "DEV_NAME_CHN": "福臨閣",
        "FIRST_REFERENCE_LOT_PRN": "C5829986"
    },
    {
        "PRN": "B7495376",
        "SEQ_NUM": 1,
        "BLOCK": "B",
        "FLOOR": "2",
        "FLAT": NaN,
        "HOUSE_NUM_PREFIX": NaN,
        "STREET_NAME_ENG": NaN,
        "STREET_NAME_CHN": NaN,
        "AREA_DESC_ENG": NaN,
        "AREA_DESC_CHN": NaN,
        "FREE_FORMAT_ADDR_ENG": "2/F INCLUDING THE BALCONY & ROOF BLOCK B OF FUK LAM COURT 92A FUK HING TSUEN YUEN LONG NEW TERRITORIES",
        "FREE_FORMAT_ADDR_CHN": NaN,
        "DEV_NAME_ENG": "FUK LAM COURT",
        "DEV_NAME_CHN": "福臨閣",
        "FIRST_REFERENCE_LOT_PRN": "C5829986"
    },
    {
        "PRN": "B8356852",
        "SEQ_NUM": 1,
        "BLOCK": "C",
        "FLOOR": "2",
        "FLAT": NaN,
        "HOUSE_NUM_PREFIX": NaN,
        "STREET_NAME_ENG": NaN,
        "STREET_NAME_CHN": NaN,
        "AREA_DESC_ENG": NaN,
        "AREA_DESC_CHN": NaN,
        "FREE_FORMAT_ADDR_ENG": "2/F INCLUDING THE BALCONY & ROOF BLOCK C OF FUK LAM COURT 92A FUK HING TSUEN YUEN LONG NEW TERRITORIES",
        "FREE_FORMAT_ADDR_CHN": NaN,
        "DEV_NAME_ENG": "FUK LAM COURT",
        "DEV_NAME_CHN": "福臨閣",
        "FIRST_REFERENCE_LOT_PRN": "C2864438"
    }
]