[
    {
        "PRN": "A1801210",
        "SEQ_NUM": 1,
        "BLOCK": "AB",
        "FLOOR": "1",
        "FLAT": "A",
        "HOUSE_NUM_PREFIX": 84.0,
        "STREET_NAME_ENG": "POK FU LAM ROAD",
        "STREET_NAME_CHN": "薄扶林道",
        "AREA_DESC_ENG": "HONG KONG",
        "AREA_DESC_CHN": "香港",
        "FREE_FORMAT_ADDR_ENG": "FLAT A ON 1ST FLOOR OF BLOCK AB FULHAM GARDEN NO.84 POK FU LAM ROAD HONG KONG",
        "FREE_FORMAT_ADDR_CHN": NaN,
        "DEV_NAME_ENG": "FULHAM GARDEN",
        "DEV_NAME_CHN": "富林苑",
        "FIRST_REFERENCE_LOT_PRN": "C4376313"
    },
    {
        "PRN": "A1801224",
        "SEQ_NUM": 1,
        "BLOCK": "AB",
        "FLOOR": "11",
        "FLAT": "A",
        "HOUSE_NUM_PREFIX": 84.0,
        "STREET_NAME_ENG": "POK FU LAM ROAD",
        "STREET_NAME_CHN": "薄扶林道",
        "AREA_DESC_ENG": "HONG KONG",
        "AREA_DESC_CHN": "香港",
        "FREE_FORMAT_ADDR_ENG": "FLAT A ON 11TH FLOOR OF BLOCK AB FULHAM GARDEN NO.84 POK FU LAM ROAD HONG KONG",
        "FREE_FORMAT_ADDR_CHN": NaN,
        "DEV_NAME_ENG": "FULHAM GARDEN",
        "DEV_NAME_CHN": "富林苑",
        "FIRST_REFERENCE_LOT_PRN": "C4376313"
    },
    {
        "PRN": "A1801231",
        "SEQ_NUM": 1,
        "BLOCK": "AB",
        "FLOOR": "12",
        "FLAT": "A",
        "HOUSE_NUM_PREFIX": 84.0,
        "STREET_NAME_ENG": "POK FU LAM ROAD",
        "STREET_NAME_CHN": "薄扶林道",
        "AREA_DESC_ENG": "HONG KONG",
        "AREA_DESC_CHN": "香港",
        "FREE_FORMAT_ADDR_ENG": "FLAT A ON 12TH FLOOR OF BLOCK AB FULHAM GARDEN NO.84 POK FU LAM ROAD HONG KONG",
        "FREE_FORMAT_ADDR_CHN": NaN,
        "DEV_NAME_ENG": "FULHAM GARDEN",
        "DEV_NAME_CHN": "富林苑",
        "FIRST_REFERENCE_LOT_PRN": "C4376313"
    },
    {
        "PRN": "A1801243",
        "SEQ_NUM": 1,
        "BLOCK": "AB",
        "FLOOR": "4",
        "FLAT": "A",
        "HOUSE_NUM_PREFIX": 84.0,
        "STREET_NAME_ENG": "POK FU LAM ROAD",
        "STREET_NAME_CHN": "薄扶林道",
        "AREA_DESC_ENG": "HONG KONG",
        "AREA_DESC_CHN": "香港",
        "FREE_FORMAT_ADDR_ENG": "FLAT A ON 4TH FLOOR OF BLOCK AB FULHAM GARDEN NO.84 POK FU LAM ROAD HONG KONG",
        "FREE_FORMAT_ADDR_CHN": NaN,
        "DEV_NAME_ENG": "FULHAM GARDEN",
        "DEV_NAME_CHN": "富林苑",
        "FIRST_REFERENCE_LOT_PRN": "C4376313"
    },
    {
        "PRN": "A1801250",
        "SEQ_NUM": 1,
        "BLOCK": "AB",
        "FLOOR": "5",
        "FLAT": "A",
        "HOUSE_NUM_PREFIX": 84.0,
        "STREET_NAME_ENG": "POK FU LAM ROAD",
        "STREET_NAME_CHN": "薄扶林道",
        "AREA_DESC_ENG": "HONG KONG",
        "AREA_DESC_CHN": "香港",
        "FREE_FORMAT_ADDR_ENG": "FLAT A ON 5TH FLOOR OF BLOCK AB FULHAM GARDEN NO.84 POK FU LAM ROAD HONG KONG",
        "FREE_FORMAT_ADDR_CHN": NaN,
        "DEV_NAME_ENG": "FULHAM GARDEN",
        "DEV_NAME_CHN": "富林苑",
        "FIRST_REFERENCE_LOT_PRN": "C4376313"
    },
    {
        "PRN": "A1801269",
        "SEQ_NUM": 1,
        "BLOCK": "AB",
        "FLOOR": "6",
        "FLAT": "A",
        "HOUSE_NUM_PREFIX": 84.0,
        "STREET_NAME_ENG": "POK FU LAM ROAD",
        "STREET_NAME_CHN": "薄扶林道",
        "AREA_DESC_ENG": "HONG KONG",
        "AREA_DESC_CHN": "香港",
        "FREE_FORMAT_ADDR_ENG": "FLAT A ON 6TH FLOOR OF BLOCK AB FULHAM GARDEN NO.84 POK FU LAM ROAD HONG KONG",
        "FREE_FORMAT_ADDR_CHN": NaN,
        "DEV_NAME_ENG": "FULHAM GARDEN",
        "DEV_NAME_CHN": "富林苑",
        "FIRST_REFERENCE_LOT_PRN": "C4376313"
    },
    {
        "PRN": "A1801270",
        "SEQ_NUM": 1,
        "BLOCK": "AB",
        "FLOOR": "7",
        "FLAT": "A",
        "HOUSE_NUM_PREFIX": 84.0,
        "STREET_NAME_ENG": "POK FU LAM ROAD",
        "STREET_NAME_CHN": "薄扶林道",
        "AREA_DESC_ENG": "HONG KONG",
        "AREA_DESC_CHN": "香港",
        "FREE_FORMAT_ADDR_ENG": "FLAT A ON 7TH FLOOR OF BLOCK AB FULHAM GARDEN NO.84 POK FU LAM ROAD HONG KONG",
        "FREE_FORMAT_ADDR_CHN": NaN,
        "DEV_NAME_ENG": "FULHAM GARDEN",
        "DEV_NAME_CHN": "富林苑",
        "FIRST_REFERENCE_LOT_PRN": "C4376313"
    },
    {
        "PRN": "A1801282",
        "SEQ_NUM": 1,
        "BLOCK": "AB",
        "FLOOR": "9",
        "FLAT": "A",
        "HOUSE_NUM_PREFIX": 84.0,
        "STREET_NAME_ENG": "POK FU LAM ROAD",
        "STREET_NAME_CHN": "薄扶林道",
        "AREA_DESC_ENG": "HONG KONG",
        "AREA_DESC_CHN": "香港",
        "FREE_FORMAT_ADDR_ENG": "FLAT A ON 9TH FLOOR OF BLOCK AB FULHAM GARDEN NO.84 POK FU LAM ROAD HONG KONG",
        "FREE_FORMAT_ADDR_CHN": NaN,
        "DEV_NAME_ENG": "FULHAM GARDEN",
        "DEV_NAME_CHN": "富林苑",
        "FIRST_REFERENCE_LOT_PRN": "C4376313"
    },
    {
        "PRN": "A1801290",
        "SEQ_NUM": 1,
        "BLOCK": "AB",
        "FLOOR": "10",
        "FLAT": "B",
        "HOUSE_NUM_PREFIX": 84.0,
        "STREET_NAME_ENG": "POK FU LAM ROAD",
        "STREET_NAME_CHN": "薄扶林道",
        "AREA_DESC_ENG": "HONG KONG",
        "AREA_DESC_CHN": "香港",
        "FREE_FORMAT_ADDR_ENG": "FLAT B ON 10TH FLOOR OF BLOCK AB FULHAM GARDEN NO.84 POK FU LAM ROAD HONG KONG",
        "FREE_FORMAT_ADDR_CHN": NaN,
        "DEV_NAME_ENG": "FULHAM GARDEN",
        "DEV_NAME_CHN": "富林苑",
        "FIRST_REFERENCE_LOT_PRN": "C4376313"
    },
    {
        "PRN": "A1801309",
        "SEQ_NUM": 1,
        "BLOCK": "AB",
        "FLOOR": "12",
        "FLAT": "B",
        "HOUSE_NUM_PREFIX": 84.0,
        "STREET_NAME_ENG": "POK FU LAM ROAD",
        "STREET_NAME_CHN": "薄扶林道",
        "AREA_DESC_ENG": "HONG KONG",
        "AREA_DESC_CHN": "香港",
        "FREE_FORMAT_ADDR_ENG": "FLAT B ON 12TH FLOOR OF BLOCK AB FULHAM GARDEN NO.84 POK FU LAM ROAD HONG KONG",
        "FREE_FORMAT_ADDR_CHN": NaN,
        "DEV_NAME_ENG": "FULHAM GARDEN",
        "DEV_NAME_CHN": "富林苑",
        "FIRST_REFERENCE_LOT_PRN": "C4376313"
    },
    {
        "PRN": "A1801316",
        "SEQ_NUM": 1,
        "BLOCK": "AB",
        "FLOOR": "5",
        "FLAT": "B",
        "HOUSE_NUM_PREFIX": 84.0,
        "STREET_NAME_ENG": "POK FU LAM ROAD",
        "STREET_NAME_CHN": "薄扶林道",
        "AREA_DESC_ENG": "HONG KONG",
        "AREA_DESC_CHN": "香港",
        "FREE_FORMAT_ADDR_ENG": "FLAT B ON 5TH FLOOR OF BLOCK AB FULHAM GARDEN NO.84 POK FU LAM ROAD HONG KONG",
        "FREE_FORMAT_ADDR_CHN": NaN,
        "DEV_NAME_ENG": "FULHAM GARDEN",
        "DEV_NAME_CHN": "富林苑",
        "FIRST_REFERENCE_LOT_PRN": "C4376313"
    },
    {
        "PRN": "A1801324",
        "SEQ_NUM": 1,
        "BLOCK": "AB",
        "FLOOR": "6",
        "FLAT": "B",
        "HOUSE_NUM_PREFIX": 84.0,
        "STREET_NAME_ENG": "POK FU LAM ROAD",
        "STREET_NAME_CHN": "薄扶林道",
        "AREA_DESC_ENG": "HONG KONG",
        "AREA_DESC_CHN": "香港",
        "FREE_FORMAT_ADDR_ENG": "FLAT B ON 6TH FLOOR OF BLOCK AB FULHAM GARDEN NO.84 POK FU LAM ROAD HONG KONG",
        "FREE_FORMAT_ADDR_CHN": NaN,
        "DEV_NAME_ENG": "FULHAM GARDEN",
        "DEV_NAME_CHN": "富林苑",
        "FIRST_REFERENCE_LOT_PRN": "C4376313"
    },
    {
        "PRN": "A1801330",
        "SEQ_NUM": 1,
        "BLOCK": "AB",
        "FLOOR": "8",
        "FLAT": "B",
        "HOUSE_NUM_PREFIX": 84.0,
        "STREET_NAME_ENG": "POK FU LAM ROAD",
        "STREET_NAME_CHN": "薄扶林道",
        "AREA_DESC_ENG": "HONG KONG",
        "AREA_DESC_CHN": "香港",
        "FREE_FORMAT_ADDR_ENG": "FLAT B ON 8TH FLOOR OF BLOCK AB FULHAM GARDEN NO.84 POK FU LAM RAOD HONG KONG",
        "FREE_FORMAT_ADDR_CHN": NaN,
        "DEV_NAME_ENG": "FULHAM GARDEN",
        "DEV_NAME_CHN": "富林苑",
        "FIRST_REFERENCE_LOT_PRN": "C4376313"
    },
    {
        "PRN": "A1801347",
        "SEQ_NUM": 1,
        "BLOCK": "AB",
        "FLOOR": "9",
        "FLAT": "B",
        "HOUSE_NUM_PREFIX": 84.0,
        "STREET_NAME_ENG": "POK FU LAM ROAD",
        "STREET_NAME_CHN": "薄扶林道",
        "AREA_DESC_ENG": "HONG KONG",
        "AREA_DESC_CHN": "香港",
        "FREE_FORMAT_ADDR_ENG": "FLAT B ON 9TH FLOOR OF BLOCK AB FULHAM GARDEN NO.84 POK FU LAM ROAD HONG KONG",
        "FREE_FORMAT_ADDR_CHN": NaN,
        "DEV_NAME_ENG": "FULHAM GARDEN",
        "DEV_NAME_CHN": "富林苑",
        "FIRST_REFERENCE_LOT_PRN": "C4376313"
    },
    {
        "PRN": "A1801357",
        "SEQ_NUM": 1,
        "BLOCK": "CD",
        "FLOOR": "1",
        "FLAT": "C",
        "HOUSE_NUM_PREFIX": 84.0,
        "STREET_NAME_ENG": "POK FU LAM ROAD",
        "STREET_NAME_CHN": "薄扶林道",
        "AREA_DESC_ENG": "HONG KONG",
        "AREA_DESC_CHN": "香港",
        "FREE_FORMAT_ADDR_ENG": "FLAT C ON 1ST FLOOR OF BLOCK CD FULHAM GARDEN NO.84 POK FU LAM ROAD HONG KONG",
        "FREE_FORMAT_ADDR_CHN": NaN,
        "DEV_NAME_ENG": "FULHAM GARDEN",
        "DEV_NAME_CHN": "富林苑",
        "FIRST_REFERENCE_LOT_PRN": "C4376313"
    },
    {
        "PRN": "A1801366",
        "SEQ_NUM": 1,
        "BLOCK": "CD",
        "FLOOR": "10",
        "FLAT": "C",
        "HOUSE_NUM_PREFIX": 84.0,
        "STREET_NAME_ENG": "POK FU LAM ROAD",
        "STREET_NAME_CHN": "薄扶林道",
        "AREA_DESC_ENG": "HONG KONG",
        "AREA_DESC_CHN": "香港",
        "FREE_FORMAT_ADDR_ENG": "FLAT C ON 10TH FLOOR OF BLOCK CD FULHAM GARDEN NO.84 POK FU LAM ROAD HONG KONG",
        "FREE_FORMAT_ADDR_CHN": NaN,
        "DEV_NAME_ENG": "FULHAM GARDEN",
        "DEV_NAME_CHN": "富林苑",
        "FIRST_REFERENCE_LOT_PRN": "C4376313"
    },
    {
        "PRN": "A1801374",
        "SEQ_NUM": 1,
        "BLOCK": "CD",
        "FLOOR": "11",
        "FLAT": "C",
        "HOUSE_NUM_PREFIX": 84.0,
        "STREET_NAME_ENG": "POK FU LAM ROAD",
        "STREET_NAME_CHN": "薄扶林道",
        "AREA_DESC_ENG": "HONG KONG",
        "AREA_DESC_CHN": "香港",
        "FREE_FORMAT_ADDR_ENG": "FLAT C ON 11TH FLOOR OF BLOCK CD FULHAM GARDEN NO.84 POK FU LAM ROAD HONG KONG",
        "FREE_FORMAT_ADDR_CHN": NaN,
        "DEV_NAME_ENG": "FULHAM GARDEN",
        "DEV_NAME_CHN": "富林苑",
        "FIRST_REFERENCE_LOT_PRN": "C4376313"
    },
    {
        "PRN": "A1801380",
        "SEQ_NUM": 1,
        "BLOCK": "CD",
        "FLOOR": "12",
        "FLAT": "C",
        "HOUSE_NUM_PREFIX": 84.0,
        "STREET_NAME_ENG": "POK FU LAM ROAD",
        "STREET_NAME_CHN": "薄扶林道",
        "AREA_DESC_ENG": "HONG KONG",
        "AREA_DESC_CHN": "香港",
        "FREE_FORMAT_ADDR_ENG": "FLAT C ON 12TH FLOOR OF BLOCK CD FULHAM GARDEN NO.84 POK FU LAM ROAD HONG KONG",
        "FREE_FORMAT_ADDR_CHN": NaN,
        "DEV_NAME_ENG": "FULHAM GARDEN",
        "DEV_NAME_CHN": "富林苑",
        "FIRST_REFERENCE_LOT_PRN": "C4376313"
    },
    {
        "PRN": "A1801396",
        "SEQ_NUM": 1,
        "BLOCK": "CD",
        "FLOOR": "3",
        "FLAT": "C",
        "HOUSE_NUM_PREFIX": 84.0,
        "STREET_NAME_ENG": "POK FU LAM ROAD",
        "STREET_NAME_CHN": "薄扶林道",
        "AREA_DESC_ENG": "HONG KONG",
        "AREA_DESC_CHN": "香港",
        "FREE_FORMAT_ADDR_ENG": "FLAT C ON 3RD FLOOR OF BLOCK CD FULHAM GARDEN NO.84 POK FU LAM ROAD HONG KONG",
        "FREE_FORMAT_ADDR_CHN": NaN,
        "DEV_NAME_ENG": "FULHAM GARDEN",
        "DEV_NAME_CHN": "富林苑",
        "FIRST_REFERENCE_LOT_PRN": "C4376313"
    },
    {
        "PRN": "A1801406",
        "SEQ_NUM": 1,
        "BLOCK": "CD",
        "FLOOR": "4",
        "FLAT": "C",
        "HOUSE_NUM_PREFIX": 84.0,
        "STREET_NAME_ENG": "POK FU LAM ROAD",
        "STREET_NAME_CHN": "薄扶林道",
        "AREA_DESC_ENG": "HONG KONG",
        "AREA_DESC_CHN": "香港",
        "FREE_FORMAT_ADDR_ENG": "FLAT C ON 4TH FLOOR OF BLOCK CD FULHAM GARDEN NO.84 POK FU LAM ROAD HONG KONG",
        "FREE_FORMAT_ADDR_CHN": NaN,
        "DEV_NAME_ENG": "FULHAM GARDEN",
        "DEV_NAME_CHN": "富林苑",
        "FIRST_REFERENCE_LOT_PRN": "C4376313"
    },
    {
        "PRN": "A1801410",
        "SEQ_NUM": 1,
        "BLOCK": "CD",
        "FLOOR": "6",
        "FLAT": "C",
        "HOUSE_NUM_PREFIX": 84.0,
        "STREET_NAME_ENG": "POK FU LAM ROAD",
        "STREET_NAME_CHN": "薄扶林道",
        "AREA_DESC_ENG": "HONG KONG",
        "AREA_DESC_CHN": "香港",
        "FREE_FORMAT_ADDR_ENG": "FLAT C ON 6TH FLOOR OF BLOCK CD FULHAM GARDEN NO.84 POK FU LAM ROAD HONG KONG",
        "FREE_FORMAT_ADDR_CHN": NaN,
        "DEV_NAME_ENG": "FULHAM GARDEN",
        "DEV_NAME_CHN": "富林苑",
        "FIRST_REFERENCE_LOT_PRN": "C4376313"
    },
    {
        "PRN": "A1801428",
        "SEQ_NUM": 1,
        "BLOCK": "CD",
        "FLOOR": "7",
        "FLAT": "C",
        "HOUSE_NUM_PREFIX": 84.0,
        "STREET_NAME_ENG": "POK FU LAM ROAD",
        "STREET_NAME_CHN": "薄扶林道",
        "AREA_DESC_ENG": "HONG KONG",
        "AREA_DESC_CHN": "香港",
        "FREE_FORMAT_ADDR_ENG": "FLAT C ON 7TH FLOOR OF BLOCK CD FULHAM GARDEN NO.84 POK FU LAM ROAD HONG KONG",
        "FREE_FORMAT_ADDR_CHN": NaN,
        "DEV_NAME_ENG": "FULHAM GARDEN",
        "DEV_NAME_CHN": "富林苑",
        "FIRST_REFERENCE_LOT_PRN": "C4376313"
    },
    {
        "PRN": "A1801438",
        "SEQ_NUM": 1,
        "BLOCK": "CD",
        "FLOOR": "8",
        "FLAT": "C",
        "HOUSE_NUM_PREFIX": 84.0,
        "STREET_NAME_ENG": "POK FU LAM ROAD",
        "STREET_NAME_CHN": "薄扶林道",
        "AREA_DESC_ENG": "HONG KONG",
        "AREA_DESC_CHN": "香港",
        "FREE_FORMAT_ADDR_ENG": "FLAT C ON 8TH FLOOR OF BLOCK CD FULHAM GARDEN NO.84 POK FU LAM ROAD HONG KONG",
        "FREE_FORMAT_ADDR_CHN": NaN,
        "DEV_NAME_ENG": "FULHAM GARDEN",
        "DEV_NAME_CHN": "富林苑",
        "FIRST_REFERENCE_LOT_PRN": "C4376313"
    },
    {
        "PRN": "A1801447",
        "SEQ_NUM": 1,
        "BLOCK": "CD",
        "FLOOR": "9",
        "FLAT": "C",
        "HOUSE_NUM_PREFIX": 84.0,
        "STREET_NAME_ENG": "POK FU LAM ROAD",
        "STREET_NAME_CHN": "薄扶林道",
        "AREA_DESC_ENG": "HONG KONG",
        "AREA_DESC_CHN": "香港",
        "FREE_FORMAT_ADDR_ENG": "FLAT C ON 9TH FLOOR OF BLOCK CD FULHAM GARDEN NO.84 POK FU LAM ROAD HONG KONG",
        "FREE_FORMAT_ADDR_CHN": NaN,
        "DEV_NAME_ENG": "FULHAM GARDEN",
        "DEV_NAME_CHN": "富林苑",
        "FIRST_REFERENCE_LOT_PRN": "C4376313"
    },
    {
        "PRN": "A1801457",
        "SEQ_NUM": 1,
        "BLOCK": "CD",
        "FLOOR": "1",
        "FLAT": "D",
        "HOUSE_NUM_PREFIX": 84.0,
        "STREET_NAME_ENG": "POK FU LAM ROAD",
        "STREET_NAME_CHN": "薄扶林道",
        "AREA_DESC_ENG": "HONG KONG",
        "AREA_DESC_CHN": "香港",
        "FREE_FORMAT_ADDR_ENG": "FLAT D ON 1ST FLOOR OF BLOCK CD FULHAM GARDEN NO.84 POK FU LAM ROAD HONG KONG",
        "FREE_FORMAT_ADDR_CHN": NaN,
        "DEV_NAME_ENG": "FULHAM GARDEN",
        "DEV_NAME_CHN": "富林苑",
        "FIRST_REFERENCE_LOT_PRN": "C4376313"
    },
    {
        "PRN": "A1801461",
        "SEQ_NUM": 1,
        "BLOCK": "CD",
        "FLOOR": "10",
        "FLAT": "D",
        "HOUSE_NUM_PREFIX": 84.0,
        "STREET_NAME_ENG": "POK FU LAM ROAD",
        "STREET_NAME_CHN": "薄扶林道",
        "AREA_DESC_ENG": "HONG KONG",
        "AREA_DESC_CHN": "香港",
        "FREE_FORMAT_ADDR_ENG": "FLAT D ON 10TH FLOOR OF BLOCK CD FULHAM GARDEN NO.84 POK FU LAM ROAD HONG KONG",
        "FREE_FORMAT_ADDR_CHN": NaN,
        "DEV_NAME_ENG": "FULHAM GARDEN",
        "DEV_NAME_CHN": "富林苑",
        "FIRST_REFERENCE_LOT_PRN": "C4376313"
    },
    {
        "PRN": "A1801475",
        "SEQ_NUM": 1,
        "BLOCK": "CD",
        "FLOOR": "12",
        "FLAT": "D",
        "HOUSE_NUM_PREFIX": 84.0,
        "STREET_NAME_ENG": "POK FU LAM ROAD",
        "STREET_NAME_CHN": "薄扶林道",
        "AREA_DESC_ENG": "HONG KONG",
        "AREA_DESC_CHN": "香港",
        "FREE_FORMAT_ADDR_ENG": "FLAT D ON 12TH FLOOR OF BLOCK CD FULHAM GARDEN NO.84 POK FU LAM ROAD HONG KONG",
        "FREE_FORMAT_ADDR_CHN": NaN,
        "DEV_NAME_ENG": "FULHAM GARDEN",
        "DEV_NAME_CHN": "富林苑",
        "FIRST_REFERENCE_LOT_PRN": "C4376313"
    },
    {
        "PRN": "A1801489",
        "SEQ_NUM": 1,
        "BLOCK": "CD",
        "FLOOR": "2",
        "FLAT": "D",
        "HOUSE_NUM_PREFIX": 84.0,
        "STREET_NAME_ENG": "POK FU LAM ROAD",
        "STREET_NAME_CHN": "薄扶林道",
        "AREA_DESC_ENG": "HONG KONG",
        "AREA_DESC_CHN": "香港",
        "FREE_FORMAT_ADDR_ENG": "FLAT D ON 2ND FLOOR OF BLOCK CD FULHAM GARDEN NO.84 POK FU LAM ROAD HONG KONG",
        "FREE_FORMAT_ADDR_CHN": NaN,
        "DEV_NAME_ENG": "FULHAM GARDEN",
        "DEV_NAME_CHN": "富林苑",
        "FIRST_REFERENCE_LOT_PRN": "C4376313"
    },
    {
        "PRN": "A1801494",
        "SEQ_NUM": 1,
        "BLOCK": "CD",
        "FLOOR": "3",
        "FLAT": "D",
        "HOUSE_NUM_PREFIX": 84.0,
        "STREET_NAME_ENG": "POK FU LAM ROAD",
        "STREET_NAME_CHN": "薄扶林道",
        "AREA_DESC_ENG": "HONG KONG",
        "AREA_DESC_CHN": "香港",
        "FREE_FORMAT_ADDR_ENG": "FLAT D ON 3RD FLOOR OF BLOCK CD FULHAM GARDEN NO.84 POK FU LAM ROAD HONG KONG",
        "FREE_FORMAT_ADDR_CHN": NaN,
        "DEV_NAME_ENG": "FULHAM GARDEN",
        "DEV_NAME_CHN": "富林苑",
        "FIRST_REFERENCE_LOT_PRN": "C4376313"
    },
    {
        "PRN": "A1801506",
        "SEQ_NUM": 1,
        "BLOCK": "CD",
        "FLOOR": "5",
        "FLAT": "D",
        "HOUSE_NUM_PREFIX": 84.0,
        "STREET_NAME_ENG": "POK FU LAM ROAD",
        "STREET_NAME_CHN": "薄扶林道",
        "AREA_DESC_ENG": "HONG KONG",
        "AREA_DESC_CHN": "香港",
        "FREE_FORMAT_ADDR_ENG": "FLAT D ON 5TH FLOOR OF BLOCK CD FULHAM GARDEN NO.84 POK FU LAM ROAD HONG KONG",
        "FREE_FORMAT_ADDR_CHN": NaN,
        "DEV_NAME_ENG": "FULHAM GARDEN",
        "DEV_NAME_CHN": "富林苑",
        "FIRST_REFERENCE_LOT_PRN": "C4376313"
    },
    {
        "PRN": "A1801512",
        "SEQ_NUM": 1,
        "BLOCK": "CD",
        "FLOOR": "6",
        "FLAT": "D",
        "HOUSE_NUM_PREFIX": 84.0,
        "STREET_NAME_ENG": "POK FU LAM ROAD",
        "STREET_NAME_CHN": "薄扶林道",
        "AREA_DESC_ENG": "HONG KONG",
        "AREA_DESC_CHN": "香港",
        "FREE_FORMAT_ADDR_ENG": "FLAT D ON 6TH FLOOR OF BLOCK CD FULHAM GARDEN NO.84 POK FU LAM ROAD HONG KONG",
        "FREE_FORMAT_ADDR_CHN": NaN,
        "DEV_NAME_ENG": "FULHAM GARDEN",
        "DEV_NAME_CHN": "富林苑",
        "FIRST_REFERENCE_LOT_PRN": "C4376313"
    },
    {
        "PRN": "A1801523",
        "SEQ_NUM": 1,
        "BLOCK": "CD",
        "FLOOR": "8",
        "FLAT": "D",
        "HOUSE_NUM_PREFIX": 84.0,
        "STREET_NAME_ENG": "POK FU LAM ROAD",
        "STREET_NAME_CHN": "薄扶林道",
        "AREA_DESC_ENG": "HONG KONG",
        "AREA_DESC_CHN": "香港",
        "FREE_FORMAT_ADDR_ENG": "FLAT D ON 8TH FLOOR OF BLOCK CD FULHAM GARDEN NO.84 POK FU LAM ROAD HONG KONG",
        "FREE_FORMAT_ADDR_CHN": NaN,
        "DEV_NAME_ENG": "FULHAM GARDEN",
        "DEV_NAME_CHN": "富林苑",
        "FIRST_REFERENCE_LOT_PRN": "C4376313"
    },
    {
        "PRN": "A1801537",
        "SEQ_NUM": 1,
        "BLOCK": "CD",
        "FLOOR": "9",
        "FLAT": "D",
        "HOUSE_NUM_PREFIX": 84.0,
        "STREET_NAME_ENG": "POK FU LAM ROAD",
        "STREET_NAME_CHN": "薄扶林道",
        "AREA_DESC_ENG": "HONG KONG",
        "AREA_DESC_CHN": "香港",
        "FREE_FORMAT_ADDR_ENG": "FLAT D ON 9TH FLOOR OF BLOCK CD FULHAM GARDEN NO.84 POK FU LAM ROAD HONG KONG",
        "FREE_FORMAT_ADDR_CHN": NaN,
        "DEV_NAME_ENG": "FULHAM GARDEN",
        "DEV_NAME_CHN": "富林苑",
        "FIRST_REFERENCE_LOT_PRN": "C4376313"
    },
    {
        "PRN": "A1801546",
        "SEQ_NUM": 1,
        "BLOCK": "EF",
        "FLOOR": "1",
        "FLAT": "E",
        "HOUSE_NUM_PREFIX": 84.0,
        "STREET_NAME_ENG": "POK FU LAM ROAD",
        "STREET_NAME_CHN": "薄扶林道",
        "AREA_DESC_ENG": "HONG KONG",
        "AREA_DESC_CHN": "香港",
        "FREE_FORMAT_ADDR_ENG": "FLAT E ON 1ST FLOOR OF BLOCK EF FULHAM GARDEN NO.84 POK FU LAM ROAD HONG KONG",
        "FREE_FORMAT_ADDR_CHN": NaN,
        "DEV_NAME_ENG": "FULHAM GARDEN",
        "DEV_NAME_CHN": "富林苑",
        "FIRST_REFERENCE_LOT_PRN": "C4376313"
    },
    {
        "PRN": "A1801550",
        "SEQ_NUM": 1,
        "BLOCK": "EF",
        "FLOOR": "11",
        "FLAT": "E",
        "HOUSE_NUM_PREFIX": 84.0,
        "STREET_NAME_ENG": "POK FU LAM ROAD",
        "STREET_NAME_CHN": "薄扶林道",
        "AREA_DESC_ENG": "HONG KONG",
        "AREA_DESC_CHN": "香港",
        "FREE_FORMAT_ADDR_ENG": "FLAT E ON 11TH FLOOR OF BLOCK EF FULHAM GARDEN NO.84 POK FU LAM ROAD HONG KONG",
        "FREE_FORMAT_ADDR_CHN": NaN,
        "DEV_NAME_ENG": "FULHAM GARDEN",
        "DEV_NAME_CHN": "富林苑",
        "FIRST_REFERENCE_LOT_PRN": "C4376313"
    },
    {
        "PRN": "A1801563",
        "SEQ_NUM": 1,
        "BLOCK": "EF",
        "FLOOR": "12",
        "FLAT": "E",
        "HOUSE_NUM_PREFIX": 84.0,
        "STREET_NAME_ENG": "POK FU LAM ROAD",
        "STREET_NAME_CHN": "薄扶林道",
        "AREA_DESC_ENG": "HONG KONG",
        "AREA_DESC_CHN": "香港",
        "FREE_FORMAT_ADDR_ENG": "FLAT E ON 12TH FLOOR OF BLOCK EF FULHAM GARDEN NO.84 POK FU LAM ROAD HONG KONG",
        "FREE_FORMAT_ADDR_CHN": NaN,
        "DEV_NAME_ENG": "FULHAM GARDEN",
        "DEV_NAME_CHN": "富林苑",
        "FIRST_REFERENCE_LOT_PRN": "C4376313"
    },
    {
        "PRN": "A1801578",
        "SEQ_NUM": 1,
        "BLOCK": "EF",
        "FLOOR": "2",
        "FLAT": "E",
        "HOUSE_NUM_PREFIX": 84.0,
        "STREET_NAME_ENG": "POK FU LAM ROAD",
        "STREET_NAME_CHN": "薄扶林道",
        "AREA_DESC_ENG": "HONG KONG",
        "AREA_DESC_CHN": "香港",
        "FREE_FORMAT_ADDR_ENG": "FLAT E ON 2ND FLOOR OF BLOCK EF FULHAM GARDEN NO.84 POK FU LAM ROAD HONG KONG",
        "FREE_FORMAT_ADDR_CHN": NaN,
        "DEV_NAME_ENG": "FULHAM GARDEN",
        "DEV_NAME_CHN": "富林苑",
        "FIRST_REFERENCE_LOT_PRN": "C4376313"
    },
    {
        "PRN": "A1801584",
        "SEQ_NUM": 1,
        "BLOCK": "EF",
        "FLOOR": "3",
        "FLAT": "E",
        "HOUSE_NUM_PREFIX": 84.0,
        "STREET_NAME_ENG": "POK FU LAM ROAD",
        "STREET_NAME_CHN": "薄扶林道",
        "AREA_DESC_ENG": "HONG KONG",
        "AREA_DESC_CHN": "香港",
        "FREE_FORMAT_ADDR_ENG": "FLAT E ON 3RD FLOOR OF BLOCK EF FULHAM GARDEN NO.84 POK FU LAM ROAD HONG KONG",
        "FREE_FORMAT_ADDR_CHN": NaN,
        "DEV_NAME_ENG": "FULHAM GARDEN",
        "DEV_NAME_CHN": "富林苑",
        "FIRST_REFERENCE_LOT_PRN": "C4376313"
    },
    {
        "PRN": "A1801595",
        "SEQ_NUM": 1,
        "BLOCK": "EF",
        "FLOOR": "4",
        "FLAT": "E",
        "HOUSE_NUM_PREFIX": 84.0,
        "STREET_NAME_ENG": "POK FU LAM ROAD",
        "STREET_NAME_CHN": "薄扶林道",
        "AREA_DESC_ENG": "HONG KONG",
        "AREA_DESC_CHN": "香港",
        "FREE_FORMAT_ADDR_ENG": "FLAT E ON 4TH FLOOR OF BLOCK EF FULHAM GARDEN NO.84 POK FU LAM ROAD HONG KONG",
        "FREE_FORMAT_ADDR_CHN": NaN,
        "DEV_NAME_ENG": "FULHAM GARDEN",
        "DEV_NAME_CHN": "富林苑",
        "FIRST_REFERENCE_LOT_PRN": "C4376313"
    },
    {
        "PRN": "A1801609",
        "SEQ_NUM": 1,
        "BLOCK": "EF",
        "FLOOR": "6",
        "FLAT": "E",
        "HOUSE_NUM_PREFIX": 84.0,
        "STREET_NAME_ENG": "POK FU LAM ROAD",
        "STREET_NAME_CHN": "薄扶林道",
        "AREA_DESC_ENG": "HONG KONG",
        "AREA_DESC_CHN": "香港",
        "FREE_FORMAT_ADDR_ENG": "FLAT E ON 6TH FLOOR OF BLOCK EF FULHAM GARDEN NO.84 POK FU LAM ROAD HONG KONG",
        "FREE_FORMAT_ADDR_CHN": NaN,
        "DEV_NAME_ENG": "FULHAM GARDEN",
        "DEV_NAME_CHN": "富林苑",
        "FIRST_REFERENCE_LOT_PRN": "C4376313"
    },
    {
        "PRN": "A1801613",
        "SEQ_NUM": 1,
        "BLOCK": "EF",
        "FLOOR": "8",
        "FLAT": "E",
        "HOUSE_NUM_PREFIX": 84.0,
        "STREET_NAME_ENG": "POK FU LAM ROAD",
        "STREET_NAME_CHN": "薄扶林道",
        "AREA_DESC_ENG": "HONG KONG",
        "AREA_DESC_CHN": "香港",
        "FREE_FORMAT_ADDR_ENG": "FLAT E ON 8TH FLOOR OF BLOCK EF FULHAM GARDEN NO.84 POK FU LAM ROAD HONG KONG",
        "FREE_FORMAT_ADDR_CHN": NaN,
        "DEV_NAME_ENG": "FULHAM GARDEN",
        "DEV_NAME_CHN": "富林苑",
        "FIRST_REFERENCE_LOT_PRN": "C4376313"
    },
    {
        "PRN": "A1801627",
        "SEQ_NUM": 1,
        "BLOCK": "EF",
        "FLOOR": "9",
        "FLAT": "E",
        "HOUSE_NUM_PREFIX": 84.0,
        "STREET_NAME_ENG": "POK FU LAM ROAD",
        "STREET_NAME_CHN": "薄扶林道",
        "AREA_DESC_ENG": "HONG KONG",
        "AREA_DESC_CHN": "香港",
        "FREE_FORMAT_ADDR_ENG": "FLAT E ON 9TH FLOOR OF BLOCK EF FULHAM GARDEN NO.84 POK FU LAM ROAD HONG KONG",
        "FREE_FORMAT_ADDR_CHN": NaN,
        "DEV_NAME_ENG": "FULHAM GARDEN",
        "DEV_NAME_CHN": "富林苑",
        "FIRST_REFERENCE_LOT_PRN": "C4376313"
    },
    {
        "PRN": "A1801633",
        "SEQ_NUM": 1,
        "BLOCK": "EF",
        "FLOOR": "10",
        "FLAT": "F",
        "HOUSE_NUM_PREFIX": 84.0,
        "STREET_NAME_ENG": "POK FU LAM ROAD",
        "STREET_NAME_CHN": "薄扶林道",
        "AREA_DESC_ENG": "HONG KONG",
        "AREA_DESC_CHN": "香港",
        "FREE_FORMAT_ADDR_ENG": "FLAT F ON 10TH FLOOR OF BLOCK EF FULHAM GARDEN NO.84 POK FU LAM ROAD HONG KONG",
        "FREE_FORMAT_ADDR_CHN": NaN,
        "DEV_NAME_ENG": "FULHAM GARDEN",
        "DEV_NAME_CHN": "富林苑",
        "FIRST_REFERENCE_LOT_PRN": "C4376313"
    },
    {
        "PRN": "A1801640",
        "SEQ_NUM": 1,
        "BLOCK": "EF",
        "FLOOR": "11",
        "FLAT": "F",
        "HOUSE_NUM_PREFIX": 84.0,
        "STREET_NAME_ENG": "POK FU LAM ROAD",
        "STREET_NAME_CHN": "薄扶林道",
        "AREA_DESC_ENG": "HONG KONG",
        "AREA_DESC_CHN": "香港",
        "FREE_FORMAT_ADDR_ENG": "FLAT F ON 11TH FLOOR OF BLOCK EF FULHAM GARDEN NO.84 POK FU LAM ROAD HONG KONG",
        "FREE_FORMAT_ADDR_CHN": NaN,
        "DEV_NAME_ENG": "FULHAM GARDEN",
        "DEV_NAME_CHN": "富林苑",
        "FIRST_REFERENCE_LOT_PRN": "C4376313"
    },
    {
        "PRN": "A1801656",
        "SEQ_NUM": 1,
        "BLOCK": "EF",
        "FLOOR": "3",
        "FLAT": "F",
        "HOUSE_NUM_PREFIX": 84.0,
        "STREET_NAME_ENG": "POK FU LAM ROAD",
        "STREET_NAME_CHN": "薄扶林道",
        "AREA_DESC_ENG": "HONG KONG",
        "AREA_DESC_CHN": "香港",
        "FREE_FORMAT_ADDR_ENG": "FLAT F ON 3RD FLOOR OF BLOCK EF FULHAM GARDEN NO.84 POK FU LAM ROAD HONG KONG",
        "FREE_FORMAT_ADDR_CHN": NaN,
        "DEV_NAME_ENG": "FULHAM GARDEN",
        "DEV_NAME_CHN": "富林苑",
        "FIRST_REFERENCE_LOT_PRN": "C4376313"
    },
    {
        "PRN": "A1801665",
        "SEQ_NUM": 1,
        "BLOCK": "EF",
        "FLOOR": "4",
        "FLAT": "F",
        "HOUSE_NUM_PREFIX": 84.0,
        "STREET_NAME_ENG": "POK FU LAM ROAD",
        "STREET_NAME_CHN": "薄扶林道",
        "AREA_DESC_ENG": "HONG KONG",
        "AREA_DESC_CHN": "香港",
        "FREE_FORMAT_ADDR_ENG": "FLAT F ON 4TH FLOOR OF BLOCK EF FULHAM GARDEN NO.84 POK FU LAM ROAD HONG KONG",
        "FREE_FORMAT_ADDR_CHN": NaN,
        "DEV_NAME_ENG": "FULHAM GARDEN",
        "DEV_NAME_CHN": "富林苑",
        "FIRST_REFERENCE_LOT_PRN": "C4376313"
    },
    {
        "PRN": "A1801672",
        "SEQ_NUM": 1,
        "BLOCK": "EF",
        "FLOOR": "5",
        "FLAT": "F",
        "HOUSE_NUM_PREFIX": 84.0,
        "STREET_NAME_ENG": "POK FU LAM ROAD",
        "STREET_NAME_CHN": "薄扶林道",
        "AREA_DESC_ENG": "HONG KONG",
        "AREA_DESC_CHN": "香港",
        "FREE_FORMAT_ADDR_ENG": "FLAT F ON 5TH FLOOR OF BLOCK EF FULHAM GARDEN NO.84 POK FU LAM ROAD HONG KONG",
        "FREE_FORMAT_ADDR_CHN": NaN,
        "DEV_NAME_ENG": "FULHAM GARDEN",
        "DEV_NAME_CHN": "富林苑",
        "FIRST_REFERENCE_LOT_PRN": "C4376313"
    },
    {
        "PRN": "A1801689",
        "SEQ_NUM": 1,
        "BLOCK": "EF",
        "FLOOR": "7",
        "FLAT": "F",
        "HOUSE_NUM_PREFIX": 84.0,
        "STREET_NAME_ENG": "POK FU LAM ROAD",
        "STREET_NAME_CHN": "薄扶林道",
        "AREA_DESC_ENG": "HONG KONG",
        "AREA_DESC_CHN": "香港",
        "FREE_FORMAT_ADDR_ENG": "FLAT F ON 7TH FLOOR OF BLOCK EF FULHAM GARDEN NO.84 POK FU LAM ROAD HONG KONG",
        "FREE_FORMAT_ADDR_CHN": NaN,
        "DEV_NAME_ENG": "FULHAM GARDEN",
        "DEV_NAME_CHN": "富林苑",
        "FIRST_REFERENCE_LOT_PRN": "C4376313"
    },
    {
        "PRN": "A1801695",
        "SEQ_NUM": 1,
        "BLOCK": "EF",
        "FLOOR": "9",
        "FLAT": "F",
        "HOUSE_NUM_PREFIX": 84.0,
        "STREET_NAME_ENG": "POK FU LAM ROAD",
        "STREET_NAME_CHN": "薄扶林道",
        "AREA_DESC_ENG": "HONG KONG",
        "AREA_DESC_CHN": "香港",
        "FREE_FORMAT_ADDR_ENG": "FLAT F ON 9TH FLOOR OF BLOCK EF FULHAM GARDEN NO.84 POK FU LAM ROAD HONG KONG",
        "FREE_FORMAT_ADDR_CHN": NaN,
        "DEV_NAME_ENG": "FULHAM GARDEN",
        "DEV_NAME_CHN": "富林苑",
        "FIRST_REFERENCE_LOT_PRN": "C4376313"
    },
    {
        "PRN": "A1801703",
        "SEQ_NUM": 1,
        "BLOCK": "GH",
        "FLOOR": "10",
        "FLAT": "G",
        "HOUSE_NUM_PREFIX": 84.0,
        "STREET_NAME_ENG": "POK FU LAM ROAD",
        "STREET_NAME_CHN": "薄扶林道",
        "AREA_DESC_ENG": "HONG KONG",
        "AREA_DESC_CHN": "香港",
        "FREE_FORMAT_ADDR_ENG": "FLAT G ON 10TH FLOOR OF BLOCK GH FULHAM GARDEN NO.84 POK FU LAM ROAD HONG KONG",
        "FREE_FORMAT_ADDR_CHN": NaN,
        "DEV_NAME_ENG": "FULHAM GARDEN",
        "DEV_NAME_CHN": "富林苑",
        "FIRST_REFERENCE_LOT_PRN": "C4376313"
    },
    {
        "PRN": "A1801713",
        "SEQ_NUM": 1,
        "BLOCK": "GH",
        "FLOOR": "11",
        "FLAT": "G",
        "HOUSE_NUM_PREFIX": 84.0,
        "STREET_NAME_ENG": "POK FU LAM ROAD",
        "STREET_NAME_CHN": "薄扶林道",
        "AREA_DESC_ENG": "HONG KONG",
        "AREA_DESC_CHN": "香港",
        "FREE_FORMAT_ADDR_ENG": "FLAT G ON 11TH FLOOR OF BLOCK GH FULHAM GARDEN NO.84 POK FU LAM ROAD HONG KONG",
        "FREE_FORMAT_ADDR_CHN": NaN,
        "DEV_NAME_ENG": "FULHAM GARDEN",
        "DEV_NAME_CHN": "富林苑",
        "FIRST_REFERENCE_LOT_PRN": "C4376313"
    },
    {
        "PRN": "A1801724",
        "SEQ_NUM": 1,
        "BLOCK": "GH",
        "FLOOR": "12",
        "FLAT": "G",
        "HOUSE_NUM_PREFIX": 84.0,
        "STREET_NAME_ENG": "POK FU LAM ROAD",
        "STREET_NAME_CHN": "薄扶林道",
        "AREA_DESC_ENG": "HONG KONG",
        "AREA_DESC_CHN": "香港",
        "FREE_FORMAT_ADDR_ENG": "FLAT G ON 12TH FLOOR OF BLOCK GH FULHAM GARDEN NO.84 POK FU LAM ROAD HONG KONG",
        "FREE_FORMAT_ADDR_CHN": NaN,
        "DEV_NAME_ENG": "FULHAM GARDEN",
        "DEV_NAME_CHN": "富林苑",
        "FIRST_REFERENCE_LOT_PRN": "C4376313"
    },
    {
        "PRN": "A1801733",
        "SEQ_NUM": 1,
        "BLOCK": "GH",
        "FLOOR": "4",
        "FLAT": "G",
        "HOUSE_NUM_PREFIX": 84.0,
        "STREET_NAME_ENG": "POK FU LAM ROAD",
        "STREET_NAME_CHN": "薄扶林道",
        "AREA_DESC_ENG": "HONG KONG",
        "AREA_DESC_CHN": "香港",
        "FREE_FORMAT_ADDR_ENG": "FLAT G ON 4TH FLOOR OF BLOCK GH FULHAM GARDEN NO.84 POK FU LAM ROAD HONG KONG",
        "FREE_FORMAT_ADDR_CHN": NaN,
        "DEV_NAME_ENG": "FULHAM GARDEN",
        "DEV_NAME_CHN": "富林苑",
        "FIRST_REFERENCE_LOT_PRN": "C4376313"
    },
    {
        "PRN": "A1801747",
        "SEQ_NUM": 1,
        "BLOCK": "GH",
        "FLOOR": "9",
        "FLAT": "G",
        "HOUSE_NUM_PREFIX": 84.0,
        "STREET_NAME_ENG": "POK FU LAM ROAD",
        "STREET_NAME_CHN": "薄扶林道",
        "AREA_DESC_ENG": "HONG KONG",
        "AREA_DESC_CHN": "香港",
        "FREE_FORMAT_ADDR_ENG": "FLAT G ON 9TH FLOOR OF BLOCK GH FULHAM GARDEN NO.84 POK FU LAM ROAD HONG KONG",
        "FREE_FORMAT_ADDR_CHN": NaN,
        "DEV_NAME_ENG": "FULHAM GARDEN",
        "DEV_NAME_CHN": "富林苑",
        "FIRST_REFERENCE_LOT_PRN": "C4376313"
    },
    {
        "PRN": "A1801750",
        "SEQ_NUM": 1,
        "BLOCK": "GH",
        "FLOOR": "1",
        "FLAT": "H",
        "HOUSE_NUM_PREFIX": 84.0,
        "STREET_NAME_ENG": "POK FU LAM ROAD",
        "STREET_NAME_CHN": "薄扶林道",
        "AREA_DESC_ENG": "HONG KONG",
        "AREA_DESC_CHN": "香港",
        "FREE_FORMAT_ADDR_ENG": "FLAT H ON 1ST FLOOR OF BLOCK GH FULHAM GARDEN NO.84 POK FU LAM ROAD HONG KONG",
        "FREE_FORMAT_ADDR_CHN": NaN,
        "DEV_NAME_ENG": "FULHAM GARDEN",
        "DEV_NAME_CHN": "富林苑",
        "FIRST_REFERENCE_LOT_PRN": "C4376313"
    },
    {
        "PRN": "A1801762",
        "SEQ_NUM": 1,
        "BLOCK": "GH",
        "FLOOR": "10",
        "FLAT": "H",
        "HOUSE_NUM_PREFIX": 84.0,
        "STREET_NAME_ENG": "POK FU LAM ROAD",
        "STREET_NAME_CHN": "薄扶林道",
        "AREA_DESC_ENG": "HONG KONG",
        "AREA_DESC_CHN": "香港",
        "FREE_FORMAT_ADDR_ENG": "FLAT H ON 10TH FLOOR OF BLOCK GH FULHAM GARDEN NO.84 POK FU LAM ROAD HONG KONG",
        "FREE_FORMAT_ADDR_CHN": NaN,
        "DEV_NAME_ENG": "FULHAM GARDEN",
        "DEV_NAME_CHN": "富林苑",
        "FIRST_REFERENCE_LOT_PRN": "C4376313"
    },
    {
        "PRN": "A1801775",
        "SEQ_NUM": 1,
        "BLOCK": "GH",
        "FLOOR": "11",
        "FLAT": "H",
        "HOUSE_NUM_PREFIX": 84.0,
        "STREET_NAME_ENG": "POK FU LAM ROAD",
        "STREET_NAME_CHN": "薄扶林道",
        "AREA_DESC_ENG": "HONG KONG",
        "AREA_DESC_CHN": "香港",
        "FREE_FORMAT_ADDR_ENG": "FLAT H ON 11TH FLOOR OF BLOCK GH FULHAM GARDEN NO.84 POK FU LAM ROAD HONG KONG",
        "FREE_FORMAT_ADDR_CHN": NaN,
        "DEV_NAME_ENG": "FULHAM GARDEN",
        "DEV_NAME_CHN": "富林苑",
        "FIRST_REFERENCE_LOT_PRN": "C4376313"
    },
    {
        "PRN": "A1801787",
        "SEQ_NUM": 1,
        "BLOCK": "GH",
        "FLOOR": "2",
        "FLAT": "H",
        "HOUSE_NUM_PREFIX": 84.0,
        "STREET_NAME_ENG": "POK FU LAM ROAD",
        "STREET_NAME_CHN": "薄扶林道",
        "AREA_DESC_ENG": "HONG KONG",
        "AREA_DESC_CHN": "香港",
        "FREE_FORMAT_ADDR_ENG": "FLAT H ON 2ND FLOOR OF BLOCK GH FULHAM GARDEN NO.84 POK FU LAM ROAD HONG KONG",
        "FREE_FORMAT_ADDR_CHN": NaN,
        "DEV_NAME_ENG": "FULHAM GARDEN",
        "DEV_NAME_CHN": "富林苑",
        "FIRST_REFERENCE_LOT_PRN": "C4376313"
    },
    {
        "PRN": "A1801794",
        "SEQ_NUM": 1,
        "BLOCK": "GH",
        "FLOOR": "3",
        "FLAT": "H",
        "HOUSE_NUM_PREFIX": 84.0,
        "STREET_NAME_ENG": "POK FU LAM ROAD",
        "STREET_NAME_CHN": "薄扶林道",
        "AREA_DESC_ENG": "HONG KONG",
        "AREA_DESC_CHN": "香港",
        "FREE_FORMAT_ADDR_ENG": "FLAT H ON 3RD FLOOR OF BLOCK GH FULHAM GARDEN NO.84 POK FU LAM ROAD HONG KONG",
        "FREE_FORMAT_ADDR_CHN": NaN,
        "DEV_NAME_ENG": "FULHAM GARDEN",
        "DEV_NAME_CHN": "富林苑",
        "FIRST_REFERENCE_LOT_PRN": "C4376313"
    },
    {
        "PRN": "A1801804",
        "SEQ_NUM": 1,
        "BLOCK": "GH",
        "FLOOR": "4",
        "FLAT": "H",
        "HOUSE_NUM_PREFIX": 84.0,
        "STREET_NAME_ENG": "POK FU LAM ROAD",
        "STREET_NAME_CHN": "薄扶林道",
        "AREA_DESC_ENG": "HONG KONG",
        "AREA_DESC_CHN": "香港",
        "FREE_FORMAT_ADDR_ENG": "FLAT H ON 4TH FLOOR OF BLOCK GH FULHAM GARDEN NO.84 POK FU LAM ROAD HONG KONG",
        "FREE_FORMAT_ADDR_CHN": NaN,
        "DEV_NAME_ENG": "FULHAM GARDEN",
        "DEV_NAME_CHN": "富林苑",
        "FIRST_REFERENCE_LOT_PRN": "C4376313"
    },
    {
        "PRN": "A1801811",
        "SEQ_NUM": 1,
        "BLOCK": "GH",
        "FLOOR": "7",
        "FLAT": "H",
        "HOUSE_NUM_PREFIX": 84.0,
        "STREET_NAME_ENG": "POK FU LAM ROAD",
        "STREET_NAME_CHN": "薄扶林道",
        "AREA_DESC_ENG": "HONG KONG",
        "AREA_DESC_CHN": "香港",
        "FREE_FORMAT_ADDR_ENG": "FLAT H ON 7TH FLOOR OF BLOCK GH FULHAM GARDEN NO.84 POK FU LAM ROAD HONG KONG",
        "FREE_FORMAT_ADDR_CHN": NaN,
        "DEV_NAME_ENG": "FULHAM GARDEN",
        "DEV_NAME_CHN": "富林苑",
        "FIRST_REFERENCE_LOT_PRN": "C4376313"
    },
    {
        "PRN": "A1801825",
        "SEQ_NUM": 1,
        "BLOCK": "GH",
        "FLOOR": "9",
        "FLAT": "H",
        "HOUSE_NUM_PREFIX": 84.0,
        "STREET_NAME_ENG": "POK FU LAM ROAD",
        "STREET_NAME_CHN": "薄扶林道",
        "AREA_DESC_ENG": "HONG KONG",
        "AREA_DESC_CHN": "香港",
        "FREE_FORMAT_ADDR_ENG": "FLAT H ON 9TH FLOOR OF BLOCK GH FULHAM GARDEN NO.84 POK FU LAM ROAD HONG KONG",
        "FREE_FORMAT_ADDR_CHN": NaN,
        "DEV_NAME_ENG": "FULHAM GARDEN",
        "DEV_NAME_CHN": "富林苑",
        "FIRST_REFERENCE_LOT_PRN": "C4376313"
    },
    {
        "PRN": "B3604598",
        "SEQ_NUM": 1,
        "BLOCK": "EF",
        "FLOOR": "10",
        "FLAT": "E",
        "HOUSE_NUM_PREFIX": 84.0,
        "STREET_NAME_ENG": "POK FU LAM ROAD",
        "STREET_NAME_CHN": "薄扶林道",
        "AREA_DESC_ENG": "HONG KONG",
        "AREA_DESC_CHN": "香港",
        "FREE_FORMAT_ADDR_ENG": "FLAT E ON 10TH FLOOR OF BLOCK EF FULHAM GARDEN NO.84 POK FU LAM ROAD HONG KONG",
        "FREE_FORMAT_ADDR_CHN": NaN,
        "DEV_NAME_ENG": "FULHAM GARDEN",
        "DEV_NAME_CHN": "富林苑",
        "FIRST_REFERENCE_LOT_PRN": "C4376313"
    },
    {
        "PRN": "B3604606",
        "SEQ_NUM": 1,
        "BLOCK": "EF",
        "FLOOR": "5",
        "FLAT": "E",
        "HOUSE_NUM_PREFIX": 84.0,
        "STREET_NAME_ENG": "POK FU LAM ROAD",
        "STREET_NAME_CHN": "薄扶林道",
        "AREA_DESC_ENG": "HONG KONG",
        "AREA_DESC_CHN": "香港",
        "FREE_FORMAT_ADDR_ENG": "FLAT E ON 5TH FLOOR OF BLOCK EF FULHAM GARDEN NO.84 POK FU LAM ROAD HONG KONG",
        "FREE_FORMAT_ADDR_CHN": NaN,
        "DEV_NAME_ENG": "FULHAM GARDEN",
        "DEV_NAME_CHN": "富林苑",
        "FIRST_REFERENCE_LOT_PRN": "C4376313"
    },
    {
        "PRN": "B3604616",
        "SEQ_NUM": 1,
        "BLOCK": "EF",
        "FLOOR": "2",
        "FLAT": "F",
        "HOUSE_NUM_PREFIX": 84.0,
        "STREET_NAME_ENG": "POK FU LAM ROAD",
        "STREET_NAME_CHN": "薄扶林道",
        "AREA_DESC_ENG": "HONG KONG",
        "AREA_DESC_CHN": "香港",
        "FREE_FORMAT_ADDR_ENG": "FLAT F ON 2ND FLOOR OF BLOCK EF FULHAM GARDEN NO.84 POK FU LAM ROAD HONG KONG",
        "FREE_FORMAT_ADDR_CHN": NaN,
        "DEV_NAME_ENG": "FULHAM GARDEN",
        "DEV_NAME_CHN": "富林苑",
        "FIRST_REFERENCE_LOT_PRN": "C4376313"
    },
    {
        "PRN": "B3604622",
        "SEQ_NUM": 1,
        "BLOCK": "GH",
        "FLOOR": "1",
        "FLAT": "G",
        "HOUSE_NUM_PREFIX": 84.0,
        "STREET_NAME_ENG": "POK FU LAM ROAD",
        "STREET_NAME_CHN": "薄扶林道",
        "AREA_DESC_ENG": "HONG KONG",
        "AREA_DESC_CHN": "香港",
        "FREE_FORMAT_ADDR_ENG": "FLAT G ON 1ST FLOOR OF BLOCK GH FULHAM GARDEN NO.84 POK FU LAM ROAD HONG KONG",
        "FREE_FORMAT_ADDR_CHN": NaN,
        "DEV_NAME_ENG": "FULHAM GARDEN",
        "DEV_NAME_CHN": "富林苑",
        "FIRST_REFERENCE_LOT_PRN": "C4376313"
    },
    {
        "PRN": "B3604631",
        "SEQ_NUM": 1,
        "BLOCK": "GH",
        "FLOOR": "5",
        "FLAT": "H",
        "HOUSE_NUM_PREFIX": 84.0,
        "STREET_NAME_ENG": "POK FU LAM ROAD",
        "STREET_NAME_CHN": "薄扶林道",
        "AREA_DESC_ENG": "HONG KONG",
        "AREA_DESC_CHN": "香港",
        "FREE_FORMAT_ADDR_ENG": "FLAT H ON 5TH FLOOR OF BLOCK GH FULHAM GARDEN NO.84 POK FU LAM ROAD HONG KONG",
        "FREE_FORMAT_ADDR_CHN": NaN,
        "DEV_NAME_ENG": "FULHAM GARDEN",
        "DEV_NAME_CHN": "富林苑",
        "FIRST_REFERENCE_LOT_PRN": "C4376313"
    },
    {
        "PRN": "B3604647",
        "SEQ_NUM": 1,
        "BLOCK": "GH",
        "FLOOR": "8",
        "FLAT": "H",
        "HOUSE_NUM_PREFIX": 84.0,
        "STREET_NAME_ENG": "POK FU LAM ROAD",
        "STREET_NAME_CHN": "薄扶林道",
        "AREA_DESC_ENG": "HONG KONG",
        "AREA_DESC_CHN": "香港",
        "FREE_FORMAT_ADDR_ENG": "FLAT H ON 8TH FLOOR OF BLOCK GH FULHAM GARDEN NO.84 POK FU LAM ROAD HONG KONG",
        "FREE_FORMAT_ADDR_CHN": NaN,
        "DEV_NAME_ENG": "FULHAM GARDEN",
        "DEV_NAME_CHN": "富林苑",
        "FIRST_REFERENCE_LOT_PRN": "C4376313"
    },
    {
        "PRN": "B5094528",
        "SEQ_NUM": 1,
        "BLOCK": "GH",
        "FLOOR": "6",
        "FLAT": "G",
        "HOUSE_NUM_PREFIX": 84.0,
        "STREET_NAME_ENG": "POK FU LAM ROAD",
        "STREET_NAME_CHN": "薄扶林道",
        "AREA_DESC_ENG": "HONG KONG",
        "AREA_DESC_CHN": "香港",
        "FREE_FORMAT_ADDR_ENG": "FLAT G ON 6TH FLOOR OF BLOCK GH FULHAM GARDEN NO.84 POK FU LAM ROAD HONG KONG",
        "FREE_FORMAT_ADDR_CHN": NaN,
        "DEV_NAME_ENG": "FULHAM GARDEN",
        "DEV_NAME_CHN": "富林苑",
        "FIRST_REFERENCE_LOT_PRN": "C4376313"
    },
    {
        "PRN": "B5094535",
        "SEQ_NUM": 1,
        "BLOCK": "GH",
        "FLOOR": "6",
        "FLAT": "H",
        "HOUSE_NUM_PREFIX": 84.0,
        "STREET_NAME_ENG": "POK FU LAM ROAD",
        "STREET_NAME_CHN": "薄扶林道",
        "AREA_DESC_ENG": "HONG KONG",
        "AREA_DESC_CHN": "香港",
        "FREE_FORMAT_ADDR_ENG": "FLAT H ON 6TH FLOOR OF BLOCK GH FULHAM GARDEN NO.84 POK FU LAM ROAD HONG KONG",
        "FREE_FORMAT_ADDR_CHN": NaN,
        "DEV_NAME_ENG": "FULHAM GARDEN",
        "DEV_NAME_CHN": "富林苑",
        "FIRST_REFERENCE_LOT_PRN": "C4376313"
    },
    {
        "PRN": "B5428323",
        "SEQ_NUM": 1,
        "BLOCK": "AB",
        "FLOOR": "1",
        "FLAT": "B",
        "HOUSE_NUM_PREFIX": 84.0,
        "STREET_NAME_ENG": "POK FU LAM ROAD",
        "STREET_NAME_CHN": "薄扶林道",
        "AREA_DESC_ENG": "HONG KONG",
        "AREA_DESC_CHN": "香港",
        "FREE_FORMAT_ADDR_ENG": "FLAT B ON 1ST FLOOR OF BLOCK AB FULHAM GARDEN NO.84 POK FU LAM ROAD HONG KONG",
        "FREE_FORMAT_ADDR_CHN": NaN,
        "DEV_NAME_ENG": "FULHAM GARDEN",
        "DEV_NAME_CHN": "富林苑",
        "FIRST_REFERENCE_LOT_PRN": "C4376313"
    },
    {
        "PRN": "B5765345",
        "SEQ_NUM": 1,
        "BLOCK": "AB",
        "FLOOR": "3",
        "FLAT": "A",
        "HOUSE_NUM_PREFIX": 84.0,
        "STREET_NAME_ENG": "POK FU LAM ROAD",
        "STREET_NAME_CHN": "薄扶林道",
        "AREA_DESC_ENG": "HONG KONG",
        "AREA_DESC_CHN": "香港",
        "FREE_FORMAT_ADDR_ENG": "FLAT A ON 3RD FLOOR OF BLOCK AB FULHAM GARDEN NO.84 POK FU LAM ROAD HONG KONG",
        "FREE_FORMAT_ADDR_CHN": NaN,
        "DEV_NAME_ENG": "FULHAM GARDEN",
        "DEV_NAME_CHN": "富林苑",
        "FIRST_REFERENCE_LOT_PRN": "C4376313"
    },
    {
        "PRN": "B5765350",
        "SEQ_NUM": 1,
        "BLOCK": "CD",
        "FLOOR": "2",
        "FLAT": "C",
        "HOUSE_NUM_PREFIX": 84.0,
        "STREET_NAME_ENG": "POK FU LAM ROAD",
        "STREET_NAME_CHN": "薄扶林道",
        "AREA_DESC_ENG": "HONG KONG",
        "AREA_DESC_CHN": "香港",
        "FREE_FORMAT_ADDR_ENG": "FLAT C ON 2ND FLOOR OF BLOCK CD FULHAM GARDEN NO.84 POK FU LAM ROAD HONG KONG",
        "FREE_FORMAT_ADDR_CHN": NaN,
        "DEV_NAME_ENG": "FULHAM GARDEN",
        "DEV_NAME_CHN": "富林苑",
        "FIRST_REFERENCE_LOT_PRN": "C4376313"
    },
    {
        "PRN": "B6281192",
        "SEQ_NUM": 1,
        "BLOCK": "EF",
        "FLOOR": "1",
        "FLAT": "F",
        "HOUSE_NUM_PREFIX": 84.0,
        "STREET_NAME_ENG": "POK FU LAM ROAD",
        "STREET_NAME_CHN": "薄扶林道",
        "AREA_DESC_ENG": "HONG KONG",
        "AREA_DESC_CHN": "香港",
        "FREE_FORMAT_ADDR_ENG": "FLAT F ON 1ST FLOOR OF BLOCK EF FULHAM GARDEN NO.84 POK FU LAM ROAD HONG KONG",
        "FREE_FORMAT_ADDR_CHN": NaN,
        "DEV_NAME_ENG": "FULHAM GARDEN",
        "DEV_NAME_CHN": "富林苑",
        "FIRST_REFERENCE_LOT_PRN": "C4376313"
    },
    {
        "PRN": "B6281208",
        "SEQ_NUM": 1,
        "BLOCK": "EF",
        "FLOOR": "6",
        "FLAT": "F",
        "HOUSE_NUM_PREFIX": 84.0,
        "STREET_NAME_ENG": "POK FU LAM ROAD",
        "STREET_NAME_CHN": "薄扶林道",
        "AREA_DESC_ENG": "HONG KONG",
        "AREA_DESC_CHN": "香港",
        "FREE_FORMAT_ADDR_ENG": "FLAT F ON 6TH FLOOR OF BLOCK EF FULHAM GARDEN NO.84 POK FU LAM ROAD HONG KONG",
        "FREE_FORMAT_ADDR_CHN": NaN,
        "DEV_NAME_ENG": "FULHAM GARDEN",
        "DEV_NAME_CHN": "富林苑",
        "FIRST_REFERENCE_LOT_PRN": "C4376313"
    },
    {
        "PRN": "B6281215",
        "SEQ_NUM": 1,
        "BLOCK": "EF",
        "FLOOR": "8",
        "FLAT": "F",
        "HOUSE_NUM_PREFIX": 84.0,
        "STREET_NAME_ENG": "POK FU LAM ROAD",
        "STREET_NAME_CHN": "薄扶林道",
        "AREA_DESC_ENG": "HONG KONG",
        "AREA_DESC_CHN": "香港",
        "FREE_FORMAT_ADDR_ENG": "FLAT F ON 8TH FLOOR OF BLOCK EF FULHAM GARDEN NO.84 POK FU LAM ROAD HONG KONG",
        "FREE_FORMAT_ADDR_CHN": NaN,
        "DEV_NAME_ENG": "FULHAM GARDEN",
        "DEV_NAME_CHN": "富林苑",
        "FIRST_REFERENCE_LOT_PRN": "C4376313"
    },
    {
        "PRN": "B6281223",
        "SEQ_NUM": 1,
        "BLOCK": "GH",
        "FLOOR": "2",
        "FLAT": "G",
        "HOUSE_NUM_PREFIX": 84.0,
        "STREET_NAME_ENG": "POK FU LAM ROAD",
        "STREET_NAME_CHN": "薄扶林道",
        "AREA_DESC_ENG": "HONG KONG",
        "AREA_DESC_CHN": "香港",
        "FREE_FORMAT_ADDR_ENG": "FLAT G ON 2ND FLOOR OF BLOCK GH FULHAM GARDEN NO.84 POK FU LAM ROAD HONG KONG",
        "FREE_FORMAT_ADDR_CHN": NaN,
        "DEV_NAME_ENG": "FULHAM GARDEN",
        "DEV_NAME_CHN": "富林苑",
        "FIRST_REFERENCE_LOT_PRN": "C4376313"
    },
    {
        "PRN": "B6281239",
        "SEQ_NUM": 1,
        "BLOCK": "GH",
        "FLOOR": "7",
        "FLAT": "G",
        "HOUSE_NUM_PREFIX": 84.0,
        "STREET_NAME_ENG": "POK FU LAM ROAD",
        "STREET_NAME_CHN": "薄扶林道",
        "AREA_DESC_ENG": "HONG KONG",
        "AREA_DESC_CHN": "香港",
        "FREE_FORMAT_ADDR_ENG": "FLAT G ON 7TH FLOOR OF BLOCK GH FULHAM GARDEN NO.84 POK FU LAM ROAD HONG KONG",
        "FREE_FORMAT_ADDR_CHN": NaN,
        "DEV_NAME_ENG": "FULHAM GARDEN",
        "DEV_NAME_CHN": "富林苑",
        "FIRST_REFERENCE_LOT_PRN": "C4376313"
    },
    {
        "PRN": "B7779771",
        "SEQ_NUM": 1,
        "BLOCK": "CD",
        "FLOOR": "11",
        "FLAT": "D",
        "HOUSE_NUM_PREFIX": 84.0,
        "STREET_NAME_ENG": "POK FU LAM ROAD",
        "STREET_NAME_CHN": "薄扶林道",
        "AREA_DESC_ENG": "HONG KONG",
        "AREA_DESC_CHN": "香港",
        "FREE_FORMAT_ADDR_ENG": "FLAT D ON 11TH FLOOR OF BLOCK CD FULHAM GARDEN NO.84 POK FU LAM ROAD HONG KONG",
        "FREE_FORMAT_ADDR_CHN": NaN,
        "DEV_NAME_ENG": "FULHAM GARDEN",
        "DEV_NAME_CHN": "富林苑",
        "FIRST_REFERENCE_LOT_PRN": "C4376313"
    },
    {
        "PRN": "B7779789",
        "SEQ_NUM": 1,
        "BLOCK": "CD",
        "FLOOR": "7",
        "FLAT": "D",
        "HOUSE_NUM_PREFIX": 84.0,
        "STREET_NAME_ENG": "POK FU LAM ROAD",
        "STREET_NAME_CHN": "薄扶林道",
        "AREA_DESC_ENG": "HONG KONG",
        "AREA_DESC_CHN": "香港",
        "FREE_FORMAT_ADDR_ENG": "FLAT D ON 7TH FLOOR OF BLOCK CD FULHAM GARDEN NO.84 POK FU LAM ROAD HONG KONG",
        "FREE_FORMAT_ADDR_CHN": NaN,
        "DEV_NAME_ENG": "FULHAM GARDEN",
        "DEV_NAME_CHN": "富林苑",
        "FIRST_REFERENCE_LOT_PRN": "C4376313"
    },
    {
        "PRN": "B8448139",
        "SEQ_NUM": 1,
        "BLOCK": "AB",
        "FLOOR": "4",
        "FLAT": "B",
        "HOUSE_NUM_PREFIX": 84.0,
        "STREET_NAME_ENG": "POK FU LAM ROAD",
        "STREET_NAME_CHN": "薄扶林道",
        "AREA_DESC_ENG": "HONG KONG",
        "AREA_DESC_CHN": "香港",
        "FREE_FORMAT_ADDR_ENG": "FLAT B ON 4TH FLOOR OF BLOCK AB FULHAM GARDEN NO.84 POK FU LAM ROAD HONG KONG",
        "FREE_FORMAT_ADDR_CHN": NaN,
        "DEV_NAME_ENG": "FULHAM GARDEN",
        "DEV_NAME_CHN": "富林苑",
        "FIRST_REFERENCE_LOT_PRN": "C4376313"
    },
    {
        "PRN": "B8967974",
        "SEQ_NUM": 1,
        "BLOCK": "AB",
        "FLOOR": "10",
        "FLAT": "A",
        "HOUSE_NUM_PREFIX": 84.0,
        "STREET_NAME_ENG": "POK FU LAM ROAD",
        "STREET_NAME_CHN": "薄扶林道",
        "AREA_DESC_ENG": "HONG KONG",
        "AREA_DESC_CHN": "香港",
        "FREE_FORMAT_ADDR_ENG": "FLAT A ON 10TH FLOOR OF BLOCK AB FULHAM GARDEN NO.84 POK FU LAM ROAD HONG KONG",
        "FREE_FORMAT_ADDR_CHN": NaN,
        "DEV_NAME_ENG": "FULHAM GARDEN",
        "DEV_NAME_CHN": "富林苑",
        "FIRST_REFERENCE_LOT_PRN": "C4376313"
    },
    {
        "PRN": "B8967987",
        "SEQ_NUM": 1,
        "BLOCK": "AB",
        "FLOOR": "2",
        "FLAT": "A",
        "HOUSE_NUM_PREFIX": 84.0,
        "STREET_NAME_ENG": "POK FU LAM ROAD",
        "STREET_NAME_CHN": "薄扶林道",
        "AREA_DESC_ENG": "HONG KONG",
        "AREA_DESC_CHN": "香港",
        "FREE_FORMAT_ADDR_ENG": "FLAT A ON 2ND FLOOR OF BLOCK AB FULHAM GARDEN NO.84 POK FU LAM ROAD HONG KONG",
        "FREE_FORMAT_ADDR_CHN": NaN,
        "DEV_NAME_ENG": "FULHAM GARDEN",
        "DEV_NAME_CHN": "富林苑",
        "FIRST_REFERENCE_LOT_PRN": "C4376313"
    },
    {
        "PRN": "B8967999",
        "SEQ_NUM": 1,
        "BLOCK": "AB",
        "FLOOR": "8",
        "FLAT": "A",
        "HOUSE_NUM_PREFIX": 84.0,
        "STREET_NAME_ENG": "POK FU LAM ROAD",
        "STREET_NAME_CHN": "薄扶林道",
        "AREA_DESC_ENG": "HONG KONG",
        "AREA_DESC_CHN": "香港",
        "FREE_FORMAT_ADDR_ENG": "FLAT A ON 8TH FLOOR OF BLOCK AB FULHAM GARDEN NO.84 POK FU LAM ROAD HONG KONG",
        "FREE_FORMAT_ADDR_CHN": NaN,
        "DEV_NAME_ENG": "FULHAM GARDEN",
        "DEV_NAME_CHN": "富林苑",
        "FIRST_REFERENCE_LOT_PRN": "C4376313"
    },
    {
        "PRN": "B8968004",
        "SEQ_NUM": 1,
        "BLOCK": "AB",
        "FLOOR": "2",
        "FLAT": "B",
        "HOUSE_NUM_PREFIX": 84.0,
        "STREET_NAME_ENG": "POK FU LAM ROAD",
        "STREET_NAME_CHN": "薄扶林道",
        "AREA_DESC_ENG": "HONG KONG",
        "AREA_DESC_CHN": "香港",
        "FREE_FORMAT_ADDR_ENG": "FLAT B ON 2ND FLOOR OF BLOCK AB FULHAM GARDEN NO.84 POK FU LAM ROAD HONG KONG",
        "FREE_FORMAT_ADDR_CHN": NaN,
        "DEV_NAME_ENG": "FULHAM GARDEN",
        "DEV_NAME_CHN": "富林苑",
        "FIRST_REFERENCE_LOT_PRN": "C4376313"
    },
    {
        "PRN": "B8968015",
        "SEQ_NUM": 1,
        "BLOCK": "AB",
        "FLOOR": "3",
        "FLAT": "B",
        "HOUSE_NUM_PREFIX": 84.0,
        "STREET_NAME_ENG": "POK FU LAM ROAD",
        "STREET_NAME_CHN": "薄扶林道",
        "AREA_DESC_ENG": "HONG KONG",
        "AREA_DESC_CHN": "香港",
        "FREE_FORMAT_ADDR_ENG": "FLAT B ON 3RD FLOOR OF BLOCK AB FULHAM GARDEN NO.84 POK FU LAM ROAD HONG KONG",
        "FREE_FORMAT_ADDR_CHN": NaN,
        "DEV_NAME_ENG": "FULHAM GARDEN",
        "DEV_NAME_CHN": "富林苑",
        "FIRST_REFERENCE_LOT_PRN": "C4376313"
    },
    {
        "PRN": "B8968025",
        "SEQ_NUM": 1,
        "BLOCK": "AB",
        "FLOOR": "7",
        "FLAT": "B",
        "HOUSE_NUM_PREFIX": 84.0,
        "STREET_NAME_ENG": "POK FU LAM ROAD",
        "STREET_NAME_CHN": "薄扶林道",
        "AREA_DESC_ENG": "HONG KONG",
        "AREA_DESC_CHN": "香港",
        "FREE_FORMAT_ADDR_ENG": "FLAT B ON 7TH FLOOR OF BLOCK AB FULHAM GARDEN NO.84 POK FU LAM ROAD HONG KONG",
        "FREE_FORMAT_ADDR_CHN": NaN,
        "DEV_NAME_ENG": "FULHAM GARDEN",
        "DEV_NAME_CHN": "富林苑",
        "FIRST_REFERENCE_LOT_PRN": "C4376313"
    },
    {
        "PRN": "B8968035",
        "SEQ_NUM": 1,
        "BLOCK": "CD",
        "FLOOR": "5",
        "FLAT": "C",
        "HOUSE_NUM_PREFIX": 84.0,
        "STREET_NAME_ENG": "POK FU LAM ROAD",
        "STREET_NAME_CHN": "薄扶林道",
        "AREA_DESC_ENG": "HONG KONG",
        "AREA_DESC_CHN": "香港",
        "FREE_FORMAT_ADDR_ENG": "FLAT C ON 5TH FLOOR OF BLOCK CD FULHAM GARDEN NO.84 POK FU LAM ROAD HONG KONG",
        "FREE_FORMAT_ADDR_CHN": NaN,
        "DEV_NAME_ENG": "FULHAM GARDEN",
        "DEV_NAME_CHN": "富林苑",
        "FIRST_REFERENCE_LOT_PRN": "C4376313"
    },
    {
        "PRN": "B8968041",
        "SEQ_NUM": 1,
        "BLOCK": "CD",
        "FLOOR": "4",
        "FLAT": "D",
        "HOUSE_NUM_PREFIX": 84.0,
        "STREET_NAME_ENG": "POK FU LAM ROAD",
        "STREET_NAME_CHN": "薄扶林道",
        "AREA_DESC_ENG": "HONG KONG",
        "AREA_DESC_CHN": "香港",
        "FREE_FORMAT_ADDR_ENG": "FLAT D ON 4TH FLOOR OF BLOCK CD FULHAM GARDEN NO.84 POK FU LAM ROAD HONG KONG",
        "FREE_FORMAT_ADDR_CHN": NaN,
        "DEV_NAME_ENG": "FULHAM GARDEN",
        "DEV_NAME_CHN": "富林苑",
        "FIRST_REFERENCE_LOT_PRN": "C4376313"
    },
    {
        "PRN": "B8968056",
        "SEQ_NUM": 1,
        "BLOCK": "EF",
        "FLOOR": "7",
        "FLAT": "E",
        "HOUSE_NUM_PREFIX": 84.0,
        "STREET_NAME_ENG": "POK FU LAM ROAD",
        "STREET_NAME_CHN": "薄扶林道",
        "AREA_DESC_ENG": "HONG KONG",
        "AREA_DESC_CHN": "香港",
        "FREE_FORMAT_ADDR_ENG": "FLAT E ON 7TH FLOOR OF BLOCK EF FULHAM GARDEN NO.84 POK FU LAM ROAD HONG KONG",
        "FREE_FORMAT_ADDR_CHN": NaN,
        "DEV_NAME_ENG": "FULHAM GARDEN",
        "DEV_NAME_CHN": "富林苑",
        "FIRST_REFERENCE_LOT_PRN": "C4376313"
    },
    {
        "PRN": "B8968066",
        "SEQ_NUM": 1,
        "BLOCK": "GH",
        "FLOOR": "5",
        "FLAT": "G",
        "HOUSE_NUM_PREFIX": 84.0,
        "STREET_NAME_ENG": "POK FU LAM ROAD",
        "STREET_NAME_CHN": "薄扶林道",
        "AREA_DESC_ENG": "HONG KONG",
        "AREA_DESC_CHN": "香港",
        "FREE_FORMAT_ADDR_ENG": "FLAT G ON 5TH FLOOR OF BLOCK GH FULHAM GARDEN NO.84 POK FU LAM ROAD HONG KONG",
        "FREE_FORMAT_ADDR_CHN": NaN,
        "DEV_NAME_ENG": "FULHAM GARDEN",
        "DEV_NAME_CHN": "富林苑",
        "FIRST_REFERENCE_LOT_PRN": "C4376313"
    },
    {
        "PRN": "B8968079",
        "SEQ_NUM": 1,
        "BLOCK": "GH",
        "FLOOR": "8",
        "FLAT": "G",
        "HOUSE_NUM_PREFIX": 84.0,
        "STREET_NAME_ENG": "POK FU LAM ROAD",
        "STREET_NAME_CHN": "薄扶林道",
        "AREA_DESC_ENG": "HONG KONG",
        "AREA_DESC_CHN": "香港",
        "FREE_FORMAT_ADDR_ENG": "FLAT G ON 8TH FLOOR OF BLOCK GH FULHAM GARDEN NO.84 POK FU LAM ROAD HONG KONG",
        "FREE_FORMAT_ADDR_CHN": NaN,
        "DEV_NAME_ENG": "FULHAM GARDEN",
        "DEV_NAME_CHN": "富林苑",
        "FIRST_REFERENCE_LOT_PRN": "C4376313"
    },
    {
        "PRN": "B8968080",
        "SEQ_NUM": 1,
        "BLOCK": "GH",
        "FLOOR": "12",
        "FLAT": "H",
        "HOUSE_NUM_PREFIX": 84.0,
        "STREET_NAME_ENG": "POK FU LAM ROAD",
        "STREET_NAME_CHN": "薄扶林道",
        "AREA_DESC_ENG": "HONG KONG",
        "AREA_DESC_CHN": "香港",
        "FREE_FORMAT_ADDR_ENG": "FLAT H ON 12TH FLOOR OF BLOCK GH FULHAM GARDEN NO.84 POK FU LAM ROAD HONG KONG",
        "FREE_FORMAT_ADDR_CHN": NaN,
        "DEV_NAME_ENG": "FULHAM GARDEN",
        "DEV_NAME_CHN": "富林苑",
        "FIRST_REFERENCE_LOT_PRN": "C4376313"
    },
    {
        "PRN": "C0461179",
        "SEQ_NUM": 1,
        "BLOCK": "AB",
        "FLOOR": "11",
        "FLAT": "B",
        "HOUSE_NUM_PREFIX": 84.0,
        "STREET_NAME_ENG": "POK FU LAM ROAD",
        "STREET_NAME_CHN": "薄扶林道",
        "AREA_DESC_ENG": "HONG KONG",
        "AREA_DESC_CHN": "香港",
        "FREE_FORMAT_ADDR_ENG": "FLAT B ON 11TH FLOOR OF BLOCK AB FULHAM GARDEN NO.84 POK FU LAM ROAD HONG KONG",
        "FREE_FORMAT_ADDR_CHN": NaN,
        "DEV_NAME_ENG": "FULHAM GARDEN",
        "DEV_NAME_CHN": "富林苑",
        "FIRST_REFERENCE_LOT_PRN": "C4376313"
    },
    {
        "PRN": "C0461189",
        "SEQ_NUM": 1,
        "BLOCK": "GH",
        "FLOOR": "3",
        "FLAT": "G",
        "HOUSE_NUM_PREFIX": 84.0,
        "STREET_NAME_ENG": "POK FU LAM ROAD",
        "STREET_NAME_CHN": "薄扶林道",
        "AREA_DESC_ENG": "HONG KONG",
        "AREA_DESC_CHN": "香港",
        "FREE_FORMAT_ADDR_ENG": "FLAT G ON 3RD FLOOR OF BLOCK GH FULHAM GARDEN NO.84 POK FU LAM ROAD HONG KONG",
        "FREE_FORMAT_ADDR_CHN": NaN,
        "DEV_NAME_ENG": "FULHAM GARDEN",
        "DEV_NAME_CHN": "富林苑",
        "FIRST_REFERENCE_LOT_PRN": "C4376313"
    },
    {
        "PRN": "C0796478",
        "SEQ_NUM": 1,
        "BLOCK": "EF",
        "FLOOR": "12",
        "FLAT": "F",
        "HOUSE_NUM_PREFIX": 84.0,
        "STREET_NAME_ENG": "POK FU LAM ROAD",
        "STREET_NAME_CHN": "薄扶林道",
        "AREA_DESC_ENG": "HONG KONG",
        "AREA_DESC_CHN": "香港",
        "FREE_FORMAT_ADDR_ENG": "FLAT F ON 12TH FLOOR OF BLOCK EF FULHAM GARDEN NO.84 POK FU LAM ROAD HONG KONG",
        "FREE_FORMAT_ADDR_CHN": NaN,
        "DEV_NAME_ENG": "FULHAM GARDEN",
        "DEV_NAME_CHN": "富林苑",
        "FIRST_REFERENCE_LOT_PRN": "C4376313"
    }
]