[
    {
        "PRN": "B1401008",
        "SEQ_NUM": 1,
        "BLOCK": "9",
        "FLOOR": "G",
        "FLAT": NaN,
        "HOUSE_NUM_PREFIX": NaN,
        "STREET_NAME_ENG": NaN,
        "STREET_NAME_CHN": NaN,
        "AREA_DESC_ENG": NaN,
        "AREA_DESC_CHN": NaN,
        "FREE_FORMAT_ADDR_ENG": "G/F INCLUDING GARDEN YARD BLOCK 9 GENUINE COURT (PHASE I) YUEN LONG NEW TERRITORIES",
        "FREE_FORMAT_ADDR_CHN": NaN,
        "DEV_NAME_ENG": "GENUINE COURT",
        "DEV_NAME_CHN": "錦安花園",
        "FIRST_REFERENCE_LOT_PRN": "C5737018"
    },
    {
        "PRN": "B1401012",
        "SEQ_NUM": 1,
        "BLOCK": "9",
        "FLOOR": "1",
        "FLAT": NaN,
        "HOUSE_NUM_PREFIX": NaN,
        "STREET_NAME_ENG": NaN,
        "STREET_NAME_CHN": NaN,
        "AREA_DESC_ENG": NaN,
        "AREA_DESC_CHN": NaN,
        "FREE_FORMAT_ADDR_ENG": "1/F INCLUDING THE BALCONY BLOCK 9 GENUINE COURT (PHASE I) YUEN LONG NEW TERRITORIES",
        "FREE_FORMAT_ADDR_CHN": NaN,
        "DEV_NAME_ENG": "GENUINE COURT",
        "DEV_NAME_CHN": "錦安花園",
        "FIRST_REFERENCE_LOT_PRN": "C5737018"
    },
    {
        "PRN": "B1401024",
        "SEQ_NUM": 1,
        "BLOCK": "9",
        "FLOOR": "2",
        "FLAT": NaN,
        "HOUSE_NUM_PREFIX": NaN,
        "STREET_NAME_ENG": NaN,
        "STREET_NAME_CHN": NaN,
        "AREA_DESC_ENG": NaN,
        "AREA_DESC_CHN": NaN,
        "FREE_FORMAT_ADDR_ENG": "2/F INCLUDING BALCONY & ROOF BLOCK 9 GENUINE COURT (PHASE I) YUEN LONG NEW TERRITORIES",
        "FREE_FORMAT_ADDR_CHN": NaN,
        "DEV_NAME_ENG": "GENUINE COURT",
        "DEV_NAME_CHN": "錦安花園",
        "FIRST_REFERENCE_LOT_PRN": "C5737018"
    }
]