[
    {
        "PRN": "A1539050",
        "SEQ_NUM": 1,
        "BLOCK": "A",
        "FLOOR": "G",
        "FLAT": NaN,
        "HOUSE_NUM_PREFIX": 21.0,
        "STREET_NAME_ENG": "MANSION STREET",
        "STREET_NAME_CHN": "民新街",
        "AREA_DESC_ENG": "HONG KONG",
        "AREA_DESC_CHN": "香港",
        "FREE_FORMAT_ADDR_ENG": "GROUND FLOOR IN BLOCK A GOLDEN HORSE MANSION NOS.21-23 & 37-39 MANSION STREET HONG KONG",
        "FREE_FORMAT_ADDR_CHN": NaN,
        "DEV_NAME_ENG": "GOLDEN HORSE MANSION",
        "DEV_NAME_CHN": "金馬大廈",
        "FIRST_REFERENCE_LOT_PRN": "C4708626"
    },
    {
        "PRN": "A1539064",
        "SEQ_NUM": 1,
        "BLOCK": "A",
        "FLOOR": "3",
        "FLAT": NaN,
        "HOUSE_NUM_PREFIX": 21.0,
        "STREET_NAME_ENG": "MANSION STREET",
        "STREET_NAME_CHN": "民新街",
        "AREA_DESC_ENG": "HONG KONG",
        "AREA_DESC_CHN": "香港",
        "FREE_FORMAT_ADDR_ENG": "3RD FLOOR IN BLOCK A GOLDEN HORSE MANSION NOS.21-23 & 37-39 MANSION STREET HONG KONG",
        "FREE_FORMAT_ADDR_CHN": NaN,
        "DEV_NAME_ENG": "GOLDEN HORSE MANSION",
        "DEV_NAME_CHN": "金馬大廈",
        "FIRST_REFERENCE_LOT_PRN": "C4708626"
    },
    {
        "PRN": "A1539078",
        "SEQ_NUM": 1,
        "BLOCK": "A",
        "FLOOR": "4",
        "FLAT": NaN,
        "HOUSE_NUM_PREFIX": 21.0,
        "STREET_NAME_ENG": "MANSION STREET",
        "STREET_NAME_CHN": "民新街",
        "AREA_DESC_ENG": "HONG KONG",
        "AREA_DESC_CHN": "香港",
        "FREE_FORMAT_ADDR_ENG": "4TH FLOOR IN BLOCK A GOLDEN HORSE MANSION NOS.21-23 & 37-39 MANSION STREET HONGKONG",
        "FREE_FORMAT_ADDR_CHN": NaN,
        "DEV_NAME_ENG": "GOLDEN HORSE MANSION",
        "DEV_NAME_CHN": "金馬大廈",
        "FIRST_REFERENCE_LOT_PRN": "C4708626"
    },
    {
        "PRN": "A1539088",
        "SEQ_NUM": 1,
        "BLOCK": "A",
        "FLOOR": "5",
        "FLAT": NaN,
        "HOUSE_NUM_PREFIX": 21.0,
        "STREET_NAME_ENG": "MANSION STREET",
        "STREET_NAME_CHN": "民新街",
        "AREA_DESC_ENG": "HONG KONG",
        "AREA_DESC_CHN": "香港",
        "FREE_FORMAT_ADDR_ENG": "5TH FLOOR IN BLOCK A GOLDEN HORSE MANSION NOS.21-23 & 37-39 MANSION STREET HONG KONG",
        "FREE_FORMAT_ADDR_CHN": NaN,
        "DEV_NAME_ENG": "GOLDEN HORSE MANSION",
        "DEV_NAME_CHN": "金馬大廈",
        "FIRST_REFERENCE_LOT_PRN": "C4708626"
    },
    {
        "PRN": "A1539090",
        "SEQ_NUM": 1,
        "BLOCK": "A",
        "FLOOR": "6",
        "FLAT": NaN,
        "HOUSE_NUM_PREFIX": 21.0,
        "STREET_NAME_ENG": "MANSION STREET",
        "STREET_NAME_CHN": "民新街",
        "AREA_DESC_ENG": "HONG KONG",
        "AREA_DESC_CHN": "香港",
        "FREE_FORMAT_ADDR_ENG": "6TH FLOOR IN BLOCK A GOLDEN HORSE MANSION NOS.21-23 & 37-39 MANSION STREET HONG KONG",
        "FREE_FORMAT_ADDR_CHN": NaN,
        "DEV_NAME_ENG": "GOLDEN HORSE MANSION",
        "DEV_NAME_CHN": "金馬大廈",
        "FIRST_REFERENCE_LOT_PRN": "C4708626"
    },
    {
        "PRN": "A1539101",
        "SEQ_NUM": 1,
        "BLOCK": "A",
        "FLOOR": "8",
        "FLAT": NaN,
        "HOUSE_NUM_PREFIX": 21.0,
        "STREET_NAME_ENG": "MANSION STREET",
        "STREET_NAME_CHN": "民新街",
        "AREA_DESC_ENG": "HONG KONG",
        "AREA_DESC_CHN": "香港",
        "FREE_FORMAT_ADDR_ENG": "8/F IN BLK. A & PORTION OF THE ROOF GOLDEN HORSE MANSION NOS.21-23 & 37-39 MANSION STREET HONG KONG",
        "FREE_FORMAT_ADDR_CHN": NaN,
        "DEV_NAME_ENG": "GOLDEN HORSE MANSION",
        "DEV_NAME_CHN": "金馬大廈",
        "FIRST_REFERENCE_LOT_PRN": "C4708626"
    },
    {
        "PRN": "A1539116",
        "SEQ_NUM": 1,
        "BLOCK": "B",
        "FLOOR": "G",
        "FLAT": NaN,
        "HOUSE_NUM_PREFIX": 21.0,
        "STREET_NAME_ENG": "MANSION STREET",
        "STREET_NAME_CHN": "民新街",
        "AREA_DESC_ENG": "HONG KONG",
        "AREA_DESC_CHN": "香港",
        "FREE_FORMAT_ADDR_ENG": "GROUND FLOOR IN BLOCK B GOLDEN HORSE MANSION NOS.21-23 & 37-39 MANSION STREET HONG KONG",
        "FREE_FORMAT_ADDR_CHN": NaN,
        "DEV_NAME_ENG": "GOLDEN HORSE MANSION",
        "DEV_NAME_CHN": "金馬大廈",
        "FIRST_REFERENCE_LOT_PRN": "C4708626"
    },
    {
        "PRN": "A1539128",
        "SEQ_NUM": 1,
        "BLOCK": "B",
        "FLOOR": "2",
        "FLAT": NaN,
        "HOUSE_NUM_PREFIX": 21.0,
        "STREET_NAME_ENG": "MANSION STREET",
        "STREET_NAME_CHN": "民新街",
        "AREA_DESC_ENG": "HONG KONG",
        "AREA_DESC_CHN": "香港",
        "FREE_FORMAT_ADDR_ENG": "2ND FLOOR IN BLOCK B GOLDEN HORSE MANSION NOS.21-23 & 37-39 MANSION STREET HONG KONG",
        "FREE_FORMAT_ADDR_CHN": NaN,
        "DEV_NAME_ENG": "GOLDEN HORSE MANSION",
        "DEV_NAME_CHN": "金馬大廈",
        "FIRST_REFERENCE_LOT_PRN": "C4708626"
    },
    {
        "PRN": "A1539130",
        "SEQ_NUM": 1,
        "BLOCK": "B",
        "FLOOR": "4",
        "FLAT": NaN,
        "HOUSE_NUM_PREFIX": 21.0,
        "STREET_NAME_ENG": "MANSION STREET",
        "STREET_NAME_CHN": "民新街",
        "AREA_DESC_ENG": "HONG KONG",
        "AREA_DESC_CHN": "香港",
        "FREE_FORMAT_ADDR_ENG": "4TH FLOOR IN BLOCK B GOLDEN HORSE MANSION NOS.21-23 & 37-39 MANSION STREET HONG KONG",
        "FREE_FORMAT_ADDR_CHN": NaN,
        "DEV_NAME_ENG": "GOLDEN HORSE MANSION",
        "DEV_NAME_CHN": "金馬大廈",
        "FIRST_REFERENCE_LOT_PRN": "C4708626"
    },
    {
        "PRN": "A1539148",
        "SEQ_NUM": 1,
        "BLOCK": "B",
        "FLOOR": "5",
        "FLAT": NaN,
        "HOUSE_NUM_PREFIX": 21.0,
        "STREET_NAME_ENG": "MANSION STREET",
        "STREET_NAME_CHN": "民新街",
        "AREA_DESC_ENG": "HONG KONG",
        "AREA_DESC_CHN": "香港",
        "FREE_FORMAT_ADDR_ENG": "5TH FLOOR IN BLOCK B GOLDEN HORSE MANSION NOS.21-23 & 37-39 MANSION STREET HONG KONG",
        "FREE_FORMAT_ADDR_CHN": NaN,
        "DEV_NAME_ENG": "GOLDEN HORSE MANSION",
        "DEV_NAME_CHN": "金馬大廈",
        "FIRST_REFERENCE_LOT_PRN": "C4708626"
    },
    {
        "PRN": "A1539153",
        "SEQ_NUM": 1,
        "BLOCK": "B",
        "FLOOR": "6",
        "FLAT": NaN,
        "HOUSE_NUM_PREFIX": 21.0,
        "STREET_NAME_ENG": "MANSION STREET",
        "STREET_NAME_CHN": "民新街",
        "AREA_DESC_ENG": "HONG KONG",
        "AREA_DESC_CHN": "香港",
        "FREE_FORMAT_ADDR_ENG": "6TH FLOOR IN BLOCK B GOLDEN HORSE MANSION NOS.21-23 & 37-39 MANSION STREET HONG KONG",
        "FREE_FORMAT_ADDR_CHN": NaN,
        "DEV_NAME_ENG": "GOLDEN HORSE MANSION",
        "DEV_NAME_CHN": "金馬大廈",
        "FIRST_REFERENCE_LOT_PRN": "C4708626"
    },
    {
        "PRN": "A1539160",
        "SEQ_NUM": 1,
        "BLOCK": "B",
        "FLOOR": "7",
        "FLAT": NaN,
        "HOUSE_NUM_PREFIX": 21.0,
        "STREET_NAME_ENG": "MANSION STREET",
        "STREET_NAME_CHN": "民新街",
        "AREA_DESC_ENG": "HONG KONG",
        "AREA_DESC_CHN": "香港",
        "FREE_FORMAT_ADDR_ENG": "7TH FLOOR IN BLOCK B GOLDEN HORSE MANSION NOS.21-23 & 37-39 MANSION STREET HONG KONG",
        "FREE_FORMAT_ADDR_CHN": NaN,
        "DEV_NAME_ENG": "GOLDEN HORSE MANSION",
        "DEV_NAME_CHN": "金馬大廈",
        "FIRST_REFERENCE_LOT_PRN": "C4708626"
    },
    {
        "PRN": "A1539172",
        "SEQ_NUM": 1,
        "BLOCK": "B",
        "FLOOR": "8",
        "FLAT": NaN,
        "HOUSE_NUM_PREFIX": 21.0,
        "STREET_NAME_ENG": "MANSION STREET",
        "STREET_NAME_CHN": "民新街",
        "AREA_DESC_ENG": "HONG KONG",
        "AREA_DESC_CHN": "香港",
        "FREE_FORMAT_ADDR_ENG": "8/F IN BLK. B & PORTION OF THE ROOF GOLDEN HORSE MANSION NOS.21-23 & 37-39 MANSION STREET HONG KONG",
        "FREE_FORMAT_ADDR_CHN": NaN,
        "DEV_NAME_ENG": "GOLDEN HORSE MANSION",
        "DEV_NAME_CHN": "金馬大廈",
        "FIRST_REFERENCE_LOT_PRN": "C4708626"
    },
    {
        "PRN": "A1539183",
        "SEQ_NUM": 1,
        "BLOCK": "C",
        "FLOOR": "1",
        "FLAT": NaN,
        "HOUSE_NUM_PREFIX": 21.0,
        "STREET_NAME_ENG": "MANSION STREET",
        "STREET_NAME_CHN": "民新街",
        "AREA_DESC_ENG": "HONG KONG",
        "AREA_DESC_CHN": "香港",
        "FREE_FORMAT_ADDR_ENG": "1ST FLOOR IN BLOCK C GOLDEN HORSE MANSION NOS.21-23 & 37-39 MANSION STREET HONG KONG",
        "FREE_FORMAT_ADDR_CHN": NaN,
        "DEV_NAME_ENG": "GOLDEN HORSE MANSION",
        "DEV_NAME_CHN": "金馬大廈",
        "FIRST_REFERENCE_LOT_PRN": "C4708626"
    },
    {
        "PRN": "A1539196",
        "SEQ_NUM": 1,
        "BLOCK": "C",
        "FLOOR": "2",
        "FLAT": NaN,
        "HOUSE_NUM_PREFIX": 21.0,
        "STREET_NAME_ENG": "MANSION STREET",
        "STREET_NAME_CHN": "民新街",
        "AREA_DESC_ENG": "HONG KONG",
        "AREA_DESC_CHN": "香港",
        "FREE_FORMAT_ADDR_ENG": "2ND FLOOR IN BLOCK C GOLDEN HORSE MANSION NOS.21-23 & 37-39 MANSION STREET HONG KONG",
        "FREE_FORMAT_ADDR_CHN": NaN,
        "DEV_NAME_ENG": "GOLDEN HORSE MANSION",
        "DEV_NAME_CHN": "金馬大廈",
        "FIRST_REFERENCE_LOT_PRN": "C4708626"
    },
    {
        "PRN": "A1539204",
        "SEQ_NUM": 1,
        "BLOCK": "C",
        "FLOOR": "3",
        "FLAT": NaN,
        "HOUSE_NUM_PREFIX": 21.0,
        "STREET_NAME_ENG": "MANSION STREET",
        "STREET_NAME_CHN": "民新街",
        "AREA_DESC_ENG": "HONG KONG",
        "AREA_DESC_CHN": "香港",
        "FREE_FORMAT_ADDR_ENG": "3RD FLOOR IN BLOCK C GOLDEN HORSE MANSION NOS.21-23 & 37-39 MANSION STREET HONG KONG",
        "FREE_FORMAT_ADDR_CHN": NaN,
        "DEV_NAME_ENG": "GOLDEN HORSE MANSION",
        "DEV_NAME_CHN": "金馬大廈",
        "FIRST_REFERENCE_LOT_PRN": "C4708626"
    },
    {
        "PRN": "A1539212",
        "SEQ_NUM": 1,
        "BLOCK": "C",
        "FLOOR": "4",
        "FLAT": NaN,
        "HOUSE_NUM_PREFIX": 21.0,
        "STREET_NAME_ENG": "MANSION STREET",
        "STREET_NAME_CHN": "民新街",
        "AREA_DESC_ENG": "HONG KONG",
        "AREA_DESC_CHN": "香港",
        "FREE_FORMAT_ADDR_ENG": "4TH FLOOR IN BLOCK C GOLDEN HORSE MANSION NOS.21-23 & 37-39 MANSION STREET HONG KONG",
        "FREE_FORMAT_ADDR_CHN": NaN,
        "DEV_NAME_ENG": "GOLDEN HORSE MANSION",
        "DEV_NAME_CHN": "金馬大廈",
        "FIRST_REFERENCE_LOT_PRN": "C4708626"
    },
    {
        "PRN": "A1539222",
        "SEQ_NUM": 1,
        "BLOCK": "C",
        "FLOOR": "5",
        "FLAT": NaN,
        "HOUSE_NUM_PREFIX": 21.0,
        "STREET_NAME_ENG": "MANSION STREET",
        "STREET_NAME_CHN": "民新街",
        "AREA_DESC_ENG": "HONG KONG",
        "AREA_DESC_CHN": "香港",
        "FREE_FORMAT_ADDR_ENG": "5TH FLOOR IN BLOCK C GOLDEN HORSE MANSION NOS.21-23 & 37-39 MANSION STREET HONG HONG",
        "FREE_FORMAT_ADDR_CHN": NaN,
        "DEV_NAME_ENG": "GOLDEN HORSE MANSION",
        "DEV_NAME_CHN": "金馬大廈",
        "FIRST_REFERENCE_LOT_PRN": "C4708626"
    },
    {
        "PRN": "A1539234",
        "SEQ_NUM": 1,
        "BLOCK": "C",
        "FLOOR": "6",
        "FLAT": NaN,
        "HOUSE_NUM_PREFIX": 21.0,
        "STREET_NAME_ENG": "MANSION STREET",
        "STREET_NAME_CHN": "民新街",
        "AREA_DESC_ENG": "HONG KONG",
        "AREA_DESC_CHN": "香港",
        "FREE_FORMAT_ADDR_ENG": "6TH FLOOR IN BLOCK C GOLDEN HORSE MANSION NOS.21-23 & 37-39 MANSION STREET HONG KONG",
        "FREE_FORMAT_ADDR_CHN": NaN,
        "DEV_NAME_ENG": "GOLDEN HORSE MANSION",
        "DEV_NAME_CHN": "金馬大廈",
        "FIRST_REFERENCE_LOT_PRN": "C4708626"
    },
    {
        "PRN": "A1539240",
        "SEQ_NUM": 1,
        "BLOCK": "C",
        "FLOOR": "7",
        "FLAT": NaN,
        "HOUSE_NUM_PREFIX": 21.0,
        "STREET_NAME_ENG": "MANSION STREET",
        "STREET_NAME_CHN": "民新街",
        "AREA_DESC_ENG": "HONG KONG",
        "AREA_DESC_CHN": "香港",
        "FREE_FORMAT_ADDR_ENG": "7TH FLOOR IN BLOCK C GOLDEN HORSE MANSION NOS.21-23 & 37-39 MANSION STREET HONG KONG",
        "FREE_FORMAT_ADDR_CHN": NaN,
        "DEV_NAME_ENG": "GOLDEN HORSE MANSION",
        "DEV_NAME_CHN": "金馬大廈",
        "FIRST_REFERENCE_LOT_PRN": "C4708626"
    },
    {
        "PRN": "A1539251",
        "SEQ_NUM": 1,
        "BLOCK": "C",
        "FLOOR": "8",
        "FLAT": NaN,
        "HOUSE_NUM_PREFIX": 21.0,
        "STREET_NAME_ENG": "MANSION STREET",
        "STREET_NAME_CHN": "民新街",
        "AREA_DESC_ENG": "HONG KONG",
        "AREA_DESC_CHN": "香港",
        "FREE_FORMAT_ADDR_ENG": "8TH FLOOR IN BLOCK C GOLDEN HORSE MANSION NOS.21-23 & 37-39 MANSION STREET HONG KONG",
        "FREE_FORMAT_ADDR_CHN": NaN,
        "DEV_NAME_ENG": "GOLDEN HORSE MANSION",
        "DEV_NAME_CHN": "金馬大廈",
        "FIRST_REFERENCE_LOT_PRN": "C4708626"
    },
    {
        "PRN": "A1539267",
        "SEQ_NUM": 1,
        "BLOCK": "D",
        "FLOOR": "G",
        "FLAT": NaN,
        "HOUSE_NUM_PREFIX": 21.0,
        "STREET_NAME_ENG": "MANSION STREET",
        "STREET_NAME_CHN": "民新街",
        "AREA_DESC_ENG": "HONG KONG",
        "AREA_DESC_CHN": "香港",
        "FREE_FORMAT_ADDR_ENG": "GROUND FLOOR IN BLOCK D GOLDEN HORSE MANSION NOS.21-23 & 37-39 MANSION STREET HONG KONG",
        "FREE_FORMAT_ADDR_CHN": NaN,
        "DEV_NAME_ENG": "GOLDEN HORSE MANSION",
        "DEV_NAME_CHN": "金馬大廈",
        "FIRST_REFERENCE_LOT_PRN": "C4708626"
    },
    {
        "PRN": "A1539276",
        "SEQ_NUM": 1,
        "BLOCK": "D",
        "FLOOR": "1",
        "FLAT": NaN,
        "HOUSE_NUM_PREFIX": 21.0,
        "STREET_NAME_ENG": "MANSION STREET",
        "STREET_NAME_CHN": "民新街",
        "AREA_DESC_ENG": "HONG KONG",
        "AREA_DESC_CHN": "香港",
        "FREE_FORMAT_ADDR_ENG": "1ST FLOOR IN BLOCK D GOLDEN HORSE MANSION NOS.21-23 & 37-39 MANSION STREET HONG KONG",
        "FREE_FORMAT_ADDR_CHN": NaN,
        "DEV_NAME_ENG": "GOLDEN HORSE MANSION",
        "DEV_NAME_CHN": "金馬大廈",
        "FIRST_REFERENCE_LOT_PRN": "C4708626"
    },
    {
        "PRN": "A1539288",
        "SEQ_NUM": 1,
        "BLOCK": "D",
        "FLOOR": "2",
        "FLAT": NaN,
        "HOUSE_NUM_PREFIX": 21.0,
        "STREET_NAME_ENG": "MANSION STREET",
        "STREET_NAME_CHN": "民新街",
        "AREA_DESC_ENG": "HONG KONG",
        "AREA_DESC_CHN": "香港",
        "FREE_FORMAT_ADDR_ENG": "2ND FLOOR IN BLOCK D GOLDEN HORSE MANSION NOS.21-23 & 37-39 MANSION STREET HONG KONG",
        "FREE_FORMAT_ADDR_CHN": NaN,
        "DEV_NAME_ENG": "GOLDEN HORSE MANSION",
        "DEV_NAME_CHN": "金馬大廈",
        "FIRST_REFERENCE_LOT_PRN": "C4708626"
    },
    {
        "PRN": "A1539295",
        "SEQ_NUM": 1,
        "BLOCK": "D",
        "FLOOR": "3",
        "FLAT": NaN,
        "HOUSE_NUM_PREFIX": 21.0,
        "STREET_NAME_ENG": "MANSION STREET",
        "STREET_NAME_CHN": "民新街",
        "AREA_DESC_ENG": "HONG KONG",
        "AREA_DESC_CHN": "香港",
        "FREE_FORMAT_ADDR_ENG": "3RD FLOOR IN BLOCK D GOLDEN HORSE MANSION NOS.21-23 & 37-39 MANSION STREET HONG KONG",
        "FREE_FORMAT_ADDR_CHN": NaN,
        "DEV_NAME_ENG": "GOLDEN HORSE MANSION",
        "DEV_NAME_CHN": "金馬大廈",
        "FIRST_REFERENCE_LOT_PRN": "C4708626"
    },
    {
        "PRN": "A1539307",
        "SEQ_NUM": 1,
        "BLOCK": "D",
        "FLOOR": "5",
        "FLAT": NaN,
        "HOUSE_NUM_PREFIX": 21.0,
        "STREET_NAME_ENG": "MANSION STREET",
        "STREET_NAME_CHN": "民新街",
        "AREA_DESC_ENG": "HONG KONG",
        "AREA_DESC_CHN": "香港",
        "FREE_FORMAT_ADDR_ENG": "5TH FLOOR IN BLOCK D GOLDEN HORSE MANSION NOS.21-23 & 37-39 MANSION STREET HONG KONG",
        "FREE_FORMAT_ADDR_CHN": NaN,
        "DEV_NAME_ENG": "GOLDEN HORSE MANSION",
        "DEV_NAME_CHN": "金馬大廈",
        "FIRST_REFERENCE_LOT_PRN": "C4708626"
    },
    {
        "PRN": "A1539314",
        "SEQ_NUM": 1,
        "BLOCK": "D",
        "FLOOR": "6",
        "FLAT": NaN,
        "HOUSE_NUM_PREFIX": 21.0,
        "STREET_NAME_ENG": "MANSION STREET",
        "STREET_NAME_CHN": "民新街",
        "AREA_DESC_ENG": "HONG KONG",
        "AREA_DESC_CHN": "香港",
        "FREE_FORMAT_ADDR_ENG": "6TH FLOOR IN BLOCK D GOLDEN HORSE MANSION NOS.21-23 & 37-39 MANSION STREET HONG KONG",
        "FREE_FORMAT_ADDR_CHN": NaN,
        "DEV_NAME_ENG": "GOLDEN HORSE MANSION",
        "DEV_NAME_CHN": "金馬大廈",
        "FIRST_REFERENCE_LOT_PRN": "C4708626"
    },
    {
        "PRN": "A1539327",
        "SEQ_NUM": 1,
        "BLOCK": "D",
        "FLOOR": "8",
        "FLAT": NaN,
        "HOUSE_NUM_PREFIX": 21.0,
        "STREET_NAME_ENG": "MANSION STREET",
        "STREET_NAME_CHN": "民新街",
        "AREA_DESC_ENG": "HONG KONG",
        "AREA_DESC_CHN": "香港",
        "FREE_FORMAT_ADDR_ENG": "8TH FLOOR IN BLOCK D GOLDEN HORSE MANSION NOS.21-23 & 37-39 MANSION STREET HONG KONG",
        "FREE_FORMAT_ADDR_CHN": NaN,
        "DEV_NAME_ENG": "GOLDEN HORSE MANSION",
        "DEV_NAME_CHN": "金馬大廈",
        "FIRST_REFERENCE_LOT_PRN": "C4708626"
    },
    {
        "PRN": "A1539335",
        "SEQ_NUM": 1,
        "BLOCK": "F",
        "FLOOR": "G",
        "FLAT": NaN,
        "HOUSE_NUM_PREFIX": 25.0,
        "STREET_NAME_ENG": "MANSION STREET",
        "STREET_NAME_CHN": "民新街",
        "AREA_DESC_ENG": "HONG KONG",
        "AREA_DESC_CHN": "香港",
        "FREE_FORMAT_ADDR_ENG": "GROUND FLOOR OF BLOCK F GOLDEN HORSE MANSION NO.25 MANSION STREET HONG KONG",
        "FREE_FORMAT_ADDR_CHN": NaN,
        "DEV_NAME_ENG": "GOLDEN HORSE MANSION",
        "DEV_NAME_CHN": "金馬大廈",
        "FIRST_REFERENCE_LOT_PRN": "C6695328"
    },
    {
        "PRN": "A1539346",
        "SEQ_NUM": 1,
        "BLOCK": "F",
        "FLOOR": "2",
        "FLAT": NaN,
        "HOUSE_NUM_PREFIX": 25.0,
        "STREET_NAME_ENG": "MANSION STREET",
        "STREET_NAME_CHN": "民新街",
        "AREA_DESC_ENG": "HONG KONG",
        "AREA_DESC_CHN": "香港",
        "FREE_FORMAT_ADDR_ENG": "2ND FLOOR OF BLOCK F GOLDEN HORSE MANSION NO.25 MANSION STREET HONG KONG",
        "FREE_FORMAT_ADDR_CHN": NaN,
        "DEV_NAME_ENG": "GOLDEN HORSE MANSION",
        "DEV_NAME_CHN": "金馬大廈",
        "FIRST_REFERENCE_LOT_PRN": "C6695328"
    },
    {
        "PRN": "A1539351",
        "SEQ_NUM": 1,
        "BLOCK": "F",
        "FLOOR": "5",
        "FLAT": NaN,
        "HOUSE_NUM_PREFIX": 25.0,
        "STREET_NAME_ENG": "MANSION STREET",
        "STREET_NAME_CHN": "民新街",
        "AREA_DESC_ENG": "HONG KONG",
        "AREA_DESC_CHN": "香港",
        "FREE_FORMAT_ADDR_ENG": "5TH FLOOR OF BLOCK F GOLDEN HORSE MANSION NO.25 MANSION STREET HONG KONG",
        "FREE_FORMAT_ADDR_CHN": NaN,
        "DEV_NAME_ENG": "GOLDEN HORSE MANSION",
        "DEV_NAME_CHN": "金馬大廈",
        "FIRST_REFERENCE_LOT_PRN": "C6695328"
    },
    {
        "PRN": "A1539365",
        "SEQ_NUM": 1,
        "BLOCK": "F",
        "FLOOR": "6",
        "FLAT": NaN,
        "HOUSE_NUM_PREFIX": 25.0,
        "STREET_NAME_ENG": "MANSION STREET",
        "STREET_NAME_CHN": "民新街",
        "AREA_DESC_ENG": "HONG KONG",
        "AREA_DESC_CHN": "香港",
        "FREE_FORMAT_ADDR_ENG": "6TH FLOOR OF BLOCK F GOLDEN HORSE MANSION NO.25 MANSION STREET HONG KONG",
        "FREE_FORMAT_ADDR_CHN": NaN,
        "DEV_NAME_ENG": "GOLDEN HORSE MANSION",
        "DEV_NAME_CHN": "金馬大廈",
        "FIRST_REFERENCE_LOT_PRN": "C6695328"
    },
    {
        "PRN": "A1539374",
        "SEQ_NUM": 1,
        "BLOCK": "F",
        "FLOOR": "8",
        "FLAT": NaN,
        "HOUSE_NUM_PREFIX": 25.0,
        "STREET_NAME_ENG": "MANSION STREET",
        "STREET_NAME_CHN": "民新街",
        "AREA_DESC_ENG": "HONG KONG",
        "AREA_DESC_CHN": "香港",
        "FREE_FORMAT_ADDR_ENG": "8TH FLOOR OF BLOCK F GOLDEN HORSE MANSION NO.25 MANSION STREET HONG KONG",
        "FREE_FORMAT_ADDR_CHN": NaN,
        "DEV_NAME_ENG": "GOLDEN HORSE MANSION",
        "DEV_NAME_CHN": "金馬大廈",
        "FIRST_REFERENCE_LOT_PRN": "C6695328"
    },
    {
        "PRN": "A1539380",
        "SEQ_NUM": 1,
        "BLOCK": "H",
        "FLOOR": "G",
        "FLAT": NaN,
        "HOUSE_NUM_PREFIX": 27.0,
        "STREET_NAME_ENG": "MANSION STREET",
        "STREET_NAME_CHN": "民新街",
        "AREA_DESC_ENG": "HONG KONG",
        "AREA_DESC_CHN": "香港",
        "FREE_FORMAT_ADDR_ENG": "GROUND FLOOR OF BLOCK H GOLDEN HORSE MANSION NO.27 MANSION STREET HONG KONG",
        "FREE_FORMAT_ADDR_CHN": NaN,
        "DEV_NAME_ENG": "GOLDEN HORSE MANSION",
        "DEV_NAME_CHN": "金馬大廈",
        "FIRST_REFERENCE_LOT_PRN": "C5942173"
    },
    {
        "PRN": "A1539394",
        "SEQ_NUM": 1,
        "BLOCK": "H",
        "FLOOR": "1",
        "FLAT": NaN,
        "HOUSE_NUM_PREFIX": 27.0,
        "STREET_NAME_ENG": "MANSION STREET",
        "STREET_NAME_CHN": "民新街",
        "AREA_DESC_ENG": "HONG KONG",
        "AREA_DESC_CHN": "香港",
        "FREE_FORMAT_ADDR_ENG": "1ST FLOOR OF BLOCK H GOLDEN HORSE MANSION NO.27 MANSION STREET HONG KONG",
        "FREE_FORMAT_ADDR_CHN": NaN,
        "DEV_NAME_ENG": "GOLDEN HORSE MANSION",
        "DEV_NAME_CHN": "金馬大廈",
        "FIRST_REFERENCE_LOT_PRN": "C5942173"
    },
    {
        "PRN": "A1539402",
        "SEQ_NUM": 1,
        "BLOCK": "H",
        "FLOOR": "2",
        "FLAT": NaN,
        "HOUSE_NUM_PREFIX": 27.0,
        "STREET_NAME_ENG": "MANSION STREET",
        "STREET_NAME_CHN": "民新街",
        "AREA_DESC_ENG": "HONG KONG",
        "AREA_DESC_CHN": "香港",
        "FREE_FORMAT_ADDR_ENG": "2ND FLOOR OF BLOCK H GOLDEN HORSE MANSION NO.27 MANSION STREET HONG KONG",
        "FREE_FORMAT_ADDR_CHN": NaN,
        "DEV_NAME_ENG": "GOLDEN HORSE MANSION",
        "DEV_NAME_CHN": "金馬大廈",
        "FIRST_REFERENCE_LOT_PRN": "C5942173"
    },
    {
        "PRN": "A1539415",
        "SEQ_NUM": 1,
        "BLOCK": "H",
        "FLOOR": "4",
        "FLAT": NaN,
        "HOUSE_NUM_PREFIX": 27.0,
        "STREET_NAME_ENG": "MANSION STREET",
        "STREET_NAME_CHN": "民新街",
        "AREA_DESC_ENG": "HONG KONG",
        "AREA_DESC_CHN": "香港",
        "FREE_FORMAT_ADDR_ENG": "4TH FLOOR OF BLOCK H GOLDEN HORSE MANSION NO.27 MANSION STREET HONG KONG",
        "FREE_FORMAT_ADDR_CHN": NaN,
        "DEV_NAME_ENG": "GOLDEN HORSE MANSION",
        "DEV_NAME_CHN": "金馬大廈",
        "FIRST_REFERENCE_LOT_PRN": "C5942173"
    },
    {
        "PRN": "A1539429",
        "SEQ_NUM": 1,
        "BLOCK": "H",
        "FLOOR": "5",
        "FLAT": NaN,
        "HOUSE_NUM_PREFIX": 27.0,
        "STREET_NAME_ENG": "MANSION STREET",
        "STREET_NAME_CHN": "民新街",
        "AREA_DESC_ENG": "HONG KONG",
        "AREA_DESC_CHN": "香港",
        "FREE_FORMAT_ADDR_ENG": "5TH FLOOR OF BLOCK H GOLDEN HORSE MANSION NO.27 MANSION STREET HONG KONG",
        "FREE_FORMAT_ADDR_CHN": NaN,
        "DEV_NAME_ENG": "GOLDEN HORSE MANSION",
        "DEV_NAME_CHN": "金馬大廈",
        "FIRST_REFERENCE_LOT_PRN": "C5942173"
    },
    {
        "PRN": "A1539430",
        "SEQ_NUM": 1,
        "BLOCK": "H",
        "FLOOR": "7",
        "FLAT": NaN,
        "HOUSE_NUM_PREFIX": 27.0,
        "STREET_NAME_ENG": "MANSION STREET",
        "STREET_NAME_CHN": "民新街",
        "AREA_DESC_ENG": "HONG KONG",
        "AREA_DESC_CHN": "香港",
        "FREE_FORMAT_ADDR_ENG": "7TH FLOOR OF BLOCK H GOLDEN HORSE MANSION NO.27 MANSION STREET HONG KONG",
        "FREE_FORMAT_ADDR_CHN": NaN,
        "DEV_NAME_ENG": "GOLDEN HORSE MANSION",
        "DEV_NAME_CHN": "金馬大廈",
        "FIRST_REFERENCE_LOT_PRN": "C5942173"
    },
    {
        "PRN": "A1539449",
        "SEQ_NUM": 1,
        "BLOCK": "H",
        "FLOOR": "8",
        "FLAT": NaN,
        "HOUSE_NUM_PREFIX": 27.0,
        "STREET_NAME_ENG": "MANSION STREET",
        "STREET_NAME_CHN": "民新街",
        "AREA_DESC_ENG": "HONG KONG",
        "AREA_DESC_CHN": "香港",
        "FREE_FORMAT_ADDR_ENG": "8TH FLOOR OF BLOCK H GOLDEN HORSE MANSION NO.27 MANSION STREET HONG KONG",
        "FREE_FORMAT_ADDR_CHN": NaN,
        "DEV_NAME_ENG": "GOLDEN HORSE MANSION",
        "DEV_NAME_CHN": "金馬大廈",
        "FIRST_REFERENCE_LOT_PRN": "C5942173"
    },
    {
        "PRN": "A1539454",
        "SEQ_NUM": 1,
        "BLOCK": "I",
        "FLOOR": "G",
        "FLAT": NaN,
        "HOUSE_NUM_PREFIX": 29.0,
        "STREET_NAME_ENG": "MANSION STREET",
        "STREET_NAME_CHN": "民新街",
        "AREA_DESC_ENG": "HONG KONG",
        "AREA_DESC_CHN": "香港",
        "FREE_FORMAT_ADDR_ENG": "BLOCK I OF GROUND FLOOR GOLDEN HORSE MANSION NOS.29-31 MANSION STREET HONG KONG",
        "FREE_FORMAT_ADDR_CHN": NaN,
        "DEV_NAME_ENG": "GOLDEN HORSE MANSION",
        "DEV_NAME_CHN": "金馬大廈",
        "FIRST_REFERENCE_LOT_PRN": "C4708666"
    },
    {
        "PRN": "A1539469",
        "SEQ_NUM": 1,
        "BLOCK": "I",
        "FLOOR": "2",
        "FLAT": NaN,
        "HOUSE_NUM_PREFIX": 29.0,
        "STREET_NAME_ENG": "MANSION STREET",
        "STREET_NAME_CHN": "民新街",
        "AREA_DESC_ENG": "HONG KONG",
        "AREA_DESC_CHN": "香港",
        "FREE_FORMAT_ADDR_ENG": "BLOCK I OF 2ND FLOOR GOLDEN HORSE MANSION NOS.29-31 MANSION STREET HONG KONG",
        "FREE_FORMAT_ADDR_CHN": NaN,
        "DEV_NAME_ENG": "GOLDEN HORSE MANSION",
        "DEV_NAME_CHN": "金馬大廈",
        "FIRST_REFERENCE_LOT_PRN": "C4708666"
    },
    {
        "PRN": "A1539475",
        "SEQ_NUM": 1,
        "BLOCK": "I",
        "FLOOR": "3",
        "FLAT": NaN,
        "HOUSE_NUM_PREFIX": 29.0,
        "STREET_NAME_ENG": "MANSION STREET",
        "STREET_NAME_CHN": "民新街",
        "AREA_DESC_ENG": "HONG KONG",
        "AREA_DESC_CHN": "香港",
        "FREE_FORMAT_ADDR_ENG": "BLOCK I OF 3RD FLOOR GOLDEN HORSE MANSION NOS.29-31 MANSION STREET HONG KONG",
        "FREE_FORMAT_ADDR_CHN": NaN,
        "DEV_NAME_ENG": "GOLDEN HORSE MANSION",
        "DEV_NAME_CHN": "金馬大廈",
        "FIRST_REFERENCE_LOT_PRN": "C4708666"
    },
    {
        "PRN": "A1539481",
        "SEQ_NUM": 1,
        "BLOCK": "I",
        "FLOOR": "4",
        "FLAT": NaN,
        "HOUSE_NUM_PREFIX": 29.0,
        "STREET_NAME_ENG": "MANSION STREET",
        "STREET_NAME_CHN": "民新街",
        "AREA_DESC_ENG": "HONG KONG",
        "AREA_DESC_CHN": "香港",
        "FREE_FORMAT_ADDR_ENG": "BLOCK I OF 4TH FLOOR GOLDEN HORSE MANSION NOS.29-31 MANSION STREET HONG KONG",
        "FREE_FORMAT_ADDR_CHN": NaN,
        "DEV_NAME_ENG": "GOLDEN HORSE MANSION",
        "DEV_NAME_CHN": "金馬大廈",
        "FIRST_REFERENCE_LOT_PRN": "C4708666"
    },
    {
        "PRN": "A1539493",
        "SEQ_NUM": 1,
        "BLOCK": "I",
        "FLOOR": "7",
        "FLAT": NaN,
        "HOUSE_NUM_PREFIX": 29.0,
        "STREET_NAME_ENG": "MANSION STREET",
        "STREET_NAME_CHN": "民新街",
        "AREA_DESC_ENG": "HONG KONG",
        "AREA_DESC_CHN": "香港",
        "FREE_FORMAT_ADDR_ENG": "BLOCK I OF 7TH FLOOR GOLDEN HORSE MANSION NOS.29-31 MANSION STREET HONG KONG",
        "FREE_FORMAT_ADDR_CHN": NaN,
        "DEV_NAME_ENG": "GOLDEN HORSE MANSION",
        "DEV_NAME_CHN": "金馬大廈",
        "FIRST_REFERENCE_LOT_PRN": "C4708666"
    },
    {
        "PRN": "A1539506",
        "SEQ_NUM": 1,
        "BLOCK": "I",
        "FLOOR": "8",
        "FLAT": NaN,
        "HOUSE_NUM_PREFIX": 29.0,
        "STREET_NAME_ENG": "MANSION STREET",
        "STREET_NAME_CHN": "民新街",
        "AREA_DESC_ENG": "HONG KONG",
        "AREA_DESC_CHN": "香港",
        "FREE_FORMAT_ADDR_ENG": "BLOCK I OF 8TH FLOOR GOLDEN HORSE MANSION NOS.29-31 MANSION STREET HONG KONG",
        "FREE_FORMAT_ADDR_CHN": "香港 民新街29-31號 金馬大厦I座 8樓",
        "DEV_NAME_ENG": "GOLDEN HORSE MANSION",
        "DEV_NAME_CHN": "金馬大廈",
        "FIRST_REFERENCE_LOT_PRN": "C4708666"
    },
    {
        "PRN": "A1539511",
        "SEQ_NUM": 1,
        "BLOCK": "J",
        "FLOOR": "1",
        "FLAT": NaN,
        "HOUSE_NUM_PREFIX": 29.0,
        "STREET_NAME_ENG": "MANSION STREET",
        "STREET_NAME_CHN": "民新街",
        "AREA_DESC_ENG": "HONG KONG",
        "AREA_DESC_CHN": "香港",
        "FREE_FORMAT_ADDR_ENG": "BLOCK J OF 1ST FLOOR GOLDEN HORSE MANSION NOS.29-31 MANSION STREET HONG KONG",
        "FREE_FORMAT_ADDR_CHN": NaN,
        "DEV_NAME_ENG": "GOLDEN HORSE MANSION",
        "DEV_NAME_CHN": "金馬大廈",
        "FIRST_REFERENCE_LOT_PRN": "C4708666"
    },
    {
        "PRN": "A1539527",
        "SEQ_NUM": 1,
        "BLOCK": "J",
        "FLOOR": "3",
        "FLAT": NaN,
        "HOUSE_NUM_PREFIX": 29.0,
        "STREET_NAME_ENG": "MANSION STREET",
        "STREET_NAME_CHN": "民新街",
        "AREA_DESC_ENG": "HONG KONG",
        "AREA_DESC_CHN": "香港",
        "FREE_FORMAT_ADDR_ENG": "BLOCK J OF 3RD FLOOR GOLDEN HORSE MANSION NOS.29-31 MANSION STREET HONG KONG",
        "FREE_FORMAT_ADDR_CHN": NaN,
        "DEV_NAME_ENG": "GOLDEN HORSE MANSION",
        "DEV_NAME_CHN": "金馬大廈",
        "FIRST_REFERENCE_LOT_PRN": "C4708666"
    },
    {
        "PRN": "A1539533",
        "SEQ_NUM": 1,
        "BLOCK": "J",
        "FLOOR": "4",
        "FLAT": NaN,
        "HOUSE_NUM_PREFIX": 29.0,
        "STREET_NAME_ENG": "MANSION STREET",
        "STREET_NAME_CHN": "民新街",
        "AREA_DESC_ENG": "HONG KONG",
        "AREA_DESC_CHN": "香港",
        "FREE_FORMAT_ADDR_ENG": "BLOCK J OF 4TH FLOOR GOLDEN HORSE MANSION NOS.29-31 MANSION STREET HONG KONG",
        "FREE_FORMAT_ADDR_CHN": NaN,
        "DEV_NAME_ENG": "GOLDEN HORSE MANSION",
        "DEV_NAME_CHN": "金馬大廈",
        "FIRST_REFERENCE_LOT_PRN": "C4708666"
    },
    {
        "PRN": "A1539540",
        "SEQ_NUM": 1,
        "BLOCK": "J",
        "FLOOR": "5",
        "FLAT": NaN,
        "HOUSE_NUM_PREFIX": 29.0,
        "STREET_NAME_ENG": "MANSION STREET",
        "STREET_NAME_CHN": "民新街",
        "AREA_DESC_ENG": "HONG KONG",
        "AREA_DESC_CHN": "香港",
        "FREE_FORMAT_ADDR_ENG": "BLOCK J OF 5TH FLOOR GOLDEN HORSE MANSION NOS.29-31 MANSION STREET HONG KONG",
        "FREE_FORMAT_ADDR_CHN": NaN,
        "DEV_NAME_ENG": "GOLDEN HORSE MANSION",
        "DEV_NAME_CHN": "金馬大廈",
        "FIRST_REFERENCE_LOT_PRN": "C4708666"
    },
    {
        "PRN": "A1539551",
        "SEQ_NUM": 1,
        "BLOCK": "J",
        "FLOOR": "6",
        "FLAT": NaN,
        "HOUSE_NUM_PREFIX": 29.0,
        "STREET_NAME_ENG": "MANSION STREET",
        "STREET_NAME_CHN": "民新街",
        "AREA_DESC_ENG": "HONG KONG",
        "AREA_DESC_CHN": "香港",
        "FREE_FORMAT_ADDR_ENG": "BLOCK J OF 6TH FLOOR GOLDEN HORSE MANSION NOS.29-31 MANSION STREET HONG KONG",
        "FREE_FORMAT_ADDR_CHN": NaN,
        "DEV_NAME_ENG": "GOLDEN HORSE MANSION",
        "DEV_NAME_CHN": "金馬大廈",
        "FIRST_REFERENCE_LOT_PRN": "C4708666"
    },
    {
        "PRN": "A1539567",
        "SEQ_NUM": 1,
        "BLOCK": "J",
        "FLOOR": "7",
        "FLAT": NaN,
        "HOUSE_NUM_PREFIX": 29.0,
        "STREET_NAME_ENG": "MANSION STREET",
        "STREET_NAME_CHN": "民新街",
        "AREA_DESC_ENG": "HONG KONG",
        "AREA_DESC_CHN": "香港",
        "FREE_FORMAT_ADDR_ENG": "BLOCK J OF 7TH FLOOR GOLDEN HORSE MANSION NOS.29-31 MANSION STREET HONG KONG",
        "FREE_FORMAT_ADDR_CHN": NaN,
        "DEV_NAME_ENG": "GOLDEN HORSE MANSION",
        "DEV_NAME_CHN": "金馬大廈",
        "FIRST_REFERENCE_LOT_PRN": "C4708666"
    },
    {
        "PRN": "A1539578",
        "SEQ_NUM": 1,
        "BLOCK": "J",
        "FLOOR": "8",
        "FLAT": NaN,
        "HOUSE_NUM_PREFIX": 29.0,
        "STREET_NAME_ENG": "MANSION STREET",
        "STREET_NAME_CHN": "民新街",
        "AREA_DESC_ENG": "HONG KONG",
        "AREA_DESC_CHN": "香港",
        "FREE_FORMAT_ADDR_ENG": "BLOCK J OF 8TH FLOOR GOLDEN HORSE MANSION NOS.29-31 MANSION STREET HONG KONG",
        "FREE_FORMAT_ADDR_CHN": NaN,
        "DEV_NAME_ENG": "GOLDEN HORSE MANSION",
        "DEV_NAME_CHN": "金馬大廈",
        "FIRST_REFERENCE_LOT_PRN": "C4708666"
    },
    {
        "PRN": "A1539636",
        "SEQ_NUM": 1,
        "BLOCK": "E",
        "FLOOR": "3",
        "FLAT": NaN,
        "HOUSE_NUM_PREFIX": 35.0,
        "STREET_NAME_ENG": "MANSION STREET",
        "STREET_NAME_CHN": "民新街",
        "AREA_DESC_ENG": "HONG KONG",
        "AREA_DESC_CHN": "香港",
        "FREE_FORMAT_ADDR_ENG": "3RD FLOOR OF BLOCK E GOLDEN HORSE MANSION NO.35 MANSION STREET HONG KONG",
        "FREE_FORMAT_ADDR_CHN": NaN,
        "DEV_NAME_ENG": "GOLDEN HORSE MANSION",
        "DEV_NAME_CHN": "金馬大廈",
        "FIRST_REFERENCE_LOT_PRN": "C4708673"
    },
    {
        "PRN": "A1539648",
        "SEQ_NUM": 1,
        "BLOCK": "E",
        "FLOOR": "4",
        "FLAT": NaN,
        "HOUSE_NUM_PREFIX": 35.0,
        "STREET_NAME_ENG": "MANSION STREET",
        "STREET_NAME_CHN": "民新街",
        "AREA_DESC_ENG": "HONG KONG",
        "AREA_DESC_CHN": "香港",
        "FREE_FORMAT_ADDR_ENG": "4TH FLOOR OF BLOCK E GOLDEN HORSE MANSION NO.35 MANSION STREET HONG KONG",
        "FREE_FORMAT_ADDR_CHN": NaN,
        "DEV_NAME_ENG": "GOLDEN HORSE MANSION",
        "DEV_NAME_CHN": "金馬大廈",
        "FIRST_REFERENCE_LOT_PRN": "C4708673"
    },
    {
        "PRN": "A1539653",
        "SEQ_NUM": 1,
        "BLOCK": "E",
        "FLOOR": "5",
        "FLAT": NaN,
        "HOUSE_NUM_PREFIX": 35.0,
        "STREET_NAME_ENG": "MANSION STREET",
        "STREET_NAME_CHN": "民新街",
        "AREA_DESC_ENG": "HONG KONG",
        "AREA_DESC_CHN": "香港",
        "FREE_FORMAT_ADDR_ENG": "5TH FLOOR OF BLOCK E GOLDEN HORSE MANSION NO.35 MANSION STREET HONG KONG",
        "FREE_FORMAT_ADDR_CHN": NaN,
        "DEV_NAME_ENG": "GOLDEN HORSE MANSION",
        "DEV_NAME_CHN": "金馬大廈",
        "FIRST_REFERENCE_LOT_PRN": "C4708673"
    },
    {
        "PRN": "A1539660",
        "SEQ_NUM": 1,
        "BLOCK": "E",
        "FLOOR": "6",
        "FLAT": NaN,
        "HOUSE_NUM_PREFIX": 35.0,
        "STREET_NAME_ENG": "MANSION STREET",
        "STREET_NAME_CHN": "民新街",
        "AREA_DESC_ENG": "HONG KONG",
        "AREA_DESC_CHN": "香港",
        "FREE_FORMAT_ADDR_ENG": "6TH FLOOR OF BLOCK E GOLDEN HORSE MANSION NO.35 MANSION STREET HONG KONG",
        "FREE_FORMAT_ADDR_CHN": NaN,
        "DEV_NAME_ENG": "GOLDEN HORSE MANSION",
        "DEV_NAME_CHN": "金馬大廈",
        "FIRST_REFERENCE_LOT_PRN": "C4708673"
    },
    {
        "PRN": "B3572063",
        "SEQ_NUM": 1,
        "BLOCK": "B",
        "FLOOR": "1",
        "FLAT": NaN,
        "HOUSE_NUM_PREFIX": 21.0,
        "STREET_NAME_ENG": "MANSION STREET",
        "STREET_NAME_CHN": "民新街",
        "AREA_DESC_ENG": "HONG KONG",
        "AREA_DESC_CHN": "香港",
        "FREE_FORMAT_ADDR_ENG": "FIRST FLOOR IN BLOCK B GOLDEN HORSE MANSION NOS.21-23 & 37-39 MANSION STREET HONG KONG",
        "FREE_FORMAT_ADDR_CHN": NaN,
        "DEV_NAME_ENG": "GOLDEN HORSE MANSION",
        "DEV_NAME_CHN": "金馬大廈",
        "FIRST_REFERENCE_LOT_PRN": "C4708626"
    },
    {
        "PRN": "B3572075",
        "SEQ_NUM": 1,
        "BLOCK": "J",
        "FLOOR": "G",
        "FLAT": NaN,
        "HOUSE_NUM_PREFIX": 29.0,
        "STREET_NAME_ENG": "MANSION STREET",
        "STREET_NAME_CHN": "民新街",
        "AREA_DESC_ENG": "HONG KONG",
        "AREA_DESC_CHN": "香港",
        "FREE_FORMAT_ADDR_ENG": "BLOCK J OF GROUND FLOOR GOLDEN HORSE MANSION NOS.29-31 MANSION STREET HONG KONG",
        "FREE_FORMAT_ADDR_CHN": NaN,
        "DEV_NAME_ENG": "GOLDEN HORSE MANSION",
        "DEV_NAME_CHN": "金馬大廈",
        "FIRST_REFERENCE_LOT_PRN": "C4708666"
    },
    {
        "PRN": "B3572082",
        "SEQ_NUM": 1,
        "BLOCK": "E",
        "FLOOR": "8",
        "FLAT": NaN,
        "HOUSE_NUM_PREFIX": 35.0,
        "STREET_NAME_ENG": "MANSION STREET",
        "STREET_NAME_CHN": "民新街",
        "AREA_DESC_ENG": "HONG KONG",
        "AREA_DESC_CHN": "香港",
        "FREE_FORMAT_ADDR_ENG": "8TH FLOOR OF BLOCK E GOLDEN HORSE MANSION NO.35 MANSION STREET HONG KONG",
        "FREE_FORMAT_ADDR_CHN": NaN,
        "DEV_NAME_ENG": "GOLDEN HORSE MANSION",
        "DEV_NAME_CHN": "金馬大廈",
        "FIRST_REFERENCE_LOT_PRN": "C4708673"
    },
    {
        "PRN": "B5088079",
        "SEQ_NUM": 1,
        "BLOCK": "I",
        "FLOOR": "6",
        "FLAT": NaN,
        "HOUSE_NUM_PREFIX": 29.0,
        "STREET_NAME_ENG": "MANSION STREET",
        "STREET_NAME_CHN": "民新街",
        "AREA_DESC_ENG": "HONG KONG",
        "AREA_DESC_CHN": "香港",
        "FREE_FORMAT_ADDR_ENG": "BLOCK I OF 6TH FLOOR GOLDEN HORSE MANSION NOS.29-31 MANSION STREET HONG KONG",
        "FREE_FORMAT_ADDR_CHN": NaN,
        "DEV_NAME_ENG": "GOLDEN HORSE MANSION",
        "DEV_NAME_CHN": "金馬大廈",
        "FIRST_REFERENCE_LOT_PRN": "C4708666"
    },
    {
        "PRN": "B5421733",
        "SEQ_NUM": 1,
        "BLOCK": "J",
        "FLOOR": "2",
        "FLAT": NaN,
        "HOUSE_NUM_PREFIX": 29.0,
        "STREET_NAME_ENG": "MANSION STREET",
        "STREET_NAME_CHN": "民新街",
        "AREA_DESC_ENG": "HONG KONG",
        "AREA_DESC_CHN": "香港",
        "FREE_FORMAT_ADDR_ENG": "BLOCK J OF 2ND FLOOR GOLDEN HORSE MANSION NOS.29-31 MANSION STREET HONG KONG",
        "FREE_FORMAT_ADDR_CHN": "香港 民新街29 號 金馬大廈 J 座2 樓",
        "DEV_NAME_ENG": "GOLDEN HORSE MANSION",
        "DEV_NAME_CHN": "金馬大廈",
        "FIRST_REFERENCE_LOT_PRN": "C4708666"
    },
    {
        "PRN": "B5758740",
        "SEQ_NUM": 1,
        "BLOCK": "B",
        "FLOOR": "3",
        "FLAT": NaN,
        "HOUSE_NUM_PREFIX": 21.0,
        "STREET_NAME_ENG": "MANSION STREET",
        "STREET_NAME_CHN": "民新街",
        "AREA_DESC_ENG": "HONG KONG",
        "AREA_DESC_CHN": "香港",
        "FREE_FORMAT_ADDR_ENG": "3RD FLOOR IN BLOCK B GOLDEN HORSE MANSION NOS.21-23 & 37-39 MANSION STREET HONG KONG",
        "FREE_FORMAT_ADDR_CHN": NaN,
        "DEV_NAME_ENG": "GOLDEN HORSE MANSION",
        "DEV_NAME_CHN": "金馬大廈",
        "FIRST_REFERENCE_LOT_PRN": "C4708626"
    },
    {
        "PRN": "B5758753",
        "SEQ_NUM": 1,
        "BLOCK": "I",
        "FLOOR": "1",
        "FLAT": NaN,
        "HOUSE_NUM_PREFIX": 29.0,
        "STREET_NAME_ENG": "MANSION STREET",
        "STREET_NAME_CHN": "民新街",
        "AREA_DESC_ENG": "HONG KONG",
        "AREA_DESC_CHN": "香港",
        "FREE_FORMAT_ADDR_ENG": "BLOCK I OF 1ST FLOOR GOLDEN HORSE MANSION NOS.29-31 MANSION STREET HONG KONG",
        "FREE_FORMAT_ADDR_CHN": NaN,
        "DEV_NAME_ENG": "GOLDEN HORSE MANSION",
        "DEV_NAME_CHN": "金馬大廈",
        "FIRST_REFERENCE_LOT_PRN": "C4708666"
    },
    {
        "PRN": "B6248810",
        "SEQ_NUM": 1,
        "BLOCK": "F",
        "FLOOR": "3",
        "FLAT": NaN,
        "HOUSE_NUM_PREFIX": 25.0,
        "STREET_NAME_ENG": "MANSION STREET",
        "STREET_NAME_CHN": "民新街",
        "AREA_DESC_ENG": "HONG KONG",
        "AREA_DESC_CHN": "香港",
        "FREE_FORMAT_ADDR_ENG": "3RD FLOOR OF BLOCK F GOLDEN HORSE MANSION NO.25 MANSION STREET HONG KONG",
        "FREE_FORMAT_ADDR_CHN": NaN,
        "DEV_NAME_ENG": "GOLDEN HORSE MANSION",
        "DEV_NAME_CHN": "金馬大廈",
        "FIRST_REFERENCE_LOT_PRN": "C6695328"
    },
    {
        "PRN": "B6248829",
        "SEQ_NUM": 1,
        "BLOCK": "I",
        "FLOOR": "5",
        "FLAT": NaN,
        "HOUSE_NUM_PREFIX": 29.0,
        "STREET_NAME_ENG": "MANSION STREET",
        "STREET_NAME_CHN": "民新街",
        "AREA_DESC_ENG": "HONG KONG",
        "AREA_DESC_CHN": "香港",
        "FREE_FORMAT_ADDR_ENG": "BLOCK I OF 5TH FLOOR GOLDEN HORSE MANSION NOS.29-31 MANSION STREET HONG KONG",
        "FREE_FORMAT_ADDR_CHN": NaN,
        "DEV_NAME_ENG": "GOLDEN HORSE MANSION",
        "DEV_NAME_CHN": "金馬大廈",
        "FIRST_REFERENCE_LOT_PRN": "C4708666"
    },
    {
        "PRN": "B6248840",
        "SEQ_NUM": 1,
        "BLOCK": "E",
        "FLOOR": "1",
        "FLAT": NaN,
        "HOUSE_NUM_PREFIX": 35.0,
        "STREET_NAME_ENG": "MANSION STREET",
        "STREET_NAME_CHN": "民新街",
        "AREA_DESC_ENG": "HONG KONG",
        "AREA_DESC_CHN": "香港",
        "FREE_FORMAT_ADDR_ENG": "1ST FLOOR OF BLOCK E GOLDEN HORSE MANSION NO.35 MANSION STREET HONG KONG",
        "FREE_FORMAT_ADDR_CHN": NaN,
        "DEV_NAME_ENG": "GOLDEN HORSE MANSION",
        "DEV_NAME_CHN": "金馬大廈",
        "FIRST_REFERENCE_LOT_PRN": "C4708673"
    },
    {
        "PRN": "B6248850",
        "SEQ_NUM": 1,
        "BLOCK": "E",
        "FLOOR": "2",
        "FLAT": NaN,
        "HOUSE_NUM_PREFIX": 35.0,
        "STREET_NAME_ENG": "MANSION STREET",
        "STREET_NAME_CHN": "民新街",
        "AREA_DESC_ENG": "HONG KONG",
        "AREA_DESC_CHN": "香港",
        "FREE_FORMAT_ADDR_ENG": "2ND FLOOR OF BLOCK E GOLDEN HORSE MANSION NO.35 MANSION STREET HONG KONG",
        "FREE_FORMAT_ADDR_CHN": NaN,
        "DEV_NAME_ENG": "GOLDEN HORSE MANSION",
        "DEV_NAME_CHN": "金馬大廈",
        "FIRST_REFERENCE_LOT_PRN": "C4708673"
    },
    {
        "PRN": "B7773923",
        "SEQ_NUM": 1,
        "BLOCK": "A",
        "FLOOR": "2",
        "FLAT": NaN,
        "HOUSE_NUM_PREFIX": 21.0,
        "STREET_NAME_ENG": "MANSION STREET",
        "STREET_NAME_CHN": "民新街",
        "AREA_DESC_ENG": "HONG KONG",
        "AREA_DESC_CHN": "香港",
        "FREE_FORMAT_ADDR_ENG": "2ND FLOOR IN BLOCK A GOLDEN HORSE MANSION NOS.21-23 & 37-39 MANSION STREET HONG KONG",
        "FREE_FORMAT_ADDR_CHN": NaN,
        "DEV_NAME_ENG": "GOLDEN HORSE MANSION",
        "DEV_NAME_CHN": "金馬大廈",
        "FIRST_REFERENCE_LOT_PRN": "C4708626"
    },
    {
        "PRN": "B8109717",
        "SEQ_NUM": 1,
        "BLOCK": "F",
        "FLOOR": "7",
        "FLAT": NaN,
        "HOUSE_NUM_PREFIX": 25.0,
        "STREET_NAME_ENG": "MANSION STREET",
        "STREET_NAME_CHN": "民新街",
        "AREA_DESC_ENG": "HONG KONG",
        "AREA_DESC_CHN": "香港",
        "FREE_FORMAT_ADDR_ENG": "7TH FLOOR OF BLOCK F GOLDEN HORSE MANSION NO.25 MANSION STREET HONG KONG",
        "FREE_FORMAT_ADDR_CHN": NaN,
        "DEV_NAME_ENG": "GOLDEN HORSE MANSION",
        "DEV_NAME_CHN": "金馬大廈",
        "FIRST_REFERENCE_LOT_PRN": "C6695328"
    },
    {
        "PRN": "B8441503",
        "SEQ_NUM": 1,
        "BLOCK": "H",
        "FLOOR": "6",
        "FLAT": NaN,
        "HOUSE_NUM_PREFIX": 27.0,
        "STREET_NAME_ENG": "MANSION STREET",
        "STREET_NAME_CHN": "民新街",
        "AREA_DESC_ENG": "HONG KONG",
        "AREA_DESC_CHN": "香港",
        "FREE_FORMAT_ADDR_ENG": "6TH FLOOR OF BLOCK H GOLDEN HORSE MANSION NO.27 MANSION STREET HONG KONG",
        "FREE_FORMAT_ADDR_CHN": NaN,
        "DEV_NAME_ENG": "GOLDEN HORSE MANSION",
        "DEV_NAME_CHN": "金馬大廈",
        "FIRST_REFERENCE_LOT_PRN": "C5942173"
    },
    {
        "PRN": "B8935922",
        "SEQ_NUM": 1,
        "BLOCK": "A",
        "FLOOR": "1",
        "FLAT": NaN,
        "HOUSE_NUM_PREFIX": 21.0,
        "STREET_NAME_ENG": "MANSION STREET",
        "STREET_NAME_CHN": "民新街",
        "AREA_DESC_ENG": "HONG KONG",
        "AREA_DESC_CHN": "香港",
        "FREE_FORMAT_ADDR_ENG": "1ST FLOOR IN BLOCK A GOLDEN HORSE MANSION NOS.21-23 & 37-39 MANSION STREET HONG KONG",
        "FREE_FORMAT_ADDR_CHN": NaN,
        "DEV_NAME_ENG": "GOLDEN HORSE MANSION",
        "DEV_NAME_CHN": "金馬大廈",
        "FIRST_REFERENCE_LOT_PRN": "C4708626"
    },
    {
        "PRN": "B8935938",
        "SEQ_NUM": 1,
        "BLOCK": "A",
        "FLOOR": "7",
        "FLAT": NaN,
        "HOUSE_NUM_PREFIX": 21.0,
        "STREET_NAME_ENG": "MANSION STREET",
        "STREET_NAME_CHN": "民新街",
        "AREA_DESC_ENG": "HONG KONG",
        "AREA_DESC_CHN": "香港",
        "FREE_FORMAT_ADDR_ENG": "7TH FLOOR IN BLOCK A GOLDEN HORSE MANSION NOS.21-23 & 37-39 MANSION STREET HONG KONG",
        "FREE_FORMAT_ADDR_CHN": NaN,
        "DEV_NAME_ENG": "GOLDEN HORSE MANSION",
        "DEV_NAME_CHN": "金馬大廈",
        "FIRST_REFERENCE_LOT_PRN": "C4708626"
    },
    {
        "PRN": "B8935944",
        "SEQ_NUM": 1,
        "BLOCK": "C",
        "FLOOR": "G",
        "FLAT": NaN,
        "HOUSE_NUM_PREFIX": 21.0,
        "STREET_NAME_ENG": "MANSION STREET",
        "STREET_NAME_CHN": "民新街",
        "AREA_DESC_ENG": "HONG KONG",
        "AREA_DESC_CHN": "香港",
        "FREE_FORMAT_ADDR_ENG": "GROUND FLOOR IN BLOCK C GOLDEN HORSE MANSION NOS.21-23 & 37-39 MANSION STREET HONG KONG",
        "FREE_FORMAT_ADDR_CHN": NaN,
        "DEV_NAME_ENG": "GOLDEN HORSE MANSION",
        "DEV_NAME_CHN": "金馬大廈",
        "FIRST_REFERENCE_LOT_PRN": "C4708626"
    },
    {
        "PRN": "B8935956",
        "SEQ_NUM": 1,
        "BLOCK": "D",
        "FLOOR": "4",
        "FLAT": NaN,
        "HOUSE_NUM_PREFIX": 21.0,
        "STREET_NAME_ENG": "MANSION STREET",
        "STREET_NAME_CHN": "民新街",
        "AREA_DESC_ENG": "HONG KONG",
        "AREA_DESC_CHN": "香港",
        "FREE_FORMAT_ADDR_ENG": "4TH FLOOR IN BLOCK D GOLDEN HORSE MANSION NOS.21-23 & 37-39 MANSION STREET HONG KONG",
        "FREE_FORMAT_ADDR_CHN": NaN,
        "DEV_NAME_ENG": "GOLDEN HORSE MANSION",
        "DEV_NAME_CHN": "金馬大廈",
        "FIRST_REFERENCE_LOT_PRN": "C4708626"
    },
    {
        "PRN": "B8935967",
        "SEQ_NUM": 1,
        "BLOCK": "D",
        "FLOOR": "7",
        "FLAT": NaN,
        "HOUSE_NUM_PREFIX": 21.0,
        "STREET_NAME_ENG": "MANSION STREET",
        "STREET_NAME_CHN": "民新街",
        "AREA_DESC_ENG": "HONG KONG",
        "AREA_DESC_CHN": "香港",
        "FREE_FORMAT_ADDR_ENG": "7TH FLOOR IN BLOCK D GOLDEN HORSE MANSION NOS.21-23 & 37-39 MANSION STREET HONG KONG",
        "FREE_FORMAT_ADDR_CHN": NaN,
        "DEV_NAME_ENG": "GOLDEN HORSE MANSION",
        "DEV_NAME_CHN": "金馬大廈",
        "FIRST_REFERENCE_LOT_PRN": "C4708626"
    },
    {
        "PRN": "B8935974",
        "SEQ_NUM": 1,
        "BLOCK": "F",
        "FLOOR": "1",
        "FLAT": NaN,
        "HOUSE_NUM_PREFIX": 25.0,
        "STREET_NAME_ENG": "MANSION STREET",
        "STREET_NAME_CHN": "民新街",
        "AREA_DESC_ENG": "HONG KONG",
        "AREA_DESC_CHN": "香港",
        "FREE_FORMAT_ADDR_ENG": "1ST FLOOR OF BLOCK F GOLDEN HORSE MANSION NO.25 MANSION STREET HONG KONG",
        "FREE_FORMAT_ADDR_CHN": NaN,
        "DEV_NAME_ENG": "GOLDEN HORSE MANSION",
        "DEV_NAME_CHN": "金馬大廈",
        "FIRST_REFERENCE_LOT_PRN": "C6695328"
    },
    {
        "PRN": "B8935982",
        "SEQ_NUM": 1,
        "BLOCK": "H",
        "FLOOR": "3",
        "FLAT": NaN,
        "HOUSE_NUM_PREFIX": 27.0,
        "STREET_NAME_ENG": "MANSION STREET",
        "STREET_NAME_CHN": "民新街",
        "AREA_DESC_ENG": "HONG KONG",
        "AREA_DESC_CHN": "香港",
        "FREE_FORMAT_ADDR_ENG": "3RD FLOOR OF BLOCK H GOLDEN HORSE MANSION NO.27 MANSION STREET HONG KONG",
        "FREE_FORMAT_ADDR_CHN": NaN,
        "DEV_NAME_ENG": "GOLDEN HORSE MANSION",
        "DEV_NAME_CHN": "金馬大廈",
        "FIRST_REFERENCE_LOT_PRN": "C5942173"
    },
    {
        "PRN": "B8935993",
        "SEQ_NUM": 1,
        "BLOCK": "E",
        "FLOOR": "G",
        "FLAT": NaN,
        "HOUSE_NUM_PREFIX": 35.0,
        "STREET_NAME_ENG": "MANSION STREET",
        "STREET_NAME_CHN": "民新街",
        "AREA_DESC_ENG": "HONG KONG",
        "AREA_DESC_CHN": "香港",
        "FREE_FORMAT_ADDR_ENG": "GROUND FLOOR OF BLOCK E GOLDEN HORSE MANSION NO.35 MANSION STREET HONG KONG",
        "FREE_FORMAT_ADDR_CHN": NaN,
        "DEV_NAME_ENG": "GOLDEN HORSE MANSION",
        "DEV_NAME_CHN": "金馬大廈",
        "FIRST_REFERENCE_LOT_PRN": "C4708673"
    },
    {
        "PRN": "B8936009",
        "SEQ_NUM": 1,
        "BLOCK": "E",
        "FLOOR": "7",
        "FLAT": NaN,
        "HOUSE_NUM_PREFIX": 35.0,
        "STREET_NAME_ENG": "MANSION STREET",
        "STREET_NAME_CHN": "民新街",
        "AREA_DESC_ENG": "HONG KONG",
        "AREA_DESC_CHN": "香港",
        "FREE_FORMAT_ADDR_ENG": "7TH FLOOR OF BLOCK E GOLDEN HORSE MANSION NO.35 MANSION STREET HONG KONG",
        "FREE_FORMAT_ADDR_CHN": NaN,
        "DEV_NAME_ENG": "GOLDEN HORSE MANSION",
        "DEV_NAME_CHN": "金馬大廈",
        "FIRST_REFERENCE_LOT_PRN": "C4708673"
    },
    {
        "PRN": "C0454585",
        "SEQ_NUM": 1,
        "BLOCK": "F",
        "FLOOR": "4",
        "FLAT": NaN,
        "HOUSE_NUM_PREFIX": 25.0,
        "STREET_NAME_ENG": "MANSION STREET",
        "STREET_NAME_CHN": "民新街",
        "AREA_DESC_ENG": "HONG KONG",
        "AREA_DESC_CHN": "香港",
        "FREE_FORMAT_ADDR_ENG": "4TH FLOOR OF BLOCK F GOLDEN HORSE MANSION NO.25 MANSION STREET HONG KONG",
        "FREE_FORMAT_ADDR_CHN": NaN,
        "DEV_NAME_ENG": "GOLDEN HORSE MANSION",
        "DEV_NAME_CHN": "金馬大廈",
        "FIRST_REFERENCE_LOT_PRN": "C6695328"
    }
]