[
    {
        "PRN": "D0156448",
        "SEQ_NUM": 1,
        "BLOCK": "I",
        "FLOOR": "1",
        "FLAT": NaN,
        "HOUSE_NUM_PREFIX": NaN,
        "STREET_NAME_ENG": NaN,
        "STREET_NAME_CHN": NaN,
        "AREA_DESC_ENG": NaN,
        "AREA_DESC_CHN": NaN,
        "FREE_FORMAT_ADDR_ENG": "FIRST FLOOR AND THE BALCONY HOUSE I OF GRAND PARK NO.155 TO YUEN WAI TUEN MUN NEW TERRITORIES",
        "FREE_FORMAT_ADDR_CHN": NaN,
        "DEV_NAME_ENG": "GRAND PARK",
        "DEV_NAME_CHN": "典栢豪庭",
        "FIRST_REFERENCE_LOT_PRN": "C4923624"
    },
    {
        "PRN": "D0156459",
        "SEQ_NUM": 1,
        "BLOCK": "I",
        "FLOOR": "2",
        "FLAT": NaN,
        "HOUSE_NUM_PREFIX": NaN,
        "STREET_NAME_ENG": NaN,
        "STREET_NAME_CHN": NaN,
        "AREA_DESC_ENG": NaN,
        "AREA_DESC_CHN": NaN,
        "FREE_FORMAT_ADDR_ENG": "SECOND FLOOR AND THE BALCONY AND THE FLAT ROOF HOUSE I OF GRAND PARK NO.155 TO YUEN WAI TUEN MUN NEW TERRITORIES",
        "FREE_FORMAT_ADDR_CHN": NaN,
        "DEV_NAME_ENG": "GRAND PARK",
        "DEV_NAME_CHN": "典栢豪庭",
        "FIRST_REFERENCE_LOT_PRN": "C4923624"
    },
    {
        "PRN": "D0156463",
        "SEQ_NUM": 1,
        "BLOCK": "I",
        "FLOOR": "G",
        "FLAT": NaN,
        "HOUSE_NUM_PREFIX": NaN,
        "STREET_NAME_ENG": NaN,
        "STREET_NAME_CHN": NaN,
        "AREA_DESC_ENG": NaN,
        "AREA_DESC_CHN": NaN,
        "FREE_FORMAT_ADDR_ENG": "GROUND FLOOR AND THE GARDEN HOUSE I OF GRAND PARK NO.155 TO YUEN WAI TUEN MUN NEW TERRITORIES",
        "FREE_FORMAT_ADDR_CHN": NaN,
        "DEV_NAME_ENG": "GRAND PARK",
        "DEV_NAME_CHN": "典栢豪庭",
        "FIRST_REFERENCE_LOT_PRN": "C4923624"
    },
    {
        "PRN": "D0170468",
        "SEQ_NUM": 1,
        "BLOCK": "J",
        "FLOOR": "1",
        "FLAT": NaN,
        "HOUSE_NUM_PREFIX": NaN,
        "STREET_NAME_ENG": NaN,
        "STREET_NAME_CHN": NaN,
        "AREA_DESC_ENG": NaN,
        "AREA_DESC_CHN": NaN,
        "FREE_FORMAT_ADDR_ENG": "FIRST FLOOR AND THE BALCONY HOUSE J OF GRAND PARK NO.155 TO YUEN WAI TUEN MUN NEW TERRITORIES",
        "FREE_FORMAT_ADDR_CHN": NaN,
        "DEV_NAME_ENG": "GRAND PARK",
        "DEV_NAME_CHN": "典栢豪庭",
        "FIRST_REFERENCE_LOT_PRN": "C2199237"
    },
    {
        "PRN": "D0170473",
        "SEQ_NUM": 1,
        "BLOCK": "J",
        "FLOOR": "2",
        "FLAT": NaN,
        "HOUSE_NUM_PREFIX": NaN,
        "STREET_NAME_ENG": NaN,
        "STREET_NAME_CHN": NaN,
        "AREA_DESC_ENG": NaN,
        "AREA_DESC_CHN": NaN,
        "FREE_FORMAT_ADDR_ENG": "SECOND FLOOR AND THE BALCONY AND THE FLAT ROOF HOUSE J OF GRAND PARK NO.155 TO YUEN WAI TUEN MUN NEW TERRITORIES",
        "FREE_FORMAT_ADDR_CHN": NaN,
        "DEV_NAME_ENG": "GRAND PARK",
        "DEV_NAME_CHN": "典栢豪庭",
        "FIRST_REFERENCE_LOT_PRN": "C2199237"
    },
    {
        "PRN": "D0170482",
        "SEQ_NUM": 1,
        "BLOCK": "J",
        "FLOOR": "G",
        "FLAT": NaN,
        "HOUSE_NUM_PREFIX": NaN,
        "STREET_NAME_ENG": NaN,
        "STREET_NAME_CHN": NaN,
        "AREA_DESC_ENG": NaN,
        "AREA_DESC_CHN": NaN,
        "FREE_FORMAT_ADDR_ENG": "GROUND FLOOR AND THE GARDEN HOUSE J OF GRAND PARK NO.155 TO YUEN WAI TUEN MUN NEW TERRITORIES",
        "FREE_FORMAT_ADDR_CHN": NaN,
        "DEV_NAME_ENG": "GRAND PARK",
        "DEV_NAME_CHN": "典栢豪庭",
        "FIRST_REFERENCE_LOT_PRN": "C2199237"
    },
    {
        "PRN": "D0172567",
        "SEQ_NUM": 1,
        "BLOCK": "E",
        "FLOOR": "1",
        "FLAT": NaN,
        "HOUSE_NUM_PREFIX": NaN,
        "STREET_NAME_ENG": NaN,
        "STREET_NAME_CHN": NaN,
        "AREA_DESC_ENG": NaN,
        "AREA_DESC_CHN": NaN,
        "FREE_FORMAT_ADDR_ENG": "FIRST FLOOR AND THE BALCONY HOUSE E OF GRAND PARK NO.155 TO YUEN WAI TUEN MUN NEW TERRITORIES",
        "FREE_FORMAT_ADDR_CHN": NaN,
        "DEV_NAME_ENG": "GRAND PARK",
        "DEV_NAME_CHN": NaN,
        "FIRST_REFERENCE_LOT_PRN": "C2199223"
    },
    {
        "PRN": "D0172576",
        "SEQ_NUM": 1,
        "BLOCK": "E",
        "FLOOR": "2",
        "FLAT": NaN,
        "HOUSE_NUM_PREFIX": NaN,
        "STREET_NAME_ENG": NaN,
        "STREET_NAME_CHN": NaN,
        "AREA_DESC_ENG": NaN,
        "AREA_DESC_CHN": NaN,
        "FREE_FORMAT_ADDR_ENG": "SECOND FLOOR AND THE BALCONY AND THE FLAT ROOF HOUSE E OF GRAND PARK NO.155 TO YUEN WAI TUEN MUN NEW TERRITORIES",
        "FREE_FORMAT_ADDR_CHN": NaN,
        "DEV_NAME_ENG": "GRAND PARK",
        "DEV_NAME_CHN": NaN,
        "FIRST_REFERENCE_LOT_PRN": "C2199223"
    },
    {
        "PRN": "D0172584",
        "SEQ_NUM": 1,
        "BLOCK": "E",
        "FLOOR": "G",
        "FLAT": NaN,
        "HOUSE_NUM_PREFIX": NaN,
        "STREET_NAME_ENG": NaN,
        "STREET_NAME_CHN": NaN,
        "AREA_DESC_ENG": NaN,
        "AREA_DESC_CHN": NaN,
        "FREE_FORMAT_ADDR_ENG": "GROUND FLOOR AND THE GARDEN HOUSE E OF GRAND PARK NO.155 TO YUEN WAI TUEN MUN NEW TERRITORIES",
        "FREE_FORMAT_ADDR_CHN": NaN,
        "DEV_NAME_ENG": "GRAND PARK",
        "DEV_NAME_CHN": NaN,
        "FIRST_REFERENCE_LOT_PRN": "C2199223"
    },
    {
        "PRN": "D0194423",
        "SEQ_NUM": 1,
        "BLOCK": "F",
        "FLOOR": "1",
        "FLAT": NaN,
        "HOUSE_NUM_PREFIX": NaN,
        "STREET_NAME_ENG": NaN,
        "STREET_NAME_CHN": NaN,
        "AREA_DESC_ENG": NaN,
        "AREA_DESC_CHN": NaN,
        "FREE_FORMAT_ADDR_ENG": "FIRST FLOOR AND THE BALCONY HOUSE F OF GRAND PARK NO.155 TO YUEN WAI TUEN MUN NEW TERRITORIES",
        "FREE_FORMAT_ADDR_CHN": NaN,
        "DEV_NAME_ENG": "GRAND PARK",
        "DEV_NAME_CHN": "典栢豪庭",
        "FIRST_REFERENCE_LOT_PRN": "C4923619"
    },
    {
        "PRN": "D0194430",
        "SEQ_NUM": 1,
        "BLOCK": "F",
        "FLOOR": "2",
        "FLAT": NaN,
        "HOUSE_NUM_PREFIX": NaN,
        "STREET_NAME_ENG": NaN,
        "STREET_NAME_CHN": NaN,
        "AREA_DESC_ENG": NaN,
        "AREA_DESC_CHN": NaN,
        "FREE_FORMAT_ADDR_ENG": "SECOND FLOOR AND THE BALCONY AND THE FLAT ROOF HOUSE F OF GRAND PARK NO.155 TO YUEN WAI TUEN MUN NEW TERRITORIES",
        "FREE_FORMAT_ADDR_CHN": NaN,
        "DEV_NAME_ENG": "GRAND PARK",
        "DEV_NAME_CHN": "典栢豪庭",
        "FIRST_REFERENCE_LOT_PRN": "C4923619"
    },
    {
        "PRN": "D0194442",
        "SEQ_NUM": 1,
        "BLOCK": "F",
        "FLOOR": "G",
        "FLAT": NaN,
        "HOUSE_NUM_PREFIX": NaN,
        "STREET_NAME_ENG": NaN,
        "STREET_NAME_CHN": NaN,
        "AREA_DESC_ENG": NaN,
        "AREA_DESC_CHN": NaN,
        "FREE_FORMAT_ADDR_ENG": "GROUND FLOOR AND THE GARDEN HOUSE F OF GRAND PARK NO.155 TO YUEN WAI TUEN MUN NEW TERRITORIES",
        "FREE_FORMAT_ADDR_CHN": NaN,
        "DEV_NAME_ENG": "GRAND PARK",
        "DEV_NAME_CHN": "典栢豪庭",
        "FIRST_REFERENCE_LOT_PRN": "C4923619"
    },
    {
        "PRN": "D0194452",
        "SEQ_NUM": 1,
        "BLOCK": "D",
        "FLOOR": "1",
        "FLAT": NaN,
        "HOUSE_NUM_PREFIX": NaN,
        "STREET_NAME_ENG": NaN,
        "STREET_NAME_CHN": NaN,
        "AREA_DESC_ENG": NaN,
        "AREA_DESC_CHN": NaN,
        "FREE_FORMAT_ADDR_ENG": "FIRST FLOOR AND THE BALCONY HOUSE D OF GRAND PARK NO.155 TO YUEN WAI TUEN MUN NEW TERRITORIES",
        "FREE_FORMAT_ADDR_CHN": NaN,
        "DEV_NAME_ENG": "GRAND PARK",
        "DEV_NAME_CHN": "典栢豪庭",
        "FIRST_REFERENCE_LOT_PRN": "C2199215"
    },
    {
        "PRN": "D0194460",
        "SEQ_NUM": 1,
        "BLOCK": "D",
        "FLOOR": "2",
        "FLAT": NaN,
        "HOUSE_NUM_PREFIX": NaN,
        "STREET_NAME_ENG": NaN,
        "STREET_NAME_CHN": NaN,
        "AREA_DESC_ENG": NaN,
        "AREA_DESC_CHN": NaN,
        "FREE_FORMAT_ADDR_ENG": "SECOND FLOOR AND THE BALCONY AND THE ROOF HOUSE D OF GRAND PARK NO.155 TO YUEN WAI TUEN MUN NEW TERRITORIES",
        "FREE_FORMAT_ADDR_CHN": NaN,
        "DEV_NAME_ENG": "GRAND PARK",
        "DEV_NAME_CHN": "典栢豪庭",
        "FIRST_REFERENCE_LOT_PRN": "C2199215"
    },
    {
        "PRN": "D0194479",
        "SEQ_NUM": 1,
        "BLOCK": "D",
        "FLOOR": "G",
        "FLAT": NaN,
        "HOUSE_NUM_PREFIX": NaN,
        "STREET_NAME_ENG": NaN,
        "STREET_NAME_CHN": NaN,
        "AREA_DESC_ENG": NaN,
        "AREA_DESC_CHN": NaN,
        "FREE_FORMAT_ADDR_ENG": "GROUND FLOOR AND THE GARDEN HOUSE D OF GRAND PARK NO.155 TO YUEN WAI TUEN MUN NEW TERRITORIES",
        "FREE_FORMAT_ADDR_CHN": NaN,
        "DEV_NAME_ENG": "GRAND PARK",
        "DEV_NAME_CHN": "典栢豪庭",
        "FIRST_REFERENCE_LOT_PRN": "C2199215"
    },
    {
        "PRN": "D0194489",
        "SEQ_NUM": 1,
        "BLOCK": "B",
        "FLOOR": "1",
        "FLAT": NaN,
        "HOUSE_NUM_PREFIX": NaN,
        "STREET_NAME_ENG": NaN,
        "STREET_NAME_CHN": NaN,
        "AREA_DESC_ENG": NaN,
        "AREA_DESC_CHN": NaN,
        "FREE_FORMAT_ADDR_ENG": "FIRST FLOOR AND THE BALCONY HOUSE B OF GRAND PARK NO.155 TO YUEN WAI TUEN MUN NEW TERRITORIES",
        "FREE_FORMAT_ADDR_CHN": NaN,
        "DEV_NAME_ENG": "GRAND PARK",
        "DEV_NAME_CHN": "典栢豪庭",
        "FIRST_REFERENCE_LOT_PRN": "C2199194"
    },
    {
        "PRN": "D0194494",
        "SEQ_NUM": 1,
        "BLOCK": "B",
        "FLOOR": "2",
        "FLAT": NaN,
        "HOUSE_NUM_PREFIX": NaN,
        "STREET_NAME_ENG": NaN,
        "STREET_NAME_CHN": NaN,
        "AREA_DESC_ENG": NaN,
        "AREA_DESC_CHN": NaN,
        "FREE_FORMAT_ADDR_ENG": "SECOND FLOOR AND THE BALCONY AND THE FLAT ROOF HOUSE B OF GRAND PARK NO.155 TO YUEN WAI TUEN MUN NEW TERRITORIES",
        "FREE_FORMAT_ADDR_CHN": NaN,
        "DEV_NAME_ENG": "GRAND PARK",
        "DEV_NAME_CHN": "典栢豪庭",
        "FIRST_REFERENCE_LOT_PRN": "C2199194"
    },
    {
        "PRN": "D0194503",
        "SEQ_NUM": 1,
        "BLOCK": "B",
        "FLOOR": "G",
        "FLAT": NaN,
        "HOUSE_NUM_PREFIX": NaN,
        "STREET_NAME_ENG": NaN,
        "STREET_NAME_CHN": NaN,
        "AREA_DESC_ENG": NaN,
        "AREA_DESC_CHN": NaN,
        "FREE_FORMAT_ADDR_ENG": "GROUND FLOOR AND THE GARDEN HOUSE B OF GRAND PARK NO.155 TO YUEN WAI TUEN MUN NEW TERRITORIES",
        "FREE_FORMAT_ADDR_CHN": NaN,
        "DEV_NAME_ENG": "GRAND PARK",
        "DEV_NAME_CHN": "典栢豪庭",
        "FIRST_REFERENCE_LOT_PRN": "C2199194"
    },
    {
        "PRN": "D0206313",
        "SEQ_NUM": 1,
        "BLOCK": "C",
        "FLOOR": "1",
        "FLAT": NaN,
        "HOUSE_NUM_PREFIX": NaN,
        "STREET_NAME_ENG": NaN,
        "STREET_NAME_CHN": NaN,
        "AREA_DESC_ENG": NaN,
        "AREA_DESC_CHN": NaN,
        "FREE_FORMAT_ADDR_ENG": "FIRST FLOOR AND THE BALCONY HOUSE C OF GRAND PARK NO.155 TO YUEN WAI TUEN MUN NEW TERRITORIES",
        "FREE_FORMAT_ADDR_CHN": NaN,
        "DEV_NAME_ENG": "GRAND PARK",
        "DEV_NAME_CHN": "典栢豪庭",
        "FIRST_REFERENCE_LOT_PRN": "C2199208"
    },
    {
        "PRN": "D0206328",
        "SEQ_NUM": 1,
        "BLOCK": "C",
        "FLOOR": "2",
        "FLAT": NaN,
        "HOUSE_NUM_PREFIX": NaN,
        "STREET_NAME_ENG": NaN,
        "STREET_NAME_CHN": NaN,
        "AREA_DESC_ENG": NaN,
        "AREA_DESC_CHN": NaN,
        "FREE_FORMAT_ADDR_ENG": "SECOND FLOOR AND THE BALCONY AND THE FLAT ROOF HOUSE C OF GRAND PARK NO.155 TO YUEN WAI TUEN MUN NEW TERRITORIES",
        "FREE_FORMAT_ADDR_CHN": NaN,
        "DEV_NAME_ENG": "GRAND PARK",
        "DEV_NAME_CHN": "典栢豪庭",
        "FIRST_REFERENCE_LOT_PRN": "C2199208"
    },
    {
        "PRN": "D0206335",
        "SEQ_NUM": 1,
        "BLOCK": "C",
        "FLOOR": "G",
        "FLAT": NaN,
        "HOUSE_NUM_PREFIX": NaN,
        "STREET_NAME_ENG": NaN,
        "STREET_NAME_CHN": NaN,
        "AREA_DESC_ENG": NaN,
        "AREA_DESC_CHN": NaN,
        "FREE_FORMAT_ADDR_ENG": "GROUND FLOOR AND THE GARDEN HOUSE C OF GRAND PARK NO.155 TO YUEN WAI TUEN MUN NEW TERRITORIES",
        "FREE_FORMAT_ADDR_CHN": NaN,
        "DEV_NAME_ENG": "GRAND PARK",
        "DEV_NAME_CHN": "典栢豪庭",
        "FIRST_REFERENCE_LOT_PRN": "C2199208"
    }
]