[
    {
        "PRN": "A5964582",
        "SEQ_NUM": 1,
        "BLOCK": "1",
        "FLOOR": "L10",
        "FLAT": NaN,
        "HOUSE_NUM_PREFIX": 193.0,
        "STREET_NAME_ENG": "PRINCE EDWARD ROAD WEST",
        "STREET_NAME_CHN": "太子道西",
        "AREA_DESC_ENG": "KOWLOON",
        "AREA_DESC_CHN": "九龍",
        "FREE_FORMAT_ADDR_ENG": "LEVEL 10 OF TOWER I GRAND CENTURY PLACE NO.193 PRINCE EDWARD ROAD WEST KOWLOON",
        "FREE_FORMAT_ADDR_CHN": NaN,
        "DEV_NAME_ENG": "GRAND CENTURY PLACE",
        "DEV_NAME_CHN": "新世紀廣場",
        "FIRST_REFERENCE_LOT_PRN": "C4572553"
    },
    {
        "PRN": "A5964597",
        "SEQ_NUM": 1,
        "BLOCK": "1",
        "FLOOR": "L11",
        "FLAT": NaN,
        "HOUSE_NUM_PREFIX": 193.0,
        "STREET_NAME_ENG": "PRINCE EDWARD ROAD WEST",
        "STREET_NAME_CHN": "太子道西",
        "AREA_DESC_ENG": "KOWLOON",
        "AREA_DESC_CHN": "九龍",
        "FREE_FORMAT_ADDR_ENG": "LEVEL 11 OF TOWER I GRAND CENTURY PLACE NO.193 PRINCE EDWARD ROAD WEST KOWLOON",
        "FREE_FORMAT_ADDR_CHN": NaN,
        "DEV_NAME_ENG": "GRAND CENTURY PLACE",
        "DEV_NAME_CHN": "新世紀廣場",
        "FIRST_REFERENCE_LOT_PRN": "C4572553"
    },
    {
        "PRN": "A5964602",
        "SEQ_NUM": 1,
        "BLOCK": "1",
        "FLOOR": "L15",
        "FLAT": NaN,
        "HOUSE_NUM_PREFIX": 193.0,
        "STREET_NAME_ENG": "PRINCE EDWARD ROAD WEST",
        "STREET_NAME_CHN": "太子道西",
        "AREA_DESC_ENG": "KOWLOON",
        "AREA_DESC_CHN": "九龍",
        "FREE_FORMAT_ADDR_ENG": "LEVEL 15 OF TOWER I GRAND CENTURY PLACE NO.193 PRINCE EDWARD ROAD WEST KOWLOON",
        "FREE_FORMAT_ADDR_CHN": NaN,
        "DEV_NAME_ENG": "GRAND CENTURY PLACE",
        "DEV_NAME_CHN": "新世紀廣場",
        "FIRST_REFERENCE_LOT_PRN": "C4572553"
    },
    {
        "PRN": "A5964612",
        "SEQ_NUM": 1,
        "BLOCK": "1",
        "FLOOR": "L16",
        "FLAT": NaN,
        "HOUSE_NUM_PREFIX": 193.0,
        "STREET_NAME_ENG": "PRINCE EDWARD ROAD WEST",
        "STREET_NAME_CHN": "太子道西",
        "AREA_DESC_ENG": "KOWLOON",
        "AREA_DESC_CHN": "九龍",
        "FREE_FORMAT_ADDR_ENG": "LEVEL 16 OF TOWER I GRAND CENTURY PLACE NO.193 PRINCE EDWARD ROAD WEST KOWLOON",
        "FREE_FORMAT_ADDR_CHN": NaN,
        "DEV_NAME_ENG": "GRAND CENTURY PLACE",
        "DEV_NAME_CHN": "新世紀廣場",
        "FIRST_REFERENCE_LOT_PRN": "C4572553"
    },
    {
        "PRN": "A5964628",
        "SEQ_NUM": 1,
        "BLOCK": "1",
        "FLOOR": "L17",
        "FLAT": NaN,
        "HOUSE_NUM_PREFIX": 193.0,
        "STREET_NAME_ENG": "PRINCE EDWARD ROAD WEST",
        "STREET_NAME_CHN": "太子道西",
        "AREA_DESC_ENG": "KOWLOON",
        "AREA_DESC_CHN": "九龍",
        "FREE_FORMAT_ADDR_ENG": "LEVEL 17 OF TOWER I GRAND CENTURY PLACE NO.193 PRINCE EDWARD ROAD WEST KOWLOON",
        "FREE_FORMAT_ADDR_CHN": NaN,
        "DEV_NAME_ENG": "GRAND CENTURY PLACE",
        "DEV_NAME_CHN": "新世紀廣場",
        "FIRST_REFERENCE_LOT_PRN": "C4572553"
    },
    {
        "PRN": "A5964631",
        "SEQ_NUM": 1,
        "BLOCK": "1",
        "FLOOR": "L19",
        "FLAT": NaN,
        "HOUSE_NUM_PREFIX": 193.0,
        "STREET_NAME_ENG": "PRINCE EDWARD ROAD WEST",
        "STREET_NAME_CHN": "太子道西",
        "AREA_DESC_ENG": "KOWLOON",
        "AREA_DESC_CHN": "九龍",
        "FREE_FORMAT_ADDR_ENG": "LEVEL 19 OF TOWER I GRAND CENTURY PLACE NO.193 PRINCE EDWARD ROAD WEST KOWLOON",
        "FREE_FORMAT_ADDR_CHN": NaN,
        "DEV_NAME_ENG": "GRAND CENTURY PLACE",
        "DEV_NAME_CHN": "新世紀廣場",
        "FIRST_REFERENCE_LOT_PRN": "C4572553"
    },
    {
        "PRN": "A5964643",
        "SEQ_NUM": 1,
        "BLOCK": "1",
        "FLOOR": "L20",
        "FLAT": NaN,
        "HOUSE_NUM_PREFIX": 193.0,
        "STREET_NAME_ENG": "PRINCE EDWARD ROAD WEST",
        "STREET_NAME_CHN": "太子道西",
        "AREA_DESC_ENG": "KOWLOON",
        "AREA_DESC_CHN": "九龍",
        "FREE_FORMAT_ADDR_ENG": "LEVEL 20 OF TOWER I GRAND CENTURY PLACE NO.193 PRINCE EDWARD ROAD WEST KOWLOON",
        "FREE_FORMAT_ADDR_CHN": NaN,
        "DEV_NAME_ENG": "GRAND CENTURY PLACE",
        "DEV_NAME_CHN": "新世紀廣場",
        "FIRST_REFERENCE_LOT_PRN": "C4572553"
    },
    {
        "PRN": "A5964650",
        "SEQ_NUM": 1,
        "BLOCK": "2",
        "FLOOR": "L10",
        "FLAT": NaN,
        "HOUSE_NUM_PREFIX": 193.0,
        "STREET_NAME_ENG": "PRINCE EDWARD ROAD WEST",
        "STREET_NAME_CHN": "太子道西",
        "AREA_DESC_ENG": "KOWLOON",
        "AREA_DESC_CHN": "九龍",
        "FREE_FORMAT_ADDR_ENG": "LEVEL 10 OF TOWER II GRAND CENTURY PLACE NO.193 PRINCE EDWARD ROAD WEST KOWLOON",
        "FREE_FORMAT_ADDR_CHN": NaN,
        "DEV_NAME_ENG": "GRAND CENTURY PLACE",
        "DEV_NAME_CHN": "新世紀廣場",
        "FIRST_REFERENCE_LOT_PRN": "C4572553"
    },
    {
        "PRN": "A5964664",
        "SEQ_NUM": 1,
        "BLOCK": "2",
        "FLOOR": "L12",
        "FLAT": NaN,
        "HOUSE_NUM_PREFIX": 193.0,
        "STREET_NAME_ENG": "PRINCE EDWARD ROAD WEST",
        "STREET_NAME_CHN": "太子道西",
        "AREA_DESC_ENG": "KOWLOON",
        "AREA_DESC_CHN": "九龍",
        "FREE_FORMAT_ADDR_ENG": "LEVEL 12 OF TOWER II GRAND CENTURY PLACE NO.193 PRINCE EDWARD ROAD WEST KOWLOON",
        "FREE_FORMAT_ADDR_CHN": NaN,
        "DEV_NAME_ENG": "GRAND CENTURY PLACE",
        "DEV_NAME_CHN": "新世紀廣場",
        "FIRST_REFERENCE_LOT_PRN": "C4572553"
    },
    {
        "PRN": "A5964676",
        "SEQ_NUM": 1,
        "BLOCK": "2",
        "FLOOR": "L13",
        "FLAT": NaN,
        "HOUSE_NUM_PREFIX": 193.0,
        "STREET_NAME_ENG": "PRINCE EDWARD ROAD WEST",
        "STREET_NAME_CHN": "太子道西",
        "AREA_DESC_ENG": "KOWLOON",
        "AREA_DESC_CHN": "九龍",
        "FREE_FORMAT_ADDR_ENG": "LEVEL 13 OF TOWER II GRAND CENTURY PLACE NO.193 PRINCE EDWARD ROAD WEST KOWLOON",
        "FREE_FORMAT_ADDR_CHN": NaN,
        "DEV_NAME_ENG": "GRAND CENTURY PLACE",
        "DEV_NAME_CHN": "新世紀廣場",
        "FIRST_REFERENCE_LOT_PRN": "C4572553"
    },
    {
        "PRN": "A5964687",
        "SEQ_NUM": 1,
        "BLOCK": "2",
        "FLOOR": "L15",
        "FLAT": NaN,
        "HOUSE_NUM_PREFIX": 193.0,
        "STREET_NAME_ENG": "PRINCE EDWARD ROAD WEST",
        "STREET_NAME_CHN": "太子道西",
        "AREA_DESC_ENG": "KOWLOON",
        "AREA_DESC_CHN": "九龍",
        "FREE_FORMAT_ADDR_ENG": "LEVEL 15 OF TOWER II GRAND CENTURY PLACE NO.193 PRINCE EDWARD ROAD WEST KOWLOON",
        "FREE_FORMAT_ADDR_CHN": NaN,
        "DEV_NAME_ENG": "GRAND CENTURY PLACE",
        "DEV_NAME_CHN": "新世紀廣場",
        "FIRST_REFERENCE_LOT_PRN": "C4572553"
    },
    {
        "PRN": "A5964697",
        "SEQ_NUM": 1,
        "BLOCK": "2",
        "FLOOR": "L16",
        "FLAT": NaN,
        "HOUSE_NUM_PREFIX": 193.0,
        "STREET_NAME_ENG": "PRINCE EDWARD ROAD WEST",
        "STREET_NAME_CHN": "太子道西",
        "AREA_DESC_ENG": "KOWLOON",
        "AREA_DESC_CHN": "九龍",
        "FREE_FORMAT_ADDR_ENG": "LEVEL 16 OF TOWER II GRAND CENTURY PLACE NO.193 PRINCE EDWARD ROAD WEST KOWLOON",
        "FREE_FORMAT_ADDR_CHN": NaN,
        "DEV_NAME_ENG": "GRAND CENTURY PLACE",
        "DEV_NAME_CHN": "新世紀廣場",
        "FIRST_REFERENCE_LOT_PRN": "C4572553"
    },
    {
        "PRN": "A5964704",
        "SEQ_NUM": 1,
        "BLOCK": "2",
        "FLOOR": "L18",
        "FLAT": NaN,
        "HOUSE_NUM_PREFIX": 193.0,
        "STREET_NAME_ENG": "PRINCE EDWARD ROAD WEST",
        "STREET_NAME_CHN": "太子道西",
        "AREA_DESC_ENG": "KOWLOON",
        "AREA_DESC_CHN": "九龍",
        "FREE_FORMAT_ADDR_ENG": "LEVEL 18 OF TOWER II GRAND CENTURY PLACE NO.193 PRINCE EDWARD ROAD WEST KOWLOON",
        "FREE_FORMAT_ADDR_CHN": NaN,
        "DEV_NAME_ENG": "GRAND CENTURY PLACE",
        "DEV_NAME_CHN": "新世紀廣場",
        "FIRST_REFERENCE_LOT_PRN": "C4572553"
    },
    {
        "PRN": "A5964719",
        "SEQ_NUM": 1,
        "BLOCK": "2",
        "FLOOR": "L19",
        "FLAT": NaN,
        "HOUSE_NUM_PREFIX": 193.0,
        "STREET_NAME_ENG": "PRINCE EDWARD ROAD WEST",
        "STREET_NAME_CHN": "太子道西",
        "AREA_DESC_ENG": "KOWLOON",
        "AREA_DESC_CHN": "九龍",
        "FREE_FORMAT_ADDR_ENG": "LEVEL 19 OF TOWER II GRAND CENTURY PLACE NO.193 PRINCE EDWARD ROAD WEST KOWLOON",
        "FREE_FORMAT_ADDR_CHN": NaN,
        "DEV_NAME_ENG": "GRAND CENTURY PLACE",
        "DEV_NAME_CHN": "新世紀廣場",
        "FIRST_REFERENCE_LOT_PRN": "C4572553"
    },
    {
        "PRN": "B4123889",
        "SEQ_NUM": 1,
        "BLOCK": "1",
        "FLOOR": "L18",
        "FLAT": NaN,
        "HOUSE_NUM_PREFIX": 193.0,
        "STREET_NAME_ENG": "PRINCE EDWARD ROAD WEST",
        "STREET_NAME_CHN": "太子道西",
        "AREA_DESC_ENG": "KOWLOON",
        "AREA_DESC_CHN": "九龍",
        "FREE_FORMAT_ADDR_ENG": "LEVEL 18 OF TOWER I GRAND CENTURY PLACE NO.193 PRINCE EDWARD ROAD WEST KOWLOON",
        "FREE_FORMAT_ADDR_CHN": NaN,
        "DEV_NAME_ENG": "GRAND CENTURY PLACE",
        "DEV_NAME_CHN": "新世紀廣場",
        "FIRST_REFERENCE_LOT_PRN": "C4572553"
    },
    {
        "PRN": "B4123899",
        "SEQ_NUM": 1,
        "BLOCK": "2",
        "FLOOR": "L20",
        "FLAT": NaN,
        "HOUSE_NUM_PREFIX": 193.0,
        "STREET_NAME_ENG": "PRINCE EDWARD ROAD WEST",
        "STREET_NAME_CHN": "太子道西",
        "AREA_DESC_ENG": "KOWLOON",
        "AREA_DESC_CHN": "九龍",
        "FREE_FORMAT_ADDR_ENG": "LEVEL 20 OF TOWER II GRAND CENTURY PLACE NO.193 PRINCE EDWARD ROAD WEST KOWLOON",
        "FREE_FORMAT_ADDR_CHN": NaN,
        "DEV_NAME_ENG": "GRAND CENTURY PLACE",
        "DEV_NAME_CHN": "新世紀廣場",
        "FIRST_REFERENCE_LOT_PRN": "C4572553"
    },
    {
        "PRN": "B5199414",
        "SEQ_NUM": 1,
        "BLOCK": "1",
        "FLOOR": "L9",
        "FLAT": NaN,
        "HOUSE_NUM_PREFIX": 193.0,
        "STREET_NAME_ENG": "PRINCE EDWARD ROAD WEST",
        "STREET_NAME_CHN": "太子道西",
        "AREA_DESC_ENG": "KOWLOON",
        "AREA_DESC_CHN": "九龍",
        "FREE_FORMAT_ADDR_ENG": "LEVEL 9 OF TOWER I GRAND CENTURY PLACE NO.193 PRINCE EDWARD ROAD WEST KOWLOON",
        "FREE_FORMAT_ADDR_CHN": NaN,
        "DEV_NAME_ENG": "GRAND CENTURY PLACE",
        "DEV_NAME_CHN": "新世紀廣場",
        "FIRST_REFERENCE_LOT_PRN": "C4572553"
    },
    {
        "PRN": "B5199424",
        "SEQ_NUM": 1,
        "BLOCK": "2",
        "FLOOR": "L17",
        "FLAT": NaN,
        "HOUSE_NUM_PREFIX": 193.0,
        "STREET_NAME_ENG": "PRINCE EDWARD ROAD WEST",
        "STREET_NAME_CHN": "太子道西",
        "AREA_DESC_ENG": "KOWLOON",
        "AREA_DESC_CHN": "九龍",
        "FREE_FORMAT_ADDR_ENG": "LEVEL 17 OF TOWER II GRAND CENTURY PLACE NO.193 PRINCE EDWARD ROAD WEST KOWLOON",
        "FREE_FORMAT_ADDR_CHN": NaN,
        "DEV_NAME_ENG": "GRAND CENTURY PLACE",
        "DEV_NAME_CHN": "新世紀廣場",
        "FIRST_REFERENCE_LOT_PRN": "C4572553"
    },
    {
        "PRN": "B6804270",
        "SEQ_NUM": 1,
        "BLOCK": "1",
        "FLOOR": "L12",
        "FLAT": NaN,
        "HOUSE_NUM_PREFIX": 193.0,
        "STREET_NAME_ENG": "PRINCE EDWARD ROAD WEST",
        "STREET_NAME_CHN": "太子道西",
        "AREA_DESC_ENG": "KOWLOON",
        "AREA_DESC_CHN": "九龍",
        "FREE_FORMAT_ADDR_ENG": "LEVEL 12 OF TOWER I GRAND CENTURY PLACE NO.193 PRINCE EDWARD ROAD WEST KOWLOON",
        "FREE_FORMAT_ADDR_CHN": NaN,
        "DEV_NAME_ENG": "GRAND CENTURY PLACE",
        "DEV_NAME_CHN": "新世紀廣場",
        "FIRST_REFERENCE_LOT_PRN": "C4572553"
    },
    {
        "PRN": "B9488461",
        "SEQ_NUM": 1,
        "BLOCK": "1",
        "FLOOR": "L13",
        "FLAT": NaN,
        "HOUSE_NUM_PREFIX": 193.0,
        "STREET_NAME_ENG": "PRINCE EDWARD ROAD WEST",
        "STREET_NAME_CHN": "太子道西",
        "AREA_DESC_ENG": "KOWLOON",
        "AREA_DESC_CHN": "九龍",
        "FREE_FORMAT_ADDR_ENG": "LEVEL 13 OF TOWER I GRAND CENTURY PLACE NO.193 PRINCE EDWARD ROAD WEST KOWLOON",
        "FREE_FORMAT_ADDR_CHN": NaN,
        "DEV_NAME_ENG": "GRAND CENTURY PLACE",
        "DEV_NAME_CHN": "新世紀廣場",
        "FIRST_REFERENCE_LOT_PRN": "C4572553"
    },
    {
        "PRN": "B9488478",
        "SEQ_NUM": 1,
        "BLOCK": "2",
        "FLOOR": "L11",
        "FLAT": NaN,
        "HOUSE_NUM_PREFIX": 193.0,
        "STREET_NAME_ENG": "PRINCE EDWARD ROAD WEST",
        "STREET_NAME_CHN": "太子道西",
        "AREA_DESC_ENG": "KOWLOON",
        "AREA_DESC_CHN": "九龍",
        "FREE_FORMAT_ADDR_ENG": "LEVEL 11 OF TOWER II GRAND CENTURY PLACE NO.193 PRINCE EDWARD ROAD WEST KOWLOON",
        "FREE_FORMAT_ADDR_CHN": NaN,
        "DEV_NAME_ENG": "GRAND CENTURY PLACE",
        "DEV_NAME_CHN": "新世紀廣場",
        "FIRST_REFERENCE_LOT_PRN": "C4572553"
    },
    {
        "PRN": "C1233640",
        "SEQ_NUM": 1,
        "BLOCK": "2",
        "FLOOR": "L9",
        "FLAT": NaN,
        "HOUSE_NUM_PREFIX": 193.0,
        "STREET_NAME_ENG": "PRINCE EDWARD ROAD WEST",
        "STREET_NAME_CHN": "太子道西",
        "AREA_DESC_ENG": "KOWLOON",
        "AREA_DESC_CHN": "九龍",
        "FREE_FORMAT_ADDR_ENG": "LEVEL 9 OF TOWER II GRAND CENTURY PLACE NO.193 PRINCE EDWARD ROAD WEST KOWLOON",
        "FREE_FORMAT_ADDR_CHN": NaN,
        "DEV_NAME_ENG": "GRAND CENTURY PLACE",
        "DEV_NAME_CHN": "新世紀廣場",
        "FIRST_REFERENCE_LOT_PRN": "C4572553"
    }
]