[
    {
        "PRN": "B3136474",
        "SEQ_NUM": 1,
        "BLOCK": "1",
        "FLOOR": "G",
        "FLAT": NaN,
        "HOUSE_NUM_PREFIX": NaN,
        "STREET_NAME_ENG": NaN,
        "STREET_NAME_CHN": NaN,
        "AREA_DESC_ENG": NaN,
        "AREA_DESC_CHN": NaN,
        "FREE_FORMAT_ADDR_ENG": "G/F TOGETHER WITH THE OPEN YARD THEREOF OF BLOCK 1 GREENVIEW VILLAS SAI KUNG NEW TERRITORIES",
        "FREE_FORMAT_ADDR_CHN": NaN,
        "DEV_NAME_ENG": "GREENVIEW VILLAS",
        "DEV_NAME_CHN": "翠景台",
        "FIRST_REFERENCE_LOT_PRN": "C5339506"
    },
    {
        "PRN": "B3136582",
        "SEQ_NUM": 1,
        "BLOCK": "1",
        "FLOOR": "2",
        "FLAT": NaN,
        "HOUSE_NUM_PREFIX": NaN,
        "STREET_NAME_ENG": NaN,
        "STREET_NAME_CHN": NaN,
        "AREA_DESC_ENG": NaN,
        "AREA_DESC_CHN": NaN,
        "FREE_FORMAT_ADDR_ENG": "2/F TOGETHER WITH THE BALCONY AND THE ROOF THEREOF OF BLOCK 1 GREENVIEW VILLAS SAI KUNG NEW TERRITORIES",
        "FREE_FORMAT_ADDR_CHN": NaN,
        "DEV_NAME_ENG": "GREENVIEW VILLAS",
        "DEV_NAME_CHN": "翠景台",
        "FIRST_REFERENCE_LOT_PRN": "C5339506"
    },
    {
        "PRN": "B3137199",
        "SEQ_NUM": 1,
        "BLOCK": "10",
        "FLOOR": "G",
        "FLAT": NaN,
        "HOUSE_NUM_PREFIX": NaN,
        "STREET_NAME_ENG": NaN,
        "STREET_NAME_CHN": NaN,
        "AREA_DESC_ENG": NaN,
        "AREA_DESC_CHN": NaN,
        "FREE_FORMAT_ADDR_ENG": "G/F TOGETHER WITH THE OPEN YARD THEREOF OF BLOCK 10 GREENVIEW VILLAS SAI KUNG NEW TERRITORIES",
        "FREE_FORMAT_ADDR_CHN": NaN,
        "DEV_NAME_ENG": "GREENVIEW VILLAS",
        "DEV_NAME_CHN": "翠景台",
        "FIRST_REFERENCE_LOT_PRN": "C5339506"
    },
    {
        "PRN": "B3137200",
        "SEQ_NUM": 1,
        "BLOCK": "10",
        "FLOOR": "1",
        "FLAT": NaN,
        "HOUSE_NUM_PREFIX": NaN,
        "STREET_NAME_ENG": NaN,
        "STREET_NAME_CHN": NaN,
        "AREA_DESC_ENG": NaN,
        "AREA_DESC_CHN": NaN,
        "FREE_FORMAT_ADDR_ENG": "1/F TOGETHER WITH THE BALCONY THEREOF OF BLOCK 10 GREENVIEW VILLAS SAI KUNG NEW TERRITORIES",
        "FREE_FORMAT_ADDR_CHN": NaN,
        "DEV_NAME_ENG": "GREENVIEW VILLAS",
        "DEV_NAME_CHN": "翠景台",
        "FIRST_REFERENCE_LOT_PRN": "C5339506"
    },
    {
        "PRN": "B3137233",
        "SEQ_NUM": 1,
        "BLOCK": "10",
        "FLOOR": "2",
        "FLAT": NaN,
        "HOUSE_NUM_PREFIX": NaN,
        "STREET_NAME_ENG": NaN,
        "STREET_NAME_CHN": NaN,
        "AREA_DESC_ENG": NaN,
        "AREA_DESC_CHN": NaN,
        "FREE_FORMAT_ADDR_ENG": "2/F TOGETHER WITH THE BALCONY AND THE ROOF THEREOF OF BLOCK 10 GREENVIEW VILLAS SAI KUNG NEW TERRITORIES",
        "FREE_FORMAT_ADDR_CHN": NaN,
        "DEV_NAME_ENG": "GREENVIEW VILLAS",
        "DEV_NAME_CHN": "翠景台",
        "FIRST_REFERENCE_LOT_PRN": "C5339506"
    },
    {
        "PRN": "B3137291",
        "SEQ_NUM": 1,
        "BLOCK": "11",
        "FLOOR": "G",
        "FLAT": NaN,
        "HOUSE_NUM_PREFIX": NaN,
        "STREET_NAME_ENG": NaN,
        "STREET_NAME_CHN": NaN,
        "AREA_DESC_ENG": NaN,
        "AREA_DESC_CHN": NaN,
        "FREE_FORMAT_ADDR_ENG": "G/F TOGETHER WITH THE OPEN YARD THEREOF OF BLOCK 11 GREENVIEW VILLAS SAI KUNG NEW TERRITORIES",
        "FREE_FORMAT_ADDR_CHN": NaN,
        "DEV_NAME_ENG": "GREENVIEW VILLAS",
        "DEV_NAME_CHN": "翠景台",
        "FIRST_REFERENCE_LOT_PRN": "C5339506"
    },
    {
        "PRN": "B3138887",
        "SEQ_NUM": 1,
        "BLOCK": "3",
        "FLOOR": "G",
        "FLAT": NaN,
        "HOUSE_NUM_PREFIX": NaN,
        "STREET_NAME_ENG": NaN,
        "STREET_NAME_CHN": NaN,
        "AREA_DESC_ENG": NaN,
        "AREA_DESC_CHN": NaN,
        "FREE_FORMAT_ADDR_ENG": "G/F TOGETHER WITH THE OPEN YARD THEREOF OF BLOCK 3 GREENVIEW VILLAS SAI KUNG NEW TERRITORIES",
        "FREE_FORMAT_ADDR_CHN": NaN,
        "DEV_NAME_ENG": "GREENVIEW VILLAS",
        "DEV_NAME_CHN": "翠景台",
        "FIRST_REFERENCE_LOT_PRN": "C5339506"
    },
    {
        "PRN": "B3138975",
        "SEQ_NUM": 1,
        "BLOCK": "3",
        "FLOOR": "2",
        "FLAT": NaN,
        "HOUSE_NUM_PREFIX": NaN,
        "STREET_NAME_ENG": NaN,
        "STREET_NAME_CHN": NaN,
        "AREA_DESC_ENG": NaN,
        "AREA_DESC_CHN": NaN,
        "FREE_FORMAT_ADDR_ENG": "2/F TOGETHER WITH THE BALCONY AND THE ROOF THEREOF OF BLOCK 3 GREENVIEW VILLAS SAI KUNG NEW TERRITORIES",
        "FREE_FORMAT_ADDR_CHN": NaN,
        "DEV_NAME_ENG": "GREENVIEW VILLAS",
        "DEV_NAME_CHN": "翠景台",
        "FIRST_REFERENCE_LOT_PRN": "C5339506"
    },
    {
        "PRN": "B3139146",
        "SEQ_NUM": 1,
        "BLOCK": "4",
        "FLOOR": "G",
        "FLAT": NaN,
        "HOUSE_NUM_PREFIX": NaN,
        "STREET_NAME_ENG": NaN,
        "STREET_NAME_CHN": NaN,
        "AREA_DESC_ENG": NaN,
        "AREA_DESC_CHN": NaN,
        "FREE_FORMAT_ADDR_ENG": "G/F TOGETHER WITH THE OPEN YARD THEREOF OF BLOCK 4 GREENVIEW VILLAS SAI KUNG NEW TERRITORIES",
        "FREE_FORMAT_ADDR_CHN": NaN,
        "DEV_NAME_ENG": "GREENVIEW VILLAS",
        "DEV_NAME_CHN": "翠景台",
        "FIRST_REFERENCE_LOT_PRN": "C5339506"
    },
    {
        "PRN": "B3139187",
        "SEQ_NUM": 1,
        "BLOCK": "4",
        "FLOOR": "1",
        "FLAT": NaN,
        "HOUSE_NUM_PREFIX": NaN,
        "STREET_NAME_ENG": NaN,
        "STREET_NAME_CHN": NaN,
        "AREA_DESC_ENG": NaN,
        "AREA_DESC_CHN": NaN,
        "FREE_FORMAT_ADDR_ENG": "1/F TOGETHER WITH THE BALCONY THEREOF OF BLOCK 4 GREENVIEW VILLAS SAI KUNG NEW TERRITORIES",
        "FREE_FORMAT_ADDR_CHN": NaN,
        "DEV_NAME_ENG": "GREENVIEW VILLAS",
        "DEV_NAME_CHN": "翠景台",
        "FIRST_REFERENCE_LOT_PRN": "C5339506"
    },
    {
        "PRN": "B3139357",
        "SEQ_NUM": 1,
        "BLOCK": "5",
        "FLOOR": "G",
        "FLAT": NaN,
        "HOUSE_NUM_PREFIX": NaN,
        "STREET_NAME_ENG": NaN,
        "STREET_NAME_CHN": NaN,
        "AREA_DESC_ENG": NaN,
        "AREA_DESC_CHN": NaN,
        "FREE_FORMAT_ADDR_ENG": "G/F TOGETHER WITH THE OPEN YARD THEREOF OF BLOCK 5 GREENVIEW VILLAS SAI KUNG NEW TERRITORIES",
        "FREE_FORMAT_ADDR_CHN": NaN,
        "DEV_NAME_ENG": "GREENVIEW VILLAS",
        "DEV_NAME_CHN": "翠景台",
        "FIRST_REFERENCE_LOT_PRN": "C5339506"
    },
    {
        "PRN": "B3139392",
        "SEQ_NUM": 1,
        "BLOCK": "5",
        "FLOOR": "1",
        "FLAT": NaN,
        "HOUSE_NUM_PREFIX": NaN,
        "STREET_NAME_ENG": NaN,
        "STREET_NAME_CHN": NaN,
        "AREA_DESC_ENG": NaN,
        "AREA_DESC_CHN": NaN,
        "FREE_FORMAT_ADDR_ENG": "1/F TOGETHER WITH THE BALCONY THEREOF OF BLOCK 5 GREENVIEW VILLAS SAI KUNG NEW TERRITORIES",
        "FREE_FORMAT_ADDR_CHN": NaN,
        "DEV_NAME_ENG": "GREENVIEW VILLAS",
        "DEV_NAME_CHN": "翠景台",
        "FIRST_REFERENCE_LOT_PRN": "C5339506"
    },
    {
        "PRN": "B3139410",
        "SEQ_NUM": 1,
        "BLOCK": "5",
        "FLOOR": "2",
        "FLAT": NaN,
        "HOUSE_NUM_PREFIX": NaN,
        "STREET_NAME_ENG": NaN,
        "STREET_NAME_CHN": NaN,
        "AREA_DESC_ENG": NaN,
        "AREA_DESC_CHN": NaN,
        "FREE_FORMAT_ADDR_ENG": "2/F TOGETHER WITH THE BALCONY AND THE ROOF THEREOF OF BLOCK 5 GREENVIEW VILLAS SAI KUNG NEW TERRITORIES",
        "FREE_FORMAT_ADDR_CHN": NaN,
        "DEV_NAME_ENG": "GREENVIEW VILLAS",
        "DEV_NAME_CHN": "翠景台",
        "FIRST_REFERENCE_LOT_PRN": "C5339506"
    },
    {
        "PRN": "B3140001",
        "SEQ_NUM": 1,
        "BLOCK": "7",
        "FLOOR": "1",
        "FLAT": NaN,
        "HOUSE_NUM_PREFIX": NaN,
        "STREET_NAME_ENG": NaN,
        "STREET_NAME_CHN": NaN,
        "AREA_DESC_ENG": NaN,
        "AREA_DESC_CHN": NaN,
        "FREE_FORMAT_ADDR_ENG": "1/F TOGETHER WITH THE BALCONY THEREOF OF BLOCK 7 GREENVIEW VILLAS SAI KUNG NEW TERRITORIES",
        "FREE_FORMAT_ADDR_CHN": NaN,
        "DEV_NAME_ENG": "GREENVIEW VILLAS",
        "DEV_NAME_CHN": "翠景台",
        "FIRST_REFERENCE_LOT_PRN": "C5339506"
    },
    {
        "PRN": "B3140286",
        "SEQ_NUM": 1,
        "BLOCK": "8",
        "FLOOR": "2",
        "FLAT": NaN,
        "HOUSE_NUM_PREFIX": NaN,
        "STREET_NAME_ENG": NaN,
        "STREET_NAME_CHN": NaN,
        "AREA_DESC_ENG": NaN,
        "AREA_DESC_CHN": NaN,
        "FREE_FORMAT_ADDR_ENG": "2/F TOGETHER WITH THE BALCONY AND THE ROOF THEREOF OF BLOCK 8 GREENVIEW VILLAS SAI KUNG NEW TERRITORIES",
        "FREE_FORMAT_ADDR_CHN": NaN,
        "DEV_NAME_ENG": "GREENVIEW VILLAS",
        "DEV_NAME_CHN": "翠景台",
        "FIRST_REFERENCE_LOT_PRN": "C5339506"
    },
    {
        "PRN": "B3140494",
        "SEQ_NUM": 1,
        "BLOCK": "9",
        "FLOOR": "1",
        "FLAT": NaN,
        "HOUSE_NUM_PREFIX": NaN,
        "STREET_NAME_ENG": NaN,
        "STREET_NAME_CHN": NaN,
        "AREA_DESC_ENG": NaN,
        "AREA_DESC_CHN": NaN,
        "FREE_FORMAT_ADDR_ENG": "1/F TOGETHER WITH THE BALCONY THEREOF OF BLOCK 9 GREENVIEW VILLAS SAI KUNG NEW TERRITORIES",
        "FREE_FORMAT_ADDR_CHN": NaN,
        "DEV_NAME_ENG": "GREENVIEW VILLAS",
        "DEV_NAME_CHN": "翠景台",
        "FIRST_REFERENCE_LOT_PRN": "C5339506"
    },
    {
        "PRN": "B3140539",
        "SEQ_NUM": 1,
        "BLOCK": "9",
        "FLOOR": "2",
        "FLAT": NaN,
        "HOUSE_NUM_PREFIX": NaN,
        "STREET_NAME_ENG": NaN,
        "STREET_NAME_CHN": NaN,
        "AREA_DESC_ENG": NaN,
        "AREA_DESC_CHN": NaN,
        "FREE_FORMAT_ADDR_ENG": "2/F TOGETHER WITH THE BALCONY AND THE ROOF THEREOF OF BLOCK 9 GREENVIEW VILLAS SAI KUNG NEW TERRITORIES",
        "FREE_FORMAT_ADDR_CHN": NaN,
        "DEV_NAME_ENG": "GREENVIEW VILLAS",
        "DEV_NAME_CHN": "翠景台",
        "FIRST_REFERENCE_LOT_PRN": "C5339506"
    },
    {
        "PRN": "B3143015",
        "SEQ_NUM": 1,
        "BLOCK": "2",
        "FLOOR": "G",
        "FLAT": NaN,
        "HOUSE_NUM_PREFIX": NaN,
        "STREET_NAME_ENG": NaN,
        "STREET_NAME_CHN": NaN,
        "AREA_DESC_ENG": NaN,
        "AREA_DESC_CHN": NaN,
        "FREE_FORMAT_ADDR_ENG": "G/F TOGETHER WITH THE OPEN YARD THEREOF OF BLOCK 2 GREENVIEW VILLAS SAI KUNG NEW TERRITORIES",
        "FREE_FORMAT_ADDR_CHN": NaN,
        "DEV_NAME_ENG": "GREENVIEW VILLAS",
        "DEV_NAME_CHN": "翠景台",
        "FIRST_REFERENCE_LOT_PRN": "C5339506"
    },
    {
        "PRN": "B3143052",
        "SEQ_NUM": 1,
        "BLOCK": "4",
        "FLOOR": "2",
        "FLAT": NaN,
        "HOUSE_NUM_PREFIX": NaN,
        "STREET_NAME_ENG": NaN,
        "STREET_NAME_CHN": NaN,
        "AREA_DESC_ENG": NaN,
        "AREA_DESC_CHN": NaN,
        "FREE_FORMAT_ADDR_ENG": "2/F TOGETHER WITH THE BALCONY AND THE ROOF THEREOF OF BLOCK 4 GREENVIEW VILLAS SAI KUNG NEW TERRITORIES",
        "FREE_FORMAT_ADDR_CHN": NaN,
        "DEV_NAME_ENG": "GREENVIEW VILLAS",
        "DEV_NAME_CHN": "翠景台",
        "FIRST_REFERENCE_LOT_PRN": "C5339506"
    },
    {
        "PRN": "B3143077",
        "SEQ_NUM": 1,
        "BLOCK": "6",
        "FLOOR": "2",
        "FLAT": NaN,
        "HOUSE_NUM_PREFIX": NaN,
        "STREET_NAME_ENG": NaN,
        "STREET_NAME_CHN": NaN,
        "AREA_DESC_ENG": NaN,
        "AREA_DESC_CHN": NaN,
        "FREE_FORMAT_ADDR_ENG": "2/F TOGETHER WITH THE BALCONY AND THE ROOF THEREOF OF BLOCK 6 GREENVIEW VILLAS SAI KUNG NEW TERRITORIES",
        "FREE_FORMAT_ADDR_CHN": NaN,
        "DEV_NAME_ENG": "GREENVIEW VILLAS",
        "DEV_NAME_CHN": "翠景台",
        "FIRST_REFERENCE_LOT_PRN": "C5339506"
    },
    {
        "PRN": "B3143111",
        "SEQ_NUM": 1,
        "BLOCK": "7",
        "FLOOR": "G",
        "FLAT": NaN,
        "HOUSE_NUM_PREFIX": NaN,
        "STREET_NAME_ENG": NaN,
        "STREET_NAME_CHN": NaN,
        "AREA_DESC_ENG": NaN,
        "AREA_DESC_CHN": NaN,
        "FREE_FORMAT_ADDR_ENG": "G/F TOGETHER WITH THE OPEN YARD THEREOF OF BLOCK 7 GREENVIEW VILLAS SAI KUNG NEW TERRITORIES",
        "FREE_FORMAT_ADDR_CHN": NaN,
        "DEV_NAME_ENG": "GREENVIEW VILLAS",
        "DEV_NAME_CHN": "翠景台",
        "FIRST_REFERENCE_LOT_PRN": "C5339506"
    },
    {
        "PRN": "B5018508",
        "SEQ_NUM": 1,
        "BLOCK": "2",
        "FLOOR": "1",
        "FLAT": NaN,
        "HOUSE_NUM_PREFIX": NaN,
        "STREET_NAME_ENG": NaN,
        "STREET_NAME_CHN": NaN,
        "AREA_DESC_ENG": NaN,
        "AREA_DESC_CHN": NaN,
        "FREE_FORMAT_ADDR_ENG": "1/F TOGETHER WITH THE BALCONY THEREOF OF BLOCK 2 GREENVIEW VILLAS SAI KUNG NEW TERRITORIES",
        "FREE_FORMAT_ADDR_CHN": NaN,
        "DEV_NAME_ENG": "GREENVIEW VILLAS",
        "DEV_NAME_CHN": "翠景台",
        "FIRST_REFERENCE_LOT_PRN": "C5339506"
    },
    {
        "PRN": "B5018751",
        "SEQ_NUM": 1,
        "BLOCK": "6",
        "FLOOR": "G",
        "FLAT": NaN,
        "HOUSE_NUM_PREFIX": NaN,
        "STREET_NAME_ENG": NaN,
        "STREET_NAME_CHN": NaN,
        "AREA_DESC_ENG": NaN,
        "AREA_DESC_CHN": NaN,
        "FREE_FORMAT_ADDR_ENG": "G/F TOGETHER WITH THE OPEN YARD THEREOF OF BLOCK 6 GREENVIEW VILLAS SAI KUNG NEW TERRITORIES",
        "FREE_FORMAT_ADDR_CHN": NaN,
        "DEV_NAME_ENG": "GREENVIEW VILLAS",
        "DEV_NAME_CHN": "翠景台",
        "FIRST_REFERENCE_LOT_PRN": "C5339506"
    },
    {
        "PRN": "B5018769",
        "SEQ_NUM": 1,
        "BLOCK": "6",
        "FLOOR": "1",
        "FLAT": NaN,
        "HOUSE_NUM_PREFIX": NaN,
        "STREET_NAME_ENG": NaN,
        "STREET_NAME_CHN": NaN,
        "AREA_DESC_ENG": NaN,
        "AREA_DESC_CHN": NaN,
        "FREE_FORMAT_ADDR_ENG": "1/F TOGETHER WITH THE BALCONY THEREOF OF BLOCK 6 GREENVIEW VILLAS SAI KUNG NEW TERRITORIES",
        "FREE_FORMAT_ADDR_CHN": NaN,
        "DEV_NAME_ENG": "GREENVIEW VILLAS",
        "DEV_NAME_CHN": "翠景台",
        "FIRST_REFERENCE_LOT_PRN": "C5339506"
    },
    {
        "PRN": "B5018835",
        "SEQ_NUM": 1,
        "BLOCK": "8",
        "FLOOR": "G",
        "FLAT": NaN,
        "HOUSE_NUM_PREFIX": NaN,
        "STREET_NAME_ENG": NaN,
        "STREET_NAME_CHN": NaN,
        "AREA_DESC_ENG": NaN,
        "AREA_DESC_CHN": NaN,
        "FREE_FORMAT_ADDR_ENG": "G/F TOGETHER WITH THE OPEN YARD THEREOF OF BLOCK 8 GREENVIEW VILLAS SAI KUNG NEW TERRITORIES",
        "FREE_FORMAT_ADDR_CHN": NaN,
        "DEV_NAME_ENG": "GREENVIEW VILLAS",
        "DEV_NAME_CHN": "翠景台",
        "FIRST_REFERENCE_LOT_PRN": "C5339506"
    },
    {
        "PRN": "B5377483",
        "SEQ_NUM": 1,
        "BLOCK": "1",
        "FLOOR": "1",
        "FLAT": NaN,
        "HOUSE_NUM_PREFIX": NaN,
        "STREET_NAME_ENG": NaN,
        "STREET_NAME_CHN": NaN,
        "AREA_DESC_ENG": NaN,
        "AREA_DESC_CHN": NaN,
        "FREE_FORMAT_ADDR_ENG": "1/F TOGETHER WITH THE BALCONY THEREOF OF BLOCK 1 GREENVIEW VILLAS SAI KUNG NEW TERRITORIES",
        "FREE_FORMAT_ADDR_CHN": NaN,
        "DEV_NAME_ENG": "GREENVIEW VILLAS",
        "DEV_NAME_CHN": "翠景台",
        "FIRST_REFERENCE_LOT_PRN": "C5339506"
    },
    {
        "PRN": "B7704993",
        "SEQ_NUM": 1,
        "BLOCK": "11",
        "FLOOR": "1",
        "FLAT": NaN,
        "HOUSE_NUM_PREFIX": NaN,
        "STREET_NAME_ENG": NaN,
        "STREET_NAME_CHN": NaN,
        "AREA_DESC_ENG": NaN,
        "AREA_DESC_CHN": NaN,
        "FREE_FORMAT_ADDR_ENG": "1/F TOGETHER WITH THE BALCONY THEREOF OF BLOCK 11 GREENVIEW VILLAS SAI KUNG NEW TERRITORIES",
        "FREE_FORMAT_ADDR_CHN": NaN,
        "DEV_NAME_ENG": "GREENVIEW VILLAS",
        "DEV_NAME_CHN": "翠景台",
        "FIRST_REFERENCE_LOT_PRN": "C5339506"
    },
    {
        "PRN": "B7705151",
        "SEQ_NUM": 1,
        "BLOCK": "2",
        "FLOOR": "2",
        "FLAT": NaN,
        "HOUSE_NUM_PREFIX": NaN,
        "STREET_NAME_ENG": NaN,
        "STREET_NAME_CHN": NaN,
        "AREA_DESC_ENG": NaN,
        "AREA_DESC_CHN": NaN,
        "FREE_FORMAT_ADDR_ENG": "2/F TOGETHER WITH THE BALCONY AND THE ROOF THEREOF OF BLOCK 2 GREENVIEW VILLAS SAI KUNG NEW TERRITORIES",
        "FREE_FORMAT_ADDR_CHN": NaN,
        "DEV_NAME_ENG": "GREENVIEW VILLAS",
        "DEV_NAME_CHN": "翠景台",
        "FIRST_REFERENCE_LOT_PRN": "C5339506"
    },
    {
        "PRN": "B7705452",
        "SEQ_NUM": 1,
        "BLOCK": "8",
        "FLOOR": "1",
        "FLAT": NaN,
        "HOUSE_NUM_PREFIX": NaN,
        "STREET_NAME_ENG": NaN,
        "STREET_NAME_CHN": NaN,
        "AREA_DESC_ENG": NaN,
        "AREA_DESC_CHN": NaN,
        "FREE_FORMAT_ADDR_ENG": "1/F TOGETHER WITH THE BALCONY THEREOF OF BLOCK 8 GREENVIEW VILLAS SAI KUNG NEW TERRITORIES",
        "FREE_FORMAT_ADDR_CHN": NaN,
        "DEV_NAME_ENG": "GREENVIEW VILLAS",
        "DEV_NAME_CHN": "翠景台",
        "FIRST_REFERENCE_LOT_PRN": "C5339506"
    },
    {
        "PRN": "B7705472",
        "SEQ_NUM": 1,
        "BLOCK": "9",
        "FLOOR": "G",
        "FLAT": NaN,
        "HOUSE_NUM_PREFIX": NaN,
        "STREET_NAME_ENG": NaN,
        "STREET_NAME_CHN": NaN,
        "AREA_DESC_ENG": NaN,
        "AREA_DESC_CHN": NaN,
        "FREE_FORMAT_ADDR_ENG": "G/F TOGETHER WITH THE OPEN YARD THEREOF OF BLOCK 9 GREENVIEW VILLAS SAI KUNG NEW TERRITORIES",
        "FREE_FORMAT_ADDR_CHN": NaN,
        "DEV_NAME_ENG": "GREENVIEW VILLAS",
        "DEV_NAME_CHN": "翠景台",
        "FIRST_REFERENCE_LOT_PRN": "C5339506"
    },
    {
        "PRN": "B8064089",
        "SEQ_NUM": 1,
        "BLOCK": "11",
        "FLOOR": "2",
        "FLAT": NaN,
        "HOUSE_NUM_PREFIX": NaN,
        "STREET_NAME_ENG": NaN,
        "STREET_NAME_CHN": NaN,
        "AREA_DESC_ENG": NaN,
        "AREA_DESC_CHN": NaN,
        "FREE_FORMAT_ADDR_ENG": "2/F TOGETHER WITH THE BALCONY AND THE ROOF THEREOF OF BLOCK 11 GREENVIEW VILLAS SAI KUNG NEW TERRITORIES",
        "FREE_FORMAT_ADDR_CHN": NaN,
        "DEV_NAME_ENG": "GREENVIEW VILLAS",
        "DEV_NAME_CHN": "翠景台",
        "FIRST_REFERENCE_LOT_PRN": "C5339506"
    },
    {
        "PRN": "B8736569",
        "SEQ_NUM": 1,
        "BLOCK": "7",
        "FLOOR": "2",
        "FLAT": NaN,
        "HOUSE_NUM_PREFIX": NaN,
        "STREET_NAME_ENG": NaN,
        "STREET_NAME_CHN": NaN,
        "AREA_DESC_ENG": NaN,
        "AREA_DESC_CHN": NaN,
        "FREE_FORMAT_ADDR_ENG": "2/F TOGETHER WITH THE BALCONY AND THE ROOF THEREOF OF BLOCK 7 GREENVIEW VILLAS SAI KUNG NEW TERRITORIES",
        "FREE_FORMAT_ADDR_CHN": NaN,
        "DEV_NAME_ENG": "GREENVIEW VILLAS",
        "DEV_NAME_CHN": "翠景台",
        "FIRST_REFERENCE_LOT_PRN": "C5339506"
    },
    {
        "PRN": "C0384446",
        "SEQ_NUM": 1,
        "BLOCK": "3",
        "FLOOR": "1",
        "FLAT": NaN,
        "HOUSE_NUM_PREFIX": NaN,
        "STREET_NAME_ENG": NaN,
        "STREET_NAME_CHN": NaN,
        "AREA_DESC_ENG": NaN,
        "AREA_DESC_CHN": NaN,
        "FREE_FORMAT_ADDR_ENG": "1/F TOGETHER WITH THE BALCONY THEREOF OF BLOCK 3 GREENVIEW VILLAS SAI KUNG NEW TERRITORIES",
        "FREE_FORMAT_ADDR_CHN": NaN,
        "DEV_NAME_ENG": "GREENVIEW VILLAS",
        "DEV_NAME_CHN": "翠景台",
        "FIRST_REFERENCE_LOT_PRN": "C5339506"
    }
]