[
    {
        "PRN": "B0790568",
        "SEQ_NUM": 1,
        "BLOCK": "A",
        "FLOOR": "2",
        "FLAT": NaN,
        "HOUSE_NUM_PREFIX": NaN,
        "STREET_NAME_ENG": NaN,
        "STREET_NAME_CHN": NaN,
        "AREA_DESC_ENG": NaN,
        "AREA_DESC_CHN": NaN,
        "FREE_FORMAT_ADDR_ENG": "SECOND FLOOR & THE ROOF BLOCK A OF HANG LAI GARDEN LOT NO.500 S.A IN DD130 NO.390 TUEN TSZ WAI TUEN MUN N.T.",
        "FREE_FORMAT_ADDR_CHN": NaN,
        "DEV_NAME_ENG": "HANG LAI GARDEN",
        "DEV_NAME_CHN": "恒麗花園",
        "FIRST_REFERENCE_LOT_PRN": "C6754167"
    },
    {
        "PRN": "B5318901",
        "SEQ_NUM": 1,
        "BLOCK": "A",
        "FLOOR": "1",
        "FLAT": NaN,
        "HOUSE_NUM_PREFIX": NaN,
        "STREET_NAME_ENG": NaN,
        "STREET_NAME_CHN": NaN,
        "AREA_DESC_ENG": NaN,
        "AREA_DESC_CHN": NaN,
        "FREE_FORMAT_ADDR_ENG": "FIRST FLOOR BLOCK A OF HANG LAI GARDEN LOT NO.500 S.A IN DD130 NO.390 TUEN TSZ WAI TUEN MUN N.T.",
        "FREE_FORMAT_ADDR_CHN": NaN,
        "DEV_NAME_ENG": "HANG LAI GARDEN",
        "DEV_NAME_CHN": "恒麗花園",
        "FIRST_REFERENCE_LOT_PRN": "C6754167"
    },
    {
        "PRN": "B7408141",
        "SEQ_NUM": 1,
        "BLOCK": "B",
        "FLOOR": "1",
        "FLAT": NaN,
        "HOUSE_NUM_PREFIX": NaN,
        "STREET_NAME_ENG": NaN,
        "STREET_NAME_CHN": NaN,
        "AREA_DESC_ENG": NaN,
        "AREA_DESC_CHN": NaN,
        "FREE_FORMAT_ADDR_ENG": "1/F OF BLK.B OF HANG LAI GARDEN DD130 LOT 500 S.B NO.389 TUEN TSZ WAI TUEN MUN NEW TERRITORIES",
        "FREE_FORMAT_ADDR_CHN": NaN,
        "DEV_NAME_ENG": "HANG LAI GARDEN",
        "DEV_NAME_CHN": "恒麗花園",
        "FIRST_REFERENCE_LOT_PRN": "C5920274"
    },
    {
        "PRN": "B7408159",
        "SEQ_NUM": 1,
        "BLOCK": "B",
        "FLOOR": "2",
        "FLAT": NaN,
        "HOUSE_NUM_PREFIX": NaN,
        "STREET_NAME_ENG": NaN,
        "STREET_NAME_CHN": NaN,
        "AREA_DESC_ENG": NaN,
        "AREA_DESC_CHN": NaN,
        "FREE_FORMAT_ADDR_ENG": "2/F & ROOF OF BLK.B OF HANG LAI GARDEN DD130 LOT 500 S.B NO.389 TUEN TSZ WAI TUEN MUN NEW TERRITORIES",
        "FREE_FORMAT_ADDR_CHN": NaN,
        "DEV_NAME_ENG": "HANG LAI GARDEN",
        "DEV_NAME_CHN": "恒麗花園",
        "FIRST_REFERENCE_LOT_PRN": "C5920274"
    },
    {
        "PRN": "B7408167",
        "SEQ_NUM": 1,
        "BLOCK": "A",
        "FLOOR": "G",
        "FLAT": NaN,
        "HOUSE_NUM_PREFIX": NaN,
        "STREET_NAME_ENG": NaN,
        "STREET_NAME_CHN": NaN,
        "AREA_DESC_ENG": NaN,
        "AREA_DESC_CHN": NaN,
        "FREE_FORMAT_ADDR_ENG": "G/F & THE GARDEN ADJACENT THERETO BLOCK A OF HANG LAI GARDEN LOT NO.500 S.A IN DD130 NO.390 TUEN TSZ WAI TUEN MUN N.T.",
        "FREE_FORMAT_ADDR_CHN": NaN,
        "DEV_NAME_ENG": "HANG LAI GARDEN",
        "DEV_NAME_CHN": "恒麗花園",
        "FIRST_REFERENCE_LOT_PRN": "C6754167"
    },
    {
        "PRN": "C0090363",
        "SEQ_NUM": 1,
        "BLOCK": "B",
        "FLOOR": "G",
        "FLAT": NaN,
        "HOUSE_NUM_PREFIX": NaN,
        "STREET_NAME_ENG": NaN,
        "STREET_NAME_CHN": NaN,
        "AREA_DESC_ENG": NaN,
        "AREA_DESC_CHN": NaN,
        "FREE_FORMAT_ADDR_ENG": "G/F & GARDEN OF BLK.B OF HANG LAI GARDEN DD130 LOT 500 S.B NO.389 TUEN TSZ WAI TUEN MUN NEW TERRITORIES",
        "FREE_FORMAT_ADDR_CHN": NaN,
        "DEV_NAME_ENG": "HANG LAI GARDEN",
        "DEV_NAME_CHN": "恒麗花園",
        "FIRST_REFERENCE_LOT_PRN": "C5920274"
    }
]