[
    {
        "PRN": "D2198692",
        "SEQ_NUM": 1,
        "BLOCK": "2",
        "FLOOR": "1",
        "FLAT": NaN,
        "HOUSE_NUM_PREFIX": NaN,
        "STREET_NAME_ENG": NaN,
        "STREET_NAME_CHN": NaN,
        "AREA_DESC_ENG": NaN,
        "AREA_DESC_CHN": NaN,
        "FREE_FORMAT_ADDR_ENG": "FIRST FLOOR INCLUDING THE BALCONY HOUSE NO. 2 OF HILL VALAIS NO. 238 MA YAU TONG TSEUNG KWAN O SAI KUNG NEW TERRITORIES",
        "FREE_FORMAT_ADDR_CHN": NaN,
        "DEV_NAME_ENG": "HILL VALAIS",
        "DEV_NAME_CHN": "曉巒",
        "FIRST_REFERENCE_LOT_PRN": "C3895407"
    },
    {
        "PRN": "D2198708",
        "SEQ_NUM": 1,
        "BLOCK": "2",
        "FLOOR": "2",
        "FLAT": NaN,
        "HOUSE_NUM_PREFIX": NaN,
        "STREET_NAME_ENG": NaN,
        "STREET_NAME_CHN": NaN,
        "AREA_DESC_ENG": NaN,
        "AREA_DESC_CHN": NaN,
        "FREE_FORMAT_ADDR_ENG": "SECOND FLOOR INCLUDING THE BALCONY AND THE ROOF HOUSE NO. 2 OF HILL VALAIS NO. 238 MA YAU TONG TSEUNG KWAN O SAI KUNG NEW TERRITORIES",
        "FREE_FORMAT_ADDR_CHN": NaN,
        "DEV_NAME_ENG": "HILL VALAIS",
        "DEV_NAME_CHN": "曉巒",
        "FIRST_REFERENCE_LOT_PRN": "C3895407"
    },
    {
        "PRN": "D2198714",
        "SEQ_NUM": 1,
        "BLOCK": "2",
        "FLOOR": "G",
        "FLAT": NaN,
        "HOUSE_NUM_PREFIX": NaN,
        "STREET_NAME_ENG": NaN,
        "STREET_NAME_CHN": NaN,
        "AREA_DESC_ENG": NaN,
        "AREA_DESC_CHN": NaN,
        "FREE_FORMAT_ADDR_ENG": "GROUND FLOOR TOGETHER WITH THE GARDEN HOUSE NO. 2 OF HILL VALAIS NO. 238 MA YAU TONG TSEUNG KWAN O SAI KUNG NEW TERRITORIES",
        "FREE_FORMAT_ADDR_CHN": NaN,
        "DEV_NAME_ENG": "HILL VALAIS",
        "DEV_NAME_CHN": "曉巒",
        "FIRST_REFERENCE_LOT_PRN": "C3895407"
    },
    {
        "PRN": "D2294781",
        "SEQ_NUM": 1,
        "BLOCK": "3",
        "FLOOR": "1",
        "FLAT": NaN,
        "HOUSE_NUM_PREFIX": NaN,
        "STREET_NAME_ENG": NaN,
        "STREET_NAME_CHN": NaN,
        "AREA_DESC_ENG": NaN,
        "AREA_DESC_CHN": NaN,
        "FREE_FORMAT_ADDR_ENG": "FIRST FLOOR INCLUDING THE BALCONY HOUSE NO. 3 OF HILL VALAIS NO. 237 MA YAU TONG TSEUNG KWAN O NEW TERRITORIES",
        "FREE_FORMAT_ADDR_CHN": NaN,
        "DEV_NAME_ENG": "HILL VALAIS",
        "DEV_NAME_CHN": "曉巒",
        "FIRST_REFERENCE_LOT_PRN": "C5690571"
    },
    {
        "PRN": "D2294792",
        "SEQ_NUM": 1,
        "BLOCK": "3",
        "FLOOR": "2",
        "FLAT": NaN,
        "HOUSE_NUM_PREFIX": NaN,
        "STREET_NAME_ENG": NaN,
        "STREET_NAME_CHN": NaN,
        "AREA_DESC_ENG": NaN,
        "AREA_DESC_CHN": NaN,
        "FREE_FORMAT_ADDR_ENG": "SECOND FLOOR INCLUDING THE BALCONY AND THE ROOF (INCLUDING THE LANDING BEHIND THE SEPARATE ENTRANCE FOR THE SECOND FLOOR TOGETHER WITH THE STAIRCASE LEADING UP TO THE SECOND FLOOR) HOUSE NO. 3 OF HILL VALAIS NO. 237 MA YAU TONG TSEUNG KWAN O NEW TERRITORIES",
        "FREE_FORMAT_ADDR_CHN": NaN,
        "DEV_NAME_ENG": "HILL VALAIS",
        "DEV_NAME_CHN": "曉巒",
        "FIRST_REFERENCE_LOT_PRN": "C5690571"
    },
    {
        "PRN": "D2294808",
        "SEQ_NUM": 1,
        "BLOCK": "3",
        "FLOOR": "G",
        "FLAT": NaN,
        "HOUSE_NUM_PREFIX": NaN,
        "STREET_NAME_ENG": NaN,
        "STREET_NAME_CHN": NaN,
        "AREA_DESC_ENG": NaN,
        "AREA_DESC_CHN": NaN,
        "FREE_FORMAT_ADDR_ENG": "GROUND FLOOR TOGETHER WITH THE GARDEN HOUSE NO. 3 OF HILL VALAIS NO. 237 MA YAU TONG TSEUNG KWAN O NEW TERRITORIES",
        "FREE_FORMAT_ADDR_CHN": NaN,
        "DEV_NAME_ENG": "HILL VALAIS",
        "DEV_NAME_CHN": "曉巒",
        "FIRST_REFERENCE_LOT_PRN": "C5690571"
    }
]