[
    {
        "PRN": "B3148465",
        "SEQ_NUM": 1,
        "BLOCK": "1",
        "FLOOR": "G",
        "FLAT": "A",
        "HOUSE_NUM_PREFIX": NaN,
        "STREET_NAME_ENG": NaN,
        "STREET_NAME_CHN": NaN,
        "AREA_DESC_ENG": NaN,
        "AREA_DESC_CHN": NaN,
        "FREE_FORMAT_ADDR_ENG": "FLAT A ON G/F OF BLOCK 1 (INCLUDING THE TERRACE AND PLANTER) HILLVIEW COURT 11 KA SHUE ROAD  SAI KUNG NEW TERRITORIES",
        "FREE_FORMAT_ADDR_CHN": NaN,
        "DEV_NAME_ENG": "HILLVIEW COURT",
        "DEV_NAME_CHN": "曉嵐閣",
        "FIRST_REFERENCE_LOT_PRN": "C5985974"
    },
    {
        "PRN": "B3148475",
        "SEQ_NUM": 1,
        "BLOCK": "1",
        "FLOOR": "2",
        "FLAT": "A",
        "HOUSE_NUM_PREFIX": NaN,
        "STREET_NAME_ENG": NaN,
        "STREET_NAME_CHN": NaN,
        "AREA_DESC_ENG": NaN,
        "AREA_DESC_CHN": NaN,
        "FREE_FORMAT_ADDR_ENG": "FLAT A ON 2/F OF BLOCK 1 HILLVIEW COURT 11 KA SHUE ROAD SAI KUNG NEW TERRITORIES",
        "FREE_FORMAT_ADDR_CHN": NaN,
        "DEV_NAME_ENG": "HILLVIEW COURT",
        "DEV_NAME_CHN": "曉嵐閣",
        "FIRST_REFERENCE_LOT_PRN": "C5985974"
    },
    {
        "PRN": "B3148489",
        "SEQ_NUM": 1,
        "BLOCK": "1",
        "FLOOR": "1",
        "FLAT": "B",
        "HOUSE_NUM_PREFIX": NaN,
        "STREET_NAME_ENG": NaN,
        "STREET_NAME_CHN": NaN,
        "AREA_DESC_ENG": NaN,
        "AREA_DESC_CHN": NaN,
        "FREE_FORMAT_ADDR_ENG": "FLAT B ON 1/F OF BLOCK 1 (INCLUDING THE AIR-CONDITIONING ROOM) HILLVIEW COURT 11 KA SHUE ROAD SAI KUNG NEW TERRITORIES",
        "FREE_FORMAT_ADDR_CHN": NaN,
        "DEV_NAME_ENG": "HILLVIEW COURT",
        "DEV_NAME_CHN": "曉嵐閣",
        "FIRST_REFERENCE_LOT_PRN": "C5985974"
    },
    {
        "PRN": "B3148492",
        "SEQ_NUM": 1,
        "BLOCK": "1",
        "FLOOR": "5",
        "FLAT": "B",
        "HOUSE_NUM_PREFIX": NaN,
        "STREET_NAME_ENG": NaN,
        "STREET_NAME_CHN": NaN,
        "AREA_DESC_ENG": NaN,
        "AREA_DESC_CHN": NaN,
        "FREE_FORMAT_ADDR_ENG": "FLAT B ON 5/F OF BLOCK 1 (INCLUDING THE ROOF) HILLVIEW COURT 11 KA SHUE ROAD SAI KUNG NEW TERRITORIES",
        "FREE_FORMAT_ADDR_CHN": NaN,
        "DEV_NAME_ENG": "HILLVIEW COURT",
        "DEV_NAME_CHN": "曉嵐閣",
        "FIRST_REFERENCE_LOT_PRN": "C5985974"
    },
    {
        "PRN": "B3148500",
        "SEQ_NUM": 1,
        "BLOCK": "1",
        "FLOOR": "G",
        "FLAT": "C",
        "HOUSE_NUM_PREFIX": NaN,
        "STREET_NAME_ENG": NaN,
        "STREET_NAME_CHN": NaN,
        "AREA_DESC_ENG": NaN,
        "AREA_DESC_CHN": NaN,
        "FREE_FORMAT_ADDR_ENG": "FLAT C ON G/F OF BLOCK 1 (INCLUDING THE TERRACE) HILLVIEW COURT  11 KA SHUE ROAD SAI KUNG NEW TERRITORIES",
        "FREE_FORMAT_ADDR_CHN": NaN,
        "DEV_NAME_ENG": "HILLVIEW COURT",
        "DEV_NAME_CHN": "曉嵐閣",
        "FIRST_REFERENCE_LOT_PRN": "C5985974"
    },
    {
        "PRN": "B3148518",
        "SEQ_NUM": 1,
        "BLOCK": "1",
        "FLOOR": "1",
        "FLAT": "C",
        "HOUSE_NUM_PREFIX": NaN,
        "STREET_NAME_ENG": NaN,
        "STREET_NAME_CHN": NaN,
        "AREA_DESC_ENG": NaN,
        "AREA_DESC_CHN": NaN,
        "FREE_FORMAT_ADDR_ENG": "FLAT C ON 1/F OF BLOCK 1 HILLVIEW COURT  11 KA SHUE ROAD SAI KUNG NEW TERRITORIES",
        "FREE_FORMAT_ADDR_CHN": NaN,
        "DEV_NAME_ENG": "HILLVIEW COURT",
        "DEV_NAME_CHN": "曉嵐閣",
        "FIRST_REFERENCE_LOT_PRN": "C5985974"
    },
    {
        "PRN": "B3148524",
        "SEQ_NUM": 1,
        "BLOCK": "1",
        "FLOOR": "2",
        "FLAT": "C",
        "HOUSE_NUM_PREFIX": NaN,
        "STREET_NAME_ENG": NaN,
        "STREET_NAME_CHN": NaN,
        "AREA_DESC_ENG": NaN,
        "AREA_DESC_CHN": NaN,
        "FREE_FORMAT_ADDR_ENG": "FLAT C ON 2/F OF BLOCK 1 HILLVIEW COURT  11 KA SHUE ROAD SAI KUNG NEW TERRITORIES",
        "FREE_FORMAT_ADDR_CHN": NaN,
        "DEV_NAME_ENG": "HILLVIEW COURT",
        "DEV_NAME_CHN": "曉嵐閣",
        "FIRST_REFERENCE_LOT_PRN": "C5985974"
    },
    {
        "PRN": "B3148539",
        "SEQ_NUM": 1,
        "BLOCK": "1",
        "FLOOR": "5",
        "FLAT": "C",
        "HOUSE_NUM_PREFIX": NaN,
        "STREET_NAME_ENG": NaN,
        "STREET_NAME_CHN": NaN,
        "AREA_DESC_ENG": NaN,
        "AREA_DESC_CHN": NaN,
        "FREE_FORMAT_ADDR_ENG": "FLAT C ON 5/F OF BLOCK 1 (INCLUDING THE ROOF) HILLVIEW COURT 11 KA SHUE ROAD SAI KUNG NEW TERRITORIES",
        "FREE_FORMAT_ADDR_CHN": NaN,
        "DEV_NAME_ENG": "HILLVIEW COURT",
        "DEV_NAME_CHN": "曉嵐閣",
        "FIRST_REFERENCE_LOT_PRN": "C5985974"
    },
    {
        "PRN": "B3148540",
        "SEQ_NUM": 1,
        "BLOCK": "1",
        "FLOOR": "G",
        "FLAT": "D",
        "HOUSE_NUM_PREFIX": NaN,
        "STREET_NAME_ENG": NaN,
        "STREET_NAME_CHN": NaN,
        "AREA_DESC_ENG": NaN,
        "AREA_DESC_CHN": NaN,
        "FREE_FORMAT_ADDR_ENG": "FLAT D ON G/F OF BLOCK 1 (INCLUDING THE TERRACE) HILLVIEW COURT 11 KA SHUE ROAD SAI KUNG NEW TERRITORIES",
        "FREE_FORMAT_ADDR_CHN": NaN,
        "DEV_NAME_ENG": "HILLVIEW COURT",
        "DEV_NAME_CHN": "曉嵐閣",
        "FIRST_REFERENCE_LOT_PRN": "C5985974"
    },
    {
        "PRN": "B3148554",
        "SEQ_NUM": 1,
        "BLOCK": "1",
        "FLOOR": "5",
        "FLAT": "D",
        "HOUSE_NUM_PREFIX": NaN,
        "STREET_NAME_ENG": NaN,
        "STREET_NAME_CHN": NaN,
        "AREA_DESC_ENG": NaN,
        "AREA_DESC_CHN": NaN,
        "FREE_FORMAT_ADDR_ENG": "FLAT D ON 5/F OF BLOCK 1 (INCLUDING THE ROOF) HILLVIEW COURT 11 KA SHUE ROAD SAI KUNG NEW TERRITORIES",
        "FREE_FORMAT_ADDR_CHN": NaN,
        "DEV_NAME_ENG": "HILLVIEW COURT",
        "DEV_NAME_CHN": "曉嵐閣",
        "FIRST_REFERENCE_LOT_PRN": "C5985974"
    },
    {
        "PRN": "B3148566",
        "SEQ_NUM": 1,
        "BLOCK": "2",
        "FLOOR": "G",
        "FLAT": "A",
        "HOUSE_NUM_PREFIX": NaN,
        "STREET_NAME_ENG": NaN,
        "STREET_NAME_CHN": NaN,
        "AREA_DESC_ENG": NaN,
        "AREA_DESC_CHN": NaN,
        "FREE_FORMAT_ADDR_ENG": "FLAT A ON G/F OF BLOCK 2 (INCLUDING THE TERRACE AND PLANTER) HILLVIEW COURT 11 KA SHUE ROAD SAI KUNG NEW TERRITORIES",
        "FREE_FORMAT_ADDR_CHN": NaN,
        "DEV_NAME_ENG": "HILLVIEW COURT",
        "DEV_NAME_CHN": "曉嵐閣",
        "FIRST_REFERENCE_LOT_PRN": "C5985974"
    },
    {
        "PRN": "B3148577",
        "SEQ_NUM": 1,
        "BLOCK": "2",
        "FLOOR": "2",
        "FLAT": "A",
        "HOUSE_NUM_PREFIX": NaN,
        "STREET_NAME_ENG": NaN,
        "STREET_NAME_CHN": NaN,
        "AREA_DESC_ENG": NaN,
        "AREA_DESC_CHN": NaN,
        "FREE_FORMAT_ADDR_ENG": "FLAT A ON 2/F OF BLOCK 2 HILLVIEW COURT 11 KA SHUE ROAD SAI KUNG NEW TERRITORIES",
        "FREE_FORMAT_ADDR_CHN": NaN,
        "DEV_NAME_ENG": "HILLVIEW COURT",
        "DEV_NAME_CHN": "曉嵐閣",
        "FIRST_REFERENCE_LOT_PRN": "C5985974"
    },
    {
        "PRN": "B3148585",
        "SEQ_NUM": 1,
        "BLOCK": "2",
        "FLOOR": "3",
        "FLAT": "A",
        "HOUSE_NUM_PREFIX": NaN,
        "STREET_NAME_ENG": NaN,
        "STREET_NAME_CHN": NaN,
        "AREA_DESC_ENG": NaN,
        "AREA_DESC_CHN": NaN,
        "FREE_FORMAT_ADDR_ENG": "FLAT A ON 3/F OF BLOCK 2 HILLVIEW COURT 11 KA SHUE ROAD SAI KUNG NEW TERRITORIES",
        "FREE_FORMAT_ADDR_CHN": NaN,
        "DEV_NAME_ENG": "HILLVIEW COURT",
        "DEV_NAME_CHN": "曉嵐閣",
        "FIRST_REFERENCE_LOT_PRN": "C5985974"
    },
    {
        "PRN": "B3148590",
        "SEQ_NUM": 1,
        "BLOCK": "2",
        "FLOOR": "G",
        "FLAT": "B",
        "HOUSE_NUM_PREFIX": NaN,
        "STREET_NAME_ENG": NaN,
        "STREET_NAME_CHN": NaN,
        "AREA_DESC_ENG": NaN,
        "AREA_DESC_CHN": NaN,
        "FREE_FORMAT_ADDR_ENG": "FLAT B ON G/F OF BLOCK 2 (INCLUDING THE FLAT ROOF TERRACE AND PLANTER) HILLVIEW COURT 11 KA SHUE ROAD SAI KUNG NEW TERRITORIES",
        "FREE_FORMAT_ADDR_CHN": NaN,
        "DEV_NAME_ENG": "HILLVIEW COURT",
        "DEV_NAME_CHN": "曉嵐閣",
        "FIRST_REFERENCE_LOT_PRN": "C5985974"
    },
    {
        "PRN": "B3148603",
        "SEQ_NUM": 1,
        "BLOCK": "2",
        "FLOOR": "1",
        "FLAT": "B",
        "HOUSE_NUM_PREFIX": NaN,
        "STREET_NAME_ENG": NaN,
        "STREET_NAME_CHN": NaN,
        "AREA_DESC_ENG": NaN,
        "AREA_DESC_CHN": NaN,
        "FREE_FORMAT_ADDR_ENG": "FLAT B ON 1/F OF BLOCK 2 HILLVIEW COURT 11 KA SHUE ROAD SAI KUNG NEW TERRITORIES",
        "FREE_FORMAT_ADDR_CHN": NaN,
        "DEV_NAME_ENG": "HILLVIEW COURT",
        "DEV_NAME_CHN": "曉嵐閣",
        "FIRST_REFERENCE_LOT_PRN": "C5985974"
    },
    {
        "PRN": "B3148616",
        "SEQ_NUM": 1,
        "BLOCK": "2",
        "FLOOR": "2",
        "FLAT": "B",
        "HOUSE_NUM_PREFIX": NaN,
        "STREET_NAME_ENG": NaN,
        "STREET_NAME_CHN": NaN,
        "AREA_DESC_ENG": NaN,
        "AREA_DESC_CHN": NaN,
        "FREE_FORMAT_ADDR_ENG": "FLAT B ON 2/F OF BLOCK 2 HILLVIEW COURT 11 KA SHUE ROAD SAI KUNG NEW TERRITORIES",
        "FREE_FORMAT_ADDR_CHN": NaN,
        "DEV_NAME_ENG": "HILLVIEW COURT",
        "DEV_NAME_CHN": "曉嵐閣",
        "FIRST_REFERENCE_LOT_PRN": "C5985974"
    },
    {
        "PRN": "B3148620",
        "SEQ_NUM": 1,
        "BLOCK": "2",
        "FLOOR": "G",
        "FLAT": "C",
        "HOUSE_NUM_PREFIX": NaN,
        "STREET_NAME_ENG": NaN,
        "STREET_NAME_CHN": NaN,
        "AREA_DESC_ENG": NaN,
        "AREA_DESC_CHN": NaN,
        "FREE_FORMAT_ADDR_ENG": "FLAT C ON G/F OF BLOCK 2 (INCLUDING THE TERRACE) HILLVIEW COURT 11 KA SHUE ROAD SAI KUNG NEW TERRITORIES",
        "FREE_FORMAT_ADDR_CHN": NaN,
        "DEV_NAME_ENG": "HILLVIEW COURT",
        "DEV_NAME_CHN": "曉嵐閣",
        "FIRST_REFERENCE_LOT_PRN": "C5985974"
    },
    {
        "PRN": "B3148639",
        "SEQ_NUM": 1,
        "BLOCK": "2",
        "FLOOR": "2",
        "FLAT": "C",
        "HOUSE_NUM_PREFIX": NaN,
        "STREET_NAME_ENG": NaN,
        "STREET_NAME_CHN": NaN,
        "AREA_DESC_ENG": NaN,
        "AREA_DESC_CHN": NaN,
        "FREE_FORMAT_ADDR_ENG": "FLAT C ON 2/F OF BLOCK 2 HILLVIEW COURT 11 KA SHUE ROAD SAI KUNG NEW TERRITORIES",
        "FREE_FORMAT_ADDR_CHN": NaN,
        "DEV_NAME_ENG": "HILLVIEW COURT",
        "DEV_NAME_CHN": "曉嵐閣",
        "FIRST_REFERENCE_LOT_PRN": "C5985974"
    },
    {
        "PRN": "B3148645",
        "SEQ_NUM": 1,
        "BLOCK": "2",
        "FLOOR": "3",
        "FLAT": "C",
        "HOUSE_NUM_PREFIX": NaN,
        "STREET_NAME_ENG": NaN,
        "STREET_NAME_CHN": NaN,
        "AREA_DESC_ENG": NaN,
        "AREA_DESC_CHN": NaN,
        "FREE_FORMAT_ADDR_ENG": "FLAT C ON 3/F OF BLOCK 2 HILLVIEW COURT 11 KA SHUE ROAD SAI KUNG NEW TERRITORIES",
        "FREE_FORMAT_ADDR_CHN": NaN,
        "DEV_NAME_ENG": "HILLVIEW COURT",
        "DEV_NAME_CHN": "曉嵐閣",
        "FIRST_REFERENCE_LOT_PRN": "C5985974"
    },
    {
        "PRN": "B3148650",
        "SEQ_NUM": 1,
        "BLOCK": "3",
        "FLOOR": "1",
        "FLAT": "A",
        "HOUSE_NUM_PREFIX": NaN,
        "STREET_NAME_ENG": NaN,
        "STREET_NAME_CHN": NaN,
        "AREA_DESC_ENG": NaN,
        "AREA_DESC_CHN": NaN,
        "FREE_FORMAT_ADDR_ENG": "FLAT A ON 1/F OF BLOCK 3 HILLVIEW COURT 11 KA SHUE ROAD SAI KUNG NEW TERRITORIES",
        "FREE_FORMAT_ADDR_CHN": NaN,
        "DEV_NAME_ENG": "HILLVIEW COURT",
        "DEV_NAME_CHN": "曉嵐閣",
        "FIRST_REFERENCE_LOT_PRN": "C5985974"
    },
    {
        "PRN": "B3148662",
        "SEQ_NUM": 1,
        "BLOCK": "3",
        "FLOOR": "2",
        "FLAT": "A",
        "HOUSE_NUM_PREFIX": NaN,
        "STREET_NAME_ENG": NaN,
        "STREET_NAME_CHN": NaN,
        "AREA_DESC_ENG": NaN,
        "AREA_DESC_CHN": NaN,
        "FREE_FORMAT_ADDR_ENG": "FLAT A ON 2/F OF BLOCK 3 HILLVIEW COURT 11 KA SHUE ROAD SAI KUNG NEW TERRITORIES",
        "FREE_FORMAT_ADDR_CHN": NaN,
        "DEV_NAME_ENG": "HILLVIEW COURT",
        "DEV_NAME_CHN": "曉嵐閣",
        "FIRST_REFERENCE_LOT_PRN": "C5985974"
    },
    {
        "PRN": "B3148670",
        "SEQ_NUM": 1,
        "BLOCK": "3",
        "FLOOR": "3",
        "FLAT": "A",
        "HOUSE_NUM_PREFIX": NaN,
        "STREET_NAME_ENG": NaN,
        "STREET_NAME_CHN": NaN,
        "AREA_DESC_ENG": NaN,
        "AREA_DESC_CHN": NaN,
        "FREE_FORMAT_ADDR_ENG": "FLAT A ON 3/F OF BLOCK 3 HILLVIEW COURT 11 KA SHUE ROAD SAI KUNG NEW TERRITORIES",
        "FREE_FORMAT_ADDR_CHN": NaN,
        "DEV_NAME_ENG": "HILLVIEW COURT",
        "DEV_NAME_CHN": "曉嵐閣",
        "FIRST_REFERENCE_LOT_PRN": "C5985974"
    },
    {
        "PRN": "B3148687",
        "SEQ_NUM": 1,
        "BLOCK": "3",
        "FLOOR": "3",
        "FLAT": "B",
        "HOUSE_NUM_PREFIX": NaN,
        "STREET_NAME_ENG": NaN,
        "STREET_NAME_CHN": NaN,
        "AREA_DESC_ENG": NaN,
        "AREA_DESC_CHN": NaN,
        "FREE_FORMAT_ADDR_ENG": "FLAT B ON 3/F OF BLOCK 3 HILLVIEW COURT 11 KA SHUE ROAD SAI KUNG NEW TERRITORIES",
        "FREE_FORMAT_ADDR_CHN": NaN,
        "DEV_NAME_ENG": "HILLVIEW COURT",
        "DEV_NAME_CHN": "曉嵐閣",
        "FIRST_REFERENCE_LOT_PRN": "C5985974"
    },
    {
        "PRN": "B3148697",
        "SEQ_NUM": 1,
        "BLOCK": "3",
        "FLOOR": "2",
        "FLAT": "C",
        "HOUSE_NUM_PREFIX": NaN,
        "STREET_NAME_ENG": NaN,
        "STREET_NAME_CHN": NaN,
        "AREA_DESC_ENG": NaN,
        "AREA_DESC_CHN": NaN,
        "FREE_FORMAT_ADDR_ENG": "FLAT C ON 2/F OF BLOCK 3 HILLVIEW COURT 11 KA SHUE ROAD SAI KUNG NEW TERRITORIES",
        "FREE_FORMAT_ADDR_CHN": NaN,
        "DEV_NAME_ENG": "HILLVIEW COURT",
        "DEV_NAME_CHN": "曉嵐閣",
        "FIRST_REFERENCE_LOT_PRN": "C5985974"
    },
    {
        "PRN": "B3148707",
        "SEQ_NUM": 1,
        "BLOCK": "3",
        "FLOOR": "3",
        "FLAT": "C",
        "HOUSE_NUM_PREFIX": NaN,
        "STREET_NAME_ENG": NaN,
        "STREET_NAME_CHN": NaN,
        "AREA_DESC_ENG": NaN,
        "AREA_DESC_CHN": NaN,
        "FREE_FORMAT_ADDR_ENG": "FLAT C ON 3/F OF BLOCK 3 HILLVIEW COURT 11 KA SHUE ROAD SAI KUNG NEW TERRITORIES",
        "FREE_FORMAT_ADDR_CHN": NaN,
        "DEV_NAME_ENG": "HILLVIEW COURT",
        "DEV_NAME_CHN": "曉嵐閣",
        "FIRST_REFERENCE_LOT_PRN": "C5985974"
    },
    {
        "PRN": "B3148719",
        "SEQ_NUM": 1,
        "BLOCK": "3",
        "FLOOR": "5",
        "FLAT": "C",
        "HOUSE_NUM_PREFIX": NaN,
        "STREET_NAME_ENG": NaN,
        "STREET_NAME_CHN": NaN,
        "AREA_DESC_ENG": NaN,
        "AREA_DESC_CHN": NaN,
        "FREE_FORMAT_ADDR_ENG": "FLAT C ON 5/F OF BLOCK 3 (INCLUDING THE ROOF) HILLVIEW COURT 11 KA SHUE ROAD SAI KUNG NEW TERRITORIES",
        "FREE_FORMAT_ADDR_CHN": NaN,
        "DEV_NAME_ENG": "HILLVIEW COURT",
        "DEV_NAME_CHN": "曉嵐閣",
        "FIRST_REFERENCE_LOT_PRN": "C5985974"
    },
    {
        "PRN": "B3148722",
        "SEQ_NUM": 1,
        "BLOCK": "3",
        "FLOOR": "G",
        "FLAT": "D",
        "HOUSE_NUM_PREFIX": NaN,
        "STREET_NAME_ENG": NaN,
        "STREET_NAME_CHN": NaN,
        "AREA_DESC_ENG": NaN,
        "AREA_DESC_CHN": NaN,
        "FREE_FORMAT_ADDR_ENG": "FLAT D ON G/F OF BLOCK 3 (INCLUDING THE TERRACE AND PLANTER) HILLVIEW COURT 11 KA SHUE ROAD SAI KUNG NEW TERRITORIES",
        "FREE_FORMAT_ADDR_CHN": NaN,
        "DEV_NAME_ENG": "HILLVIEW COURT",
        "DEV_NAME_CHN": "曉嵐閣",
        "FIRST_REFERENCE_LOT_PRN": "C5985974"
    },
    {
        "PRN": "B3148731",
        "SEQ_NUM": 1,
        "BLOCK": "3",
        "FLOOR": "1",
        "FLAT": "D",
        "HOUSE_NUM_PREFIX": NaN,
        "STREET_NAME_ENG": NaN,
        "STREET_NAME_CHN": NaN,
        "AREA_DESC_ENG": NaN,
        "AREA_DESC_CHN": NaN,
        "FREE_FORMAT_ADDR_ENG": "FLAT D ON 1/F OF BLOCK 3 (INCLUDING THE AIR-CONDITIONING ROOM) HILLVIEW COURT 11 KA SHUE ROAD SAI KUNG NEW TERRITORIES",
        "FREE_FORMAT_ADDR_CHN": NaN,
        "DEV_NAME_ENG": "HILLVIEW COURT",
        "DEV_NAME_CHN": "曉嵐閣",
        "FIRST_REFERENCE_LOT_PRN": "C5985974"
    },
    {
        "PRN": "B3148746",
        "SEQ_NUM": 1,
        "BLOCK": "3",
        "FLOOR": "3",
        "FLAT": "D",
        "HOUSE_NUM_PREFIX": NaN,
        "STREET_NAME_ENG": NaN,
        "STREET_NAME_CHN": NaN,
        "AREA_DESC_ENG": NaN,
        "AREA_DESC_CHN": NaN,
        "FREE_FORMAT_ADDR_ENG": "FLAT D ON 3/F OF BLOCK 3 HILLVIEW COURT 11 KA SHUE ROAD SAI KUNG NEW TERRITORIES",
        "FREE_FORMAT_ADDR_CHN": NaN,
        "DEV_NAME_ENG": "HILLVIEW COURT",
        "DEV_NAME_CHN": "曉嵐閣",
        "FIRST_REFERENCE_LOT_PRN": "C5985974"
    },
    {
        "PRN": "B3148758",
        "SEQ_NUM": 1,
        "BLOCK": "3",
        "FLOOR": "5",
        "FLAT": "D",
        "HOUSE_NUM_PREFIX": NaN,
        "STREET_NAME_ENG": NaN,
        "STREET_NAME_CHN": NaN,
        "AREA_DESC_ENG": NaN,
        "AREA_DESC_CHN": NaN,
        "FREE_FORMAT_ADDR_ENG": "FLAT D ON 5/F OF BLOCK 3 (INCLUDING THE ROOF) HILLVIEW COURT 11 KA SHUE ROAD SAI KUNG NEW TERRITORIES",
        "FREE_FORMAT_ADDR_CHN": NaN,
        "DEV_NAME_ENG": "HILLVIEW COURT",
        "DEV_NAME_CHN": "曉嵐閣",
        "FIRST_REFERENCE_LOT_PRN": "C5985974"
    },
    {
        "PRN": "B3148764",
        "SEQ_NUM": 1,
        "BLOCK": "5",
        "FLOOR": "G",
        "FLAT": "A",
        "HOUSE_NUM_PREFIX": NaN,
        "STREET_NAME_ENG": NaN,
        "STREET_NAME_CHN": NaN,
        "AREA_DESC_ENG": NaN,
        "AREA_DESC_CHN": NaN,
        "FREE_FORMAT_ADDR_ENG": "FLAT A ON G/F OF BLOCK 5 (INCLUDING THE TERRACE) HILLVIEW COURT 11 KA SHUE ROAD SAI KUNG NEW TERRITORIES",
        "FREE_FORMAT_ADDR_CHN": NaN,
        "DEV_NAME_ENG": "HILLVIEW COURT",
        "DEV_NAME_CHN": "曉嵐閣",
        "FIRST_REFERENCE_LOT_PRN": "C5985974"
    },
    {
        "PRN": "B3148779",
        "SEQ_NUM": 1,
        "BLOCK": "5",
        "FLOOR": "1",
        "FLAT": "A",
        "HOUSE_NUM_PREFIX": NaN,
        "STREET_NAME_ENG": NaN,
        "STREET_NAME_CHN": NaN,
        "AREA_DESC_ENG": NaN,
        "AREA_DESC_CHN": NaN,
        "FREE_FORMAT_ADDR_ENG": "FLAT A ON 1/F OF BLOCK 5 HILLVIEW COURT 11 KA SHUE ROAD SAI KUNG NEW TERRITORIES",
        "FREE_FORMAT_ADDR_CHN": NaN,
        "DEV_NAME_ENG": "HILLVIEW COURT",
        "DEV_NAME_CHN": "曉嵐閣",
        "FIRST_REFERENCE_LOT_PRN": "C5985974"
    },
    {
        "PRN": "B3148789",
        "SEQ_NUM": 1,
        "BLOCK": "5",
        "FLOOR": "2",
        "FLAT": "A",
        "HOUSE_NUM_PREFIX": NaN,
        "STREET_NAME_ENG": NaN,
        "STREET_NAME_CHN": NaN,
        "AREA_DESC_ENG": NaN,
        "AREA_DESC_CHN": NaN,
        "FREE_FORMAT_ADDR_ENG": "FLAT A ON 2/F OF BLOCK 5 HILLVIEW COURT 11 KA SHUE ROAD SAI KUNG NEW TERRITORIES",
        "FREE_FORMAT_ADDR_CHN": NaN,
        "DEV_NAME_ENG": "HILLVIEW COURT",
        "DEV_NAME_CHN": "曉嵐閣",
        "FIRST_REFERENCE_LOT_PRN": "C5985974"
    },
    {
        "PRN": "B3148791",
        "SEQ_NUM": 1,
        "BLOCK": "5",
        "FLOOR": "3",
        "FLAT": "A",
        "HOUSE_NUM_PREFIX": NaN,
        "STREET_NAME_ENG": NaN,
        "STREET_NAME_CHN": NaN,
        "AREA_DESC_ENG": NaN,
        "AREA_DESC_CHN": NaN,
        "FREE_FORMAT_ADDR_ENG": "FLAT A ON 3/F OF BLOCK 5 HILLVIEW COURT 11 KA SHUE ROAD SAI KUNG NEW TERRITORIES",
        "FREE_FORMAT_ADDR_CHN": NaN,
        "DEV_NAME_ENG": "HILLVIEW COURT",
        "DEV_NAME_CHN": "曉嵐閣",
        "FIRST_REFERENCE_LOT_PRN": "C5985974"
    },
    {
        "PRN": "B3148808",
        "SEQ_NUM": 1,
        "BLOCK": "5",
        "FLOOR": "5",
        "FLAT": "A",
        "HOUSE_NUM_PREFIX": NaN,
        "STREET_NAME_ENG": NaN,
        "STREET_NAME_CHN": NaN,
        "AREA_DESC_ENG": NaN,
        "AREA_DESC_CHN": NaN,
        "FREE_FORMAT_ADDR_ENG": "FLAT A ON 5/F OF BLOCK 5 (INCLUDING THE ROOF) HILLVIEW COURT 11 KA SHUE ROAD SAI KUNG NEW TERRITORIES",
        "FREE_FORMAT_ADDR_CHN": NaN,
        "DEV_NAME_ENG": "HILLVIEW COURT",
        "DEV_NAME_CHN": "曉嵐閣",
        "FIRST_REFERENCE_LOT_PRN": "C5985974"
    },
    {
        "PRN": "B3148817",
        "SEQ_NUM": 1,
        "BLOCK": "5",
        "FLOOR": "G",
        "FLAT": "B",
        "HOUSE_NUM_PREFIX": NaN,
        "STREET_NAME_ENG": NaN,
        "STREET_NAME_CHN": NaN,
        "AREA_DESC_ENG": NaN,
        "AREA_DESC_CHN": NaN,
        "FREE_FORMAT_ADDR_ENG": "FLAT B ON G/F OF BLOCK 5 (INCLUDING THE TERRACE) HILLVIEW COURT 11 KA SHUE ROAD SAI KUNG NEW TERRITORIES",
        "FREE_FORMAT_ADDR_CHN": NaN,
        "DEV_NAME_ENG": "HILLVIEW COURT",
        "DEV_NAME_CHN": "曉嵐閣",
        "FIRST_REFERENCE_LOT_PRN": "C5985974"
    },
    {
        "PRN": "B3148821",
        "SEQ_NUM": 1,
        "BLOCK": "5",
        "FLOOR": "1",
        "FLAT": "B",
        "HOUSE_NUM_PREFIX": NaN,
        "STREET_NAME_ENG": NaN,
        "STREET_NAME_CHN": NaN,
        "AREA_DESC_ENG": NaN,
        "AREA_DESC_CHN": NaN,
        "FREE_FORMAT_ADDR_ENG": "FLAT B ON 1/F OF BLOCK 5 HILLVIEW COURT 11 KA SHUE ROAD SAI KUNG NEW TERRITORIES",
        "FREE_FORMAT_ADDR_CHN": NaN,
        "DEV_NAME_ENG": "HILLVIEW COURT",
        "DEV_NAME_CHN": "曉嵐閣",
        "FIRST_REFERENCE_LOT_PRN": "C5985974"
    },
    {
        "PRN": "B3148832",
        "SEQ_NUM": 1,
        "BLOCK": "5",
        "FLOOR": "2",
        "FLAT": "B",
        "HOUSE_NUM_PREFIX": NaN,
        "STREET_NAME_ENG": NaN,
        "STREET_NAME_CHN": NaN,
        "AREA_DESC_ENG": NaN,
        "AREA_DESC_CHN": NaN,
        "FREE_FORMAT_ADDR_ENG": "FLAT B ON 2/F OF BLOCK 5 HILLVIEW COURT 11 KA SHUE ROAD SAI KUNG NEW TERRITORIES",
        "FREE_FORMAT_ADDR_CHN": NaN,
        "DEV_NAME_ENG": "HILLVIEW COURT",
        "DEV_NAME_CHN": "曉嵐閣",
        "FIRST_REFERENCE_LOT_PRN": "C5985974"
    },
    {
        "PRN": "B3148846",
        "SEQ_NUM": 1,
        "BLOCK": "5",
        "FLOOR": "3",
        "FLAT": "B",
        "HOUSE_NUM_PREFIX": NaN,
        "STREET_NAME_ENG": NaN,
        "STREET_NAME_CHN": NaN,
        "AREA_DESC_ENG": NaN,
        "AREA_DESC_CHN": NaN,
        "FREE_FORMAT_ADDR_ENG": "FLAT B ON 3/F OF BLOCK 5 HILLVIEW COURT 11 KA SHUE ROAD SAI KUNG NEW TERRITORIES",
        "FREE_FORMAT_ADDR_CHN": NaN,
        "DEV_NAME_ENG": "HILLVIEW COURT",
        "DEV_NAME_CHN": "曉嵐閣",
        "FIRST_REFERENCE_LOT_PRN": "C5985974"
    },
    {
        "PRN": "B3148859",
        "SEQ_NUM": 1,
        "BLOCK": "5",
        "FLOOR": "5",
        "FLAT": "B",
        "HOUSE_NUM_PREFIX": NaN,
        "STREET_NAME_ENG": NaN,
        "STREET_NAME_CHN": NaN,
        "AREA_DESC_ENG": NaN,
        "AREA_DESC_CHN": NaN,
        "FREE_FORMAT_ADDR_ENG": "FLAT B ON 5/F OF BLOCK 5 (INCLUDING THE ROOF) HILLVIEW COURT 11 KA SHUE ROAD SAI KUNG NEW TERRITORIES",
        "FREE_FORMAT_ADDR_CHN": NaN,
        "DEV_NAME_ENG": "HILLVIEW COURT",
        "DEV_NAME_CHN": "曉嵐閣",
        "FIRST_REFERENCE_LOT_PRN": "C5985974"
    },
    {
        "PRN": "B3148868",
        "SEQ_NUM": 1,
        "BLOCK": "5",
        "FLOOR": "2",
        "FLAT": "C",
        "HOUSE_NUM_PREFIX": NaN,
        "STREET_NAME_ENG": NaN,
        "STREET_NAME_CHN": NaN,
        "AREA_DESC_ENG": NaN,
        "AREA_DESC_CHN": NaN,
        "FREE_FORMAT_ADDR_ENG": "FLAT C ON 2/F OF BLOCK 5 HILLVIEW COURT 11 KA SHUE ROAD SAI KUNG NEW TERRITORIES",
        "FREE_FORMAT_ADDR_CHN": NaN,
        "DEV_NAME_ENG": "HILLVIEW COURT",
        "DEV_NAME_CHN": "曉嵐閣",
        "FIRST_REFERENCE_LOT_PRN": "C5985974"
    },
    {
        "PRN": "B3148874",
        "SEQ_NUM": 1,
        "BLOCK": "5",
        "FLOOR": "3",
        "FLAT": "C",
        "HOUSE_NUM_PREFIX": NaN,
        "STREET_NAME_ENG": NaN,
        "STREET_NAME_CHN": NaN,
        "AREA_DESC_ENG": NaN,
        "AREA_DESC_CHN": NaN,
        "FREE_FORMAT_ADDR_ENG": "FLAT C ON 3/F OF BLOCK 5 HILLVIEW COURT 11 KA SHUE ROAD SAI KUNG NEW TERRITORIES",
        "FREE_FORMAT_ADDR_CHN": NaN,
        "DEV_NAME_ENG": "HILLVIEW COURT",
        "DEV_NAME_CHN": "曉嵐閣",
        "FIRST_REFERENCE_LOT_PRN": "C5985974"
    },
    {
        "PRN": "B3148884",
        "SEQ_NUM": 1,
        "BLOCK": "5",
        "FLOOR": "1",
        "FLAT": "D",
        "HOUSE_NUM_PREFIX": NaN,
        "STREET_NAME_ENG": NaN,
        "STREET_NAME_CHN": NaN,
        "AREA_DESC_ENG": NaN,
        "AREA_DESC_CHN": NaN,
        "FREE_FORMAT_ADDR_ENG": "FLAT D ON 1/F OF BLOCK 5 (INCLUDING THE AIR-CONDITIONING ROOM) HILLVIEW COURT 11 KA SHUE ROAD SAI KUNG NEW TERRITORIES",
        "FREE_FORMAT_ADDR_CHN": NaN,
        "DEV_NAME_ENG": "HILLVIEW COURT",
        "DEV_NAME_CHN": "曉嵐閣",
        "FIRST_REFERENCE_LOT_PRN": "C5985974"
    },
    {
        "PRN": "B3148896",
        "SEQ_NUM": 1,
        "BLOCK": "5",
        "FLOOR": "2",
        "FLAT": "D",
        "HOUSE_NUM_PREFIX": NaN,
        "STREET_NAME_ENG": NaN,
        "STREET_NAME_CHN": NaN,
        "AREA_DESC_ENG": NaN,
        "AREA_DESC_CHN": NaN,
        "FREE_FORMAT_ADDR_ENG": "FLAT D ON 2/F OF BLOCK 5 HILLVIEW COURT 11 KA SHUE ROAD SAI KUNG NEW TERRITORIES",
        "FREE_FORMAT_ADDR_CHN": NaN,
        "DEV_NAME_ENG": "HILLVIEW COURT",
        "DEV_NAME_CHN": "曉嵐閣",
        "FIRST_REFERENCE_LOT_PRN": "C5985974"
    },
    {
        "PRN": "B3148903",
        "SEQ_NUM": 1,
        "BLOCK": "5",
        "FLOOR": "3",
        "FLAT": "D",
        "HOUSE_NUM_PREFIX": NaN,
        "STREET_NAME_ENG": NaN,
        "STREET_NAME_CHN": NaN,
        "AREA_DESC_ENG": NaN,
        "AREA_DESC_CHN": NaN,
        "FREE_FORMAT_ADDR_ENG": "FLAT D ON 3/F OF BLOCK 5 HILLVIEW COURT 11 KA SHUE ROAD SAI KUNG NEW TERRITORIES",
        "FREE_FORMAT_ADDR_CHN": NaN,
        "DEV_NAME_ENG": "HILLVIEW COURT",
        "DEV_NAME_CHN": "曉嵐閣",
        "FIRST_REFERENCE_LOT_PRN": "C5985974"
    },
    {
        "PRN": "B3148917",
        "SEQ_NUM": 1,
        "BLOCK": "5",
        "FLOOR": "5",
        "FLAT": "D",
        "HOUSE_NUM_PREFIX": NaN,
        "STREET_NAME_ENG": NaN,
        "STREET_NAME_CHN": NaN,
        "AREA_DESC_ENG": NaN,
        "AREA_DESC_CHN": NaN,
        "FREE_FORMAT_ADDR_ENG": "FLAT D ON 5/F OF BLOCK 5 (INCLUDING THE ROOF) HILLVIEW COURT 11 KA SHUE ROAD SAI KUNG NEW TERRITORIES",
        "FREE_FORMAT_ADDR_CHN": NaN,
        "DEV_NAME_ENG": "HILLVIEW COURT",
        "DEV_NAME_CHN": "曉嵐閣",
        "FIRST_REFERENCE_LOT_PRN": "C5985974"
    },
    {
        "PRN": "B3148929",
        "SEQ_NUM": 1,
        "BLOCK": "6",
        "FLOOR": "G",
        "FLAT": "A",
        "HOUSE_NUM_PREFIX": NaN,
        "STREET_NAME_ENG": NaN,
        "STREET_NAME_CHN": NaN,
        "AREA_DESC_ENG": NaN,
        "AREA_DESC_CHN": NaN,
        "FREE_FORMAT_ADDR_ENG": "FLAT A ON G/F OF BLOCK 6 (INCLUDING THE TERRACE) HILLVIEW COURT 11 KA SHUE ROAD SAI KUNG NEW TERRITORIES",
        "FREE_FORMAT_ADDR_CHN": NaN,
        "DEV_NAME_ENG": "HILLVIEW COURT",
        "DEV_NAME_CHN": "曉嵐閣",
        "FIRST_REFERENCE_LOT_PRN": "C5985974"
    },
    {
        "PRN": "B3148936",
        "SEQ_NUM": 1,
        "BLOCK": "6",
        "FLOOR": "2",
        "FLAT": "A",
        "HOUSE_NUM_PREFIX": NaN,
        "STREET_NAME_ENG": NaN,
        "STREET_NAME_CHN": NaN,
        "AREA_DESC_ENG": NaN,
        "AREA_DESC_CHN": NaN,
        "FREE_FORMAT_ADDR_ENG": "FLAT A ON 2/F OF BLOCK 6 HILLVIEW COURT 11 KA SHUE ROAD SAI KUNG NEW TERRITORIES",
        "FREE_FORMAT_ADDR_CHN": NaN,
        "DEV_NAME_ENG": "HILLVIEW COURT",
        "DEV_NAME_CHN": "曉嵐閣",
        "FIRST_REFERENCE_LOT_PRN": "C5985974"
    },
    {
        "PRN": "B3148949",
        "SEQ_NUM": 1,
        "BLOCK": "6",
        "FLOOR": "3",
        "FLAT": "A",
        "HOUSE_NUM_PREFIX": NaN,
        "STREET_NAME_ENG": NaN,
        "STREET_NAME_CHN": NaN,
        "AREA_DESC_ENG": NaN,
        "AREA_DESC_CHN": NaN,
        "FREE_FORMAT_ADDR_ENG": "FLAT A ON 3/F OF BLOCK 6 HILLVIEW COURT 11 KA SHUE ROAD SAI KUNG NEW TERRITORIES",
        "FREE_FORMAT_ADDR_CHN": NaN,
        "DEV_NAME_ENG": "HILLVIEW COURT",
        "DEV_NAME_CHN": "曉嵐閣",
        "FIRST_REFERENCE_LOT_PRN": "C5985974"
    },
    {
        "PRN": "B3148952",
        "SEQ_NUM": 1,
        "BLOCK": "6",
        "FLOOR": "5",
        "FLAT": "A",
        "HOUSE_NUM_PREFIX": NaN,
        "STREET_NAME_ENG": NaN,
        "STREET_NAME_CHN": NaN,
        "AREA_DESC_ENG": NaN,
        "AREA_DESC_CHN": NaN,
        "FREE_FORMAT_ADDR_ENG": "FLAT A ON 5/F OF BLOCK 6 (INCLUDING THE ROOF) HILLVIEW COURT 11 KA SHUE ROAD SAI KUNG NEW TERRITORIES",
        "FREE_FORMAT_ADDR_CHN": NaN,
        "DEV_NAME_ENG": "HILLVIEW COURT",
        "DEV_NAME_CHN": "曉嵐閣",
        "FIRST_REFERENCE_LOT_PRN": "C5985974"
    },
    {
        "PRN": "B3148962",
        "SEQ_NUM": 1,
        "BLOCK": "6",
        "FLOOR": "2",
        "FLAT": "B",
        "HOUSE_NUM_PREFIX": NaN,
        "STREET_NAME_ENG": NaN,
        "STREET_NAME_CHN": NaN,
        "AREA_DESC_ENG": NaN,
        "AREA_DESC_CHN": NaN,
        "FREE_FORMAT_ADDR_ENG": "FLAT B ON 2/F OF BLOCK 6 HILLVIEW COURT 11 KA SHUE ROAD SAI KUNG NEW TERRITORIES",
        "FREE_FORMAT_ADDR_CHN": NaN,
        "DEV_NAME_ENG": "HILLVIEW COURT",
        "DEV_NAME_CHN": "曉嵐閣",
        "FIRST_REFERENCE_LOT_PRN": "C5985974"
    },
    {
        "PRN": "B3148973",
        "SEQ_NUM": 1,
        "BLOCK": "6",
        "FLOOR": "3",
        "FLAT": "B",
        "HOUSE_NUM_PREFIX": NaN,
        "STREET_NAME_ENG": NaN,
        "STREET_NAME_CHN": NaN,
        "AREA_DESC_ENG": NaN,
        "AREA_DESC_CHN": NaN,
        "FREE_FORMAT_ADDR_ENG": "FLAT B ON 3/F OF BLOCK 6 HILLVIEW COURT 11 KA SHUE ROAD SAI KUNG NEW TERRITORIES",
        "FREE_FORMAT_ADDR_CHN": NaN,
        "DEV_NAME_ENG": "HILLVIEW COURT",
        "DEV_NAME_CHN": "曉嵐閣",
        "FIRST_REFERENCE_LOT_PRN": "C5985974"
    },
    {
        "PRN": "B3148985",
        "SEQ_NUM": 1,
        "BLOCK": "6",
        "FLOOR": "1",
        "FLAT": "C",
        "HOUSE_NUM_PREFIX": NaN,
        "STREET_NAME_ENG": NaN,
        "STREET_NAME_CHN": NaN,
        "AREA_DESC_ENG": NaN,
        "AREA_DESC_CHN": NaN,
        "FREE_FORMAT_ADDR_ENG": "FLAT C ON 1/F OF BLOCK 6 (INCLUDING AIR-CONDITIONING ROOM) HILLVIEW COURT 11 KA SHUE ROAD SAI KUNG NEW TERRITORIES",
        "FREE_FORMAT_ADDR_CHN": NaN,
        "DEV_NAME_ENG": "HILLVIEW COURT",
        "DEV_NAME_CHN": "曉嵐閣",
        "FIRST_REFERENCE_LOT_PRN": "C5985974"
    },
    {
        "PRN": "B3148996",
        "SEQ_NUM": 1,
        "BLOCK": "6",
        "FLOOR": "3",
        "FLAT": "C",
        "HOUSE_NUM_PREFIX": NaN,
        "STREET_NAME_ENG": NaN,
        "STREET_NAME_CHN": NaN,
        "AREA_DESC_ENG": NaN,
        "AREA_DESC_CHN": NaN,
        "FREE_FORMAT_ADDR_ENG": "FLAT C ON 3/F OF BLOCK 6 HILLVIEW COURT 11 KA SHUE ROAD SAI KUNG NEW TERRITORIES",
        "FREE_FORMAT_ADDR_CHN": NaN,
        "DEV_NAME_ENG": "HILLVIEW COURT",
        "DEV_NAME_CHN": "曉嵐閣",
        "FIRST_REFERENCE_LOT_PRN": "C5985974"
    },
    {
        "PRN": "B3149007",
        "SEQ_NUM": 1,
        "BLOCK": "6",
        "FLOOR": "5",
        "FLAT": "C",
        "HOUSE_NUM_PREFIX": NaN,
        "STREET_NAME_ENG": NaN,
        "STREET_NAME_CHN": NaN,
        "AREA_DESC_ENG": NaN,
        "AREA_DESC_CHN": NaN,
        "FREE_FORMAT_ADDR_ENG": "FLAT C ON 5/F OF BLOCK 6 (INCLUDING THE ROOF) HILLVIEW COURT 11 KA SHUE ROAD SAI KUNG NEW TERRITORIES",
        "FREE_FORMAT_ADDR_CHN": NaN,
        "DEV_NAME_ENG": "HILLVIEW COURT",
        "DEV_NAME_CHN": "曉嵐閣",
        "FIRST_REFERENCE_LOT_PRN": "C5985974"
    },
    {
        "PRN": "B3149014",
        "SEQ_NUM": 1,
        "BLOCK": "6",
        "FLOOR": "2",
        "FLAT": "D",
        "HOUSE_NUM_PREFIX": NaN,
        "STREET_NAME_ENG": NaN,
        "STREET_NAME_CHN": NaN,
        "AREA_DESC_ENG": NaN,
        "AREA_DESC_CHN": NaN,
        "FREE_FORMAT_ADDR_ENG": "FLAT D ON 2/F OF BLOCK 6 HILLVIEW COURT 11 KA SHUE ROAD SAI KUNG NEW TERRITORIES",
        "FREE_FORMAT_ADDR_CHN": NaN,
        "DEV_NAME_ENG": "HILLVIEW COURT",
        "DEV_NAME_CHN": "曉嵐閣",
        "FIRST_REFERENCE_LOT_PRN": "C5985974"
    },
    {
        "PRN": "B3149029",
        "SEQ_NUM": 1,
        "BLOCK": "6",
        "FLOOR": "3",
        "FLAT": "D",
        "HOUSE_NUM_PREFIX": NaN,
        "STREET_NAME_ENG": NaN,
        "STREET_NAME_CHN": NaN,
        "AREA_DESC_ENG": NaN,
        "AREA_DESC_CHN": NaN,
        "FREE_FORMAT_ADDR_ENG": "FLAT D ON 3/F OF BLOCK 6 HILLVIEW COURT 11 KA SHUE ROAD SAI KUNG NEW TERRITORIES",
        "FREE_FORMAT_ADDR_CHN": NaN,
        "DEV_NAME_ENG": "HILLVIEW COURT",
        "DEV_NAME_CHN": "曉嵐閣",
        "FIRST_REFERENCE_LOT_PRN": "C5985974"
    },
    {
        "PRN": "B3149033",
        "SEQ_NUM": 1,
        "BLOCK": "7",
        "FLOOR": "1",
        "FLAT": "A",
        "HOUSE_NUM_PREFIX": NaN,
        "STREET_NAME_ENG": NaN,
        "STREET_NAME_CHN": NaN,
        "AREA_DESC_ENG": NaN,
        "AREA_DESC_CHN": NaN,
        "FREE_FORMAT_ADDR_ENG": "FLAT A ON 1/F OF BLOCK 7 HILLVIEW COURT 11 KA SHUE ROAD SAI KUNG NEW TERRITORIES",
        "FREE_FORMAT_ADDR_CHN": NaN,
        "DEV_NAME_ENG": "HILLVIEW COURT",
        "DEV_NAME_CHN": "曉嵐閣",
        "FIRST_REFERENCE_LOT_PRN": "C5985974"
    },
    {
        "PRN": "B3149042",
        "SEQ_NUM": 1,
        "BLOCK": "7",
        "FLOOR": "2",
        "FLAT": "A",
        "HOUSE_NUM_PREFIX": NaN,
        "STREET_NAME_ENG": NaN,
        "STREET_NAME_CHN": NaN,
        "AREA_DESC_ENG": NaN,
        "AREA_DESC_CHN": NaN,
        "FREE_FORMAT_ADDR_ENG": "FLAT A ON 2/F OF BLOCK 7 HILLVIEW COURT 11 KA SHUE ROAD SAI KUNG NEW TERRITORIES",
        "FREE_FORMAT_ADDR_CHN": NaN,
        "DEV_NAME_ENG": "HILLVIEW COURT",
        "DEV_NAME_CHN": "曉嵐閣",
        "FIRST_REFERENCE_LOT_PRN": "C5985974"
    },
    {
        "PRN": "B3149054",
        "SEQ_NUM": 1,
        "BLOCK": "7",
        "FLOOR": "G",
        "FLAT": "C",
        "HOUSE_NUM_PREFIX": NaN,
        "STREET_NAME_ENG": NaN,
        "STREET_NAME_CHN": NaN,
        "AREA_DESC_ENG": NaN,
        "AREA_DESC_CHN": NaN,
        "FREE_FORMAT_ADDR_ENG": "FLAT C ON G/F OF BLOCK 7 (INCLUDING TERRACE & PLANTER) HILLVIEW COURT 11 KA SHUE ROAD SAI KUNG NEW TERRITORIES",
        "FREE_FORMAT_ADDR_CHN": NaN,
        "DEV_NAME_ENG": "HILLVIEW COURT",
        "DEV_NAME_CHN": "曉嵐閣",
        "FIRST_REFERENCE_LOT_PRN": "C5985974"
    },
    {
        "PRN": "B3149067",
        "SEQ_NUM": 1,
        "BLOCK": "7",
        "FLOOR": "1",
        "FLAT": "C",
        "HOUSE_NUM_PREFIX": NaN,
        "STREET_NAME_ENG": NaN,
        "STREET_NAME_CHN": NaN,
        "AREA_DESC_ENG": NaN,
        "AREA_DESC_CHN": NaN,
        "FREE_FORMAT_ADDR_ENG": "FLAT C ON 1/F OF BLOCK 7 (INCLUDING AIR-CONDITIONING ROOM) HILLVIEW COURT 11 KA SHUE ROAD SAI KUNG NEW TERRITORIES",
        "FREE_FORMAT_ADDR_CHN": NaN,
        "DEV_NAME_ENG": "HILLVIEW COURT",
        "DEV_NAME_CHN": "曉嵐閣",
        "FIRST_REFERENCE_LOT_PRN": "C5985974"
    },
    {
        "PRN": "B3149077",
        "SEQ_NUM": 1,
        "BLOCK": "7",
        "FLOOR": "2",
        "FLAT": "C",
        "HOUSE_NUM_PREFIX": NaN,
        "STREET_NAME_ENG": NaN,
        "STREET_NAME_CHN": NaN,
        "AREA_DESC_ENG": NaN,
        "AREA_DESC_CHN": NaN,
        "FREE_FORMAT_ADDR_ENG": "FLAT C ON 2/F OF BLOCK 7 HILLVIEW COURT 11 KA SHUE ROAD SAI KUNG NEW TERRITORIES",
        "FREE_FORMAT_ADDR_CHN": NaN,
        "DEV_NAME_ENG": "HILLVIEW COURT",
        "DEV_NAME_CHN": "曉嵐閣",
        "FIRST_REFERENCE_LOT_PRN": "C5985974"
    },
    {
        "PRN": "B3149082",
        "SEQ_NUM": 1,
        "BLOCK": "7",
        "FLOOR": "3",
        "FLAT": "C",
        "HOUSE_NUM_PREFIX": NaN,
        "STREET_NAME_ENG": NaN,
        "STREET_NAME_CHN": NaN,
        "AREA_DESC_ENG": NaN,
        "AREA_DESC_CHN": NaN,
        "FREE_FORMAT_ADDR_ENG": "FLAT C ON 3/F OF BLOCK 7 HILLVIEW COURT 11 KA SHUE ROAD SAI KUNG NEW TERRITORIES",
        "FREE_FORMAT_ADDR_CHN": NaN,
        "DEV_NAME_ENG": "HILLVIEW COURT",
        "DEV_NAME_CHN": "曉嵐閣",
        "FIRST_REFERENCE_LOT_PRN": "C5985974"
    },
    {
        "PRN": "B3149090",
        "SEQ_NUM": 1,
        "BLOCK": "7",
        "FLOOR": "5",
        "FLAT": "C",
        "HOUSE_NUM_PREFIX": NaN,
        "STREET_NAME_ENG": NaN,
        "STREET_NAME_CHN": NaN,
        "AREA_DESC_ENG": NaN,
        "AREA_DESC_CHN": NaN,
        "FREE_FORMAT_ADDR_ENG": "FLAT C ON 5/F OF BLOCK 7 (INCLUDING THE ROOF) HILLVIEW COURT 11 KA SHUE ROAD SAI KUNG NEW TERRITORIES",
        "FREE_FORMAT_ADDR_CHN": NaN,
        "DEV_NAME_ENG": "HILLVIEW COURT",
        "DEV_NAME_CHN": "曉嵐閣",
        "FIRST_REFERENCE_LOT_PRN": "C5985974"
    },
    {
        "PRN": "B3149108",
        "SEQ_NUM": 1,
        "BLOCK": "7",
        "FLOOR": "G",
        "FLAT": "D",
        "HOUSE_NUM_PREFIX": NaN,
        "STREET_NAME_ENG": NaN,
        "STREET_NAME_CHN": NaN,
        "AREA_DESC_ENG": NaN,
        "AREA_DESC_CHN": NaN,
        "FREE_FORMAT_ADDR_ENG": "FLAT D ON G/F OF BLOCK 7 (INCLUDING TERRACE & PLANTER) HILLVIEW COURT 11 KA SHUE ROAD SAI KUNG NEW TERRITORIES",
        "FREE_FORMAT_ADDR_CHN": NaN,
        "DEV_NAME_ENG": "HILLVIEW COURT",
        "DEV_NAME_CHN": "曉嵐閣",
        "FIRST_REFERENCE_LOT_PRN": "C5985974"
    },
    {
        "PRN": "B3149112",
        "SEQ_NUM": 1,
        "BLOCK": "7",
        "FLOOR": "1",
        "FLAT": "D",
        "HOUSE_NUM_PREFIX": NaN,
        "STREET_NAME_ENG": NaN,
        "STREET_NAME_CHN": NaN,
        "AREA_DESC_ENG": NaN,
        "AREA_DESC_CHN": NaN,
        "FREE_FORMAT_ADDR_ENG": "FLAT D ON 1/F OF BLOCK 7 HILLVIEW COURT 11 KA SHUE ROAD SAI KUNG NEW TERRITORIES",
        "FREE_FORMAT_ADDR_CHN": NaN,
        "DEV_NAME_ENG": "HILLVIEW COURT",
        "DEV_NAME_CHN": "曉嵐閣",
        "FIRST_REFERENCE_LOT_PRN": "C5985974"
    },
    {
        "PRN": "B3149126",
        "SEQ_NUM": 1,
        "BLOCK": "7",
        "FLOOR": "2",
        "FLAT": "D",
        "HOUSE_NUM_PREFIX": NaN,
        "STREET_NAME_ENG": NaN,
        "STREET_NAME_CHN": NaN,
        "AREA_DESC_ENG": NaN,
        "AREA_DESC_CHN": NaN,
        "FREE_FORMAT_ADDR_ENG": "FLAT D ON 2/F OF BLOCK 7 HILLVIEW COURT 11 KA SHUE ROAD SAI KUNG NEW TERRITORIES",
        "FREE_FORMAT_ADDR_CHN": NaN,
        "DEV_NAME_ENG": "HILLVIEW COURT",
        "DEV_NAME_CHN": "曉嵐閣",
        "FIRST_REFERENCE_LOT_PRN": "C5985974"
    },
    {
        "PRN": "B3149131",
        "SEQ_NUM": 1,
        "BLOCK": "7",
        "FLOOR": "3",
        "FLAT": "D",
        "HOUSE_NUM_PREFIX": NaN,
        "STREET_NAME_ENG": NaN,
        "STREET_NAME_CHN": NaN,
        "AREA_DESC_ENG": NaN,
        "AREA_DESC_CHN": NaN,
        "FREE_FORMAT_ADDR_ENG": "FLAT D ON 3/F OF BLOCK 7 HILLVIEW COURT 11 KA SHUE ROAD SAI KUNG NEW TERRITORIES",
        "FREE_FORMAT_ADDR_CHN": NaN,
        "DEV_NAME_ENG": "HILLVIEW COURT",
        "DEV_NAME_CHN": "曉嵐閣",
        "FIRST_REFERENCE_LOT_PRN": "C5985974"
    },
    {
        "PRN": "B3149145",
        "SEQ_NUM": 1,
        "BLOCK": "7",
        "FLOOR": "5",
        "FLAT": "D",
        "HOUSE_NUM_PREFIX": NaN,
        "STREET_NAME_ENG": NaN,
        "STREET_NAME_CHN": NaN,
        "AREA_DESC_ENG": NaN,
        "AREA_DESC_CHN": NaN,
        "FREE_FORMAT_ADDR_ENG": "FLAT D ON 5/F OF BLOCK 7 (INCLUDING ROOF) HILLVIEW COURT 11 KA SHUE ROAD SAI KUNG NEW TERRITORIES",
        "FREE_FORMAT_ADDR_CHN": NaN,
        "DEV_NAME_ENG": "HILLVIEW COURT",
        "DEV_NAME_CHN": "曉嵐閣",
        "FIRST_REFERENCE_LOT_PRN": "C5985974"
    },
    {
        "PRN": "B5020003",
        "SEQ_NUM": 1,
        "BLOCK": "1",
        "FLOOR": "5",
        "FLAT": "A",
        "HOUSE_NUM_PREFIX": NaN,
        "STREET_NAME_ENG": NaN,
        "STREET_NAME_CHN": NaN,
        "AREA_DESC_ENG": NaN,
        "AREA_DESC_CHN": NaN,
        "FREE_FORMAT_ADDR_ENG": "FLAT A ON 5/F OF BLOCK 1 (INCLUDING THE ROOF) HILLVIEW COURT 11 KA SHUE ROAD SAI KUNG NEW TERRITORIES",
        "FREE_FORMAT_ADDR_CHN": NaN,
        "DEV_NAME_ENG": "HILLVIEW COURT",
        "DEV_NAME_CHN": "曉嵐閣",
        "FIRST_REFERENCE_LOT_PRN": "C5985974"
    },
    {
        "PRN": "B5020019",
        "SEQ_NUM": 1,
        "BLOCK": "1",
        "FLOOR": "3",
        "FLAT": "B",
        "HOUSE_NUM_PREFIX": NaN,
        "STREET_NAME_ENG": NaN,
        "STREET_NAME_CHN": NaN,
        "AREA_DESC_ENG": NaN,
        "AREA_DESC_CHN": NaN,
        "FREE_FORMAT_ADDR_ENG": "FLAT B ON 3/F OF BLOCK 1 HILLVIEW COURT 11 KA SHUE ROAD SAI KUNG NEW TERRITORIES",
        "FREE_FORMAT_ADDR_CHN": NaN,
        "DEV_NAME_ENG": "HILLVIEW COURT",
        "DEV_NAME_CHN": "曉嵐閣",
        "FIRST_REFERENCE_LOT_PRN": "C5985974"
    },
    {
        "PRN": "B5020024",
        "SEQ_NUM": 1,
        "BLOCK": "1",
        "FLOOR": "2",
        "FLAT": "D",
        "HOUSE_NUM_PREFIX": NaN,
        "STREET_NAME_ENG": NaN,
        "STREET_NAME_CHN": NaN,
        "AREA_DESC_ENG": NaN,
        "AREA_DESC_CHN": NaN,
        "FREE_FORMAT_ADDR_ENG": "FLAT D ON 2/F OF BLOCK 1 HILLVIEW COURT 11 KA SHUE ROAD SAI KUNG NEW TERRITORIES",
        "FREE_FORMAT_ADDR_CHN": NaN,
        "DEV_NAME_ENG": "HILLVIEW COURT",
        "DEV_NAME_CHN": "曉嵐閣",
        "FIRST_REFERENCE_LOT_PRN": "C5985974"
    },
    {
        "PRN": "B5020030",
        "SEQ_NUM": 1,
        "BLOCK": "1",
        "FLOOR": "3",
        "FLAT": "D",
        "HOUSE_NUM_PREFIX": NaN,
        "STREET_NAME_ENG": NaN,
        "STREET_NAME_CHN": NaN,
        "AREA_DESC_ENG": NaN,
        "AREA_DESC_CHN": NaN,
        "FREE_FORMAT_ADDR_ENG": "FLAT D ON 3/F OF BLOCK 1 HILLVIEW COURT 11 KA SHUE ROAD SAI KUNG NEW TERRITORIES",
        "FREE_FORMAT_ADDR_CHN": NaN,
        "DEV_NAME_ENG": "HILLVIEW COURT",
        "DEV_NAME_CHN": "曉嵐閣",
        "FIRST_REFERENCE_LOT_PRN": "C5985974"
    },
    {
        "PRN": "B5020044",
        "SEQ_NUM": 1,
        "BLOCK": "2",
        "FLOOR": "3",
        "FLAT": "B",
        "HOUSE_NUM_PREFIX": NaN,
        "STREET_NAME_ENG": NaN,
        "STREET_NAME_CHN": NaN,
        "AREA_DESC_ENG": NaN,
        "AREA_DESC_CHN": NaN,
        "FREE_FORMAT_ADDR_ENG": "FLAT B ON 3/F OF BLOCK 2 HILLVIEW COURT 11 KA SHUE ROAD SAI KUNG NEW TERRITORIES",
        "FREE_FORMAT_ADDR_CHN": NaN,
        "DEV_NAME_ENG": "HILLVIEW COURT",
        "DEV_NAME_CHN": "曉嵐閣",
        "FIRST_REFERENCE_LOT_PRN": "C5985974"
    },
    {
        "PRN": "B5020056",
        "SEQ_NUM": 1,
        "BLOCK": "3",
        "FLOOR": "2",
        "FLAT": "D",
        "HOUSE_NUM_PREFIX": NaN,
        "STREET_NAME_ENG": NaN,
        "STREET_NAME_CHN": NaN,
        "AREA_DESC_ENG": NaN,
        "AREA_DESC_CHN": NaN,
        "FREE_FORMAT_ADDR_ENG": "FLAT D ON 2/F OF BLOCK 3 HILLVIEW COURT 11 KA SHUE ROAD SAI KUNG NEW TERRITORIES",
        "FREE_FORMAT_ADDR_CHN": NaN,
        "DEV_NAME_ENG": "HILLVIEW COURT",
        "DEV_NAME_CHN": "曉嵐閣",
        "FIRST_REFERENCE_LOT_PRN": "C5985974"
    },
    {
        "PRN": "B5020065",
        "SEQ_NUM": 1,
        "BLOCK": "5",
        "FLOOR": "G",
        "FLAT": "C",
        "HOUSE_NUM_PREFIX": NaN,
        "STREET_NAME_ENG": NaN,
        "STREET_NAME_CHN": NaN,
        "AREA_DESC_ENG": NaN,
        "AREA_DESC_CHN": NaN,
        "FREE_FORMAT_ADDR_ENG": "FLAT C ON G/F OF BLOCK 5 (INCLUDING THE TERRACE AND PLANTER) HILLVIEW COURT 11 KA SHUE ROAD SAI KUNG NEW TERRITORIES",
        "FREE_FORMAT_ADDR_CHN": NaN,
        "DEV_NAME_ENG": "HILLVIEW COURT",
        "DEV_NAME_CHN": "曉嵐閣",
        "FIRST_REFERENCE_LOT_PRN": "C5985974"
    },
    {
        "PRN": "B5020072",
        "SEQ_NUM": 1,
        "BLOCK": "6",
        "FLOOR": "1",
        "FLAT": "A",
        "HOUSE_NUM_PREFIX": NaN,
        "STREET_NAME_ENG": NaN,
        "STREET_NAME_CHN": NaN,
        "AREA_DESC_ENG": NaN,
        "AREA_DESC_CHN": NaN,
        "FREE_FORMAT_ADDR_ENG": "FLAT A ON 1/F OF BLOCK 6 HILLVIEW COURT 11 KA SHUE ROAD SAI KUNG NEW TERRITORIES",
        "FREE_FORMAT_ADDR_CHN": NaN,
        "DEV_NAME_ENG": "HILLVIEW COURT",
        "DEV_NAME_CHN": "曉嵐閣",
        "FIRST_REFERENCE_LOT_PRN": "C5985974"
    },
    {
        "PRN": "B5020087",
        "SEQ_NUM": 1,
        "BLOCK": "6",
        "FLOOR": "1",
        "FLAT": "B",
        "HOUSE_NUM_PREFIX": NaN,
        "STREET_NAME_ENG": NaN,
        "STREET_NAME_CHN": NaN,
        "AREA_DESC_ENG": NaN,
        "AREA_DESC_CHN": NaN,
        "FREE_FORMAT_ADDR_ENG": "FLAT B ON 1/F OF BLOCK 6 HILLVIEW COURT 11 KA SHUE ROAD SAI KUNG NEW TERRITORIES",
        "FREE_FORMAT_ADDR_CHN": NaN,
        "DEV_NAME_ENG": "HILLVIEW COURT",
        "DEV_NAME_CHN": "曉嵐閣",
        "FIRST_REFERENCE_LOT_PRN": "C5985974"
    },
    {
        "PRN": "B5020096",
        "SEQ_NUM": 1,
        "BLOCK": "6",
        "FLOOR": "5",
        "FLAT": "D",
        "HOUSE_NUM_PREFIX": NaN,
        "STREET_NAME_ENG": NaN,
        "STREET_NAME_CHN": NaN,
        "AREA_DESC_ENG": NaN,
        "AREA_DESC_CHN": NaN,
        "FREE_FORMAT_ADDR_ENG": "FLAT D ON 5/F OF BLOCK 6 (INCLUDING THE ROOF) HILLVIEW COURT 11 KA SHUE ROAD SAI KUNG NEW TERRITORIES",
        "FREE_FORMAT_ADDR_CHN": NaN,
        "DEV_NAME_ENG": "HILLVIEW COURT",
        "DEV_NAME_CHN": "曉嵐閣",
        "FIRST_REFERENCE_LOT_PRN": "C5985974"
    },
    {
        "PRN": "B5020107",
        "SEQ_NUM": 1,
        "BLOCK": "7",
        "FLOOR": "1",
        "FLAT": "B",
        "HOUSE_NUM_PREFIX": NaN,
        "STREET_NAME_ENG": NaN,
        "STREET_NAME_CHN": NaN,
        "AREA_DESC_ENG": NaN,
        "AREA_DESC_CHN": NaN,
        "FREE_FORMAT_ADDR_ENG": "FLAT B ON 1/F OF BLOCK 7 HILLVIEW COURT 11 KA SHUE ROAD SAI KUNG NEW TERRITORIES",
        "FREE_FORMAT_ADDR_CHN": NaN,
        "DEV_NAME_ENG": "HILLVIEW COURT",
        "DEV_NAME_CHN": "曉嵐閣",
        "FIRST_REFERENCE_LOT_PRN": "C5985974"
    },
    {
        "PRN": "B5377810",
        "SEQ_NUM": 1,
        "BLOCK": "6",
        "FLOOR": "G",
        "FLAT": "B",
        "HOUSE_NUM_PREFIX": NaN,
        "STREET_NAME_ENG": NaN,
        "STREET_NAME_CHN": NaN,
        "AREA_DESC_ENG": NaN,
        "AREA_DESC_CHN": NaN,
        "FREE_FORMAT_ADDR_ENG": "FLAT B ON G/F OF BLOCK 6 (INCLUDING THE TERRACE) HILLVIEW COURT 11 KA SHUE ROAD SAI KUNG NEW TERRITORIES",
        "FREE_FORMAT_ADDR_CHN": NaN,
        "DEV_NAME_ENG": "HILLVIEW COURT",
        "DEV_NAME_CHN": "曉嵐閣",
        "FIRST_REFERENCE_LOT_PRN": "C5985974"
    },
    {
        "PRN": "B5713463",
        "SEQ_NUM": 1,
        "BLOCK": "2",
        "FLOOR": "5",
        "FLAT": "C",
        "HOUSE_NUM_PREFIX": NaN,
        "STREET_NAME_ENG": NaN,
        "STREET_NAME_CHN": NaN,
        "AREA_DESC_ENG": NaN,
        "AREA_DESC_CHN": NaN,
        "FREE_FORMAT_ADDR_ENG": "FLAT C ON 5/F OF BLOCK 2 (INCLUDING THE ROOF) HILLVIEW COURT 11 KA SHUE ROAD SAI KUNG NEW TERRITORIES",
        "FREE_FORMAT_ADDR_CHN": NaN,
        "DEV_NAME_ENG": "HILLVIEW COURT",
        "DEV_NAME_CHN": "曉嵐閣",
        "FIRST_REFERENCE_LOT_PRN": "C5985974"
    },
    {
        "PRN": "B5713479",
        "SEQ_NUM": 1,
        "BLOCK": "3",
        "FLOOR": "5",
        "FLAT": "A",
        "HOUSE_NUM_PREFIX": NaN,
        "STREET_NAME_ENG": NaN,
        "STREET_NAME_CHN": NaN,
        "AREA_DESC_ENG": NaN,
        "AREA_DESC_CHN": NaN,
        "FREE_FORMAT_ADDR_ENG": "FLAT A ON 5/F OF BLOCK 3 (INCLUDING THE ROOF) HILLVIEW COURT 11 KA SHUE ROAD SAI KUNG NEW TERRITORIES",
        "FREE_FORMAT_ADDR_CHN": NaN,
        "DEV_NAME_ENG": "HILLVIEW COURT",
        "DEV_NAME_CHN": "曉嵐閣",
        "FIRST_REFERENCE_LOT_PRN": "C5985974"
    },
    {
        "PRN": "B5713487",
        "SEQ_NUM": 1,
        "BLOCK": "7",
        "FLOOR": "5",
        "FLAT": "A",
        "HOUSE_NUM_PREFIX": NaN,
        "STREET_NAME_ENG": NaN,
        "STREET_NAME_CHN": NaN,
        "AREA_DESC_ENG": NaN,
        "AREA_DESC_CHN": NaN,
        "FREE_FORMAT_ADDR_ENG": "FLAT A ON 5/F OF BLOCK 7 (INCLUDING THE ROOF) HILLVIEW COURT 11 KA SHUE ROAD SAI KUNG NEW TERRITORIES",
        "FREE_FORMAT_ADDR_CHN": NaN,
        "DEV_NAME_ENG": "HILLVIEW COURT",
        "DEV_NAME_CHN": "曉嵐閣",
        "FIRST_REFERENCE_LOT_PRN": "C5985974"
    },
    {
        "PRN": "B7706359",
        "SEQ_NUM": 1,
        "BLOCK": "1",
        "FLOOR": "G",
        "FLAT": "B",
        "HOUSE_NUM_PREFIX": NaN,
        "STREET_NAME_ENG": NaN,
        "STREET_NAME_CHN": NaN,
        "AREA_DESC_ENG": NaN,
        "AREA_DESC_CHN": NaN,
        "FREE_FORMAT_ADDR_ENG": "FLAT B ON G/F OF BLOCK 1 (INCLUDING THE TERRACE AND PLANTER) HILLVIEW COURT 11 KA SHUE ROAD SAI KUNG NEW TERRITORIES",
        "FREE_FORMAT_ADDR_CHN": NaN,
        "DEV_NAME_ENG": "HILLVIEW COURT",
        "DEV_NAME_CHN": "曉嵐閣",
        "FIRST_REFERENCE_LOT_PRN": "C5985974"
    },
    {
        "PRN": "B7706365",
        "SEQ_NUM": 1,
        "BLOCK": "1",
        "FLOOR": "2",
        "FLAT": "B",
        "HOUSE_NUM_PREFIX": NaN,
        "STREET_NAME_ENG": NaN,
        "STREET_NAME_CHN": NaN,
        "AREA_DESC_ENG": NaN,
        "AREA_DESC_CHN": NaN,
        "FREE_FORMAT_ADDR_ENG": "FLAT B ON 2/F OF BLOCK 1 HILLVIEW COURT 11 KA SHUE ROAD SAI KUNG NEW TERRITORIES",
        "FREE_FORMAT_ADDR_CHN": NaN,
        "DEV_NAME_ENG": "HILLVIEW COURT",
        "DEV_NAME_CHN": "曉嵐閣",
        "FIRST_REFERENCE_LOT_PRN": "C5985974"
    },
    {
        "PRN": "B7706370",
        "SEQ_NUM": 1,
        "BLOCK": "1",
        "FLOOR": "3",
        "FLAT": "C",
        "HOUSE_NUM_PREFIX": NaN,
        "STREET_NAME_ENG": NaN,
        "STREET_NAME_CHN": NaN,
        "AREA_DESC_ENG": NaN,
        "AREA_DESC_CHN": NaN,
        "FREE_FORMAT_ADDR_ENG": "FLAT C ON 3/F OF BLOCK 1 HILLVIEW COURT  11 KA SHUE ROAD SAI KUNG NEW TERRITORIES",
        "FREE_FORMAT_ADDR_CHN": NaN,
        "DEV_NAME_ENG": "HILLVIEW COURT",
        "DEV_NAME_CHN": "曉嵐閣",
        "FIRST_REFERENCE_LOT_PRN": "C5985974"
    },
    {
        "PRN": "B7706384",
        "SEQ_NUM": 1,
        "BLOCK": "2",
        "FLOOR": "5",
        "FLAT": "A",
        "HOUSE_NUM_PREFIX": NaN,
        "STREET_NAME_ENG": NaN,
        "STREET_NAME_CHN": NaN,
        "AREA_DESC_ENG": NaN,
        "AREA_DESC_CHN": NaN,
        "FREE_FORMAT_ADDR_ENG": "FLAT A ON 5/F OF BLOCK 2 (INCLUDING THE ROOF) HILLVIEW COURT 11 KA SHUE ROAD SAI KUNG NEW TERRITORIES",
        "FREE_FORMAT_ADDR_CHN": NaN,
        "DEV_NAME_ENG": "HILLVIEW COURT",
        "DEV_NAME_CHN": "曉嵐閣",
        "FIRST_REFERENCE_LOT_PRN": "C5985974"
    },
    {
        "PRN": "B7706393",
        "SEQ_NUM": 1,
        "BLOCK": "5",
        "FLOOR": "5",
        "FLAT": "C",
        "HOUSE_NUM_PREFIX": NaN,
        "STREET_NAME_ENG": NaN,
        "STREET_NAME_CHN": NaN,
        "AREA_DESC_ENG": NaN,
        "AREA_DESC_CHN": NaN,
        "FREE_FORMAT_ADDR_ENG": "FLAT C ON 5/F OF BLOCK 5 (INCLUDING THE ROOF) HILLVIEW COURT 11 KA SHUE ROAD SAI KUNG NEW TERRITORIES",
        "FREE_FORMAT_ADDR_CHN": NaN,
        "DEV_NAME_ENG": "HILLVIEW COURT",
        "DEV_NAME_CHN": "曉嵐閣",
        "FIRST_REFERENCE_LOT_PRN": "C5985974"
    },
    {
        "PRN": "B7706407",
        "SEQ_NUM": 1,
        "BLOCK": "7",
        "FLOOR": "G",
        "FLAT": "A",
        "HOUSE_NUM_PREFIX": NaN,
        "STREET_NAME_ENG": NaN,
        "STREET_NAME_CHN": NaN,
        "AREA_DESC_ENG": NaN,
        "AREA_DESC_CHN": NaN,
        "FREE_FORMAT_ADDR_ENG": "FLAT A ON G/F OF BLOCK 7 (INCLUDING THE TERRACE) HILLVIEW COURT 11 KA SHUE ROAD SAI KUNG NEW TERRITORIES",
        "FREE_FORMAT_ADDR_CHN": NaN,
        "DEV_NAME_ENG": "HILLVIEW COURT",
        "DEV_NAME_CHN": "曉嵐閣",
        "FIRST_REFERENCE_LOT_PRN": "C5985974"
    },
    {
        "PRN": "B7706416",
        "SEQ_NUM": 1,
        "BLOCK": "7",
        "FLOOR": "3",
        "FLAT": "A",
        "HOUSE_NUM_PREFIX": NaN,
        "STREET_NAME_ENG": NaN,
        "STREET_NAME_CHN": NaN,
        "AREA_DESC_ENG": NaN,
        "AREA_DESC_CHN": NaN,
        "FREE_FORMAT_ADDR_ENG": "FLAT A ON 3/F OF BLOCK 7 HILLVIEW COURT 11 KA SHUE ROAD SAI KUNG NEW TERRITORIES",
        "FREE_FORMAT_ADDR_CHN": NaN,
        "DEV_NAME_ENG": "HILLVIEW COURT",
        "DEV_NAME_CHN": "曉嵐閣",
        "FIRST_REFERENCE_LOT_PRN": "C5985974"
    },
    {
        "PRN": "B7706426",
        "SEQ_NUM": 1,
        "BLOCK": "7",
        "FLOOR": "2",
        "FLAT": "B",
        "HOUSE_NUM_PREFIX": NaN,
        "STREET_NAME_ENG": NaN,
        "STREET_NAME_CHN": NaN,
        "AREA_DESC_ENG": NaN,
        "AREA_DESC_CHN": NaN,
        "FREE_FORMAT_ADDR_ENG": "FLAT B ON 2/F OF BLOCK 7 HILLVIEW COURT 11 KA SHUE ROAD SAI KUNG NEW TERRITORIES",
        "FREE_FORMAT_ADDR_CHN": NaN,
        "DEV_NAME_ENG": "HILLVIEW COURT",
        "DEV_NAME_CHN": "曉嵐閣",
        "FIRST_REFERENCE_LOT_PRN": "C5985974"
    },
    {
        "PRN": "B8064446",
        "SEQ_NUM": 1,
        "BLOCK": "1",
        "FLOOR": "1",
        "FLAT": "D",
        "HOUSE_NUM_PREFIX": NaN,
        "STREET_NAME_ENG": NaN,
        "STREET_NAME_CHN": NaN,
        "AREA_DESC_ENG": NaN,
        "AREA_DESC_CHN": NaN,
        "FREE_FORMAT_ADDR_ENG": "FLAT D ON 1/F OF BLOCK 1 HILLVIEW COURT 11 KA SHUE ROAD SAI KUNG NEW TERRITORIES",
        "FREE_FORMAT_ADDR_CHN": NaN,
        "DEV_NAME_ENG": "HILLVIEW COURT",
        "DEV_NAME_CHN": "曉嵐閣",
        "FIRST_REFERENCE_LOT_PRN": "C5985974"
    },
    {
        "PRN": "B8064457",
        "SEQ_NUM": 1,
        "BLOCK": "3",
        "FLOOR": "2",
        "FLAT": "B",
        "HOUSE_NUM_PREFIX": NaN,
        "STREET_NAME_ENG": NaN,
        "STREET_NAME_CHN": NaN,
        "AREA_DESC_ENG": NaN,
        "AREA_DESC_CHN": NaN,
        "FREE_FORMAT_ADDR_ENG": "FLAT B ON 2/F OF BLOCK 3 HILLVIEW COURT 11 KA SHUE ROAD SAI KUNG NEW TERRITORIES",
        "FREE_FORMAT_ADDR_CHN": NaN,
        "DEV_NAME_ENG": "HILLVIEW COURT",
        "DEV_NAME_CHN": "曉嵐閣",
        "FIRST_REFERENCE_LOT_PRN": "C5985974"
    },
    {
        "PRN": "B8398266",
        "SEQ_NUM": 1,
        "BLOCK": "6",
        "FLOOR": "2",
        "FLAT": "C",
        "HOUSE_NUM_PREFIX": NaN,
        "STREET_NAME_ENG": NaN,
        "STREET_NAME_CHN": NaN,
        "AREA_DESC_ENG": NaN,
        "AREA_DESC_CHN": NaN,
        "FREE_FORMAT_ADDR_ENG": "FLAT C ON 2/F OF BLOCK 6 HILLVIEW COURT 11 KA SHUE ROAD SAI KUNG NEW TERRITORIES",
        "FREE_FORMAT_ADDR_CHN": NaN,
        "DEV_NAME_ENG": "HILLVIEW COURT",
        "DEV_NAME_CHN": "曉嵐閣",
        "FIRST_REFERENCE_LOT_PRN": "C5985974"
    },
    {
        "PRN": "B8398276",
        "SEQ_NUM": 1,
        "BLOCK": "7",
        "FLOOR": "G",
        "FLAT": "B",
        "HOUSE_NUM_PREFIX": NaN,
        "STREET_NAME_ENG": NaN,
        "STREET_NAME_CHN": NaN,
        "AREA_DESC_ENG": NaN,
        "AREA_DESC_CHN": NaN,
        "FREE_FORMAT_ADDR_ENG": "FLAT B ON G/F OF BLOCK 7 (INCLUDING THE TERRACE) HILLVIEW COURT 11 KA SHUE ROAD SAI KUNG NEW TERRITORIES",
        "FREE_FORMAT_ADDR_CHN": NaN,
        "DEV_NAME_ENG": "HILLVIEW COURT",
        "DEV_NAME_CHN": "曉嵐閣",
        "FIRST_REFERENCE_LOT_PRN": "C5985974"
    },
    {
        "PRN": "B8736756",
        "SEQ_NUM": 1,
        "BLOCK": "2",
        "FLOOR": "1",
        "FLAT": "C",
        "HOUSE_NUM_PREFIX": NaN,
        "STREET_NAME_ENG": NaN,
        "STREET_NAME_CHN": NaN,
        "AREA_DESC_ENG": NaN,
        "AREA_DESC_CHN": NaN,
        "FREE_FORMAT_ADDR_ENG": "FLAT C ON 1/F OF BLOCK 2 HILLVIEW COURT 11 KA SHUE ROAD SAI KUNG NEW TERRITORIES",
        "FREE_FORMAT_ADDR_CHN": NaN,
        "DEV_NAME_ENG": "HILLVIEW COURT",
        "DEV_NAME_CHN": "曉嵐閣",
        "FIRST_REFERENCE_LOT_PRN": "C5985974"
    },
    {
        "PRN": "B8736764",
        "SEQ_NUM": 1,
        "BLOCK": "3",
        "FLOOR": "G",
        "FLAT": "A",
        "HOUSE_NUM_PREFIX": NaN,
        "STREET_NAME_ENG": NaN,
        "STREET_NAME_CHN": NaN,
        "AREA_DESC_ENG": NaN,
        "AREA_DESC_CHN": NaN,
        "FREE_FORMAT_ADDR_ENG": "FLAT A ON G/F OF BLOCK 3 (INCLUDING THE TERRACE) HILLVIEW COURT 11 KA SHUE ROAD SAI KUNG NEW TERRITORIES",
        "FREE_FORMAT_ADDR_CHN": NaN,
        "DEV_NAME_ENG": "HILLVIEW COURT",
        "DEV_NAME_CHN": "曉嵐閣",
        "FIRST_REFERENCE_LOT_PRN": "C5985974"
    },
    {
        "PRN": "B8736774",
        "SEQ_NUM": 1,
        "BLOCK": "6",
        "FLOOR": "5",
        "FLAT": "B",
        "HOUSE_NUM_PREFIX": NaN,
        "STREET_NAME_ENG": NaN,
        "STREET_NAME_CHN": NaN,
        "AREA_DESC_ENG": NaN,
        "AREA_DESC_CHN": NaN,
        "FREE_FORMAT_ADDR_ENG": "FLAT B ON 5/F OF BLOCK 6 (INCLUDING THE ROOF) HILLVIEW COURT 11 KA SHUE ROAD SAI KUNG NEW TERRITORIES",
        "FREE_FORMAT_ADDR_CHN": NaN,
        "DEV_NAME_ENG": "HILLVIEW COURT",
        "DEV_NAME_CHN": "曉嵐閣",
        "FIRST_REFERENCE_LOT_PRN": "C5985974"
    },
    {
        "PRN": "B8736787",
        "SEQ_NUM": 1,
        "BLOCK": "7",
        "FLOOR": "3",
        "FLAT": "B",
        "HOUSE_NUM_PREFIX": NaN,
        "STREET_NAME_ENG": NaN,
        "STREET_NAME_CHN": NaN,
        "AREA_DESC_ENG": NaN,
        "AREA_DESC_CHN": NaN,
        "FREE_FORMAT_ADDR_ENG": "FLAT B ON 3/F OF BLOCK 7 HILLVIEW COURT 11 KA SHUE ROAD SAI KUNG NEW TERRITORIES",
        "FREE_FORMAT_ADDR_CHN": NaN,
        "DEV_NAME_ENG": "HILLVIEW COURT",
        "DEV_NAME_CHN": "曉嵐閣",
        "FIRST_REFERENCE_LOT_PRN": "C5985974"
    },
    {
        "PRN": "C0385864",
        "SEQ_NUM": 1,
        "BLOCK": "1",
        "FLOOR": "3",
        "FLAT": "A",
        "HOUSE_NUM_PREFIX": NaN,
        "STREET_NAME_ENG": NaN,
        "STREET_NAME_CHN": NaN,
        "AREA_DESC_ENG": NaN,
        "AREA_DESC_CHN": NaN,
        "FREE_FORMAT_ADDR_ENG": "FLAT A ON 3/F OF BLOCK 1 HILLVIEW COURT 11 KA SHUE ROAD SAI KUNG NEW TERRITORIES",
        "FREE_FORMAT_ADDR_CHN": NaN,
        "DEV_NAME_ENG": "HILLVIEW COURT",
        "DEV_NAME_CHN": "曉嵐閣",
        "FIRST_REFERENCE_LOT_PRN": "C5985974"
    },
    {
        "PRN": "C0385877",
        "SEQ_NUM": 1,
        "BLOCK": "2",
        "FLOOR": "1",
        "FLAT": "A",
        "HOUSE_NUM_PREFIX": NaN,
        "STREET_NAME_ENG": NaN,
        "STREET_NAME_CHN": NaN,
        "AREA_DESC_ENG": NaN,
        "AREA_DESC_CHN": NaN,
        "FREE_FORMAT_ADDR_ENG": "FLAT A ON 1/F OF BLOCK 2 HILLVIEW COURT 11 KA SHUE ROAD SAI KUNG NEW TERRITORIES",
        "FREE_FORMAT_ADDR_CHN": NaN,
        "DEV_NAME_ENG": "HILLVIEW COURT",
        "DEV_NAME_CHN": "曉嵐閣",
        "FIRST_REFERENCE_LOT_PRN": "C5985974"
    },
    {
        "PRN": "C0385889",
        "SEQ_NUM": 1,
        "BLOCK": "2",
        "FLOOR": "5",
        "FLAT": "B",
        "HOUSE_NUM_PREFIX": NaN,
        "STREET_NAME_ENG": NaN,
        "STREET_NAME_CHN": NaN,
        "AREA_DESC_ENG": NaN,
        "AREA_DESC_CHN": NaN,
        "FREE_FORMAT_ADDR_ENG": "FLAT B ON 5/F OF BLOCK 2 (INCLUDING THE ROOF) HILLVIEW COURT 11 KA SHUE ROAD SAI KUNG NEW TERRITORIES",
        "FREE_FORMAT_ADDR_CHN": NaN,
        "DEV_NAME_ENG": "HILLVIEW COURT",
        "DEV_NAME_CHN": "曉嵐閣",
        "FIRST_REFERENCE_LOT_PRN": "C5985974"
    },
    {
        "PRN": "C0385890",
        "SEQ_NUM": 1,
        "BLOCK": "3",
        "FLOOR": "G",
        "FLAT": "B",
        "HOUSE_NUM_PREFIX": NaN,
        "STREET_NAME_ENG": NaN,
        "STREET_NAME_CHN": NaN,
        "AREA_DESC_ENG": NaN,
        "AREA_DESC_CHN": NaN,
        "FREE_FORMAT_ADDR_ENG": "FLAT B ON G/F OF BLOCK 3 (INCLUDING THE TERRACE) HILLVIEW COURT 11 KA SHUE ROAD SAI KUNG NEW TERRITORIES",
        "FREE_FORMAT_ADDR_CHN": NaN,
        "DEV_NAME_ENG": "HILLVIEW COURT",
        "DEV_NAME_CHN": "曉嵐閣",
        "FIRST_REFERENCE_LOT_PRN": "C5985974"
    },
    {
        "PRN": "C0385901",
        "SEQ_NUM": 1,
        "BLOCK": "3",
        "FLOOR": "1",
        "FLAT": "B",
        "HOUSE_NUM_PREFIX": NaN,
        "STREET_NAME_ENG": NaN,
        "STREET_NAME_CHN": NaN,
        "AREA_DESC_ENG": NaN,
        "AREA_DESC_CHN": NaN,
        "FREE_FORMAT_ADDR_ENG": "FLAT B ON 1/F OF BLOCK 3 HILLVIEW COURT 11 KA SHUE ROAD SAI KUNG NEW TERRITORIES",
        "FREE_FORMAT_ADDR_CHN": NaN,
        "DEV_NAME_ENG": "HILLVIEW COURT",
        "DEV_NAME_CHN": "曉嵐閣",
        "FIRST_REFERENCE_LOT_PRN": "C5985974"
    },
    {
        "PRN": "C0385917",
        "SEQ_NUM": 1,
        "BLOCK": "3",
        "FLOOR": "5",
        "FLAT": "B",
        "HOUSE_NUM_PREFIX": NaN,
        "STREET_NAME_ENG": NaN,
        "STREET_NAME_CHN": NaN,
        "AREA_DESC_ENG": NaN,
        "AREA_DESC_CHN": NaN,
        "FREE_FORMAT_ADDR_ENG": "FLAT B ON 5/F OF BLOCK 3 (INCLUDING THE ROOF) HILLVIEW COURT 11 KA SHUE ROAD SAI KUNG NEW TERRITORIES",
        "FREE_FORMAT_ADDR_CHN": NaN,
        "DEV_NAME_ENG": "HILLVIEW COURT",
        "DEV_NAME_CHN": "曉嵐閣",
        "FIRST_REFERENCE_LOT_PRN": "C5985974"
    },
    {
        "PRN": "C0385924",
        "SEQ_NUM": 1,
        "BLOCK": "3",
        "FLOOR": "1",
        "FLAT": "C",
        "HOUSE_NUM_PREFIX": NaN,
        "STREET_NAME_ENG": NaN,
        "STREET_NAME_CHN": NaN,
        "AREA_DESC_ENG": NaN,
        "AREA_DESC_CHN": NaN,
        "FREE_FORMAT_ADDR_ENG": "FLAT C ON 1/F OF BLOCK 3 HILLVIEW COURT 11 KA SHUE ROAD SAI KUNG NEW TERRITORIES",
        "FREE_FORMAT_ADDR_CHN": NaN,
        "DEV_NAME_ENG": "HILLVIEW COURT",
        "DEV_NAME_CHN": "曉嵐閣",
        "FIRST_REFERENCE_LOT_PRN": "C5985974"
    },
    {
        "PRN": "C0385937",
        "SEQ_NUM": 1,
        "BLOCK": "5",
        "FLOOR": "1",
        "FLAT": "C",
        "HOUSE_NUM_PREFIX": NaN,
        "STREET_NAME_ENG": NaN,
        "STREET_NAME_CHN": NaN,
        "AREA_DESC_ENG": NaN,
        "AREA_DESC_CHN": NaN,
        "FREE_FORMAT_ADDR_ENG": "FLAT C ON 1/F OF BLOCK 5 HILLVIEW COURT 11 KA SHUE ROAD SAI KUNG NEW TERRITORIES",
        "FREE_FORMAT_ADDR_CHN": NaN,
        "DEV_NAME_ENG": "HILLVIEW COURT",
        "DEV_NAME_CHN": "曉嵐閣",
        "FIRST_REFERENCE_LOT_PRN": "C5985974"
    },
    {
        "PRN": "C0385946",
        "SEQ_NUM": 1,
        "BLOCK": "6",
        "FLOOR": "G",
        "FLAT": "C",
        "HOUSE_NUM_PREFIX": NaN,
        "STREET_NAME_ENG": NaN,
        "STREET_NAME_CHN": NaN,
        "AREA_DESC_ENG": NaN,
        "AREA_DESC_CHN": NaN,
        "FREE_FORMAT_ADDR_ENG": "FLAT C ON G/F OF BLOCK 6 (INCLUDING TERRACE & PLANTER) HILLVIEW COURT 11 KA SHUE ROAD SAI KUNG NEW TERRITORIES",
        "FREE_FORMAT_ADDR_CHN": NaN,
        "DEV_NAME_ENG": "HILLVIEW COURT",
        "DEV_NAME_CHN": "曉嵐閣",
        "FIRST_REFERENCE_LOT_PRN": "C5985974"
    },
    {
        "PRN": "C0385953",
        "SEQ_NUM": 1,
        "BLOCK": "7",
        "FLOOR": "5",
        "FLAT": "B",
        "HOUSE_NUM_PREFIX": NaN,
        "STREET_NAME_ENG": NaN,
        "STREET_NAME_CHN": NaN,
        "AREA_DESC_ENG": NaN,
        "AREA_DESC_CHN": NaN,
        "FREE_FORMAT_ADDR_ENG": "FLAT B ON 5/F OF BLOCK 7 (INCLUDING THE ROOF) HILLVIEW COURT 11 KA SHUE ROAD SAI KUNG NEW TERRITORIES",
        "FREE_FORMAT_ADDR_CHN": NaN,
        "DEV_NAME_ENG": "HILLVIEW COURT",
        "DEV_NAME_CHN": "曉嵐閣",
        "FIRST_REFERENCE_LOT_PRN": "C5985974"
    },
    {
        "PRN": "C0746140",
        "SEQ_NUM": 1,
        "BLOCK": "1",
        "FLOOR": "1",
        "FLAT": "A",
        "HOUSE_NUM_PREFIX": NaN,
        "STREET_NAME_ENG": NaN,
        "STREET_NAME_CHN": NaN,
        "AREA_DESC_ENG": NaN,
        "AREA_DESC_CHN": NaN,
        "FREE_FORMAT_ADDR_ENG": "FLAT A ON 1/F OF BLOCK 1 HILLVIEW COURT 11 KA SHUE ROAD SAI KUNG NEW TERRITORIES",
        "FREE_FORMAT_ADDR_CHN": NaN,
        "DEV_NAME_ENG": "HILLVIEW COURT",
        "DEV_NAME_CHN": "曉嵐閣",
        "FIRST_REFERENCE_LOT_PRN": "C5985974"
    },
    {
        "PRN": "C0746152",
        "SEQ_NUM": 1,
        "BLOCK": "5",
        "FLOOR": "G",
        "FLAT": "D",
        "HOUSE_NUM_PREFIX": NaN,
        "STREET_NAME_ENG": NaN,
        "STREET_NAME_CHN": NaN,
        "AREA_DESC_ENG": NaN,
        "AREA_DESC_CHN": NaN,
        "FREE_FORMAT_ADDR_ENG": "FLAT D ON G/F OF BLOCK 5 (INCLUDING THE TERRACE AND PLANTER) HILLVIEW COURT 11 KA SHUE ROAD SAI KUNG NEW TERRITORIES",
        "FREE_FORMAT_ADDR_CHN": NaN,
        "DEV_NAME_ENG": "HILLVIEW COURT",
        "DEV_NAME_CHN": "曉嵐閣",
        "FIRST_REFERENCE_LOT_PRN": "C5985974"
    },
    {
        "PRN": "C1080011",
        "SEQ_NUM": 1,
        "BLOCK": "3",
        "FLOOR": "G",
        "FLAT": "C",
        "HOUSE_NUM_PREFIX": NaN,
        "STREET_NAME_ENG": NaN,
        "STREET_NAME_CHN": NaN,
        "AREA_DESC_ENG": NaN,
        "AREA_DESC_CHN": NaN,
        "FREE_FORMAT_ADDR_ENG": "FLAT C ON G/F OF BLOCK 3 (INCLUDING THE TERRACE AND PLANTER) HILLVIEW COURT 11 KA SHUE ROAD SAI KUNG NEW TERRITORIES",
        "FREE_FORMAT_ADDR_CHN": NaN,
        "DEV_NAME_ENG": "HILLVIEW COURT",
        "DEV_NAME_CHN": "曉嵐閣",
        "FIRST_REFERENCE_LOT_PRN": "C5985974"
    },
    {
        "PRN": "C1080029",
        "SEQ_NUM": 1,
        "BLOCK": "6",
        "FLOOR": "G",
        "FLAT": "D",
        "HOUSE_NUM_PREFIX": NaN,
        "STREET_NAME_ENG": NaN,
        "STREET_NAME_CHN": NaN,
        "AREA_DESC_ENG": NaN,
        "AREA_DESC_CHN": NaN,
        "FREE_FORMAT_ADDR_ENG": "FLAT D ON G/F OF BLOCK 6 (INCLUDING TERRACE & PLANTER) HILLVIEW COURT 11 KA SHUE ROAD SAI KUNG NEW TERRITORIES",
        "FREE_FORMAT_ADDR_CHN": NaN,
        "DEV_NAME_ENG": "HILLVIEW COURT",
        "DEV_NAME_CHN": "曉嵐閣",
        "FIRST_REFERENCE_LOT_PRN": "C5985974"
    },
    {
        "PRN": "C1080036",
        "SEQ_NUM": 1,
        "BLOCK": "6",
        "FLOOR": "1",
        "FLAT": "D",
        "HOUSE_NUM_PREFIX": NaN,
        "STREET_NAME_ENG": NaN,
        "STREET_NAME_CHN": NaN,
        "AREA_DESC_ENG": NaN,
        "AREA_DESC_CHN": NaN,
        "FREE_FORMAT_ADDR_ENG": "FLAT D ON 1/F OF BLOCK 6 HILLVIEW COURT 11 KA SHUE ROAD SAI KUNG NEW TERRITORIES",
        "FREE_FORMAT_ADDR_CHN": NaN,
        "DEV_NAME_ENG": "HILLVIEW COURT",
        "DEV_NAME_CHN": "曉嵐閣",
        "FIRST_REFERENCE_LOT_PRN": "C5985974"
    }
]