[
    {
        "PRN": "B2450603",
        "SEQ_NUM": 1,
        "BLOCK": "46",
        "FLOOR": "2",
        "FLAT": "A",
        "HOUSE_NUM_PREFIX": NaN,
        "STREET_NAME_ENG": NaN,
        "STREET_NAME_CHN": NaN,
        "AREA_DESC_ENG": NaN,
        "AREA_DESC_CHN": NaN,
        "FREE_FORMAT_ADDR_ENG": "FLAT A ON 2/F HING FUNG BUILDING NO.46 SAN FUNG AVENUE SHEK WU HUI NEW TERRITORIES",
        "FREE_FORMAT_ADDR_CHN": NaN,
        "DEV_NAME_ENG": "HING FUNG BUILDING",
        "DEV_NAME_CHN": "慶豐樓",
        "FIRST_REFERENCE_LOT_PRN": "C6565648"
    },
    {
        "PRN": "B2450614",
        "SEQ_NUM": 1,
        "BLOCK": "46",
        "FLOOR": "4",
        "FLAT": "A",
        "HOUSE_NUM_PREFIX": NaN,
        "STREET_NAME_ENG": NaN,
        "STREET_NAME_CHN": NaN,
        "AREA_DESC_ENG": NaN,
        "AREA_DESC_CHN": NaN,
        "FREE_FORMAT_ADDR_ENG": "FLAT A ON 4/F HING FUNG BUILDING NO.46 SAN FUNG AVENUE SHEK WU HUI NEW TERRITORIES",
        "FREE_FORMAT_ADDR_CHN": NaN,
        "DEV_NAME_ENG": "HING FUNG BUILDING",
        "DEV_NAME_CHN": "慶豐樓",
        "FIRST_REFERENCE_LOT_PRN": "C6565648"
    },
    {
        "PRN": "B2450624",
        "SEQ_NUM": 1,
        "BLOCK": "46",
        "FLOOR": "5",
        "FLAT": "A",
        "HOUSE_NUM_PREFIX": NaN,
        "STREET_NAME_ENG": NaN,
        "STREET_NAME_CHN": NaN,
        "AREA_DESC_ENG": NaN,
        "AREA_DESC_CHN": NaN,
        "FREE_FORMAT_ADDR_ENG": "FLAT A ON 5/F AND ROOF HING FUNG BUILDING NO.46 SAN FUNG AVENUE SHEK WU HUI NEW TERRITORIES",
        "FREE_FORMAT_ADDR_CHN": NaN,
        "DEV_NAME_ENG": "HING FUNG BUILDING",
        "DEV_NAME_CHN": "慶豐樓",
        "FIRST_REFERENCE_LOT_PRN": "C6565648"
    },
    {
        "PRN": "B2450638",
        "SEQ_NUM": 1,
        "BLOCK": "46",
        "FLOOR": "2",
        "FLAT": "B",
        "HOUSE_NUM_PREFIX": NaN,
        "STREET_NAME_ENG": NaN,
        "STREET_NAME_CHN": NaN,
        "AREA_DESC_ENG": NaN,
        "AREA_DESC_CHN": NaN,
        "FREE_FORMAT_ADDR_ENG": "FLAT B ON 2/F HING FUNG BUILDING NO.46 SAN FUNG AVENUE SHEK WU HUI NEW TERRITORIES",
        "FREE_FORMAT_ADDR_CHN": NaN,
        "DEV_NAME_ENG": "HING FUNG BUILDING",
        "DEV_NAME_CHN": "慶豐樓",
        "FIRST_REFERENCE_LOT_PRN": "C6565648"
    },
    {
        "PRN": "B2450644",
        "SEQ_NUM": 1,
        "BLOCK": "46",
        "FLOOR": "4",
        "FLAT": "B",
        "HOUSE_NUM_PREFIX": NaN,
        "STREET_NAME_ENG": NaN,
        "STREET_NAME_CHN": NaN,
        "AREA_DESC_ENG": NaN,
        "AREA_DESC_CHN": NaN,
        "FREE_FORMAT_ADDR_ENG": "FLAT B ON 4/F HING FUNG BUILDING NO.46 SAN FUNG AVENUE SHEK WU HUI NEW TERRITORIES",
        "FREE_FORMAT_ADDR_CHN": NaN,
        "DEV_NAME_ENG": "HING FUNG BUILDING",
        "DEV_NAME_CHN": "慶豐樓",
        "FIRST_REFERENCE_LOT_PRN": "C6565648"
    },
    {
        "PRN": "B2450658",
        "SEQ_NUM": 1,
        "BLOCK": "46",
        "FLOOR": "5",
        "FLAT": "B",
        "HOUSE_NUM_PREFIX": NaN,
        "STREET_NAME_ENG": NaN,
        "STREET_NAME_CHN": NaN,
        "AREA_DESC_ENG": NaN,
        "AREA_DESC_CHN": NaN,
        "FREE_FORMAT_ADDR_ENG": "FLAT B ON 5/F AND ROOF HING FUNG BUILDING NO.46 SAN FUNG AVENUE SHEK WU HUI NEW TERRITORIES",
        "FREE_FORMAT_ADDR_CHN": NaN,
        "DEV_NAME_ENG": "HING FUNG BUILDING",
        "DEV_NAME_CHN": "慶豐樓",
        "FIRST_REFERENCE_LOT_PRN": "C6565648"
    },
    {
        "PRN": "B2450668",
        "SEQ_NUM": 1,
        "BLOCK": "46",
        "FLOOR": "1",
        "FLAT": "C",
        "HOUSE_NUM_PREFIX": NaN,
        "STREET_NAME_ENG": NaN,
        "STREET_NAME_CHN": NaN,
        "AREA_DESC_ENG": NaN,
        "AREA_DESC_CHN": NaN,
        "FREE_FORMAT_ADDR_ENG": "FLAT C ON 1/F AND FLAT ROOF HING FUNG BUILDING NO.46 SAN FUNG AVENUE SHEK WU HUI NEW TERRITORIES",
        "FREE_FORMAT_ADDR_CHN": NaN,
        "DEV_NAME_ENG": "HING FUNG BUILDING",
        "DEV_NAME_CHN": "慶豐樓",
        "FIRST_REFERENCE_LOT_PRN": "C6565648"
    },
    {
        "PRN": "B2450675",
        "SEQ_NUM": 1,
        "BLOCK": "46",
        "FLOOR": "2",
        "FLAT": "C",
        "HOUSE_NUM_PREFIX": NaN,
        "STREET_NAME_ENG": NaN,
        "STREET_NAME_CHN": NaN,
        "AREA_DESC_ENG": NaN,
        "AREA_DESC_CHN": NaN,
        "FREE_FORMAT_ADDR_ENG": "FLAT C ON 2/F HING FUNG BUILDING NO.46 SAN FUNG AVENUE SHEK WU HUI NEW TERRITORIES",
        "FREE_FORMAT_ADDR_CHN": NaN,
        "DEV_NAME_ENG": "HING FUNG BUILDING",
        "DEV_NAME_CHN": "慶豐樓",
        "FIRST_REFERENCE_LOT_PRN": "C6565648"
    },
    {
        "PRN": "B2450680",
        "SEQ_NUM": 1,
        "BLOCK": "46",
        "FLOOR": "5",
        "FLAT": "C",
        "HOUSE_NUM_PREFIX": NaN,
        "STREET_NAME_ENG": NaN,
        "STREET_NAME_CHN": NaN,
        "AREA_DESC_ENG": NaN,
        "AREA_DESC_CHN": NaN,
        "FREE_FORMAT_ADDR_ENG": "FLAT C ON 5/F AND ROOF HING FUNG BUILDING NO.46 SAN FUNG AVENUE SHEK WU HUI NEW TERRITORIES",
        "FREE_FORMAT_ADDR_CHN": NaN,
        "DEV_NAME_ENG": "HING FUNG BUILDING",
        "DEV_NAME_CHN": "慶豐樓",
        "FIRST_REFERENCE_LOT_PRN": "C6565648"
    },
    {
        "PRN": "B2455828",
        "SEQ_NUM": 1,
        "BLOCK": "46",
        "FLOOR": "3",
        "FLAT": "C",
        "HOUSE_NUM_PREFIX": NaN,
        "STREET_NAME_ENG": NaN,
        "STREET_NAME_CHN": NaN,
        "AREA_DESC_ENG": NaN,
        "AREA_DESC_CHN": NaN,
        "FREE_FORMAT_ADDR_ENG": "FLAT C ON 3/F HING FUNG BUILDING NO.46 SAN FUNG AVENUE SHEK WU HUI NEW TERRITORIES",
        "FREE_FORMAT_ADDR_CHN": NaN,
        "DEV_NAME_ENG": "HING FUNG BUILDING",
        "DEV_NAME_CHN": "慶豐樓",
        "FIRST_REFERENCE_LOT_PRN": "C6565648"
    },
    {
        "PRN": "B5695791",
        "SEQ_NUM": 1,
        "BLOCK": "46",
        "FLOOR": "4",
        "FLAT": "C",
        "HOUSE_NUM_PREFIX": NaN,
        "STREET_NAME_ENG": NaN,
        "STREET_NAME_CHN": NaN,
        "AREA_DESC_ENG": NaN,
        "AREA_DESC_CHN": NaN,
        "FREE_FORMAT_ADDR_ENG": "FLAT C ON 4/F HING FUNG BUILDING NO.46 SAN FUNG AVENUE SHEK WU HUI NEW TERRITORIES",
        "FREE_FORMAT_ADDR_CHN": NaN,
        "DEV_NAME_ENG": "HING FUNG BUILDING",
        "DEV_NAME_CHN": "慶豐樓",
        "FIRST_REFERENCE_LOT_PRN": "C6565648"
    },
    {
        "PRN": "B6032497",
        "SEQ_NUM": 1,
        "BLOCK": "46",
        "FLOOR": "1",
        "FLAT": "B",
        "HOUSE_NUM_PREFIX": NaN,
        "STREET_NAME_ENG": NaN,
        "STREET_NAME_CHN": NaN,
        "AREA_DESC_ENG": NaN,
        "AREA_DESC_CHN": NaN,
        "FREE_FORMAT_ADDR_ENG": "FLAT B ON 1/F AND FLAT ROOF HING FUNG BUILDING NO.46 SAN FUNG AVENUE SHEK WU HUI NEW TERRITORIES",
        "FREE_FORMAT_ADDR_CHN": NaN,
        "DEV_NAME_ENG": "HING FUNG BUILDING",
        "DEV_NAME_CHN": "慶豐樓",
        "FIRST_REFERENCE_LOT_PRN": "C6565648"
    },
    {
        "PRN": "B7617020",
        "SEQ_NUM": 1,
        "BLOCK": "46",
        "FLOOR": "1",
        "FLAT": "A",
        "HOUSE_NUM_PREFIX": NaN,
        "STREET_NAME_ENG": NaN,
        "STREET_NAME_CHN": NaN,
        "AREA_DESC_ENG": NaN,
        "AREA_DESC_CHN": NaN,
        "FREE_FORMAT_ADDR_ENG": "FLAT A ON 1/F AND FLAT ROOF HING FUNG BUILDING NO.46 SAN FUNG AVENUE SHEK WU HUI NEW TERRITORIES",
        "FREE_FORMAT_ADDR_CHN": NaN,
        "DEV_NAME_ENG": "HING FUNG BUILDING",
        "DEV_NAME_CHN": "慶豐樓",
        "FIRST_REFERENCE_LOT_PRN": "C6565648"
    },
    {
        "PRN": "B7617037",
        "SEQ_NUM": 1,
        "BLOCK": "46",
        "FLOOR": "3",
        "FLAT": "B",
        "HOUSE_NUM_PREFIX": NaN,
        "STREET_NAME_ENG": NaN,
        "STREET_NAME_CHN": NaN,
        "AREA_DESC_ENG": NaN,
        "AREA_DESC_CHN": NaN,
        "FREE_FORMAT_ADDR_ENG": "FLAT B ON 3/F HING FUNG BUILDING NO.46 SAN FUNG AVENUE SHEK WU HUI NEW TERRITORIES",
        "FREE_FORMAT_ADDR_CHN": NaN,
        "DEV_NAME_ENG": "HING FUNG BUILDING",
        "DEV_NAME_CHN": "慶豐樓",
        "FIRST_REFERENCE_LOT_PRN": "C6565648"
    },
    {
        "PRN": "C0298271",
        "SEQ_NUM": 1,
        "BLOCK": "46",
        "FLOOR": "3",
        "FLAT": "A",
        "HOUSE_NUM_PREFIX": NaN,
        "STREET_NAME_ENG": NaN,
        "STREET_NAME_CHN": NaN,
        "AREA_DESC_ENG": NaN,
        "AREA_DESC_CHN": NaN,
        "FREE_FORMAT_ADDR_ENG": "FLAT A ON 3/F HING FUNG BUILDING NO.46 SAN FUNG AVENUE SHEK WU HUI NEW TERRITORIES",
        "FREE_FORMAT_ADDR_CHN": NaN,
        "DEV_NAME_ENG": "HING FUNG BUILDING",
        "DEV_NAME_CHN": "慶豐樓",
        "FIRST_REFERENCE_LOT_PRN": "C6565648"
    }
]