[
    {
        "PRN": "B3282760",
        "SEQ_NUM": 1,
        "BLOCK": "H",
        "FLOOR": "2",
        "FLAT": "1",
        "HOUSE_NUM_PREFIX": NaN,
        "STREET_NAME_ENG": NaN,
        "STREET_NAME_CHN": NaN,
        "AREA_DESC_ENG": NaN,
        "AREA_DESC_CHN": NaN,
        "FREE_FORMAT_ADDR_ENG": "FLAT 1 ON 2/F AND ROOF OF BLOCK H HOI FUK VILLA (PHASE II) NO.29 CHEUNG SHEK ROAD CHEUNG CHAU NEW TERRITORIES",
        "FREE_FORMAT_ADDR_CHN": NaN,
        "DEV_NAME_ENG": "HOI FUK VILLA",
        "DEV_NAME_CHN": "海福苑",
        "FIRST_REFERENCE_LOT_PRN": "C5802780"
    },
    {
        "PRN": "B3282779",
        "SEQ_NUM": 1,
        "BLOCK": "H",
        "FLOOR": "2",
        "FLAT": "2",
        "HOUSE_NUM_PREFIX": NaN,
        "STREET_NAME_ENG": NaN,
        "STREET_NAME_CHN": NaN,
        "AREA_DESC_ENG": NaN,
        "AREA_DESC_CHN": NaN,
        "FREE_FORMAT_ADDR_ENG": "FLAT 2 ON 2/F AND ROOF OF BLOCK H HOI FUK VILLA (PHASE II) NO.29 CHEUNG SHEK ROAD CHEUNG CHAU NEW TERRITORIES",
        "FREE_FORMAT_ADDR_CHN": NaN,
        "DEV_NAME_ENG": "HOI FUK VILLA",
        "DEV_NAME_CHN": "海福苑",
        "FIRST_REFERENCE_LOT_PRN": "C5802780"
    },
    {
        "PRN": "B3282789",
        "SEQ_NUM": 1,
        "BLOCK": "I",
        "FLOOR": "G",
        "FLAT": "1",
        "HOUSE_NUM_PREFIX": NaN,
        "STREET_NAME_ENG": NaN,
        "STREET_NAME_CHN": NaN,
        "AREA_DESC_ENG": NaN,
        "AREA_DESC_CHN": NaN,
        "FREE_FORMAT_ADDR_ENG": "FLAT 1 ON G/F INCLUDING THE GARDEN OF BLOCK I HOI FUK VILLA (PHASE II) NO.29 CHEUNG SHEK ROAD CHEUNG CHAU NEW TERRITORIES",
        "FREE_FORMAT_ADDR_CHN": NaN,
        "DEV_NAME_ENG": "HOI FUK VILLA",
        "DEV_NAME_CHN": "海福苑",
        "FIRST_REFERENCE_LOT_PRN": "C5802780"
    },
    {
        "PRN": "B3282799",
        "SEQ_NUM": 1,
        "BLOCK": "I",
        "FLOOR": "1",
        "FLAT": "1",
        "HOUSE_NUM_PREFIX": NaN,
        "STREET_NAME_ENG": NaN,
        "STREET_NAME_CHN": NaN,
        "AREA_DESC_ENG": NaN,
        "AREA_DESC_CHN": NaN,
        "FREE_FORMAT_ADDR_ENG": "FLAT 1 ON 1/F OF BLOCK I HOI FUK VILLA (PHASE II) NO.29 CHEUNG SHEK ROAD CHEUNG CHAU NEW TERRITORIES",
        "FREE_FORMAT_ADDR_CHN": NaN,
        "DEV_NAME_ENG": "HOI FUK VILLA",
        "DEV_NAME_CHN": "海福苑",
        "FIRST_REFERENCE_LOT_PRN": "C5802780"
    },
    {
        "PRN": "B3282809",
        "SEQ_NUM": 1,
        "BLOCK": "I",
        "FLOOR": "2",
        "FLAT": "1",
        "HOUSE_NUM_PREFIX": NaN,
        "STREET_NAME_ENG": NaN,
        "STREET_NAME_CHN": NaN,
        "AREA_DESC_ENG": NaN,
        "AREA_DESC_CHN": NaN,
        "FREE_FORMAT_ADDR_ENG": "FLAT 1 ON 2/F AND ROOF OF BLOCK I HOI FUK VILLA (PHASE II) NO.29 CHEUNG SHEK ROAD CHEUNG CHAU NEW TERRITORIES",
        "FREE_FORMAT_ADDR_CHN": NaN,
        "DEV_NAME_ENG": "HOI FUK VILLA",
        "DEV_NAME_CHN": "海福苑",
        "FIRST_REFERENCE_LOT_PRN": "C5802780"
    },
    {
        "PRN": "B3282817",
        "SEQ_NUM": 1,
        "BLOCK": "I",
        "FLOOR": "G",
        "FLAT": "2",
        "HOUSE_NUM_PREFIX": NaN,
        "STREET_NAME_ENG": NaN,
        "STREET_NAME_CHN": NaN,
        "AREA_DESC_ENG": NaN,
        "AREA_DESC_CHN": NaN,
        "FREE_FORMAT_ADDR_ENG": "FLAT 2 ON G/F INCLUDING THE GARDEN OF BLOCK I HOI FUK VILLA (PHASE II) NO.29 CHEUNG SHEK ROAD CHEUNG CHAU NEW TERRITORIES",
        "FREE_FORMAT_ADDR_CHN": NaN,
        "DEV_NAME_ENG": "HOI FUK VILLA",
        "DEV_NAME_CHN": "海福苑",
        "FIRST_REFERENCE_LOT_PRN": "C5802780"
    },
    {
        "PRN": "B3282823",
        "SEQ_NUM": 1,
        "BLOCK": "I",
        "FLOOR": "2",
        "FLAT": "2",
        "HOUSE_NUM_PREFIX": NaN,
        "STREET_NAME_ENG": NaN,
        "STREET_NAME_CHN": NaN,
        "AREA_DESC_ENG": NaN,
        "AREA_DESC_CHN": NaN,
        "FREE_FORMAT_ADDR_ENG": "FLAT 2 ON 2/F AND ROOF OF BLOCK I HOI FUK VILLA (PHASE II) NO.29 CHEUNG SHEK ROAD CHEUNG CHAU NEW TERRITORIES",
        "FREE_FORMAT_ADDR_CHN": NaN,
        "DEV_NAME_ENG": "HOI FUK VILLA",
        "DEV_NAME_CHN": "海福苑",
        "FIRST_REFERENCE_LOT_PRN": "C5802780"
    },
    {
        "PRN": "B3282831",
        "SEQ_NUM": 1,
        "BLOCK": "J",
        "FLOOR": "G",
        "FLAT": "1",
        "HOUSE_NUM_PREFIX": NaN,
        "STREET_NAME_ENG": NaN,
        "STREET_NAME_CHN": NaN,
        "AREA_DESC_ENG": NaN,
        "AREA_DESC_CHN": NaN,
        "FREE_FORMAT_ADDR_ENG": "FLAT 1 ON G/F INCLUDING THE GARDEN OF BLOCK J HOI FUK VILLA (PHASE II) NO.29 CHEUNG SHEK ROAD CHEUNG CHAU NEW TERRITORIES",
        "FREE_FORMAT_ADDR_CHN": NaN,
        "DEV_NAME_ENG": "HOI FUK VILLA",
        "DEV_NAME_CHN": "海福苑",
        "FIRST_REFERENCE_LOT_PRN": "C5802780"
    },
    {
        "PRN": "B3282847",
        "SEQ_NUM": 1,
        "BLOCK": "J",
        "FLOOR": "1",
        "FLAT": "1",
        "HOUSE_NUM_PREFIX": NaN,
        "STREET_NAME_ENG": NaN,
        "STREET_NAME_CHN": NaN,
        "AREA_DESC_ENG": NaN,
        "AREA_DESC_CHN": NaN,
        "FREE_FORMAT_ADDR_ENG": "FLAT 1 ON 1/F OF BLOCK J HOI FUK VILLA (PHASE II) NO.29 CHEUNG SHEK ROAD CHEUNG CHAU NEW TERRITORIES",
        "FREE_FORMAT_ADDR_CHN": NaN,
        "DEV_NAME_ENG": "HOI FUK VILLA",
        "DEV_NAME_CHN": "海福苑",
        "FIRST_REFERENCE_LOT_PRN": "C5802780"
    },
    {
        "PRN": "B3282859",
        "SEQ_NUM": 1,
        "BLOCK": "J",
        "FLOOR": "1",
        "FLAT": "2",
        "HOUSE_NUM_PREFIX": NaN,
        "STREET_NAME_ENG": NaN,
        "STREET_NAME_CHN": NaN,
        "AREA_DESC_ENG": NaN,
        "AREA_DESC_CHN": NaN,
        "FREE_FORMAT_ADDR_ENG": "FLAT 2 ON 1/F OF BLOCK J HOI FUK VILLA (PHASE II) NO.29 CHEUNG SHEK ROAD CHEUNG CHAU NEW TERRITORIES",
        "FREE_FORMAT_ADDR_CHN": NaN,
        "DEV_NAME_ENG": "HOI FUK VILLA",
        "DEV_NAME_CHN": "海福苑",
        "FIRST_REFERENCE_LOT_PRN": "C5802780"
    },
    {
        "PRN": "B3282867",
        "SEQ_NUM": 1,
        "BLOCK": "J",
        "FLOOR": "2",
        "FLAT": "2",
        "HOUSE_NUM_PREFIX": NaN,
        "STREET_NAME_ENG": NaN,
        "STREET_NAME_CHN": NaN,
        "AREA_DESC_ENG": NaN,
        "AREA_DESC_CHN": NaN,
        "FREE_FORMAT_ADDR_ENG": "FLAT 2 ON 2/F AND ROOF OF BLOCK J HOI FUK VILLA (PHASE II) NO.29 CHEUNG SHEK ROAD CHEUNG CHAU NEW TERRITORIES",
        "FREE_FORMAT_ADDR_CHN": NaN,
        "DEV_NAME_ENG": "HOI FUK VILLA",
        "DEV_NAME_CHN": "海福苑",
        "FIRST_REFERENCE_LOT_PRN": "C5802780"
    },
    {
        "PRN": "B3282876",
        "SEQ_NUM": 1,
        "BLOCK": "K",
        "FLOOR": "G",
        "FLAT": "1",
        "HOUSE_NUM_PREFIX": NaN,
        "STREET_NAME_ENG": NaN,
        "STREET_NAME_CHN": NaN,
        "AREA_DESC_ENG": NaN,
        "AREA_DESC_CHN": NaN,
        "FREE_FORMAT_ADDR_ENG": "FLAT 1 ON G/F INCLUDING THE GARDEN OF BLOCK K HOI FUK VILLA (PHASE II) NO.29 CHEUNG SHEK ROAD CHEUNG CHAU NEW TERRITORIES",
        "FREE_FORMAT_ADDR_CHN": NaN,
        "DEV_NAME_ENG": "HOI FUK VILLA",
        "DEV_NAME_CHN": "海福苑",
        "FIRST_REFERENCE_LOT_PRN": "C5802780"
    },
    {
        "PRN": "B3282888",
        "SEQ_NUM": 1,
        "BLOCK": "K",
        "FLOOR": "2",
        "FLAT": "1",
        "HOUSE_NUM_PREFIX": NaN,
        "STREET_NAME_ENG": NaN,
        "STREET_NAME_CHN": NaN,
        "AREA_DESC_ENG": NaN,
        "AREA_DESC_CHN": NaN,
        "FREE_FORMAT_ADDR_ENG": "FLAT 1 ON 2/F AND ROOF OF BLOCK K HOI FUK VILLA (PHASE II) NO.29 CHEUNG SHEK ROAD CHEUNG CHAU NEW TERRITORIES",
        "FREE_FORMAT_ADDR_CHN": NaN,
        "DEV_NAME_ENG": "HOI FUK VILLA",
        "DEV_NAME_CHN": "海福苑",
        "FIRST_REFERENCE_LOT_PRN": "C5802780"
    },
    {
        "PRN": "B3282894",
        "SEQ_NUM": 1,
        "BLOCK": "K",
        "FLOOR": "G",
        "FLAT": "2",
        "HOUSE_NUM_PREFIX": NaN,
        "STREET_NAME_ENG": NaN,
        "STREET_NAME_CHN": NaN,
        "AREA_DESC_ENG": NaN,
        "AREA_DESC_CHN": NaN,
        "FREE_FORMAT_ADDR_ENG": "FLAT 2 ON G/F INCLUDING THE GARDEN OF BLOCK K HOI FUK VILLA (PHASE II) NO.29 CHEUNG SHEK ROAD CHEUNG CHAU NEW TERRITORIES",
        "FREE_FORMAT_ADDR_CHN": NaN,
        "DEV_NAME_ENG": "HOI FUK VILLA",
        "DEV_NAME_CHN": "海福苑",
        "FIRST_REFERENCE_LOT_PRN": "C5802780"
    },
    {
        "PRN": "B3282907",
        "SEQ_NUM": 1,
        "BLOCK": "K",
        "FLOOR": "1",
        "FLAT": "2",
        "HOUSE_NUM_PREFIX": NaN,
        "STREET_NAME_ENG": NaN,
        "STREET_NAME_CHN": NaN,
        "AREA_DESC_ENG": NaN,
        "AREA_DESC_CHN": NaN,
        "FREE_FORMAT_ADDR_ENG": "FLAT 2 ON 1/F OF BLOCK K HOI FUK VILLA (PHASE II) NO.29 CHEUNG SHEK ROAD CHEUNG CHAU NEW TERRITORIES",
        "FREE_FORMAT_ADDR_CHN": NaN,
        "DEV_NAME_ENG": "HOI FUK VILLA",
        "DEV_NAME_CHN": "海福苑",
        "FIRST_REFERENCE_LOT_PRN": "C5802780"
    },
    {
        "PRN": "B3282916",
        "SEQ_NUM": 1,
        "BLOCK": "L",
        "FLOOR": "G",
        "FLAT": "1",
        "HOUSE_NUM_PREFIX": NaN,
        "STREET_NAME_ENG": NaN,
        "STREET_NAME_CHN": NaN,
        "AREA_DESC_ENG": NaN,
        "AREA_DESC_CHN": NaN,
        "FREE_FORMAT_ADDR_ENG": "FLAT 1 ON G/F INCLUDING THE GARDEN OF BLOCK L HOI FUK VILLA (PHASE II) NO.29 CHEUNG SHEK ROAD CHEUNG CHAU NEW TERRITORIES",
        "FREE_FORMAT_ADDR_CHN": NaN,
        "DEV_NAME_ENG": "HOI FUK VILLA",
        "DEV_NAME_CHN": "海福苑",
        "FIRST_REFERENCE_LOT_PRN": "C5802780"
    },
    {
        "PRN": "B3282929",
        "SEQ_NUM": 1,
        "BLOCK": "L",
        "FLOOR": "1",
        "FLAT": "1",
        "HOUSE_NUM_PREFIX": NaN,
        "STREET_NAME_ENG": NaN,
        "STREET_NAME_CHN": NaN,
        "AREA_DESC_ENG": NaN,
        "AREA_DESC_CHN": NaN,
        "FREE_FORMAT_ADDR_ENG": "FLAT 1 ON 1/F OF BLOCK L HOI FUK VILLA (PHASE II) NO.29 CHEUNG SHEK ROAD CHEUNG CHAU NEW TERRITORIES",
        "FREE_FORMAT_ADDR_CHN": NaN,
        "DEV_NAME_ENG": "HOI FUK VILLA",
        "DEV_NAME_CHN": "海福苑",
        "FIRST_REFERENCE_LOT_PRN": "C5802780"
    },
    {
        "PRN": "B3282930",
        "SEQ_NUM": 1,
        "BLOCK": "L",
        "FLOOR": "2",
        "FLAT": "1",
        "HOUSE_NUM_PREFIX": NaN,
        "STREET_NAME_ENG": NaN,
        "STREET_NAME_CHN": NaN,
        "AREA_DESC_ENG": NaN,
        "AREA_DESC_CHN": NaN,
        "FREE_FORMAT_ADDR_ENG": "FLAT 1 ON 2/F AND ROOF OF BLOCK L HOI FUK VILLA (PHASE II) NO.29 CHEUNG SHEK ROAD CHEUNG CHAU NEW TERRITORIES",
        "FREE_FORMAT_ADDR_CHN": NaN,
        "DEV_NAME_ENG": "HOI FUK VILLA",
        "DEV_NAME_CHN": "海福苑",
        "FIRST_REFERENCE_LOT_PRN": "C5802780"
    },
    {
        "PRN": "B3282943",
        "SEQ_NUM": 1,
        "BLOCK": "L",
        "FLOOR": "G",
        "FLAT": "2",
        "HOUSE_NUM_PREFIX": NaN,
        "STREET_NAME_ENG": NaN,
        "STREET_NAME_CHN": NaN,
        "AREA_DESC_ENG": NaN,
        "AREA_DESC_CHN": NaN,
        "FREE_FORMAT_ADDR_ENG": "FLAT 2 ON G/F INCLUDING THE GARDEN OF BLOCK L HOI FUK VILLA (PHASE II) NO.29 CHEUNG SHEK ROAD CHEUNG CHAU NEW TERRITORIES",
        "FREE_FORMAT_ADDR_CHN": NaN,
        "DEV_NAME_ENG": "HOI FUK VILLA",
        "DEV_NAME_CHN": "海福苑",
        "FIRST_REFERENCE_LOT_PRN": "C5802780"
    },
    {
        "PRN": "B3295878",
        "SEQ_NUM": 1,
        "BLOCK": "B",
        "FLOOR": "G",
        "FLAT": "1",
        "HOUSE_NUM_PREFIX": NaN,
        "STREET_NAME_ENG": NaN,
        "STREET_NAME_CHN": NaN,
        "AREA_DESC_ENG": NaN,
        "AREA_DESC_CHN": NaN,
        "FREE_FORMAT_ADDR_ENG": "FLAT 1 ON G/F OF BLOCK B HOI FUK VILLA TAI SHEK HAU NO.29 CHEUNG SHEK ROAD CHEUNG CHAU NEW TERRITORIES",
        "FREE_FORMAT_ADDR_CHN": NaN,
        "DEV_NAME_ENG": "HOI FUK VILLA",
        "DEV_NAME_CHN": "海福苑",
        "FIRST_REFERENCE_LOT_PRN": "C5988196"
    },
    {
        "PRN": "B3295888",
        "SEQ_NUM": 1,
        "BLOCK": "B",
        "FLOOR": "1",
        "FLAT": "1",
        "HOUSE_NUM_PREFIX": NaN,
        "STREET_NAME_ENG": NaN,
        "STREET_NAME_CHN": NaN,
        "AREA_DESC_ENG": NaN,
        "AREA_DESC_CHN": NaN,
        "FREE_FORMAT_ADDR_ENG": "FLAT 1 ON 1/F OF BLOCK B HOI FUK VILLA TAI SHEK HAU NO.29 CHEUNG SHEK ROAD CHEUNG CHAU NEW TERRITORIES",
        "FREE_FORMAT_ADDR_CHN": NaN,
        "DEV_NAME_ENG": "HOI FUK VILLA",
        "DEV_NAME_CHN": "海福苑",
        "FIRST_REFERENCE_LOT_PRN": "C5988196"
    },
    {
        "PRN": "B3295894",
        "SEQ_NUM": 1,
        "BLOCK": "B",
        "FLOOR": "2",
        "FLAT": "1",
        "HOUSE_NUM_PREFIX": NaN,
        "STREET_NAME_ENG": NaN,
        "STREET_NAME_CHN": NaN,
        "AREA_DESC_ENG": NaN,
        "AREA_DESC_CHN": NaN,
        "FREE_FORMAT_ADDR_ENG": "FLAT 1 ON 2/F AND ROOF OF BLOCK B HOI FUK VILLA TAI SHEK HAU NO.29 CHEUNG SHEK ROAD CHEUNG CHAU NEW TERRITORIES",
        "FREE_FORMAT_ADDR_CHN": NaN,
        "DEV_NAME_ENG": "HOI FUK VILLA",
        "DEV_NAME_CHN": "海福苑",
        "FIRST_REFERENCE_LOT_PRN": "C5988196"
    },
    {
        "PRN": "B3295903",
        "SEQ_NUM": 1,
        "BLOCK": "B",
        "FLOOR": "2",
        "FLAT": "2",
        "HOUSE_NUM_PREFIX": NaN,
        "STREET_NAME_ENG": NaN,
        "STREET_NAME_CHN": NaN,
        "AREA_DESC_ENG": NaN,
        "AREA_DESC_CHN": NaN,
        "FREE_FORMAT_ADDR_ENG": "FLAT 2 ON 2/F AND ROOF OF BLOCK B HOI FUK VILLA TAI SHEK HAU NO.29 CHEUNG SHEK ROAD CHEUNG CHAU NEW TERRITORIES",
        "FREE_FORMAT_ADDR_CHN": NaN,
        "DEV_NAME_ENG": "HOI FUK VILLA",
        "DEV_NAME_CHN": "海福苑",
        "FIRST_REFERENCE_LOT_PRN": "C5988196"
    },
    {
        "PRN": "B3295946",
        "SEQ_NUM": 1,
        "BLOCK": "C",
        "FLOOR": "G",
        "FLAT": "1",
        "HOUSE_NUM_PREFIX": NaN,
        "STREET_NAME_ENG": NaN,
        "STREET_NAME_CHN": NaN,
        "AREA_DESC_ENG": NaN,
        "AREA_DESC_CHN": NaN,
        "FREE_FORMAT_ADDR_ENG": "FLAT 1 ON G/F OF BLOCK C HOI FUK VILLA TAI SHEK HAU NO.29 CHEUNG SHEK ROAD CHEUNG CHAU NEW TERRITORIES",
        "FREE_FORMAT_ADDR_CHN": NaN,
        "DEV_NAME_ENG": "HOI FUK VILLA",
        "DEV_NAME_CHN": "海福苑",
        "FIRST_REFERENCE_LOT_PRN": "C5988196"
    },
    {
        "PRN": "B3295955",
        "SEQ_NUM": 1,
        "BLOCK": "C",
        "FLOOR": "1",
        "FLAT": "1",
        "HOUSE_NUM_PREFIX": NaN,
        "STREET_NAME_ENG": NaN,
        "STREET_NAME_CHN": NaN,
        "AREA_DESC_ENG": NaN,
        "AREA_DESC_CHN": NaN,
        "FREE_FORMAT_ADDR_ENG": "FLAT 1 ON 1/F OF BLOCK C HOI FUK VILLA TAI SHEK HAU NO.29 CHEUNG SHEK ROAD CHEUNG CHAU NEW TERRITORIES",
        "FREE_FORMAT_ADDR_CHN": NaN,
        "DEV_NAME_ENG": "HOI FUK VILLA",
        "DEV_NAME_CHN": "海福苑",
        "FIRST_REFERENCE_LOT_PRN": "C5988196"
    },
    {
        "PRN": "B3295969",
        "SEQ_NUM": 1,
        "BLOCK": "C",
        "FLOOR": "G",
        "FLAT": "2",
        "HOUSE_NUM_PREFIX": NaN,
        "STREET_NAME_ENG": NaN,
        "STREET_NAME_CHN": NaN,
        "AREA_DESC_ENG": NaN,
        "AREA_DESC_CHN": NaN,
        "FREE_FORMAT_ADDR_ENG": "FLAT 2 ON G/F OF BLOCK C HOI FUK VILLA TAI SHEK HAU NO.29 CHEUNG SHEK ROAD CHEUNG CHAU NEW TERRITORIES",
        "FREE_FORMAT_ADDR_CHN": NaN,
        "DEV_NAME_ENG": "HOI FUK VILLA",
        "DEV_NAME_CHN": "海福苑",
        "FIRST_REFERENCE_LOT_PRN": "C5988196"
    },
    {
        "PRN": "B3295970",
        "SEQ_NUM": 1,
        "BLOCK": "C",
        "FLOOR": "1",
        "FLAT": "2",
        "HOUSE_NUM_PREFIX": NaN,
        "STREET_NAME_ENG": NaN,
        "STREET_NAME_CHN": NaN,
        "AREA_DESC_ENG": NaN,
        "AREA_DESC_CHN": NaN,
        "FREE_FORMAT_ADDR_ENG": "FLAT 2 ON 1/F OF BLOCK C HOI FUK VILLA TAI SHEK HAU NO.29 CHEUNG SHEK ROAD CHEUNG CHAU NEW TERRITORIES",
        "FREE_FORMAT_ADDR_CHN": NaN,
        "DEV_NAME_ENG": "HOI FUK VILLA",
        "DEV_NAME_CHN": "海福苑",
        "FIRST_REFERENCE_LOT_PRN": "C5988196"
    },
    {
        "PRN": "B3295982",
        "SEQ_NUM": 1,
        "BLOCK": "C",
        "FLOOR": "2",
        "FLAT": "2",
        "HOUSE_NUM_PREFIX": NaN,
        "STREET_NAME_ENG": NaN,
        "STREET_NAME_CHN": NaN,
        "AREA_DESC_ENG": NaN,
        "AREA_DESC_CHN": NaN,
        "FREE_FORMAT_ADDR_ENG": "FLAT 2 ON 2/F AND ROOF OF BLOCK C HOI FUK VILLA TAI SHEK HAU NO.29 CHEUNG SHEK ROAD CHEUNG CHAU NEW TERRITORIES",
        "FREE_FORMAT_ADDR_CHN": NaN,
        "DEV_NAME_ENG": "HOI FUK VILLA",
        "DEV_NAME_CHN": "海福苑",
        "FIRST_REFERENCE_LOT_PRN": "C5988196"
    },
    {
        "PRN": "B3296013",
        "SEQ_NUM": 1,
        "BLOCK": "D",
        "FLOOR": "2",
        "FLAT": "1",
        "HOUSE_NUM_PREFIX": NaN,
        "STREET_NAME_ENG": NaN,
        "STREET_NAME_CHN": NaN,
        "AREA_DESC_ENG": NaN,
        "AREA_DESC_CHN": NaN,
        "FREE_FORMAT_ADDR_ENG": "FLAT 1 ON 2/F AND ROOF OF BLOCK D HOI FUK VILLA TAI SHEK HAU NO.29 CHEUNG SHEK ROAD CHEUNG CHAU NEW TERRITORIES",
        "FREE_FORMAT_ADDR_CHN": NaN,
        "DEV_NAME_ENG": "HOI FUK VILLA",
        "DEV_NAME_CHN": "海福苑",
        "FIRST_REFERENCE_LOT_PRN": "C5988196"
    },
    {
        "PRN": "B3296022",
        "SEQ_NUM": 1,
        "BLOCK": "D",
        "FLOOR": "G",
        "FLAT": "2",
        "HOUSE_NUM_PREFIX": NaN,
        "STREET_NAME_ENG": NaN,
        "STREET_NAME_CHN": NaN,
        "AREA_DESC_ENG": NaN,
        "AREA_DESC_CHN": NaN,
        "FREE_FORMAT_ADDR_ENG": "FLAT 2 ON G/F OF BLOCK D HOI FUK VILLA TAI SHEK HAU NO.29 CHEUNG SHEK ROAD CHEUNG CHAU NEW TERRITORIES",
        "FREE_FORMAT_ADDR_CHN": NaN,
        "DEV_NAME_ENG": "HOI FUK VILLA",
        "DEV_NAME_CHN": "海福苑",
        "FIRST_REFERENCE_LOT_PRN": "C5988196"
    },
    {
        "PRN": "B3296056",
        "SEQ_NUM": 1,
        "BLOCK": "E",
        "FLOOR": "1",
        "FLAT": "1",
        "HOUSE_NUM_PREFIX": NaN,
        "STREET_NAME_ENG": NaN,
        "STREET_NAME_CHN": NaN,
        "AREA_DESC_ENG": NaN,
        "AREA_DESC_CHN": NaN,
        "FREE_FORMAT_ADDR_ENG": "FLAT 1 ON 1/F OF BLOCK E HOI FUK VILLA TAI SHEK HAU NO.29 CHEUNG SHEK ROAD CHEUNG CHAU NEW TERRITORIES",
        "FREE_FORMAT_ADDR_CHN": NaN,
        "DEV_NAME_ENG": "HOI FUK VILLA",
        "DEV_NAME_CHN": "海福苑",
        "FIRST_REFERENCE_LOT_PRN": "C5988196"
    },
    {
        "PRN": "B3296065",
        "SEQ_NUM": 1,
        "BLOCK": "E",
        "FLOOR": "2",
        "FLAT": "1",
        "HOUSE_NUM_PREFIX": NaN,
        "STREET_NAME_ENG": NaN,
        "STREET_NAME_CHN": NaN,
        "AREA_DESC_ENG": NaN,
        "AREA_DESC_CHN": NaN,
        "FREE_FORMAT_ADDR_ENG": "FLAT 1 ON 2/F & ROOF OF BLOCK E HOI FUK VILLA TAI SHEK HAU NO.29 CHEUNG SHEK ROAD CHEUNG CHAU NEW TERRITORIES",
        "FREE_FORMAT_ADDR_CHN": NaN,
        "DEV_NAME_ENG": "HOI FUK VILLA",
        "DEV_NAME_CHN": "海福苑",
        "FIRST_REFERENCE_LOT_PRN": "C5988196"
    },
    {
        "PRN": "B3296070",
        "SEQ_NUM": 1,
        "BLOCK": "E",
        "FLOOR": "G",
        "FLAT": "2",
        "HOUSE_NUM_PREFIX": NaN,
        "STREET_NAME_ENG": NaN,
        "STREET_NAME_CHN": NaN,
        "AREA_DESC_ENG": NaN,
        "AREA_DESC_CHN": NaN,
        "FREE_FORMAT_ADDR_ENG": "FLAT 2 ON G/F OF BLOCK E HOI FUK VILLA TAI SHEK HAU NO.29 CHEUNG SHEK ROAD CHEUNG CHAU NEW TERRITORIES",
        "FREE_FORMAT_ADDR_CHN": NaN,
        "DEV_NAME_ENG": "HOI FUK VILLA",
        "DEV_NAME_CHN": "海福苑",
        "FIRST_REFERENCE_LOT_PRN": "C5988196"
    },
    {
        "PRN": "B3296081",
        "SEQ_NUM": 1,
        "BLOCK": "E",
        "FLOOR": "1",
        "FLAT": "2",
        "HOUSE_NUM_PREFIX": NaN,
        "STREET_NAME_ENG": NaN,
        "STREET_NAME_CHN": NaN,
        "AREA_DESC_ENG": NaN,
        "AREA_DESC_CHN": NaN,
        "FREE_FORMAT_ADDR_ENG": "FLAT 2 ON 1/F OF BLOCK E HOI FUK VILLA TAI SHEK HAU NO.29 CHEUNG SHEK ROAD CHEUNG CHAU NEW TERRITORIES",
        "FREE_FORMAT_ADDR_CHN": NaN,
        "DEV_NAME_ENG": "HOI FUK VILLA",
        "DEV_NAME_CHN": "海福苑",
        "FIRST_REFERENCE_LOT_PRN": "C5988196"
    },
    {
        "PRN": "B3296094",
        "SEQ_NUM": 1,
        "BLOCK": "E",
        "FLOOR": "2",
        "FLAT": "2",
        "HOUSE_NUM_PREFIX": NaN,
        "STREET_NAME_ENG": NaN,
        "STREET_NAME_CHN": NaN,
        "AREA_DESC_ENG": NaN,
        "AREA_DESC_CHN": NaN,
        "FREE_FORMAT_ADDR_ENG": "FLAT 2 ON 2/F & ROOF OF BLOCK E HOI FUK VILLA TAI SHEK HAU NO.29 CHEUNG SHEK ROAD CHEUNG CHAU NEW TERRITORIES",
        "FREE_FORMAT_ADDR_CHN": NaN,
        "DEV_NAME_ENG": "HOI FUK VILLA",
        "DEV_NAME_CHN": "海福苑",
        "FIRST_REFERENCE_LOT_PRN": "C5988196"
    },
    {
        "PRN": "B3296134",
        "SEQ_NUM": 1,
        "BLOCK": "F",
        "FLOOR": "2",
        "FLAT": "1",
        "HOUSE_NUM_PREFIX": NaN,
        "STREET_NAME_ENG": NaN,
        "STREET_NAME_CHN": NaN,
        "AREA_DESC_ENG": NaN,
        "AREA_DESC_CHN": NaN,
        "FREE_FORMAT_ADDR_ENG": "FLAT 1 ON 2/F & ROOF OF BLOCK F HOI FUK VILLA TAI SHEK HAU NO.29 CHEUNG SHEK ROAD CHEUNG CHAU NEW TERRITORIES",
        "FREE_FORMAT_ADDR_CHN": NaN,
        "DEV_NAME_ENG": "HOI FUK VILLA",
        "DEV_NAME_CHN": "海福苑",
        "FIRST_REFERENCE_LOT_PRN": "C5988196"
    },
    {
        "PRN": "B3296141",
        "SEQ_NUM": 1,
        "BLOCK": "F",
        "FLOOR": "2",
        "FLAT": "2",
        "HOUSE_NUM_PREFIX": NaN,
        "STREET_NAME_ENG": NaN,
        "STREET_NAME_CHN": NaN,
        "AREA_DESC_ENG": NaN,
        "AREA_DESC_CHN": NaN,
        "FREE_FORMAT_ADDR_ENG": "FLAT 2 ON 2/F & ROOF OF BLOCK F HOI FUK VILLA TAI SHEK HAU NO.29 CHEUNG SHEK ROAD CHEUNG CHAU NEW TERRITORIES",
        "FREE_FORMAT_ADDR_CHN": NaN,
        "DEV_NAME_ENG": "HOI FUK VILLA",
        "DEV_NAME_CHN": "海福苑",
        "FIRST_REFERENCE_LOT_PRN": "C5988196"
    },
    {
        "PRN": "B3296362",
        "SEQ_NUM": 1,
        "BLOCK": "G",
        "FLOOR": "G",
        "FLAT": "1",
        "HOUSE_NUM_PREFIX": NaN,
        "STREET_NAME_ENG": NaN,
        "STREET_NAME_CHN": NaN,
        "AREA_DESC_ENG": NaN,
        "AREA_DESC_CHN": NaN,
        "FREE_FORMAT_ADDR_ENG": "FLAT 1 ON G/F OF BLOCK G HOI FUK VILLA TAI SHEK HAU NO.29 CHEUNG SHEK ROAD CHEUNG CHAU NEW TERRITORIES",
        "FREE_FORMAT_ADDR_CHN": NaN,
        "DEV_NAME_ENG": "HOI FUK VILLA",
        "DEV_NAME_CHN": "海福苑",
        "FIRST_REFERENCE_LOT_PRN": "C5988196"
    },
    {
        "PRN": "B3296370",
        "SEQ_NUM": 1,
        "BLOCK": "G",
        "FLOOR": "1",
        "FLAT": "1",
        "HOUSE_NUM_PREFIX": NaN,
        "STREET_NAME_ENG": NaN,
        "STREET_NAME_CHN": NaN,
        "AREA_DESC_ENG": NaN,
        "AREA_DESC_CHN": NaN,
        "FREE_FORMAT_ADDR_ENG": "FLAT 1 ON 1/F OF BLOCK G HOI FUK VILLA TAI SHEK HAU NO.29 CHEUNG SHEK ROAD CHEUNG CHAU NEW TERRITORIES",
        "FREE_FORMAT_ADDR_CHN": NaN,
        "DEV_NAME_ENG": "HOI FUK VILLA",
        "DEV_NAME_CHN": "海福苑",
        "FIRST_REFERENCE_LOT_PRN": "C5988196"
    },
    {
        "PRN": "B3296383",
        "SEQ_NUM": 1,
        "BLOCK": "G",
        "FLOOR": "G",
        "FLAT": "2",
        "HOUSE_NUM_PREFIX": NaN,
        "STREET_NAME_ENG": NaN,
        "STREET_NAME_CHN": NaN,
        "AREA_DESC_ENG": NaN,
        "AREA_DESC_CHN": NaN,
        "FREE_FORMAT_ADDR_ENG": "FLAT 2 ON G/F OF BLOCK G HOI FUK VILLA TAI SHEK HAU NO.29 CHEUNG SHEK ROAD CHEUNG CHAU NEW TERRITORIES",
        "FREE_FORMAT_ADDR_CHN": NaN,
        "DEV_NAME_ENG": "HOI FUK VILLA",
        "DEV_NAME_CHN": "海福苑",
        "FIRST_REFERENCE_LOT_PRN": "C5988196"
    },
    {
        "PRN": "B3296395",
        "SEQ_NUM": 1,
        "BLOCK": "G",
        "FLOOR": "2",
        "FLAT": "2",
        "HOUSE_NUM_PREFIX": NaN,
        "STREET_NAME_ENG": NaN,
        "STREET_NAME_CHN": NaN,
        "AREA_DESC_ENG": NaN,
        "AREA_DESC_CHN": NaN,
        "FREE_FORMAT_ADDR_ENG": "FLAT 2 ON 2/F & ROOF OF BLOCK G HOI FUK VILLA TAI SHEK HAU NO.29 CHEUNG SHEK ROAD CHEUNG CHAU NEW TERRITORIES",
        "FREE_FORMAT_ADDR_CHN": NaN,
        "DEV_NAME_ENG": "HOI FUK VILLA",
        "DEV_NAME_CHN": "海福苑",
        "FIRST_REFERENCE_LOT_PRN": "C5988196"
    },
    {
        "PRN": "B5037063",
        "SEQ_NUM": 1,
        "BLOCK": "H",
        "FLOOR": "1",
        "FLAT": "1",
        "HOUSE_NUM_PREFIX": NaN,
        "STREET_NAME_ENG": NaN,
        "STREET_NAME_CHN": NaN,
        "AREA_DESC_ENG": NaN,
        "AREA_DESC_CHN": NaN,
        "FREE_FORMAT_ADDR_ENG": "FLAT 1 ON 1/F OF BLOCK H HOI FUK VILLA (PHASE II) NO.29 CHEUNG SHEK ROAD CHEUNG CHAU NEW TERRITORIES",
        "FREE_FORMAT_ADDR_CHN": NaN,
        "DEV_NAME_ENG": "HOI FUK VILLA",
        "DEV_NAME_CHN": "海福苑",
        "FIRST_REFERENCE_LOT_PRN": "C5802780"
    },
    {
        "PRN": "B5037073",
        "SEQ_NUM": 1,
        "BLOCK": "K",
        "FLOOR": "1",
        "FLAT": "1",
        "HOUSE_NUM_PREFIX": NaN,
        "STREET_NAME_ENG": NaN,
        "STREET_NAME_CHN": NaN,
        "AREA_DESC_ENG": NaN,
        "AREA_DESC_CHN": NaN,
        "FREE_FORMAT_ADDR_ENG": "FLAT 1 ON 1/F OF BLOCK K HOI FUK VILLA (PHASE II) NO.29 CHEUNG SHEK ROAD CHEUNG CHAU NEW TERRITORIES",
        "FREE_FORMAT_ADDR_CHN": NaN,
        "DEV_NAME_ENG": "HOI FUK VILLA",
        "DEV_NAME_CHN": "海福苑",
        "FIRST_REFERENCE_LOT_PRN": "C5802780"
    },
    {
        "PRN": "B5037089",
        "SEQ_NUM": 1,
        "BLOCK": "L",
        "FLOOR": "1",
        "FLAT": "2",
        "HOUSE_NUM_PREFIX": NaN,
        "STREET_NAME_ENG": NaN,
        "STREET_NAME_CHN": NaN,
        "AREA_DESC_ENG": NaN,
        "AREA_DESC_CHN": NaN,
        "FREE_FORMAT_ADDR_ENG": "FLAT 2 ON 1/F OF BLOCK L HOI FUK VILLA (PHASE II) NO.29 CHEUNG SHEK ROAD CHEUNG CHAU NEW TERRITORIES",
        "FREE_FORMAT_ADDR_CHN": NaN,
        "DEV_NAME_ENG": "HOI FUK VILLA",
        "DEV_NAME_CHN": "海福苑",
        "FIRST_REFERENCE_LOT_PRN": "C5802780"
    },
    {
        "PRN": "B5038793",
        "SEQ_NUM": 1,
        "BLOCK": "C",
        "FLOOR": "2",
        "FLAT": "1",
        "HOUSE_NUM_PREFIX": NaN,
        "STREET_NAME_ENG": NaN,
        "STREET_NAME_CHN": NaN,
        "AREA_DESC_ENG": NaN,
        "AREA_DESC_CHN": NaN,
        "FREE_FORMAT_ADDR_ENG": "FLAT 1 ON 2/F & ROOF OF BLOCK C HOI FUK VILLA TAI SHEK HAU NO.29 CHEUNG SHEK ROAD CHEUNG CHAU NEW TERRITORIES",
        "FREE_FORMAT_ADDR_CHN": NaN,
        "DEV_NAME_ENG": "HOI FUK VILLA",
        "DEV_NAME_CHN": "海福苑",
        "FIRST_REFERENCE_LOT_PRN": "C5988196"
    },
    {
        "PRN": "B5038808",
        "SEQ_NUM": 1,
        "BLOCK": "D",
        "FLOOR": "G",
        "FLAT": "1",
        "HOUSE_NUM_PREFIX": NaN,
        "STREET_NAME_ENG": NaN,
        "STREET_NAME_CHN": NaN,
        "AREA_DESC_ENG": NaN,
        "AREA_DESC_CHN": NaN,
        "FREE_FORMAT_ADDR_ENG": "FLAT 1 ON G/F OF BLOCK D HOI FUK VILLA TAI SHEK HAU NO.29 CHEUNG SHEK ROAD CHEUNG CHAU NEW TERRITORIES",
        "FREE_FORMAT_ADDR_CHN": NaN,
        "DEV_NAME_ENG": "HOI FUK VILLA",
        "DEV_NAME_CHN": "海福苑",
        "FIRST_REFERENCE_LOT_PRN": "C5988196"
    },
    {
        "PRN": "B5038813",
        "SEQ_NUM": 1,
        "BLOCK": "E",
        "FLOOR": "G",
        "FLAT": "1",
        "HOUSE_NUM_PREFIX": NaN,
        "STREET_NAME_ENG": NaN,
        "STREET_NAME_CHN": NaN,
        "AREA_DESC_ENG": NaN,
        "AREA_DESC_CHN": NaN,
        "FREE_FORMAT_ADDR_ENG": "FLAT 1 ON G/F OF BLOCK E HOI FUK VILLA TAI SHEK HAU NO.29 CHEUNG SHEK ROAD CHEUNG CHAU NEW TERRITORIES",
        "FREE_FORMAT_ADDR_CHN": NaN,
        "DEV_NAME_ENG": "HOI FUK VILLA",
        "DEV_NAME_CHN": "海福苑",
        "FIRST_REFERENCE_LOT_PRN": "C5988196"
    },
    {
        "PRN": "B5038843",
        "SEQ_NUM": 1,
        "BLOCK": "F",
        "FLOOR": "1",
        "FLAT": "2",
        "HOUSE_NUM_PREFIX": NaN,
        "STREET_NAME_ENG": NaN,
        "STREET_NAME_CHN": NaN,
        "AREA_DESC_ENG": NaN,
        "AREA_DESC_CHN": NaN,
        "FREE_FORMAT_ADDR_ENG": "FLAT 2 ON 1/F OF BLOCK F HOI FUK VILLA TAI SHEK HAU NO.29 CHEUNG SHEK ROAD CHEUNG CHAU NEW TERRITORIES",
        "FREE_FORMAT_ADDR_CHN": NaN,
        "DEV_NAME_ENG": "HOI FUK VILLA",
        "DEV_NAME_CHN": "海福苑",
        "FIRST_REFERENCE_LOT_PRN": "C5988196"
    },
    {
        "PRN": "B5381590",
        "SEQ_NUM": 1,
        "BLOCK": "B",
        "FLOOR": "G",
        "FLAT": "2",
        "HOUSE_NUM_PREFIX": NaN,
        "STREET_NAME_ENG": NaN,
        "STREET_NAME_CHN": NaN,
        "AREA_DESC_ENG": NaN,
        "AREA_DESC_CHN": NaN,
        "FREE_FORMAT_ADDR_ENG": "FLAT 2 ON G/F OF BLOCK B HOI FUK VILLA TAI SHEK HAU NO.29 CHEUNG SHEK ROAD CHEUNG CHAU NEW TERRITORIES",
        "FREE_FORMAT_ADDR_CHN": NaN,
        "DEV_NAME_ENG": "HOI FUK VILLA",
        "DEV_NAME_CHN": "海福苑",
        "FIRST_REFERENCE_LOT_PRN": "C5988196"
    },
    {
        "PRN": "B5717333",
        "SEQ_NUM": 1,
        "BLOCK": "G",
        "FLOOR": "2",
        "FLAT": "1",
        "HOUSE_NUM_PREFIX": NaN,
        "STREET_NAME_ENG": NaN,
        "STREET_NAME_CHN": NaN,
        "AREA_DESC_ENG": NaN,
        "AREA_DESC_CHN": NaN,
        "FREE_FORMAT_ADDR_ENG": "FLAT 1 ON 2/F & ROOF OF BLOCK G HOI FUK VILLA TAI SHEK HAU CHEUNG CHAU LOT NO.1807 CHEUNG CHAU NEW TERRITORIES",
        "FREE_FORMAT_ADDR_CHN": NaN,
        "DEV_NAME_ENG": "HOI FUK VILLA",
        "DEV_NAME_CHN": "海福苑",
        "FIRST_REFERENCE_LOT_PRN": "C5988196"
    },
    {
        "PRN": "B7722710",
        "SEQ_NUM": 1,
        "BLOCK": "H",
        "FLOOR": "G",
        "FLAT": "1",
        "HOUSE_NUM_PREFIX": NaN,
        "STREET_NAME_ENG": NaN,
        "STREET_NAME_CHN": NaN,
        "AREA_DESC_ENG": NaN,
        "AREA_DESC_CHN": NaN,
        "FREE_FORMAT_ADDR_ENG": "FLAT 1 ON G/F INCLUDING THE GARDEN OF BLOCK H HOI FUK VILLA (PHASE II) NO.29 CHEUNG SHEK ROAD CHEUNG CHAU NEW TERRITORIES",
        "FREE_FORMAT_ADDR_CHN": NaN,
        "DEV_NAME_ENG": "HOI FUK VILLA",
        "DEV_NAME_CHN": "海福苑",
        "FIRST_REFERENCE_LOT_PRN": "C5802780"
    },
    {
        "PRN": "B7722728",
        "SEQ_NUM": 1,
        "BLOCK": "J",
        "FLOOR": "2",
        "FLAT": "1",
        "HOUSE_NUM_PREFIX": NaN,
        "STREET_NAME_ENG": NaN,
        "STREET_NAME_CHN": NaN,
        "AREA_DESC_ENG": NaN,
        "AREA_DESC_CHN": NaN,
        "FREE_FORMAT_ADDR_ENG": "FLAT 1 ON 2/F AND ROOF OF BLOCK J HOI FUK VILLA (PHASE II) NO.29 CHEUNG SHEK ROAD CHEUNG CHAU NEW TERRITORIES",
        "FREE_FORMAT_ADDR_CHN": NaN,
        "DEV_NAME_ENG": "HOI FUK VILLA",
        "DEV_NAME_CHN": "海福苑",
        "FIRST_REFERENCE_LOT_PRN": "C5802780"
    },
    {
        "PRN": "B7724488",
        "SEQ_NUM": 1,
        "BLOCK": "A",
        "FLOOR": "1",
        "FLAT": NaN,
        "HOUSE_NUM_PREFIX": NaN,
        "STREET_NAME_ENG": NaN,
        "STREET_NAME_CHN": NaN,
        "AREA_DESC_ENG": NaN,
        "AREA_DESC_CHN": NaN,
        "FREE_FORMAT_ADDR_ENG": "1/F OF BLOCK A HOI FUK VILLA TAI SHEK HAU NO.29 CHEUNG SHEK ROAD CHEUNG CHAU NEW TERRITORIES",
        "FREE_FORMAT_ADDR_CHN": NaN,
        "DEV_NAME_ENG": "HOI FUK VILLA",
        "DEV_NAME_CHN": "海福苑",
        "FIRST_REFERENCE_LOT_PRN": "C5988196"
    },
    {
        "PRN": "B7724534",
        "SEQ_NUM": 1,
        "BLOCK": "D",
        "FLOOR": "1",
        "FLAT": "2",
        "HOUSE_NUM_PREFIX": NaN,
        "STREET_NAME_ENG": NaN,
        "STREET_NAME_CHN": NaN,
        "AREA_DESC_ENG": NaN,
        "AREA_DESC_CHN": NaN,
        "FREE_FORMAT_ADDR_ENG": "FLAT 2 ON 1/F OF BLOCK D HOI FUK VILLA TAI SHEK HAU NO.29 CHEUNG SHEK ROAD CHEUNG CHAU NEW TERRITORIES",
        "FREE_FORMAT_ADDR_CHN": NaN,
        "DEV_NAME_ENG": "HOI FUK VILLA",
        "DEV_NAME_CHN": "海福苑",
        "FIRST_REFERENCE_LOT_PRN": "C5988196"
    },
    {
        "PRN": "B7724545",
        "SEQ_NUM": 1,
        "BLOCK": "D",
        "FLOOR": "2",
        "FLAT": "2",
        "HOUSE_NUM_PREFIX": NaN,
        "STREET_NAME_ENG": NaN,
        "STREET_NAME_CHN": NaN,
        "AREA_DESC_ENG": NaN,
        "AREA_DESC_CHN": NaN,
        "FREE_FORMAT_ADDR_ENG": "FLAT 2 ON 2/F AND ROOF OF BLOCK D HOI FUK VILLA TAI SHEK HAU NO.29 CHEUNG SHEK ROAD CHEUNG CHAU NEW TERRITORIES",
        "FREE_FORMAT_ADDR_CHN": NaN,
        "DEV_NAME_ENG": "HOI FUK VILLA",
        "DEV_NAME_CHN": "海福苑",
        "FIRST_REFERENCE_LOT_PRN": "C5988196"
    },
    {
        "PRN": "B7724554",
        "SEQ_NUM": 1,
        "BLOCK": "F",
        "FLOOR": "1",
        "FLAT": "1",
        "HOUSE_NUM_PREFIX": NaN,
        "STREET_NAME_ENG": NaN,
        "STREET_NAME_CHN": NaN,
        "AREA_DESC_ENG": NaN,
        "AREA_DESC_CHN": NaN,
        "FREE_FORMAT_ADDR_ENG": "FLAT 1 ON 1/F OF BLOCK F HOI FUK VILLA TAI SHEK HAU NO.29 CHEUNG SHEK ROAD CHEUNG CHAU NEW TERRITORIES",
        "FREE_FORMAT_ADDR_CHN": NaN,
        "DEV_NAME_ENG": "HOI FUK VILLA",
        "DEV_NAME_CHN": "海福苑",
        "FIRST_REFERENCE_LOT_PRN": "C5988196"
    },
    {
        "PRN": "B7724568",
        "SEQ_NUM": 1,
        "BLOCK": "F",
        "FLOOR": "G",
        "FLAT": "2",
        "HOUSE_NUM_PREFIX": NaN,
        "STREET_NAME_ENG": NaN,
        "STREET_NAME_CHN": NaN,
        "AREA_DESC_ENG": NaN,
        "AREA_DESC_CHN": NaN,
        "FREE_FORMAT_ADDR_ENG": "FLAT 2 ON G/F OF BLOCK F HOI FUK VILLA TAI SHEK HAU NO.29 CHEUNG SHEK ROAD CHEUNG CHAU NEW TERRITORIES",
        "FREE_FORMAT_ADDR_CHN": NaN,
        "DEV_NAME_ENG": "HOI FUK VILLA",
        "DEV_NAME_CHN": "海福苑",
        "FIRST_REFERENCE_LOT_PRN": "C5988196"
    },
    {
        "PRN": "B8068400",
        "SEQ_NUM": 1,
        "BLOCK": "D",
        "FLOOR": "1",
        "FLAT": "1",
        "HOUSE_NUM_PREFIX": NaN,
        "STREET_NAME_ENG": NaN,
        "STREET_NAME_CHN": NaN,
        "AREA_DESC_ENG": NaN,
        "AREA_DESC_CHN": NaN,
        "FREE_FORMAT_ADDR_ENG": "FLAT 1 ON 1/F OF BLOCK D HOI FUK VILLA TAI SHEK HAU NO.29 CHEUNG SHEK ROAD CHEUNG CHAU NEW TERRITORIES",
        "FREE_FORMAT_ADDR_CHN": NaN,
        "DEV_NAME_ENG": "HOI FUK VILLA",
        "DEV_NAME_CHN": "海福苑",
        "FIRST_REFERENCE_LOT_PRN": "C5988196"
    },
    {
        "PRN": "B8401534",
        "SEQ_NUM": 1,
        "BLOCK": "K",
        "FLOOR": "2",
        "FLAT": "2",
        "HOUSE_NUM_PREFIX": NaN,
        "STREET_NAME_ENG": NaN,
        "STREET_NAME_CHN": NaN,
        "AREA_DESC_ENG": NaN,
        "AREA_DESC_CHN": NaN,
        "FREE_FORMAT_ADDR_ENG": "FLAT 2 ON 2/F AND ROOF OF BLOCK K HOI FUK VILLA (PHASE II) NO.29 CHEUNG SHEK ROAD CHEUNG CHAU NEW TERRITORIES",
        "FREE_FORMAT_ADDR_CHN": NaN,
        "DEV_NAME_ENG": "HOI FUK VILLA",
        "DEV_NAME_CHN": "海福苑",
        "FIRST_REFERENCE_LOT_PRN": "C5802780"
    },
    {
        "PRN": "B8401841",
        "SEQ_NUM": 1,
        "BLOCK": "B",
        "FLOOR": "1",
        "FLAT": "2",
        "HOUSE_NUM_PREFIX": NaN,
        "STREET_NAME_ENG": NaN,
        "STREET_NAME_CHN": NaN,
        "AREA_DESC_ENG": NaN,
        "AREA_DESC_CHN": NaN,
        "FREE_FORMAT_ADDR_ENG": "FLAT 2 ON 1/F OF BLOCK B HOI FUK VILLA TAI SHEK HAU CHEUNG CHAU LOT NO.1807 CHEUNG CHAU NEW TERRITORIES",
        "FREE_FORMAT_ADDR_CHN": NaN,
        "DEV_NAME_ENG": "HOI FUK VILLA",
        "DEV_NAME_CHN": "海福苑",
        "FIRST_REFERENCE_LOT_PRN": "C5988196"
    },
    {
        "PRN": "B8740438",
        "SEQ_NUM": 1,
        "BLOCK": "J",
        "FLOOR": "G",
        "FLAT": "2",
        "HOUSE_NUM_PREFIX": NaN,
        "STREET_NAME_ENG": NaN,
        "STREET_NAME_CHN": NaN,
        "AREA_DESC_ENG": NaN,
        "AREA_DESC_CHN": NaN,
        "FREE_FORMAT_ADDR_ENG": "FLAT 2 ON G/F INCLUDING THE GARDEN OF BLOCK J HOI FUK VILLA (PHASE II) NO.29 CHEUNG SHEK ROAD CHEUNG CHAU NEW TERRITORIES",
        "FREE_FORMAT_ADDR_CHN": NaN,
        "DEV_NAME_ENG": "HOI FUK VILLA",
        "DEV_NAME_CHN": "海福苑",
        "FIRST_REFERENCE_LOT_PRN": "C5802780"
    },
    {
        "PRN": "B8740445",
        "SEQ_NUM": 1,
        "BLOCK": "L",
        "FLOOR": "2",
        "FLAT": "2",
        "HOUSE_NUM_PREFIX": NaN,
        "STREET_NAME_ENG": NaN,
        "STREET_NAME_CHN": NaN,
        "AREA_DESC_ENG": NaN,
        "AREA_DESC_CHN": NaN,
        "FREE_FORMAT_ADDR_ENG": "FLAT 2 ON 2/F AND ROOF OF BLOCK L HOI FUK VILLA (PHASE II) NO.29 CHEUNG SHEK ROAD CHEUNG CHAU NEW TERRITORIES",
        "FREE_FORMAT_ADDR_CHN": NaN,
        "DEV_NAME_ENG": "HOI FUK VILLA",
        "DEV_NAME_CHN": "海福苑",
        "FIRST_REFERENCE_LOT_PRN": "C5802780"
    },
    {
        "PRN": "C0402538",
        "SEQ_NUM": 1,
        "BLOCK": "H",
        "FLOOR": "1",
        "FLAT": "2",
        "HOUSE_NUM_PREFIX": NaN,
        "STREET_NAME_ENG": NaN,
        "STREET_NAME_CHN": NaN,
        "AREA_DESC_ENG": NaN,
        "AREA_DESC_CHN": NaN,
        "FREE_FORMAT_ADDR_ENG": "FLAT 2 ON 1/F OF BLOCK H HOI FUK VILLA (PHASE II) NO.29 CHEUNG SHEK ROAD CHEUNG CHAU NEW TERRITORIES",
        "FREE_FORMAT_ADDR_CHN": NaN,
        "DEV_NAME_ENG": "HOI FUK VILLA",
        "DEV_NAME_CHN": "海福苑",
        "FIRST_REFERENCE_LOT_PRN": "C5802780"
    },
    {
        "PRN": "C0403957",
        "SEQ_NUM": 1,
        "BLOCK": "A",
        "FLOOR": "G",
        "FLAT": NaN,
        "HOUSE_NUM_PREFIX": NaN,
        "STREET_NAME_ENG": NaN,
        "STREET_NAME_CHN": NaN,
        "AREA_DESC_ENG": NaN,
        "AREA_DESC_CHN": NaN,
        "FREE_FORMAT_ADDR_ENG": "G/F OF BLOCK A HOI FUK VILLA TAI SHEK HAU NO.29 CHEUNG SHEK ROAD CHEUNG CHAU NEW TERRITORIES",
        "FREE_FORMAT_ADDR_CHN": NaN,
        "DEV_NAME_ENG": "HOI FUK VILLA",
        "DEV_NAME_CHN": "海福苑",
        "FIRST_REFERENCE_LOT_PRN": "C5988196"
    },
    {
        "PRN": "C0404019",
        "SEQ_NUM": 1,
        "BLOCK": "F",
        "FLOOR": "G",
        "FLAT": "1",
        "HOUSE_NUM_PREFIX": NaN,
        "STREET_NAME_ENG": NaN,
        "STREET_NAME_CHN": NaN,
        "AREA_DESC_ENG": NaN,
        "AREA_DESC_CHN": NaN,
        "FREE_FORMAT_ADDR_ENG": "FLAT 1 ON G/F OF BLOCK F HOI FUK VILLA TAI SHEK HAU NO.29 CHEUNG SHEK ROAD CHEUNG CHAU NEW TERRITORIES",
        "FREE_FORMAT_ADDR_CHN": NaN,
        "DEV_NAME_ENG": "HOI FUK VILLA",
        "DEV_NAME_CHN": "海福苑",
        "FIRST_REFERENCE_LOT_PRN": "C5988196"
    },
    {
        "PRN": "C0404056",
        "SEQ_NUM": 1,
        "BLOCK": "G",
        "FLOOR": "1",
        "FLAT": "2",
        "HOUSE_NUM_PREFIX": NaN,
        "STREET_NAME_ENG": NaN,
        "STREET_NAME_CHN": NaN,
        "AREA_DESC_ENG": NaN,
        "AREA_DESC_CHN": NaN,
        "FREE_FORMAT_ADDR_ENG": "FLAT 2 ON 1/F OF BLOCK G HOI FUK VILLA TAI SHEK HAU NO.29 CHEUNG SHEK ROAD CHEUNG CHAU NEW TERRITORIES",
        "FREE_FORMAT_ADDR_CHN": NaN,
        "DEV_NAME_ENG": "HOI FUK VILLA",
        "DEV_NAME_CHN": "海福苑",
        "FIRST_REFERENCE_LOT_PRN": "C5988196"
    },
    {
        "PRN": "C0749438",
        "SEQ_NUM": 1,
        "BLOCK": "A",
        "FLOOR": "2",
        "FLAT": NaN,
        "HOUSE_NUM_PREFIX": NaN,
        "STREET_NAME_ENG": NaN,
        "STREET_NAME_CHN": NaN,
        "AREA_DESC_ENG": NaN,
        "AREA_DESC_CHN": NaN,
        "FREE_FORMAT_ADDR_ENG": "2/F & ROOF OF BLOCK A HOI FUK VILLA TAI SHEK HAU NO.29 CHEUNG SHEK ROAD CHEUNG CHAU NEW TERRITORIES",
        "FREE_FORMAT_ADDR_CHN": NaN,
        "DEV_NAME_ENG": "HOI FUK VILLA",
        "DEV_NAME_CHN": "海福苑",
        "FIRST_REFERENCE_LOT_PRN": "C5988196"
    },
    {
        "PRN": "C1083307",
        "SEQ_NUM": 1,
        "BLOCK": "H",
        "FLOOR": "G",
        "FLAT": "2",
        "HOUSE_NUM_PREFIX": NaN,
        "STREET_NAME_ENG": NaN,
        "STREET_NAME_CHN": NaN,
        "AREA_DESC_ENG": NaN,
        "AREA_DESC_CHN": NaN,
        "FREE_FORMAT_ADDR_ENG": "FLAT 2 ON G/F INCLUDING THE GARDEN OF BLOCK H HOI FUK VILLA (PHASE II) NO.29 CHEUNG SHEK ROAD CHEUNG CHAU NEW TERRITORIES",
        "FREE_FORMAT_ADDR_CHN": NaN,
        "DEV_NAME_ENG": "HOI FUK VILLA",
        "DEV_NAME_CHN": "海福苑",
        "FIRST_REFERENCE_LOT_PRN": "C5802780"
    },
    {
        "PRN": "C1414984",
        "SEQ_NUM": 1,
        "BLOCK": "I",
        "FLOOR": "1",
        "FLAT": "2",
        "HOUSE_NUM_PREFIX": NaN,
        "STREET_NAME_ENG": NaN,
        "STREET_NAME_CHN": NaN,
        "AREA_DESC_ENG": NaN,
        "AREA_DESC_CHN": NaN,
        "FREE_FORMAT_ADDR_ENG": "FLAT 2 ON 1/F OF BLOCK I HOI FUK VILLA (PHASE II) NO.29 CHEUNG SHEK ROAD CHEUNG CHAU NEW TERRITORIES",
        "FREE_FORMAT_ADDR_CHN": NaN,
        "DEV_NAME_ENG": "HOI FUK VILLA",
        "DEV_NAME_CHN": "海福苑",
        "FIRST_REFERENCE_LOT_PRN": "C5802780"
    }
]