[
    {
        "PRN": "B1934734",
        "SEQ_NUM": 1,
        "BLOCK": "23",
        "FLOOR": "G",
        "FLAT": NaN,
        "HOUSE_NUM_PREFIX": NaN,
        "STREET_NAME_ENG": NaN,
        "STREET_NAME_CHN": NaN,
        "AREA_DESC_ENG": NaN,
        "AREA_DESC_CHN": NaN,
        "FREE_FORMAT_ADDR_ENG": "G/F & COCKLOFT HOI LIN MANSION NO.23 WAI YAN STREET TAI PO NEW TERRITORIES",
        "FREE_FORMAT_ADDR_CHN": NaN,
        "DEV_NAME_ENG": "HOI LIN MANSION",
        "DEV_NAME_CHN": "開連樓",
        "FIRST_REFERENCE_LOT_PRN": "C1940360"
    },
    {
        "PRN": "B1934745",
        "SEQ_NUM": 1,
        "BLOCK": "23",
        "FLOOR": "2",
        "FLAT": NaN,
        "HOUSE_NUM_PREFIX": NaN,
        "STREET_NAME_ENG": NaN,
        "STREET_NAME_CHN": NaN,
        "AREA_DESC_ENG": NaN,
        "AREA_DESC_CHN": NaN,
        "FREE_FORMAT_ADDR_ENG": "2/F HOI LIN MANSION NO.23 WAI YAN STREET TAI PO NEW TERRITORIES",
        "FREE_FORMAT_ADDR_CHN": NaN,
        "DEV_NAME_ENG": "HOI LIN MANSION",
        "DEV_NAME_CHN": "開連樓",
        "FIRST_REFERENCE_LOT_PRN": "C1940360"
    },
    {
        "PRN": "B1934756",
        "SEQ_NUM": 1,
        "BLOCK": "23",
        "FLOOR": "3",
        "FLAT": NaN,
        "HOUSE_NUM_PREFIX": NaN,
        "STREET_NAME_ENG": NaN,
        "STREET_NAME_CHN": NaN,
        "AREA_DESC_ENG": NaN,
        "AREA_DESC_CHN": NaN,
        "FREE_FORMAT_ADDR_ENG": "3/F HOI LIN MANSION NO.23 WAI YAN STREET TAI PO NEW TERRITORIES",
        "FREE_FORMAT_ADDR_CHN": NaN,
        "DEV_NAME_ENG": "HOI LIN MANSION",
        "DEV_NAME_CHN": "開連樓",
        "FIRST_REFERENCE_LOT_PRN": "C1940360"
    },
    {
        "PRN": "B1934768",
        "SEQ_NUM": 1,
        "BLOCK": "23",
        "FLOOR": "4",
        "FLAT": NaN,
        "HOUSE_NUM_PREFIX": NaN,
        "STREET_NAME_ENG": NaN,
        "STREET_NAME_CHN": NaN,
        "AREA_DESC_ENG": NaN,
        "AREA_DESC_CHN": NaN,
        "FREE_FORMAT_ADDR_ENG": "4/F HOI LIN MANSION NO.23 WAI YAN STREET TAI PO NEW TERRITORIES",
        "FREE_FORMAT_ADDR_CHN": NaN,
        "DEV_NAME_ENG": "HOI LIN MANSION",
        "DEV_NAME_CHN": "開連樓",
        "FIRST_REFERENCE_LOT_PRN": "C1940360"
    },
    {
        "PRN": "B1934775",
        "SEQ_NUM": 1,
        "BLOCK": "23",
        "FLOOR": "5",
        "FLAT": NaN,
        "HOUSE_NUM_PREFIX": NaN,
        "STREET_NAME_ENG": NaN,
        "STREET_NAME_CHN": NaN,
        "AREA_DESC_ENG": NaN,
        "AREA_DESC_CHN": NaN,
        "FREE_FORMAT_ADDR_ENG": "5/F & ROOFTOP HOI LIN MANSION NO.23 WAI YAN STREET TAI PO NEW TERRITORIES",
        "FREE_FORMAT_ADDR_CHN": NaN,
        "DEV_NAME_ENG": "HOI LIN MANSION",
        "DEV_NAME_CHN": "開連樓",
        "FIRST_REFERENCE_LOT_PRN": "C1940360"
    },
    {
        "PRN": "B1934790",
        "SEQ_NUM": 1,
        "BLOCK": "25",
        "FLOOR": "2",
        "FLAT": NaN,
        "HOUSE_NUM_PREFIX": NaN,
        "STREET_NAME_ENG": NaN,
        "STREET_NAME_CHN": NaN,
        "AREA_DESC_ENG": NaN,
        "AREA_DESC_CHN": NaN,
        "FREE_FORMAT_ADDR_ENG": "2/F HOI LIN MANSION NO.25 WAI YAN STREET TAI PO NEW TERRITORIES",
        "FREE_FORMAT_ADDR_CHN": NaN,
        "DEV_NAME_ENG": "HOI LIN MANSION",
        "DEV_NAME_CHN": "開連樓",
        "FIRST_REFERENCE_LOT_PRN": "C1940360"
    },
    {
        "PRN": "B1934804",
        "SEQ_NUM": 1,
        "BLOCK": "25",
        "FLOOR": "3",
        "FLAT": NaN,
        "HOUSE_NUM_PREFIX": NaN,
        "STREET_NAME_ENG": NaN,
        "STREET_NAME_CHN": NaN,
        "AREA_DESC_ENG": NaN,
        "AREA_DESC_CHN": NaN,
        "FREE_FORMAT_ADDR_ENG": "3/F HOI LIN MANSION NO.25 WAI YAN STREET TAI PO NEW TERRITORIES",
        "FREE_FORMAT_ADDR_CHN": NaN,
        "DEV_NAME_ENG": "HOI LIN MANSION",
        "DEV_NAME_CHN": "開連樓",
        "FIRST_REFERENCE_LOT_PRN": "C1940360"
    },
    {
        "PRN": "B1934813",
        "SEQ_NUM": 1,
        "BLOCK": "25",
        "FLOOR": "4",
        "FLAT": NaN,
        "HOUSE_NUM_PREFIX": NaN,
        "STREET_NAME_ENG": NaN,
        "STREET_NAME_CHN": NaN,
        "AREA_DESC_ENG": NaN,
        "AREA_DESC_CHN": NaN,
        "FREE_FORMAT_ADDR_ENG": "4/F HOI LIN MANSION NO.25 WAI YAN STREET TAI PO NEW TERRITORIES",
        "FREE_FORMAT_ADDR_CHN": NaN,
        "DEV_NAME_ENG": "HOI LIN MANSION",
        "DEV_NAME_CHN": "開連樓",
        "FIRST_REFERENCE_LOT_PRN": "C1940360"
    },
    {
        "PRN": "B1934820",
        "SEQ_NUM": 1,
        "BLOCK": "25",
        "FLOOR": "5",
        "FLAT": NaN,
        "HOUSE_NUM_PREFIX": NaN,
        "STREET_NAME_ENG": NaN,
        "STREET_NAME_CHN": NaN,
        "AREA_DESC_ENG": NaN,
        "AREA_DESC_CHN": NaN,
        "FREE_FORMAT_ADDR_ENG": "5/F & ROOFTOP HOI LIN MANSION NO.25 WAI YAN STREET TAI PO NEW TERRITORIES",
        "FREE_FORMAT_ADDR_CHN": NaN,
        "DEV_NAME_ENG": "HOI LIN MANSION",
        "DEV_NAME_CHN": "開連樓",
        "FIRST_REFERENCE_LOT_PRN": "C1940360"
    },
    {
        "PRN": "B5683299",
        "SEQ_NUM": 1,
        "BLOCK": "25",
        "FLOOR": "G",
        "FLAT": NaN,
        "HOUSE_NUM_PREFIX": NaN,
        "STREET_NAME_ENG": NaN,
        "STREET_NAME_CHN": NaN,
        "AREA_DESC_ENG": NaN,
        "AREA_DESC_CHN": NaN,
        "FREE_FORMAT_ADDR_ENG": "G/F HOI LIN MANSION NO.25 WAI YAN STREET TAI PO NEW TERRITORIES",
        "FREE_FORMAT_ADDR_CHN": NaN,
        "DEV_NAME_ENG": "HOI LIN MANSION",
        "DEV_NAME_CHN": "開連樓",
        "FIRST_REFERENCE_LOT_PRN": "C1940360"
    },
    {
        "PRN": "B8033627",
        "SEQ_NUM": 1,
        "BLOCK": "23",
        "FLOOR": "1",
        "FLAT": NaN,
        "HOUSE_NUM_PREFIX": NaN,
        "STREET_NAME_ENG": NaN,
        "STREET_NAME_CHN": NaN,
        "AREA_DESC_ENG": NaN,
        "AREA_DESC_CHN": NaN,
        "FREE_FORMAT_ADDR_ENG": "1/F & FLATROOF HOI LIN MANSION NO.23 WAI YAN STREET TAI PO NEW TERRITORIES",
        "FREE_FORMAT_ADDR_CHN": NaN,
        "DEV_NAME_ENG": "HOI LIN MANSION",
        "DEV_NAME_CHN": "開連樓",
        "FIRST_REFERENCE_LOT_PRN": "C1940360"
    },
    {
        "PRN": "C1049704",
        "SEQ_NUM": 1,
        "BLOCK": "25",
        "FLOOR": "1",
        "FLAT": NaN,
        "HOUSE_NUM_PREFIX": NaN,
        "STREET_NAME_ENG": NaN,
        "STREET_NAME_CHN": NaN,
        "AREA_DESC_ENG": NaN,
        "AREA_DESC_CHN": NaN,
        "FREE_FORMAT_ADDR_ENG": "1/F & FLATROOF HOI LIN MANSION NO.25 WAI YAN STREET TAI PO NEW TERRITORIES",
        "FREE_FORMAT_ADDR_CHN": NaN,
        "DEV_NAME_ENG": "HOI LIN MANSION",
        "DEV_NAME_CHN": "開連樓",
        "FIRST_REFERENCE_LOT_PRN": "C1940360"
    }
]