[
    {
        "PRN": "B3102784",
        "SEQ_NUM": 1,
        "BLOCK": "A",
        "FLOOR": "G",
        "FLAT": NaN,
        "HOUSE_NUM_PREFIX": NaN,
        "STREET_NAME_ENG": NaN,
        "STREET_NAME_CHN": NaN,
        "AREA_DESC_ENG": NaN,
        "AREA_DESC_CHN": NaN,
        "FREE_FORMAT_ADDR_ENG": "G/F OF BLOCK A JADE GARDEN LOT NO.753 IN DD215 SAI KUNG NEW TERRITORIES",
        "FREE_FORMAT_ADDR_CHN": NaN,
        "DEV_NAME_ENG": "JADE GARDEN",
        "DEV_NAME_CHN": "翠園別墅",
        "FIRST_REFERENCE_LOT_PRN": "C3645173"
    },
    {
        "PRN": "B3102878",
        "SEQ_NUM": 1,
        "BLOCK": "A",
        "FLOOR": "1",
        "FLAT": NaN,
        "HOUSE_NUM_PREFIX": NaN,
        "STREET_NAME_ENG": NaN,
        "STREET_NAME_CHN": NaN,
        "AREA_DESC_ENG": NaN,
        "AREA_DESC_CHN": NaN,
        "FREE_FORMAT_ADDR_ENG": "1/F OF BLOCK A JADE GARDEN LOT NO.753 IN DD215 SAI KUNG NEW TERRITORIES",
        "FREE_FORMAT_ADDR_CHN": NaN,
        "DEV_NAME_ENG": "JADE GARDEN",
        "DEV_NAME_CHN": "翠園別墅",
        "FIRST_REFERENCE_LOT_PRN": "C3645173"
    },
    {
        "PRN": "B3109103",
        "SEQ_NUM": 1,
        "BLOCK": "A",
        "FLOOR": "2",
        "FLAT": NaN,
        "HOUSE_NUM_PREFIX": NaN,
        "STREET_NAME_ENG": NaN,
        "STREET_NAME_CHN": NaN,
        "AREA_DESC_ENG": NaN,
        "AREA_DESC_CHN": NaN,
        "FREE_FORMAT_ADDR_ENG": "2/F INCLUDING THE ROOF OF BLOCK A JADE GARDEN LOT NO.753 IN DD215 SAI KUNG NEW TERRITORIES",
        "FREE_FORMAT_ADDR_CHN": NaN,
        "DEV_NAME_ENG": "JADE GARDEN",
        "DEV_NAME_CHN": "翠園別墅",
        "FIRST_REFERENCE_LOT_PRN": "C3645173"
    },
    {
        "PRN": "B3109541",
        "SEQ_NUM": 1,
        "BLOCK": "B",
        "FLOOR": "G",
        "FLAT": NaN,
        "HOUSE_NUM_PREFIX": NaN,
        "STREET_NAME_ENG": NaN,
        "STREET_NAME_CHN": NaN,
        "AREA_DESC_ENG": NaN,
        "AREA_DESC_CHN": NaN,
        "FREE_FORMAT_ADDR_ENG": "G/F OF BLOCK B JADE GARDEN LOT NO.753 IN DD215 SAI KUNG NEW TERRITORIES",
        "FREE_FORMAT_ADDR_CHN": NaN,
        "DEV_NAME_ENG": "JADE GARDEN",
        "DEV_NAME_CHN": "翠園別墅",
        "FIRST_REFERENCE_LOT_PRN": "C3645173"
    },
    {
        "PRN": "B3109665",
        "SEQ_NUM": 1,
        "BLOCK": "B",
        "FLOOR": "1",
        "FLAT": NaN,
        "HOUSE_NUM_PREFIX": NaN,
        "STREET_NAME_ENG": NaN,
        "STREET_NAME_CHN": NaN,
        "AREA_DESC_ENG": NaN,
        "AREA_DESC_CHN": NaN,
        "FREE_FORMAT_ADDR_ENG": "1/F OF BLOCK B JADE GARDEN LOT NO.753 IN DD215 SAI KUNG NEW TERRITORIES",
        "FREE_FORMAT_ADDR_CHN": NaN,
        "DEV_NAME_ENG": "JADE GARDEN",
        "DEV_NAME_CHN": "翠園別墅",
        "FIRST_REFERENCE_LOT_PRN": "C3645173"
    },
    {
        "PRN": "B3109715",
        "SEQ_NUM": 1,
        "BLOCK": "B",
        "FLOOR": "2",
        "FLAT": NaN,
        "HOUSE_NUM_PREFIX": NaN,
        "STREET_NAME_ENG": NaN,
        "STREET_NAME_CHN": NaN,
        "AREA_DESC_ENG": NaN,
        "AREA_DESC_CHN": NaN,
        "FREE_FORMAT_ADDR_ENG": "2/F INCLUDING THE ROOF OF BLOCK B JADE GARDEN LOT NO.753 IN DD215 SAI KUNG NEW TERRITORIES",
        "FREE_FORMAT_ADDR_CHN": NaN,
        "DEV_NAME_ENG": "JADE GARDEN",
        "DEV_NAME_CHN": "翠園別墅",
        "FIRST_REFERENCE_LOT_PRN": "C3645173"
    },
    {
        "PRN": "B3110378",
        "SEQ_NUM": 1,
        "BLOCK": "C",
        "FLOOR": "G",
        "FLAT": NaN,
        "HOUSE_NUM_PREFIX": NaN,
        "STREET_NAME_ENG": NaN,
        "STREET_NAME_CHN": NaN,
        "AREA_DESC_ENG": NaN,
        "AREA_DESC_CHN": NaN,
        "FREE_FORMAT_ADDR_ENG": "G/F OF BLOCK C JADE GARDEN LOT NO.753 IN DD215 SAI KUNG NEW TERRITORIES",
        "FREE_FORMAT_ADDR_CHN": NaN,
        "DEV_NAME_ENG": "JADE GARDEN",
        "DEV_NAME_CHN": "翠園別墅",
        "FIRST_REFERENCE_LOT_PRN": "C3645173"
    },
    {
        "PRN": "B3110420",
        "SEQ_NUM": 1,
        "BLOCK": "C",
        "FLOOR": "1",
        "FLAT": NaN,
        "HOUSE_NUM_PREFIX": NaN,
        "STREET_NAME_ENG": NaN,
        "STREET_NAME_CHN": NaN,
        "AREA_DESC_ENG": NaN,
        "AREA_DESC_CHN": NaN,
        "FREE_FORMAT_ADDR_ENG": "1/F OF BLOCK C JADE GARDEN LOT NO.753 IN DD215 SAI KUNG NEW TERRITORIES",
        "FREE_FORMAT_ADDR_CHN": NaN,
        "DEV_NAME_ENG": "JADE GARDEN",
        "DEV_NAME_CHN": "翠園別墅",
        "FIRST_REFERENCE_LOT_PRN": "C3645173"
    },
    {
        "PRN": "B3110462",
        "SEQ_NUM": 1,
        "BLOCK": "C",
        "FLOOR": "2",
        "FLAT": NaN,
        "HOUSE_NUM_PREFIX": NaN,
        "STREET_NAME_ENG": NaN,
        "STREET_NAME_CHN": NaN,
        "AREA_DESC_ENG": NaN,
        "AREA_DESC_CHN": NaN,
        "FREE_FORMAT_ADDR_ENG": "2/F INCLUDING THE ROOF OF BLOCK C JADE GARDEN LOT NO.753 IN DD215 SAI KUNG NEW TERRITORIES",
        "FREE_FORMAT_ADDR_CHN": NaN,
        "DEV_NAME_ENG": "JADE GARDEN",
        "DEV_NAME_CHN": "翠園別墅",
        "FIRST_REFERENCE_LOT_PRN": "C3645173"
    },
    {
        "PRN": "B3110571",
        "SEQ_NUM": 1,
        "BLOCK": "D",
        "FLOOR": "G",
        "FLAT": NaN,
        "HOUSE_NUM_PREFIX": NaN,
        "STREET_NAME_ENG": NaN,
        "STREET_NAME_CHN": NaN,
        "AREA_DESC_ENG": NaN,
        "AREA_DESC_CHN": NaN,
        "FREE_FORMAT_ADDR_ENG": "G/F OF BLOCK D JADE GARDEN LOT NO.753 IN DD215 SAI KUNG NEW TERRITORIES",
        "FREE_FORMAT_ADDR_CHN": NaN,
        "DEV_NAME_ENG": "JADE GARDEN",
        "DEV_NAME_CHN": "翠園別墅",
        "FIRST_REFERENCE_LOT_PRN": "C3645173"
    },
    {
        "PRN": "B3141864",
        "SEQ_NUM": 1,
        "BLOCK": "D",
        "FLOOR": "2",
        "FLAT": NaN,
        "HOUSE_NUM_PREFIX": NaN,
        "STREET_NAME_ENG": NaN,
        "STREET_NAME_CHN": NaN,
        "AREA_DESC_ENG": NaN,
        "AREA_DESC_CHN": NaN,
        "FREE_FORMAT_ADDR_ENG": "2/F INCLUDING THE ROOF OF BLOCK D JADE GARDEN LOT NO.753 IN DD215 SAI KUNG NEW TERRITORIES",
        "FREE_FORMAT_ADDR_CHN": NaN,
        "DEV_NAME_ENG": "JADE GARDEN",
        "DEV_NAME_CHN": "翠園別墅",
        "FIRST_REFERENCE_LOT_PRN": "C3645173"
    },
    {
        "PRN": "B7705592",
        "SEQ_NUM": 1,
        "BLOCK": "D",
        "FLOOR": "1",
        "FLAT": NaN,
        "HOUSE_NUM_PREFIX": NaN,
        "STREET_NAME_ENG": NaN,
        "STREET_NAME_CHN": NaN,
        "AREA_DESC_ENG": NaN,
        "AREA_DESC_CHN": NaN,
        "FREE_FORMAT_ADDR_ENG": "1/F OF BLOCK D JADE GARDEN LOT NO.753 IN DD215 SAI KUNG NEW TERRITORIES",
        "FREE_FORMAT_ADDR_CHN": NaN,
        "DEV_NAME_ENG": "JADE GARDEN",
        "DEV_NAME_CHN": "翠園別墅",
        "FIRST_REFERENCE_LOT_PRN": "C3645173"
    }
]