[
    {
        "PRN": "B1966380",
        "SEQ_NUM": 1,
        "BLOCK": "A",
        "FLOOR": "G",
        "FLAT": NaN,
        "HOUSE_NUM_PREFIX": NaN,
        "STREET_NAME_ENG": NaN,
        "STREET_NAME_CHN": NaN,
        "AREA_DESC_ENG": NaN,
        "AREA_DESC_CHN": NaN,
        "FREE_FORMAT_ADDR_ENG": "G/F BLOCK A OF JADE FOREST VILLA SS.1 OF S.B OF LOT NO. 173 IN DD 14 TAI PO NEW TERRITORIES",
        "FREE_FORMAT_ADDR_CHN": NaN,
        "DEV_NAME_ENG": "JADE FOREST VILLA",
        "DEV_NAME_CHN": "翠林苑",
        "FIRST_REFERENCE_LOT_PRN": "C1620509"
    },
    {
        "PRN": "B1966397",
        "SEQ_NUM": 1,
        "BLOCK": "J",
        "FLOOR": "G",
        "FLAT": NaN,
        "HOUSE_NUM_PREFIX": NaN,
        "STREET_NAME_ENG": NaN,
        "STREET_NAME_CHN": NaN,
        "AREA_DESC_ENG": NaN,
        "AREA_DESC_CHN": NaN,
        "FREE_FORMAT_ADDR_ENG": "G/F BLOCK J OF JADE FOREST VILLA SECTION I OF LOT NO. 306 IN DD 14 TAI PO NEW TERRITORIES",
        "FREE_FORMAT_ADDR_CHN": NaN,
        "DEV_NAME_ENG": "JADE FOREST VILLA",
        "DEV_NAME_CHN": "翠林苑",
        "FIRST_REFERENCE_LOT_PRN": "C1621909"
    },
    {
        "PRN": "B1966407",
        "SEQ_NUM": 1,
        "BLOCK": "B",
        "FLOOR": "G",
        "FLAT": NaN,
        "HOUSE_NUM_PREFIX": NaN,
        "STREET_NAME_ENG": NaN,
        "STREET_NAME_CHN": NaN,
        "AREA_DESC_ENG": NaN,
        "AREA_DESC_CHN": NaN,
        "FREE_FORMAT_ADDR_ENG": "G/F BLOCK B OF JADE FOREST VILLA R.P. OF S.B OF LOT NO. 173 IN DD 14 TAI PO NEW TERRITORIES",
        "FREE_FORMAT_ADDR_CHN": NaN,
        "DEV_NAME_ENG": "JADE FOREST VILLA",
        "DEV_NAME_CHN": "翠林苑",
        "FIRST_REFERENCE_LOT_PRN": "C1620494"
    },
    {
        "PRN": "B1966421",
        "SEQ_NUM": 1,
        "BLOCK": "A",
        "FLOOR": "1",
        "FLAT": NaN,
        "HOUSE_NUM_PREFIX": NaN,
        "STREET_NAME_ENG": NaN,
        "STREET_NAME_CHN": NaN,
        "AREA_DESC_ENG": NaN,
        "AREA_DESC_CHN": NaN,
        "FREE_FORMAT_ADDR_ENG": "1/F INCLUDING THE BALCONY BLOCK A OF JADE FOREST VILLA SS.1 OF S.B OF LOT NO. 173 IN DD 14 TAI PO NEW TERRITORIES",
        "FREE_FORMAT_ADDR_CHN": NaN,
        "DEV_NAME_ENG": "JADE FOREST VILLA",
        "DEV_NAME_CHN": "翠林苑",
        "FIRST_REFERENCE_LOT_PRN": "C1620509"
    },
    {
        "PRN": "B1966436",
        "SEQ_NUM": 1,
        "BLOCK": "F",
        "FLOOR": "1",
        "FLAT": NaN,
        "HOUSE_NUM_PREFIX": NaN,
        "STREET_NAME_ENG": NaN,
        "STREET_NAME_CHN": NaN,
        "AREA_DESC_ENG": NaN,
        "AREA_DESC_CHN": NaN,
        "FREE_FORMAT_ADDR_ENG": "1/F INCLUDING THE BALCONY BLOCK F OF JADE FOREST VILLA SECTION B OF LOT NO. 306 IN DD 14 TAI PO NEW TERRITORIES",
        "FREE_FORMAT_ADDR_CHN": NaN,
        "DEV_NAME_ENG": "JADE FOREST VILLA",
        "DEV_NAME_CHN": "翠林苑",
        "FIRST_REFERENCE_LOT_PRN": "C1621867"
    },
    {
        "PRN": "B1966447",
        "SEQ_NUM": 1,
        "BLOCK": "B",
        "FLOOR": "1",
        "FLAT": NaN,
        "HOUSE_NUM_PREFIX": NaN,
        "STREET_NAME_ENG": NaN,
        "STREET_NAME_CHN": NaN,
        "AREA_DESC_ENG": NaN,
        "AREA_DESC_CHN": NaN,
        "FREE_FORMAT_ADDR_ENG": "1/F INCLUDING THE BALCONY BLOCK B OF JADE FOREST VILLA R.P. OF S.B OF LOT NO. 173 IN DD 14 TAI PO NEW TERRITORIES",
        "FREE_FORMAT_ADDR_CHN": NaN,
        "DEV_NAME_ENG": "JADE FOREST VILLA",
        "DEV_NAME_CHN": "翠林苑",
        "FIRST_REFERENCE_LOT_PRN": "C1620494"
    },
    {
        "PRN": "B1966473",
        "SEQ_NUM": 1,
        "BLOCK": "A",
        "FLOOR": "2",
        "FLAT": NaN,
        "HOUSE_NUM_PREFIX": NaN,
        "STREET_NAME_ENG": NaN,
        "STREET_NAME_CHN": NaN,
        "AREA_DESC_ENG": NaN,
        "AREA_DESC_CHN": NaN,
        "FREE_FORMAT_ADDR_ENG": "2/F INCLUDING THE BALCONY WITH ROOF BLOCK A OF JADE FOREST VILLA SS.1 OF S.B OF LOT NO. 173 IN DD 14 TAI PO NEW TERRITORIES",
        "FREE_FORMAT_ADDR_CHN": NaN,
        "DEV_NAME_ENG": "JADE FOREST VILLA",
        "DEV_NAME_CHN": "翠林苑",
        "FIRST_REFERENCE_LOT_PRN": "C1620509"
    },
    {
        "PRN": "B1966488",
        "SEQ_NUM": 1,
        "BLOCK": "F",
        "FLOOR": "2",
        "FLAT": NaN,
        "HOUSE_NUM_PREFIX": NaN,
        "STREET_NAME_ENG": NaN,
        "STREET_NAME_CHN": NaN,
        "AREA_DESC_ENG": NaN,
        "AREA_DESC_CHN": NaN,
        "FREE_FORMAT_ADDR_ENG": "2/F INCLUDING THE BALCONY WITH ROOF BLOCK F OF JADE FOREST VILLA SECTION B OF LOT NO. 306 IN DD 14 TAI PO NEW TERRITORIES",
        "FREE_FORMAT_ADDR_CHN": NaN,
        "DEV_NAME_ENG": "JADE FOREST VILLA",
        "DEV_NAME_CHN": "翠林苑",
        "FIRST_REFERENCE_LOT_PRN": "C1621867"
    },
    {
        "PRN": "B1966795",
        "SEQ_NUM": 1,
        "BLOCK": "C",
        "FLOOR": "1",
        "FLAT": NaN,
        "HOUSE_NUM_PREFIX": NaN,
        "STREET_NAME_ENG": NaN,
        "STREET_NAME_CHN": NaN,
        "AREA_DESC_ENG": NaN,
        "AREA_DESC_CHN": NaN,
        "FREE_FORMAT_ADDR_ENG": "1/F INCLUDING THE BALCONY BLOCK C OF JADE FOREST VILLA 74 TUNG TSZ TAI PO NEW TERRITORIES",
        "FREE_FORMAT_ADDR_CHN": NaN,
        "DEV_NAME_ENG": "JADE FOREST VILLA",
        "DEV_NAME_CHN": NaN,
        "FIRST_REFERENCE_LOT_PRN": "C1624272"
    },
    {
        "PRN": "B1966911",
        "SEQ_NUM": 1,
        "BLOCK": "O",
        "FLOOR": "1",
        "FLAT": NaN,
        "HOUSE_NUM_PREFIX": NaN,
        "STREET_NAME_ENG": NaN,
        "STREET_NAME_CHN": NaN,
        "AREA_DESC_ENG": NaN,
        "AREA_DESC_CHN": NaN,
        "FREE_FORMAT_ADDR_ENG": "1/F INCLUDING THE BALCONY BLOCK O OF JADE FOREST VILLA SECTION M OF LOT NO. 306 IN DD 14 TAI PO NEW TERRITORIES",
        "FREE_FORMAT_ADDR_CHN": NaN,
        "DEV_NAME_ENG": "JADE FOREST VILLA",
        "DEV_NAME_CHN": "翠林苑",
        "FIRST_REFERENCE_LOT_PRN": "C1621932"
    },
    {
        "PRN": "B1967217",
        "SEQ_NUM": 1,
        "BLOCK": "K",
        "FLOOR": "2",
        "FLAT": NaN,
        "HOUSE_NUM_PREFIX": NaN,
        "STREET_NAME_ENG": NaN,
        "STREET_NAME_CHN": NaN,
        "AREA_DESC_ENG": NaN,
        "AREA_DESC_CHN": NaN,
        "FREE_FORMAT_ADDR_ENG": "2/F INCLUDING THE BALCONY WITH ROOF BLOCK K OF JADE FOREST VILLA THE R.P. OF LOT NO. 306 IN DD 14 TAI PO NEW TERRITORIES",
        "FREE_FORMAT_ADDR_CHN": NaN,
        "DEV_NAME_ENG": "JADE FOREST VILLA",
        "DEV_NAME_CHN": "翠林苑",
        "FIRST_REFERENCE_LOT_PRN": "C1621853"
    },
    {
        "PRN": "B1970204",
        "SEQ_NUM": 1,
        "BLOCK": "P",
        "FLOOR": "G",
        "FLAT": NaN,
        "HOUSE_NUM_PREFIX": NaN,
        "STREET_NAME_ENG": NaN,
        "STREET_NAME_CHN": NaN,
        "AREA_DESC_ENG": NaN,
        "AREA_DESC_CHN": NaN,
        "FREE_FORMAT_ADDR_ENG": "G/F BLOCK P JADE FOREST VILLA 57 TUNG TSZ TAI PO NEW TERRITORIES",
        "FREE_FORMAT_ADDR_CHN": NaN,
        "DEV_NAME_ENG": "JADE FOREST VILLA",
        "DEV_NAME_CHN": NaN,
        "FIRST_REFERENCE_LOT_PRN": "C1624263"
    },
    {
        "PRN": "B1970686",
        "SEQ_NUM": 1,
        "BLOCK": "E",
        "FLOOR": "G",
        "FLAT": NaN,
        "HOUSE_NUM_PREFIX": NaN,
        "STREET_NAME_ENG": NaN,
        "STREET_NAME_CHN": NaN,
        "AREA_DESC_ENG": NaN,
        "AREA_DESC_CHN": NaN,
        "FREE_FORMAT_ADDR_ENG": "G/F OF BLOCK E JADE FOREST VILLA 72 TUNG TSZ TAI PO NEW TERRITORIES",
        "FREE_FORMAT_ADDR_CHN": NaN,
        "DEV_NAME_ENG": "JADE FOREST VILLA",
        "DEV_NAME_CHN": NaN,
        "FIRST_REFERENCE_LOT_PRN": "C4851483"
    },
    {
        "PRN": "B1970715",
        "SEQ_NUM": 1,
        "BLOCK": "E",
        "FLOOR": "1",
        "FLAT": NaN,
        "HOUSE_NUM_PREFIX": NaN,
        "STREET_NAME_ENG": NaN,
        "STREET_NAME_CHN": NaN,
        "AREA_DESC_ENG": NaN,
        "AREA_DESC_CHN": NaN,
        "FREE_FORMAT_ADDR_ENG": "1/F INCLUDING THE BALCONY OF BLK.E JADE FOREST VILLA 72 TUNG TSZ TAI PO NEW TERRITORIES",
        "FREE_FORMAT_ADDR_CHN": NaN,
        "DEV_NAME_ENG": "JADE FOREST VILLA",
        "DEV_NAME_CHN": NaN,
        "FIRST_REFERENCE_LOT_PRN": "C4851483"
    },
    {
        "PRN": "B1970751",
        "SEQ_NUM": 1,
        "BLOCK": "E",
        "FLOOR": "2",
        "FLAT": NaN,
        "HOUSE_NUM_PREFIX": NaN,
        "STREET_NAME_ENG": NaN,
        "STREET_NAME_CHN": NaN,
        "AREA_DESC_ENG": NaN,
        "AREA_DESC_CHN": NaN,
        "FREE_FORMAT_ADDR_ENG": "2/F INCLUDING THE BALCONY WITH ROOF BLOCK E JADE FOREST VILLA 72 TUNG TSZ TAI PO NEW TERRITORIES",
        "FREE_FORMAT_ADDR_CHN": NaN,
        "DEV_NAME_ENG": "JADE FOREST VILLA",
        "DEV_NAME_CHN": NaN,
        "FIRST_REFERENCE_LOT_PRN": "C4851483"
    },
    {
        "PRN": "B4872056",
        "SEQ_NUM": 1,
        "BLOCK": "F",
        "FLOOR": "G",
        "FLAT": NaN,
        "HOUSE_NUM_PREFIX": NaN,
        "STREET_NAME_ENG": NaN,
        "STREET_NAME_CHN": NaN,
        "AREA_DESC_ENG": NaN,
        "AREA_DESC_CHN": NaN,
        "FREE_FORMAT_ADDR_ENG": "G/F BLOCK F OF JADE FOREST VILLA SECTION B OF LOT NO. 306 IN DD 14 TAI PO NEW TERRITORIES",
        "FREE_FORMAT_ADDR_CHN": NaN,
        "DEV_NAME_ENG": "JADE FOREST VILLA",
        "DEV_NAME_CHN": "翠林苑",
        "FIRST_REFERENCE_LOT_PRN": "C1621867"
    },
    {
        "PRN": "B4872151",
        "SEQ_NUM": 1,
        "BLOCK": "H",
        "FLOOR": "2",
        "FLAT": NaN,
        "HOUSE_NUM_PREFIX": NaN,
        "STREET_NAME_ENG": NaN,
        "STREET_NAME_CHN": NaN,
        "AREA_DESC_ENG": NaN,
        "AREA_DESC_CHN": NaN,
        "FREE_FORMAT_ADDR_ENG": "2/F INCLUDING THE BALCONY WITH ROOF BLOCK H OF JADE FOREST VILLA SECTION E OF LOT NO. 306 IN DD 14 TAI PO NEW TERRITORIES",
        "FREE_FORMAT_ADDR_CHN": NaN,
        "DEV_NAME_ENG": "JADE FOREST VILLA",
        "DEV_NAME_CHN": NaN,
        "FIRST_REFERENCE_LOT_PRN": "C4851093"
    },
    {
        "PRN": "B7557524",
        "SEQ_NUM": 1,
        "BLOCK": "J",
        "FLOOR": "1",
        "FLAT": NaN,
        "HOUSE_NUM_PREFIX": NaN,
        "STREET_NAME_ENG": NaN,
        "STREET_NAME_CHN": NaN,
        "AREA_DESC_ENG": NaN,
        "AREA_DESC_CHN": NaN,
        "FREE_FORMAT_ADDR_ENG": "1/F INCLUDING THE BALCONY BLOCK J OF JADE FOREST VILLA SECTION I OF LOT NO. 306 IN DD 14 TAI PO NEW TERRITORIES",
        "FREE_FORMAT_ADDR_CHN": NaN,
        "DEV_NAME_ENG": "JADE FOREST VILLA",
        "DEV_NAME_CHN": "翠林苑",
        "FIRST_REFERENCE_LOT_PRN": "C1621909"
    },
    {
        "PRN": "B7557561",
        "SEQ_NUM": 1,
        "BLOCK": "C",
        "FLOOR": "2",
        "FLAT": NaN,
        "HOUSE_NUM_PREFIX": NaN,
        "STREET_NAME_ENG": NaN,
        "STREET_NAME_CHN": NaN,
        "AREA_DESC_ENG": NaN,
        "AREA_DESC_CHN": NaN,
        "FREE_FORMAT_ADDR_ENG": "2/F INCLUDING THE BALCONY WITH ROOF BLOCK C OF JADE FOREST VILLA 74 TUNG TSZ TAI PO NEW TERRITORIES",
        "FREE_FORMAT_ADDR_CHN": NaN,
        "DEV_NAME_ENG": "JADE FOREST VILLA",
        "DEV_NAME_CHN": NaN,
        "FIRST_REFERENCE_LOT_PRN": "C1624272"
    },
    {
        "PRN": "B7557584",
        "SEQ_NUM": 1,
        "BLOCK": "O",
        "FLOOR": "2",
        "FLAT": NaN,
        "HOUSE_NUM_PREFIX": NaN,
        "STREET_NAME_ENG": NaN,
        "STREET_NAME_CHN": NaN,
        "AREA_DESC_ENG": NaN,
        "AREA_DESC_CHN": NaN,
        "FREE_FORMAT_ADDR_ENG": "2/F INCLUDING THE BALCONY WITH ROOF BLOCK O OF JADE FOREST VILLA SECTION M OF LOT NO. 306 IN DD 14 TAI PO NEW TERRITORIES",
        "FREE_FORMAT_ADDR_CHN": NaN,
        "DEV_NAME_ENG": "JADE FOREST VILLA",
        "DEV_NAME_CHN": "翠林苑",
        "FIRST_REFERENCE_LOT_PRN": "C1621932"
    },
    {
        "PRN": "B7557961",
        "SEQ_NUM": 1,
        "BLOCK": "P",
        "FLOOR": "2",
        "FLAT": NaN,
        "HOUSE_NUM_PREFIX": NaN,
        "STREET_NAME_ENG": NaN,
        "STREET_NAME_CHN": NaN,
        "AREA_DESC_ENG": NaN,
        "AREA_DESC_CHN": NaN,
        "FREE_FORMAT_ADDR_ENG": "2/F INCLUDING THE BALCONY WITH ROOF BLOCK P JADE FOREST VILLA LOT NO. 606 IN DD 14 57 TUNG TSZ TAI PO N.T..",
        "FREE_FORMAT_ADDR_CHN": NaN,
        "DEV_NAME_ENG": "JADE FOREST VILLA",
        "DEV_NAME_CHN": NaN,
        "FIRST_REFERENCE_LOT_PRN": "C1624263"
    },
    {
        "PRN": "B8706716",
        "SEQ_NUM": 1,
        "BLOCK": "B",
        "FLOOR": "2",
        "FLAT": NaN,
        "HOUSE_NUM_PREFIX": NaN,
        "STREET_NAME_ENG": NaN,
        "STREET_NAME_CHN": NaN,
        "AREA_DESC_ENG": NaN,
        "AREA_DESC_CHN": NaN,
        "FREE_FORMAT_ADDR_ENG": "2/F INCLUDING THE BALCONY WITH ROOF BLOCK B OF JADE FOREST VILLA R.P. OF S.B OF LOT NO. 173 IN DD 14 TAI PO NEW TERRITORIES",
        "FREE_FORMAT_ADDR_CHN": NaN,
        "DEV_NAME_ENG": "JADE FOREST VILLA",
        "DEV_NAME_CHN": "翠林苑",
        "FIRST_REFERENCE_LOT_PRN": "C1620494"
    },
    {
        "PRN": "B8706740",
        "SEQ_NUM": 1,
        "BLOCK": "C",
        "FLOOR": "G",
        "FLAT": NaN,
        "HOUSE_NUM_PREFIX": NaN,
        "STREET_NAME_ENG": NaN,
        "STREET_NAME_CHN": NaN,
        "AREA_DESC_ENG": NaN,
        "AREA_DESC_CHN": NaN,
        "FREE_FORMAT_ADDR_ENG": "G/F BLOCK C OF JADE FOREST VILLA 74 TUNG TSZ TAI PO NEW TERRITORIES",
        "FREE_FORMAT_ADDR_CHN": NaN,
        "DEV_NAME_ENG": "JADE FOREST VILLA",
        "DEV_NAME_CHN": NaN,
        "FIRST_REFERENCE_LOT_PRN": "C1624272"
    },
    {
        "PRN": "C0238346",
        "SEQ_NUM": 1,
        "BLOCK": "K",
        "FLOOR": "G",
        "FLAT": NaN,
        "HOUSE_NUM_PREFIX": NaN,
        "STREET_NAME_ENG": NaN,
        "STREET_NAME_CHN": NaN,
        "AREA_DESC_ENG": NaN,
        "AREA_DESC_CHN": NaN,
        "FREE_FORMAT_ADDR_ENG": "G/F BLOCK K OF JADE FOREST VILLA THE R.P. OF LOT NO. 306 IN DD 14 TAI PO NEW TERRITORIES",
        "FREE_FORMAT_ADDR_CHN": NaN,
        "DEV_NAME_ENG": "JADE FOREST VILLA",
        "DEV_NAME_CHN": "翠林苑",
        "FIRST_REFERENCE_LOT_PRN": "C1621853"
    },
    {
        "PRN": "C0238352",
        "SEQ_NUM": 1,
        "BLOCK": "K",
        "FLOOR": "1",
        "FLAT": NaN,
        "HOUSE_NUM_PREFIX": NaN,
        "STREET_NAME_ENG": NaN,
        "STREET_NAME_CHN": NaN,
        "AREA_DESC_ENG": NaN,
        "AREA_DESC_CHN": NaN,
        "FREE_FORMAT_ADDR_ENG": "1/F INCLUDING THE BALCONY BLOCK K OF JADE FOREST VILLA THE R.P. OF LOT NO. 306 IN DD 14 TAI PO NEW TERRITORIES",
        "FREE_FORMAT_ADDR_CHN": NaN,
        "DEV_NAME_ENG": "JADE FOREST VILLA",
        "DEV_NAME_CHN": "翠林苑",
        "FIRST_REFERENCE_LOT_PRN": "C1621853"
    },
    {
        "PRN": "C0238363",
        "SEQ_NUM": 1,
        "BLOCK": "H",
        "FLOOR": "G",
        "FLAT": NaN,
        "HOUSE_NUM_PREFIX": NaN,
        "STREET_NAME_ENG": NaN,
        "STREET_NAME_CHN": NaN,
        "AREA_DESC_ENG": NaN,
        "AREA_DESC_CHN": NaN,
        "FREE_FORMAT_ADDR_ENG": "G/F BLOCK H OF JADE FOREST VILLA SECTION E OF LOT NO. 306 IN DD 14 TAI PO NEW TERRITORIES",
        "FREE_FORMAT_ADDR_CHN": NaN,
        "DEV_NAME_ENG": "JADE FOREST VILLA",
        "DEV_NAME_CHN": NaN,
        "FIRST_REFERENCE_LOT_PRN": "C4851093"
    },
    {
        "PRN": "C0238379",
        "SEQ_NUM": 1,
        "BLOCK": "H",
        "FLOOR": "1",
        "FLAT": NaN,
        "HOUSE_NUM_PREFIX": NaN,
        "STREET_NAME_ENG": NaN,
        "STREET_NAME_CHN": NaN,
        "AREA_DESC_ENG": NaN,
        "AREA_DESC_CHN": NaN,
        "FREE_FORMAT_ADDR_ENG": "1/F INCLUDING THE BALCONY BLOCK H OF JADE FOREST VILLA SECTION E OF LOT NO. 306 IN DD 14 TAI PO NEW TERRITORIES",
        "FREE_FORMAT_ADDR_CHN": NaN,
        "DEV_NAME_ENG": "JADE FOREST VILLA",
        "DEV_NAME_CHN": NaN,
        "FIRST_REFERENCE_LOT_PRN": "C4851093"
    },
    {
        "PRN": "C0238900",
        "SEQ_NUM": 1,
        "BLOCK": "P",
        "FLOOR": "1",
        "FLAT": NaN,
        "HOUSE_NUM_PREFIX": NaN,
        "STREET_NAME_ENG": NaN,
        "STREET_NAME_CHN": NaN,
        "AREA_DESC_ENG": NaN,
        "AREA_DESC_CHN": NaN,
        "FREE_FORMAT_ADDR_ENG": "1/F INCLUDING THE BALCONY BLOCK P JADE FOREST VILLA LOT NO. 606 IN DD 14 57 TUNG TSZ TAI PO N.T..",
        "FREE_FORMAT_ADDR_CHN": NaN,
        "DEV_NAME_ENG": "JADE FOREST VILLA",
        "DEV_NAME_CHN": NaN,
        "FIRST_REFERENCE_LOT_PRN": "C1624263"
    },
    {
        "PRN": "C0716050",
        "SEQ_NUM": 1,
        "BLOCK": "O",
        "FLOOR": "G",
        "FLAT": NaN,
        "HOUSE_NUM_PREFIX": NaN,
        "STREET_NAME_ENG": NaN,
        "STREET_NAME_CHN": NaN,
        "AREA_DESC_ENG": NaN,
        "AREA_DESC_CHN": NaN,
        "FREE_FORMAT_ADDR_ENG": "G/F BLOCK O OF JADE FOREST VILLA SECTION M OF LOT NO. 306 IN DD 14 TAI PO NEW TERRITORIES",
        "FREE_FORMAT_ADDR_CHN": NaN,
        "DEV_NAME_ENG": "JADE FOREST VILLA",
        "DEV_NAME_CHN": "翠林苑",
        "FIRST_REFERENCE_LOT_PRN": "C1621932"
    },
    {
        "PRN": "C1381391",
        "SEQ_NUM": 1,
        "BLOCK": "J",
        "FLOOR": "2",
        "FLAT": NaN,
        "HOUSE_NUM_PREFIX": NaN,
        "STREET_NAME_ENG": NaN,
        "STREET_NAME_CHN": NaN,
        "AREA_DESC_ENG": NaN,
        "AREA_DESC_CHN": NaN,
        "FREE_FORMAT_ADDR_ENG": "2/F INCLUDING THE BALCONY WITH ROOF BLOCK J OF JADE FOREST VILLA SECTION I OF LOT NO. 306 IN DD 14 TAI PO NEW TERRITORIES",
        "FREE_FORMAT_ADDR_CHN": NaN,
        "DEV_NAME_ENG": "JADE FOREST VILLA",
        "DEV_NAME_CHN": "翠林苑",
        "FIRST_REFERENCE_LOT_PRN": "C1621909"
    }
]