[
    {
        "PRN": "B1392860",
        "SEQ_NUM": 1,
        "BLOCK": "A",
        "FLOOR": "G",
        "FLAT": NaN,
        "HOUSE_NUM_PREFIX": NaN,
        "STREET_NAME_ENG": NaN,
        "STREET_NAME_CHN": NaN,
        "AREA_DESC_ENG": NaN,
        "AREA_DESC_CHN": NaN,
        "FREE_FORMAT_ADDR_ENG": "G/F AND THE GARDEN OF BLOCK A JAZZ GARDEN PHASE I NO.600 SHEUNG TSUEN PAT HEUNG YUEN LONG NEW TERITORIES",
        "FREE_FORMAT_ADDR_CHN": NaN,
        "DEV_NAME_ENG": "JAZZ GARDEN",
        "DEV_NAME_CHN": "金爵花園",
        "FIRST_REFERENCE_LOT_PRN": "C2588990"
    },
    {
        "PRN": "B1395687",
        "SEQ_NUM": 1,
        "BLOCK": "A",
        "FLOOR": "2",
        "FLAT": NaN,
        "HOUSE_NUM_PREFIX": NaN,
        "STREET_NAME_ENG": NaN,
        "STREET_NAME_CHN": NaN,
        "AREA_DESC_ENG": NaN,
        "AREA_DESC_CHN": NaN,
        "FREE_FORMAT_ADDR_ENG": "2/F (INCLUDING BALCONY) AND THE ROOF OF BLOCK A JAZZ GARDEN PHASE I NO.600 SHEUNG TSUEN PAT HEUNG YUEN LONG NEW TERRITORIES",
        "FREE_FORMAT_ADDR_CHN": NaN,
        "DEV_NAME_ENG": "JAZZ GARDEN",
        "DEV_NAME_CHN": "金爵花園",
        "FIRST_REFERENCE_LOT_PRN": "C2588990"
    },
    {
        "PRN": "B1399829",
        "SEQ_NUM": 1,
        "BLOCK": "H",
        "FLOOR": "G",
        "FLAT": NaN,
        "HOUSE_NUM_PREFIX": NaN,
        "STREET_NAME_ENG": NaN,
        "STREET_NAME_CHN": NaN,
        "AREA_DESC_ENG": NaN,
        "AREA_DESC_CHN": NaN,
        "FREE_FORMAT_ADDR_ENG": "G/F AND THE GARDEN OF BLOCK H JAZZ GARDEN PHASE I NO.600 SHEUNG TSUEN PAT HEUNG YUEN LONG NEW TERRITORIES",
        "FREE_FORMAT_ADDR_CHN": NaN,
        "DEV_NAME_ENG": "JAZZ GARDEN",
        "DEV_NAME_CHN": "金爵花園",
        "FIRST_REFERENCE_LOT_PRN": "C2589047"
    },
    {
        "PRN": "B1399843",
        "SEQ_NUM": 1,
        "BLOCK": "H",
        "FLOOR": "1",
        "FLAT": NaN,
        "HOUSE_NUM_PREFIX": NaN,
        "STREET_NAME_ENG": NaN,
        "STREET_NAME_CHN": NaN,
        "AREA_DESC_ENG": NaN,
        "AREA_DESC_CHN": NaN,
        "FREE_FORMAT_ADDR_ENG": "1/F (INCLUDING BALCONY) OF BLOCK H JAZZ GARDEN PHASE I NO.600 SHEUNG TSUEN PAT HEUNG YUEN LONG NEW TERRITORIES",
        "FREE_FORMAT_ADDR_CHN": NaN,
        "DEV_NAME_ENG": "JAZZ GARDEN",
        "DEV_NAME_CHN": "金爵花園",
        "FIRST_REFERENCE_LOT_PRN": "C2589047"
    },
    {
        "PRN": "B1399853",
        "SEQ_NUM": 1,
        "BLOCK": "H",
        "FLOOR": "2",
        "FLAT": NaN,
        "HOUSE_NUM_PREFIX": NaN,
        "STREET_NAME_ENG": NaN,
        "STREET_NAME_CHN": NaN,
        "AREA_DESC_ENG": NaN,
        "AREA_DESC_CHN": NaN,
        "FREE_FORMAT_ADDR_ENG": "2/F (INCLUDING BALCONY) AND THE ROOF OF BLOCK H JAZZ GARDEN PHASE I NO.600 SHEUNG TSUEN PAT HEUNG YUEN LONG NEW TERRITORIES",
        "FREE_FORMAT_ADDR_CHN": NaN,
        "DEV_NAME_ENG": "JAZZ GARDEN",
        "DEV_NAME_CHN": "金爵花園",
        "FIRST_REFERENCE_LOT_PRN": "C2589047"
    },
    {
        "PRN": "B1400232",
        "SEQ_NUM": 1,
        "BLOCK": "M",
        "FLOOR": "G",
        "FLAT": NaN,
        "HOUSE_NUM_PREFIX": NaN,
        "STREET_NAME_ENG": NaN,
        "STREET_NAME_CHN": NaN,
        "AREA_DESC_ENG": NaN,
        "AREA_DESC_CHN": NaN,
        "FREE_FORMAT_ADDR_ENG": "G/F AND THE GARDEN OF BLOCK M JAZZ GARDEN PHASE I NO.600 SHEUNG TSUEN PAT HEUNG YUEN LONG NEW TERRITORIES",
        "FREE_FORMAT_ADDR_CHN": NaN,
        "DEV_NAME_ENG": "JAZZ GARDEN",
        "DEV_NAME_CHN": "金爵花園",
        "FIRST_REFERENCE_LOT_PRN": "C2590262"
    },
    {
        "PRN": "B1461127",
        "SEQ_NUM": 1,
        "BLOCK": "20",
        "FLOOR": "G",
        "FLAT": NaN,
        "HOUSE_NUM_PREFIX": NaN,
        "STREET_NAME_ENG": NaN,
        "STREET_NAME_CHN": NaN,
        "AREA_DESC_ENG": NaN,
        "AREA_DESC_CHN": NaN,
        "FREE_FORMAT_ADDR_ENG": "G/F & THE GARDEN OF BLOCK 20 JAZZ GARDEN PHASE II 543 TIN SAM TSUEN YUEN LONG NEW TERRITORIES",
        "FREE_FORMAT_ADDR_CHN": NaN,
        "DEV_NAME_ENG": "JAZZ GARDEN",
        "DEV_NAME_CHN": "金爵花園",
        "FIRST_REFERENCE_LOT_PRN": "C2465968"
    },
    {
        "PRN": "B1461138",
        "SEQ_NUM": 1,
        "BLOCK": "20",
        "FLOOR": "1",
        "FLAT": NaN,
        "HOUSE_NUM_PREFIX": NaN,
        "STREET_NAME_ENG": NaN,
        "STREET_NAME_CHN": NaN,
        "AREA_DESC_ENG": NaN,
        "AREA_DESC_CHN": NaN,
        "FREE_FORMAT_ADDR_ENG": "1/F OF BLOCK 20 JAZZ GARDEN PHASE II 543 TIN SAM TSUEN YUEN LONG NEW TERRITORIES",
        "FREE_FORMAT_ADDR_CHN": NaN,
        "DEV_NAME_ENG": "JAZZ GARDEN",
        "DEV_NAME_CHN": "金爵花園",
        "FIRST_REFERENCE_LOT_PRN": "C2465968"
    },
    {
        "PRN": "B1464600",
        "SEQ_NUM": 1,
        "BLOCK": "1",
        "FLOOR": "G",
        "FLAT": NaN,
        "HOUSE_NUM_PREFIX": NaN,
        "STREET_NAME_ENG": NaN,
        "STREET_NAME_CHN": NaN,
        "AREA_DESC_ENG": NaN,
        "AREA_DESC_CHN": NaN,
        "FREE_FORMAT_ADDR_ENG": "G/F AND THE GARDEN BLOCK 1 OF JAZZ GARDEN PHASE II 543 TIN SAM TSUEN YUEN LONG NEW TERRITORIES",
        "FREE_FORMAT_ADDR_CHN": NaN,
        "DEV_NAME_ENG": "JAZZ GARDEN",
        "DEV_NAME_CHN": "金爵花園",
        "FIRST_REFERENCE_LOT_PRN": "C2465825"
    },
    {
        "PRN": "B1464614",
        "SEQ_NUM": 1,
        "BLOCK": "1",
        "FLOOR": "1",
        "FLAT": NaN,
        "HOUSE_NUM_PREFIX": NaN,
        "STREET_NAME_ENG": NaN,
        "STREET_NAME_CHN": NaN,
        "AREA_DESC_ENG": NaN,
        "AREA_DESC_CHN": NaN,
        "FREE_FORMAT_ADDR_ENG": "1/F BLOCK 1 OF JAZZ GARDEN PHASE II 543 TIN SAM TSUEN YUEN LONG NEW TERRITORIES",
        "FREE_FORMAT_ADDR_CHN": NaN,
        "DEV_NAME_ENG": "JAZZ GARDEN",
        "DEV_NAME_CHN": "金爵花園",
        "FIRST_REFERENCE_LOT_PRN": "C2465825"
    },
    {
        "PRN": "B1464625",
        "SEQ_NUM": 1,
        "BLOCK": "1",
        "FLOOR": "2",
        "FLAT": NaN,
        "HOUSE_NUM_PREFIX": NaN,
        "STREET_NAME_ENG": NaN,
        "STREET_NAME_CHN": NaN,
        "AREA_DESC_ENG": NaN,
        "AREA_DESC_CHN": NaN,
        "FREE_FORMAT_ADDR_ENG": "2/F AND THE ROOF BLOCK 1 OF JAZZ GARDEN PHASE II 543 TIN SAM TSUEN YUEN LONG NEW TERRITORIES",
        "FREE_FORMAT_ADDR_CHN": NaN,
        "DEV_NAME_ENG": "JAZZ GARDEN",
        "DEV_NAME_CHN": "金爵花園",
        "FIRST_REFERENCE_LOT_PRN": "C2465825"
    },
    {
        "PRN": "B1484694",
        "SEQ_NUM": 1,
        "BLOCK": "U",
        "FLOOR": "1",
        "FLAT": NaN,
        "HOUSE_NUM_PREFIX": NaN,
        "STREET_NAME_ENG": NaN,
        "STREET_NAME_CHN": NaN,
        "AREA_DESC_ENG": NaN,
        "AREA_DESC_CHN": NaN,
        "FREE_FORMAT_ADDR_ENG": "1/F BLOCK U OF JAZZ GARDEN PHASE I 604 SHEUNG TSUEN YUEN LONG NEW TERRITORIES",
        "FREE_FORMAT_ADDR_CHN": NaN,
        "DEV_NAME_ENG": "JAZZ GARDEN",
        "DEV_NAME_CHN": "金爵花園",
        "FIRST_REFERENCE_LOT_PRN": "C2590487"
    },
    {
        "PRN": "B1484703",
        "SEQ_NUM": 1,
        "BLOCK": "U",
        "FLOOR": "2",
        "FLAT": NaN,
        "HOUSE_NUM_PREFIX": NaN,
        "STREET_NAME_ENG": NaN,
        "STREET_NAME_CHN": NaN,
        "AREA_DESC_ENG": NaN,
        "AREA_DESC_CHN": NaN,
        "FREE_FORMAT_ADDR_ENG": "2/F AND THE ROOF BLOCK U OF JAZZ GARDEN PHASE I 604 SHEUNG TSUEN YUEN LONG NEW TERRITORIES",
        "FREE_FORMAT_ADDR_CHN": NaN,
        "DEV_NAME_ENG": "JAZZ GARDEN",
        "DEV_NAME_CHN": "金爵花園",
        "FIRST_REFERENCE_LOT_PRN": "C2590487"
    },
    {
        "PRN": "B4799280",
        "SEQ_NUM": 1,
        "BLOCK": "M",
        "FLOOR": "1",
        "FLAT": NaN,
        "HOUSE_NUM_PREFIX": NaN,
        "STREET_NAME_ENG": NaN,
        "STREET_NAME_CHN": NaN,
        "AREA_DESC_ENG": NaN,
        "AREA_DESC_CHN": NaN,
        "FREE_FORMAT_ADDR_ENG": "1/F (INCLUDING BALCONY) OF BLOCK M JAZZ GARDEN PHASE I NO.600 SHEUNG TSUEN PAT HEUNG YUEN LONG NEW TERRITORIES",
        "FREE_FORMAT_ADDR_CHN": NaN,
        "DEV_NAME_ENG": "JAZZ GARDEN",
        "DEV_NAME_CHN": "金爵花園",
        "FIRST_REFERENCE_LOT_PRN": "C2590262"
    },
    {
        "PRN": "B4808028",
        "SEQ_NUM": 1,
        "BLOCK": "20",
        "FLOOR": "2",
        "FLAT": NaN,
        "HOUSE_NUM_PREFIX": NaN,
        "STREET_NAME_ENG": NaN,
        "STREET_NAME_CHN": NaN,
        "AREA_DESC_ENG": NaN,
        "AREA_DESC_CHN": NaN,
        "FREE_FORMAT_ADDR_ENG": "2/F & THE ROOF OF BLOCK 20 JAZZ GARDEN PHASE II 543 TIN SAM TSUEN YUEN LONG NEW TERRITORIES",
        "FREE_FORMAT_ADDR_CHN": NaN,
        "DEV_NAME_ENG": "JAZZ GARDEN",
        "DEV_NAME_CHN": "金爵花園",
        "FIRST_REFERENCE_LOT_PRN": "C2465968"
    },
    {
        "PRN": "B6005935",
        "SEQ_NUM": 1,
        "BLOCK": "M",
        "FLOOR": "2",
        "FLAT": NaN,
        "HOUSE_NUM_PREFIX": NaN,
        "STREET_NAME_ENG": NaN,
        "STREET_NAME_CHN": NaN,
        "AREA_DESC_ENG": NaN,
        "AREA_DESC_CHN": NaN,
        "FREE_FORMAT_ADDR_ENG": "2/F (INCLUDING BALCONY) AND THE ROOF OF BLOCK M JAZZ GARDEN PHASE I NO.600 SHEUNG TSUEN PAT HEUNG YUEN LONG NEW TERRITORIES",
        "FREE_FORMAT_ADDR_CHN": NaN,
        "DEV_NAME_ENG": "JAZZ GARDEN",
        "DEV_NAME_CHN": "金爵花園",
        "FIRST_REFERENCE_LOT_PRN": "C2590262"
    },
    {
        "PRN": "C0178315",
        "SEQ_NUM": 1,
        "BLOCK": "U",
        "FLOOR": "G",
        "FLAT": NaN,
        "HOUSE_NUM_PREFIX": NaN,
        "STREET_NAME_ENG": NaN,
        "STREET_NAME_CHN": NaN,
        "AREA_DESC_ENG": NaN,
        "AREA_DESC_CHN": NaN,
        "FREE_FORMAT_ADDR_ENG": "G/F AND THE GARDEN BLOCK U OF JAZZ GARDEN PHASE I 604 SHEUNG TSUEN YUEN LONG NEW TERRITORIES",
        "FREE_FORMAT_ADDR_CHN": NaN,
        "DEV_NAME_ENG": "JAZZ GARDEN",
        "DEV_NAME_CHN": "金爵花園",
        "FIRST_REFERENCE_LOT_PRN": "C2590487"
    },
    {
        "PRN": "C1035811",
        "SEQ_NUM": 1,
        "BLOCK": "A",
        "FLOOR": "1",
        "FLAT": NaN,
        "HOUSE_NUM_PREFIX": NaN,
        "STREET_NAME_ENG": NaN,
        "STREET_NAME_CHN": NaN,
        "AREA_DESC_ENG": NaN,
        "AREA_DESC_CHN": NaN,
        "FREE_FORMAT_ADDR_ENG": "1/F (INCLUDING BALCONY) OF BLOCK A JAZZ GARDEN PHASE I NO.600 SHEUNG TSUEN PAT HEUNG YUEN LONG NEW TERRITORIES",
        "FREE_FORMAT_ADDR_CHN": NaN,
        "DEV_NAME_ENG": "JAZZ GARDEN",
        "DEV_NAME_CHN": "金爵花園",
        "FIRST_REFERENCE_LOT_PRN": "C2588990"
    },
    {
        "PRN": "D0140188",
        "SEQ_NUM": 1,
        "BLOCK": "R",
        "FLOOR": "1",
        "FLAT": NaN,
        "HOUSE_NUM_PREFIX": NaN,
        "STREET_NAME_ENG": NaN,
        "STREET_NAME_CHN": NaN,
        "AREA_DESC_ENG": NaN,
        "AREA_DESC_CHN": NaN,
        "FREE_FORMAT_ADDR_ENG": "FIRST FLOOR BLOCK R OF JAZZ GARDEN PHASE I NO.601 SHEUNG TSUEN YUEN LONG NEW TERRITORIES",
        "FREE_FORMAT_ADDR_CHN": NaN,
        "DEV_NAME_ENG": "JAZZ GARDEN",
        "DEV_NAME_CHN": "金爵花園",
        "FIRST_REFERENCE_LOT_PRN": "C2590467"
    },
    {
        "PRN": "D0140196",
        "SEQ_NUM": 1,
        "BLOCK": "R",
        "FLOOR": "2",
        "FLAT": NaN,
        "HOUSE_NUM_PREFIX": NaN,
        "STREET_NAME_ENG": NaN,
        "STREET_NAME_CHN": NaN,
        "AREA_DESC_ENG": NaN,
        "AREA_DESC_CHN": NaN,
        "FREE_FORMAT_ADDR_ENG": "SECOND FLOOR AND THE ROOF BLOCK R OF JAZZ GARDEN PHASE I NO.601 SHEUNG TSUEN YUEN LONG NEW TERRITORIES",
        "FREE_FORMAT_ADDR_CHN": NaN,
        "DEV_NAME_ENG": "JAZZ GARDEN",
        "DEV_NAME_CHN": "金爵花園",
        "FIRST_REFERENCE_LOT_PRN": "C2590467"
    },
    {
        "PRN": "D0140201",
        "SEQ_NUM": 1,
        "BLOCK": "R",
        "FLOOR": "G",
        "FLAT": NaN,
        "HOUSE_NUM_PREFIX": NaN,
        "STREET_NAME_ENG": NaN,
        "STREET_NAME_CHN": NaN,
        "AREA_DESC_ENG": NaN,
        "AREA_DESC_CHN": NaN,
        "FREE_FORMAT_ADDR_ENG": "GROUND FLOOR AND THE GARDEN YARD BLOCK R OF JAZZ GARDEN PHASE I NO.601 SHEUNG TSUEN YUEN LONG NEW TERRITORIES",
        "FREE_FORMAT_ADDR_CHN": NaN,
        "DEV_NAME_ENG": "JAZZ GARDEN",
        "DEV_NAME_CHN": "金爵花園",
        "FIRST_REFERENCE_LOT_PRN": "C2590467"
    }
]