[
    {
        "PRN": "A9015182",
        "SEQ_NUM": 1,
        "BLOCK": "A",
        "FLOOR": "G",
        "FLAT": "1",
        "HOUSE_NUM_PREFIX": 11.0,
        "STREET_NAME_ENG": "LOK YUEN PATH",
        "STREET_NAME_CHN": "樂園徑",
        "AREA_DESC_ENG": "SHA TIN",
        "AREA_DESC_CHN": "沙田",
        "FREE_FORMAT_ADDR_ENG": "FLAT 1 ON G/F INCLUDING GARDEN OF BLOCK A JUNIPER VILLA NOS.11-13 LOK YUEN PATH SHATIN NEW TERRITORIES",
        "FREE_FORMAT_ADDR_CHN": NaN,
        "DEV_NAME_ENG": "JUNIPER VILLA",
        "DEV_NAME_CHN": "柏翠小築",
        "FIRST_REFERENCE_LOT_PRN": "C4743633"
    },
    {
        "PRN": "A9015194",
        "SEQ_NUM": 1,
        "BLOCK": "A",
        "FLOOR": "2",
        "FLAT": "1",
        "HOUSE_NUM_PREFIX": 11.0,
        "STREET_NAME_ENG": "LOK YUEN PATH",
        "STREET_NAME_CHN": "樂園徑",
        "AREA_DESC_ENG": "SHA TIN",
        "AREA_DESC_CHN": "沙田",
        "FREE_FORMAT_ADDR_ENG": "FLAT 1 ON 2/F OF BLOCK A JUNIPER VILLA NOS.11-13 LOK YUEN PATH SHATIN NEW TERRITORIES",
        "FREE_FORMAT_ADDR_CHN": NaN,
        "DEV_NAME_ENG": "JUNIPER VILLA",
        "DEV_NAME_CHN": "柏翠小築",
        "FIRST_REFERENCE_LOT_PRN": "C4743633"
    },
    {
        "PRN": "A9015205",
        "SEQ_NUM": 1,
        "BLOCK": "A",
        "FLOOR": "G",
        "FLAT": "2",
        "HOUSE_NUM_PREFIX": 11.0,
        "STREET_NAME_ENG": "LOK YUEN PATH",
        "STREET_NAME_CHN": "樂園徑",
        "AREA_DESC_ENG": "SHA TIN",
        "AREA_DESC_CHN": "沙田",
        "FREE_FORMAT_ADDR_ENG": "FLAT 2 ON G/F INCLUDING THE YARD & GARDEN OF BLOCK A JUNIPER VILLA NOS.11-13 LOK YUEN PATH SHATIN NEW TERRITORIES",
        "FREE_FORMAT_ADDR_CHN": NaN,
        "DEV_NAME_ENG": "JUNIPER VILLA",
        "DEV_NAME_CHN": "柏翠小築",
        "FIRST_REFERENCE_LOT_PRN": "C4743633"
    },
    {
        "PRN": "A9015215",
        "SEQ_NUM": 1,
        "BLOCK": "A",
        "FLOOR": "1",
        "FLAT": "2",
        "HOUSE_NUM_PREFIX": 11.0,
        "STREET_NAME_ENG": "LOK YUEN PATH",
        "STREET_NAME_CHN": "樂園徑",
        "AREA_DESC_ENG": "SHA TIN",
        "AREA_DESC_CHN": "沙田",
        "FREE_FORMAT_ADDR_ENG": "FLAT 2 ON 1/F OF BLOCK A JUNIPER VILLA NOS.11-13 LOK YUEN PATH SHATIN NEW TERRITORIES",
        "FREE_FORMAT_ADDR_CHN": NaN,
        "DEV_NAME_ENG": "JUNIPER VILLA",
        "DEV_NAME_CHN": "柏翠小築",
        "FIRST_REFERENCE_LOT_PRN": "C4743633"
    },
    {
        "PRN": "A9015228",
        "SEQ_NUM": 1,
        "BLOCK": "A",
        "FLOOR": "3",
        "FLAT": "2",
        "HOUSE_NUM_PREFIX": 11.0,
        "STREET_NAME_ENG": "LOK YUEN PATH",
        "STREET_NAME_CHN": "樂園徑",
        "AREA_DESC_ENG": "SHA TIN",
        "AREA_DESC_CHN": "沙田",
        "FREE_FORMAT_ADDR_ENG": "FLAT 2 ON 3/F AND ROOF OF BLOCK A JUNIPER VILLA NOS.11-13 LOK YUEN PATH SHATIN NEW TERRITORIES",
        "FREE_FORMAT_ADDR_CHN": NaN,
        "DEV_NAME_ENG": "JUNIPER VILLA",
        "DEV_NAME_CHN": "柏翠小築",
        "FIRST_REFERENCE_LOT_PRN": "C4743633"
    },
    {
        "PRN": "A9015237",
        "SEQ_NUM": 1,
        "BLOCK": "B",
        "FLOOR": "1",
        "FLAT": "2",
        "HOUSE_NUM_PREFIX": 11.0,
        "STREET_NAME_ENG": "LOK YUEN PATH",
        "STREET_NAME_CHN": "樂園徑",
        "AREA_DESC_ENG": "SHA TIN",
        "AREA_DESC_CHN": "沙田",
        "FREE_FORMAT_ADDR_ENG": "FLAT 2 ON 1/F OF BLOCK B JUNIPER VILLA NOS.11-13 LOK YUEN PATH SHATIN NEW TERRITORIES",
        "FREE_FORMAT_ADDR_CHN": NaN,
        "DEV_NAME_ENG": "JUNIPER VILLA",
        "DEV_NAME_CHN": "柏翠小築",
        "FIRST_REFERENCE_LOT_PRN": "C4743633"
    },
    {
        "PRN": "A9015246",
        "SEQ_NUM": 1,
        "BLOCK": "B",
        "FLOOR": "2",
        "FLAT": "2",
        "HOUSE_NUM_PREFIX": 11.0,
        "STREET_NAME_ENG": "LOK YUEN PATH",
        "STREET_NAME_CHN": "樂園徑",
        "AREA_DESC_ENG": "SHA TIN",
        "AREA_DESC_CHN": "沙田",
        "FREE_FORMAT_ADDR_ENG": "FLAT 2 ON 2/F OF BLOCK B JUNIPER VILLA NOS.11-13 LOK YUEN PATH SHATIN NEW TERRITORIES",
        "FREE_FORMAT_ADDR_CHN": NaN,
        "DEV_NAME_ENG": "JUNIPER VILLA",
        "DEV_NAME_CHN": "柏翠小築",
        "FIRST_REFERENCE_LOT_PRN": "C4743633"
    },
    {
        "PRN": "A9015258",
        "SEQ_NUM": 1,
        "BLOCK": "B",
        "FLOOR": "3",
        "FLAT": "2",
        "HOUSE_NUM_PREFIX": 11.0,
        "STREET_NAME_ENG": "LOK YUEN PATH",
        "STREET_NAME_CHN": "樂園徑",
        "AREA_DESC_ENG": "SHA TIN",
        "AREA_DESC_CHN": "沙田",
        "FREE_FORMAT_ADDR_ENG": "FLAT 2 ON 3/F AND ROOF OF BLOCK B JUNIPER VILLA NOS.11-13 LOK YUEN PATH SHATIN NEW TERRITORIES",
        "FREE_FORMAT_ADDR_CHN": NaN,
        "DEV_NAME_ENG": "JUNIPER VILLA",
        "DEV_NAME_CHN": "柏翠小築",
        "FIRST_REFERENCE_LOT_PRN": "C4743633"
    },
    {
        "PRN": "B4503185",
        "SEQ_NUM": 1,
        "BLOCK": "A",
        "FLOOR": "2",
        "FLAT": "2",
        "HOUSE_NUM_PREFIX": 11.0,
        "STREET_NAME_ENG": "LOK YUEN PATH",
        "STREET_NAME_CHN": "樂園徑",
        "AREA_DESC_ENG": "SHA TIN",
        "AREA_DESC_CHN": "沙田",
        "FREE_FORMAT_ADDR_ENG": "FLAT 2 ON 2/F OF BLOCK A JUNIPER VILLA NOS.11-13 LOK YUEN PATH SHATIN NEW TERRITORIES",
        "FREE_FORMAT_ADDR_CHN": NaN,
        "DEV_NAME_ENG": "JUNIPER VILLA",
        "DEV_NAME_CHN": "柏翠小築",
        "FIRST_REFERENCE_LOT_PRN": "C4743633"
    },
    {
        "PRN": "B4503199",
        "SEQ_NUM": 1,
        "BLOCK": "B",
        "FLOOR": "1",
        "FLAT": "1",
        "HOUSE_NUM_PREFIX": 11.0,
        "STREET_NAME_ENG": "LOK YUEN PATH",
        "STREET_NAME_CHN": "樂園徑",
        "AREA_DESC_ENG": "SHA TIN",
        "AREA_DESC_CHN": "沙田",
        "FREE_FORMAT_ADDR_ENG": "FLAT 1 ON 1/F OF BLOCK B JUNIPER VILLA NOS.11-13 LOK YUEN PATH SHATIN NEW TERRITORIES",
        "FREE_FORMAT_ADDR_CHN": NaN,
        "DEV_NAME_ENG": "JUNIPER VILLA",
        "DEV_NAME_CHN": "柏翠小築",
        "FIRST_REFERENCE_LOT_PRN": "C4743633"
    },
    {
        "PRN": "B4503203",
        "SEQ_NUM": 1,
        "BLOCK": "B",
        "FLOOR": "3",
        "FLAT": "1",
        "HOUSE_NUM_PREFIX": 11.0,
        "STREET_NAME_ENG": "LOK YUEN PATH",
        "STREET_NAME_CHN": "樂園徑",
        "AREA_DESC_ENG": "SHA TIN",
        "AREA_DESC_CHN": "沙田",
        "FREE_FORMAT_ADDR_ENG": "FLAT 1 ON 3/F AND ROOF OF BLOCK B JUNIPER VILLA NOS.11-13 LOK YUEN PATH SHATIN NEW TERRITORIES",
        "FREE_FORMAT_ADDR_CHN": NaN,
        "DEV_NAME_ENG": "JUNIPER VILLA",
        "DEV_NAME_CHN": "柏翠小築",
        "FIRST_REFERENCE_LOT_PRN": "C4743633"
    },
    {
        "PRN": "B9869290",
        "SEQ_NUM": 1,
        "BLOCK": "B",
        "FLOOR": "G",
        "FLAT": "1",
        "HOUSE_NUM_PREFIX": 11.0,
        "STREET_NAME_ENG": "LOK YUEN PATH",
        "STREET_NAME_CHN": "樂園徑",
        "AREA_DESC_ENG": "SHA TIN",
        "AREA_DESC_CHN": "沙田",
        "FREE_FORMAT_ADDR_ENG": "FLAT 1 ON G/F INCLUDING THE YARD & GARDEN OF BLOCK B JUNIPER VILLA NOS.11-13 LOK YUEN PATH SHATIN NEW TERRITORIES",
        "FREE_FORMAT_ADDR_CHN": NaN,
        "DEV_NAME_ENG": "JUNIPER VILLA",
        "DEV_NAME_CHN": "柏翠小築",
        "FIRST_REFERENCE_LOT_PRN": "C4743633"
    },
    {
        "PRN": "B9869305",
        "SEQ_NUM": 1,
        "BLOCK": "B",
        "FLOOR": "2",
        "FLAT": "1",
        "HOUSE_NUM_PREFIX": 11.0,
        "STREET_NAME_ENG": "LOK YUEN PATH",
        "STREET_NAME_CHN": "樂園徑",
        "AREA_DESC_ENG": "SHA TIN",
        "AREA_DESC_CHN": "沙田",
        "FREE_FORMAT_ADDR_ENG": "FLAT 1 ON 2/F OF BLOCK B JUNIPER VILLA NOS.11-13 LOK YUEN PATH SHATIN NEW TERRITORIES",
        "FREE_FORMAT_ADDR_CHN": NaN,
        "DEV_NAME_ENG": "JUNIPER VILLA",
        "DEV_NAME_CHN": "柏翠小築",
        "FIRST_REFERENCE_LOT_PRN": "C4743633"
    },
    {
        "PRN": "C0642375",
        "SEQ_NUM": 1,
        "BLOCK": "A",
        "FLOOR": "1",
        "FLAT": "1",
        "HOUSE_NUM_PREFIX": 11.0,
        "STREET_NAME_ENG": "LOK YUEN PATH",
        "STREET_NAME_CHN": "樂園徑",
        "AREA_DESC_ENG": "SHA TIN",
        "AREA_DESC_CHN": "沙田",
        "FREE_FORMAT_ADDR_ENG": "FLAT 1 ON 1/F OF BLOCK A JUNIPER VILLA NOS.11-13 LOK YUEN PATH SHATIN NEW TERRITORIES",
        "FREE_FORMAT_ADDR_CHN": NaN,
        "DEV_NAME_ENG": "JUNIPER VILLA",
        "DEV_NAME_CHN": "柏翠小築",
        "FIRST_REFERENCE_LOT_PRN": "C4743633"
    },
    {
        "PRN": "C0642380",
        "SEQ_NUM": 1,
        "BLOCK": "A",
        "FLOOR": "3",
        "FLAT": "1",
        "HOUSE_NUM_PREFIX": 11.0,
        "STREET_NAME_ENG": "LOK YUEN PATH",
        "STREET_NAME_CHN": "樂園徑",
        "AREA_DESC_ENG": "SHA TIN",
        "AREA_DESC_CHN": "沙田",
        "FREE_FORMAT_ADDR_ENG": "FLAT 1 ON 3/F AND ROOF OF BLOCK A JUNIPER VILLA NOS.11-13 LOK YUEN PATH SHATIN NEW TERRITORIES",
        "FREE_FORMAT_ADDR_CHN": NaN,
        "DEV_NAME_ENG": "JUNIPER VILLA",
        "DEV_NAME_CHN": "柏翠小築",
        "FIRST_REFERENCE_LOT_PRN": "C4743633"
    },
    {
        "PRN": "C0642396",
        "SEQ_NUM": 1,
        "BLOCK": "B",
        "FLOOR": "G",
        "FLAT": "2",
        "HOUSE_NUM_PREFIX": 11.0,
        "STREET_NAME_ENG": "LOK YUEN PATH",
        "STREET_NAME_CHN": "樂園徑",
        "AREA_DESC_ENG": "SHA TIN",
        "AREA_DESC_CHN": "沙田",
        "FREE_FORMAT_ADDR_ENG": "FLAT 2 ON G/F INCLUDING GARDEN OF BLOCK B JUNIPER VILLA NOS.11-13 LOK YUEN PATH SHATIN NEW TERRITORIES",
        "FREE_FORMAT_ADDR_CHN": NaN,
        "DEV_NAME_ENG": "JUNIPER VILLA",
        "DEV_NAME_CHN": "柏翠小築",
        "FIRST_REFERENCE_LOT_PRN": "C4743633"
    }
]