[
    {
        "PRN": "D1548963",
        "SEQ_NUM": 1,
        "BLOCK": "CARP",
        "FLOOR": NaN,
        "FLAT": NaN,
        "HOUSE_NUM_PREFIX": 70.0,
        "STREET_NAME_ENG": "CHUN WAH ROAD",
        "STREET_NAME_CHN": "振華道",
        "AREA_DESC_ENG": "KOWLOON",
        "AREA_DESC_CHN": "九龍",
        "FREE_FORMAT_ADDR_ENG": "CAR PARK BLOCK LOK WAH SOUTH AND NORTH ESTATE NO.70 CHUN WAH ROAD KOWLOON",
        "FREE_FORMAT_ADDR_CHN": NaN,
        "DEV_NAME_ENG": "LOK WAH SOUTH AND NORTH ESTATE",
        "DEV_NAME_CHN": "樂華南北邨",
        "FIRST_REFERENCE_LOT_PRN": "D1253321"
    },
    {
        "PRN": "D1548975",
        "SEQ_NUM": 1,
        "BLOCK": "CHWA",
        "FLOOR": NaN,
        "FLAT": NaN,
        "HOUSE_NUM_PREFIX": 70.0,
        "STREET_NAME_ENG": "CHUN WAH ROAD",
        "STREET_NAME_CHN": "振華道",
        "AREA_DESC_ENG": "KOWLOON",
        "AREA_DESC_CHN": "九龍",
        "FREE_FORMAT_ADDR_ENG": "CHIN WAH HOUSE LOK WAH SOUTH AND NORTH ESTATE NO.70 CHUN WAH ROAD KOWLOON",
        "FREE_FORMAT_ADDR_CHN": NaN,
        "DEV_NAME_ENG": "LOK WAH SOUTH AND NORTH ESTATE",
        "DEV_NAME_CHN": "樂華南北邨",
        "FIRST_REFERENCE_LOT_PRN": "D1253321"
    },
    {
        "PRN": "D1548980",
        "SEQ_NUM": 1,
        "BLOCK": "FAWA",
        "FLOOR": NaN,
        "FLAT": NaN,
        "HOUSE_NUM_PREFIX": 70.0,
        "STREET_NAME_ENG": "CHUN WAH ROAD",
        "STREET_NAME_CHN": "振華道",
        "AREA_DESC_ENG": "KOWLOON",
        "AREA_DESC_CHN": "九龍",
        "FREE_FORMAT_ADDR_ENG": "FAI WAH HOUSE LOK WAH SOUTH AND NORTH ESTATE NO.70 CHUN WAH ROAD KOWLOON",
        "FREE_FORMAT_ADDR_CHN": NaN,
        "DEV_NAME_ENG": "LOK WAH SOUTH AND NORTH ESTATE",
        "DEV_NAME_CHN": "樂華南北邨",
        "FIRST_REFERENCE_LOT_PRN": "D1253321"
    },
    {
        "PRN": "D1548995",
        "SEQ_NUM": 1,
        "BLOCK": "HEWA",
        "FLOOR": NaN,
        "FLAT": NaN,
        "HOUSE_NUM_PREFIX": 70.0,
        "STREET_NAME_ENG": "CHUN WAH ROAD",
        "STREET_NAME_CHN": "振華道",
        "AREA_DESC_ENG": "KOWLOON",
        "AREA_DESC_CHN": "九龍",
        "FREE_FORMAT_ADDR_ENG": "HEI WAH HOUSE LOK WAH SOUTH AND NORTH ESTATE NO.70 CHUN WAH ROAD KOWLOON",
        "FREE_FORMAT_ADDR_CHN": NaN,
        "DEV_NAME_ENG": "LOK WAH SOUTH AND NORTH ESTATE",
        "DEV_NAME_CHN": "樂華南北邨",
        "FIRST_REFERENCE_LOT_PRN": "D1253321"
    },
    {
        "PRN": "D1549002",
        "SEQ_NUM": 1,
        "BLOCK": "LAWA",
        "FLOOR": NaN,
        "FLAT": NaN,
        "HOUSE_NUM_PREFIX": 70.0,
        "STREET_NAME_ENG": "CHUN WAH ROAD",
        "STREET_NAME_CHN": "振華道",
        "AREA_DESC_ENG": "KOWLOON",
        "AREA_DESC_CHN": "九龍",
        "FREE_FORMAT_ADDR_ENG": "LAP WAH HOUSE & TAT WAH HOUSE LOK WAH SOUTH AND NORTH ESTATE NO.70 CHUN WAH ROAD KOWLOON",
        "FREE_FORMAT_ADDR_CHN": NaN,
        "DEV_NAME_ENG": "LOK WAH SOUTH AND NORTH ESTATE",
        "DEV_NAME_CHN": "樂華南北邨",
        "FIRST_REFERENCE_LOT_PRN": "D1253321"
    },
    {
        "PRN": "D1549016",
        "SEQ_NUM": 1,
        "BLOCK": "MAWA",
        "FLOOR": NaN,
        "FLAT": NaN,
        "HOUSE_NUM_PREFIX": 70.0,
        "STREET_NAME_ENG": "CHUN WAH ROAD",
        "STREET_NAME_CHN": "振華道",
        "AREA_DESC_ENG": "KOWLOON",
        "AREA_DESC_CHN": "九龍",
        "FREE_FORMAT_ADDR_ENG": "MAN WAH HOUSE LOK WAH SOUTH AND NORTH ESTATE NO.70 CHUN WAH ROAD KOWLOON",
        "FREE_FORMAT_ADDR_CHN": NaN,
        "DEV_NAME_ENG": "LOK WAH SOUTH AND NORTH ESTATE",
        "DEV_NAME_CHN": "樂華南北邨",
        "FIRST_REFERENCE_LOT_PRN": "D1253321"
    },
    {
        "PRN": "D1549026",
        "SEQ_NUM": 1,
        "BLOCK": "NIWA",
        "FLOOR": NaN,
        "FLAT": NaN,
        "HOUSE_NUM_PREFIX": 70.0,
        "STREET_NAME_ENG": "CHUN WAH ROAD",
        "STREET_NAME_CHN": "振華道",
        "AREA_DESC_ENG": "KOWLOON",
        "AREA_DESC_CHN": "九龍",
        "FREE_FORMAT_ADDR_ENG": "NING WAH HOUSE & SHUN WAH HOUSE LOK WAH SOUTH AND NORTH ESTATE NO.70 CHUN WAH ROAD KOWLOON",
        "FREE_FORMAT_ADDR_CHN": NaN,
        "DEV_NAME_ENG": "LOK WAH SOUTH AND NORTH ESTATE",
        "DEV_NAME_CHN": "樂華南北邨",
        "FIRST_REFERENCE_LOT_PRN": "D1253321"
    },
    {
        "PRN": "D1549036",
        "SEQ_NUM": 1,
        "BLOCK": "ONWA",
        "FLOOR": NaN,
        "FLAT": NaN,
        "HOUSE_NUM_PREFIX": 70.0,
        "STREET_NAME_ENG": "CHUN WAH ROAD",
        "STREET_NAME_CHN": "振華道",
        "AREA_DESC_ENG": "KOWLOON",
        "AREA_DESC_CHN": "九龍",
        "FREE_FORMAT_ADDR_ENG": "ON WAH HOUSE LOK WAH SOUTH AND NORTH ESTATE NO.70 CHUN WAH ROAD KOWLOON",
        "FREE_FORMAT_ADDR_CHN": NaN,
        "DEV_NAME_ENG": "LOK WAH SOUTH AND NORTH ESTATE",
        "DEV_NAME_CHN": "樂華南北邨",
        "FIRST_REFERENCE_LOT_PRN": "D1253321"
    },
    {
        "PRN": "D1549045",
        "SEQ_NUM": 1,
        "BLOCK": "POWA",
        "FLOOR": NaN,
        "FLAT": NaN,
        "HOUSE_NUM_PREFIX": 70.0,
        "STREET_NAME_ENG": "CHUN WAH ROAD",
        "STREET_NAME_CHN": "振華道",
        "AREA_DESC_ENG": "KOWLOON",
        "AREA_DESC_CHN": "九龍",
        "FREE_FORMAT_ADDR_ENG": "PO WAH HOUSE & KAN WAH HOUSE LOK WAH SOUTH AND NORTH ESTATE NO.70 CHUN WAH ROAD KOWLOON",
        "FREE_FORMAT_ADDR_CHN": NaN,
        "DEV_NAME_ENG": "LOK WAH SOUTH AND NORTH ESTATE",
        "DEV_NAME_CHN": "樂華南北邨",
        "FIRST_REFERENCE_LOT_PRN": "D1253321"
    },
    {
        "PRN": "D1549054",
        "SEQ_NUM": 1,
        "BLOCK": "WUWA",
        "FLOOR": NaN,
        "FLAT": NaN,
        "HOUSE_NUM_PREFIX": 70.0,
        "STREET_NAME_ENG": "CHUN WAH ROAD",
        "STREET_NAME_CHN": "振華道",
        "AREA_DESC_ENG": "KOWLOON",
        "AREA_DESC_CHN": "九龍",
        "FREE_FORMAT_ADDR_ENG": "WUN WAH HOUSE LOK WAH SOUTH AND NORTH ESTATE NO.70 CHUN WAH ROAD KOWLOON",
        "FREE_FORMAT_ADDR_CHN": NaN,
        "DEV_NAME_ENG": "LOK WAH SOUTH AND NORTH ESTATE",
        "DEV_NAME_CHN": "樂華南北邨",
        "FIRST_REFERENCE_LOT_PRN": "D1253321"
    },
    {
        "PRN": "D1549065",
        "SEQ_NUM": 1,
        "BLOCK": "YAWA",
        "FLOOR": NaN,
        "FLAT": NaN,
        "HOUSE_NUM_PREFIX": 70.0,
        "STREET_NAME_ENG": "CHUN WAH ROAD",
        "STREET_NAME_CHN": "振華道",
        "AREA_DESC_ENG": "KOWLOON",
        "AREA_DESC_CHN": "九龍",
        "FREE_FORMAT_ADDR_ENG": "YAN WAH HOUSE & PING WAH HOUSE LOK WAH SOUTH AND NORTH ESTATE NO.70 CHUN WAH ROAD KOWLOON",
        "FREE_FORMAT_ADDR_CHN": NaN,
        "DEV_NAME_ENG": "LOK WAH SOUTH AND NORTH ESTATE",
        "DEV_NAME_CHN": "樂華南北邨",
        "FIRST_REFERENCE_LOT_PRN": "D1253321"
    }
]