[
    {
        "PRN": "B1414636",
        "SEQ_NUM": 1,
        "BLOCK": "6",
        "FLOOR": "G",
        "FLAT": NaN,
        "HOUSE_NUM_PREFIX": NaN,
        "STREET_NAME_ENG": NaN,
        "STREET_NAME_CHN": NaN,
        "AREA_DESC_ENG": NaN,
        "AREA_DESC_CHN": NaN,
        "FREE_FORMAT_ADDR_ENG": "G/F INCLUDING GARDEN YARD BLOCK 6 OF LONG VIEW GARDEN NO. 111 SIK KONG WAI YUEN LONG NEW TERRITORIES",
        "FREE_FORMAT_ADDR_CHN": NaN,
        "DEV_NAME_ENG": "LONG VIEW GARDEN",
        "DEV_NAME_CHN": "遠景花園",
        "FIRST_REFERENCE_LOT_PRN": "C5831005"
    },
    {
        "PRN": "B1414653",
        "SEQ_NUM": 1,
        "BLOCK": "6",
        "FLOOR": "1",
        "FLAT": NaN,
        "HOUSE_NUM_PREFIX": NaN,
        "STREET_NAME_ENG": NaN,
        "STREET_NAME_CHN": NaN,
        "AREA_DESC_ENG": NaN,
        "AREA_DESC_CHN": NaN,
        "FREE_FORMAT_ADDR_ENG": "1/F INCLUDING BALCONY BLOCK 6 OF LONG VIEW GARDEN NO. 111 SIK KONG WAI YUEN LONG NEW TERRITORIES",
        "FREE_FORMAT_ADDR_CHN": NaN,
        "DEV_NAME_ENG": "LONG VIEW GARDEN",
        "DEV_NAME_CHN": "遠景花園",
        "FIRST_REFERENCE_LOT_PRN": "C5831005"
    },
    {
        "PRN": "B1424427",
        "SEQ_NUM": 1,
        "BLOCK": "3A",
        "FLOOR": "G",
        "FLAT": NaN,
        "HOUSE_NUM_PREFIX": NaN,
        "STREET_NAME_ENG": NaN,
        "STREET_NAME_CHN": NaN,
        "AREA_DESC_ENG": NaN,
        "AREA_DESC_CHN": NaN,
        "FREE_FORMAT_ADDR_ENG": "G/F INCLUDING GARDEN YARD BLOCK 3A OF LONG VIEW GARDEN NO. 111 SIK KONG WAI YUEN LONG NEW TERRITORIES",
        "FREE_FORMAT_ADDR_CHN": NaN,
        "DEV_NAME_ENG": "LONG VIEW GARDEN",
        "DEV_NAME_CHN": "遠景花園",
        "FIRST_REFERENCE_LOT_PRN": "C2924694"
    },
    {
        "PRN": "B1424431",
        "SEQ_NUM": 1,
        "BLOCK": "5",
        "FLOOR": "G",
        "FLAT": NaN,
        "HOUSE_NUM_PREFIX": NaN,
        "STREET_NAME_ENG": NaN,
        "STREET_NAME_CHN": NaN,
        "AREA_DESC_ENG": NaN,
        "AREA_DESC_CHN": NaN,
        "FREE_FORMAT_ADDR_ENG": "G/F INCLUDING GARDEN YARD BLOCK 5 OF LONG VIEW GARDEN NO. 111 SIK KONG WAI YUEN LONG NEW TERRITORIES",
        "FREE_FORMAT_ADDR_CHN": NaN,
        "DEV_NAME_ENG": "LONG VIEW GARDEN",
        "DEV_NAME_CHN": "遠景花園",
        "FIRST_REFERENCE_LOT_PRN": "C2924689"
    },
    {
        "PRN": "B1424441",
        "SEQ_NUM": 1,
        "BLOCK": "9",
        "FLOOR": "G",
        "FLAT": NaN,
        "HOUSE_NUM_PREFIX": NaN,
        "STREET_NAME_ENG": NaN,
        "STREET_NAME_CHN": NaN,
        "AREA_DESC_ENG": NaN,
        "AREA_DESC_CHN": NaN,
        "FREE_FORMAT_ADDR_ENG": "G/F INCLUDING GARDEN YARD BLOCK 9 OF LONG VIEW GARDEN NO. 111 SIK KONG WAI YUEN LONG NEW TERRITORIES",
        "FREE_FORMAT_ADDR_CHN": NaN,
        "DEV_NAME_ENG": "LONG VIEW GARDEN",
        "DEV_NAME_CHN": "遠景花園",
        "FIRST_REFERENCE_LOT_PRN": "C5971765"
    },
    {
        "PRN": "B1424457",
        "SEQ_NUM": 1,
        "BLOCK": "2",
        "FLOOR": "G",
        "FLAT": NaN,
        "HOUSE_NUM_PREFIX": NaN,
        "STREET_NAME_ENG": NaN,
        "STREET_NAME_CHN": NaN,
        "AREA_DESC_ENG": NaN,
        "AREA_DESC_CHN": NaN,
        "FREE_FORMAT_ADDR_ENG": "G/F INCLUDING GARDEN YARD BLOCK 2 OF LONG VIEW GARDEN NO. 111 SIK KONG WAI YUEN LONG NEW TERRITORIES",
        "FREE_FORMAT_ADDR_CHN": NaN,
        "DEV_NAME_ENG": "LONG VIEW GARDEN",
        "DEV_NAME_CHN": "遠景花園",
        "FIRST_REFERENCE_LOT_PRN": "C2924712"
    },
    {
        "PRN": "B1424468",
        "SEQ_NUM": 1,
        "BLOCK": "3",
        "FLOOR": "G",
        "FLAT": NaN,
        "HOUSE_NUM_PREFIX": NaN,
        "STREET_NAME_ENG": NaN,
        "STREET_NAME_CHN": NaN,
        "AREA_DESC_ENG": NaN,
        "AREA_DESC_CHN": NaN,
        "FREE_FORMAT_ADDR_ENG": "G/F INCLUDING GARDEN YARD BLOCK 3 OF LONG VIEW GARDEN NO. 111 SIK KONG WAI YUEN LONG NEW TERRITORIES",
        "FREE_FORMAT_ADDR_CHN": NaN,
        "DEV_NAME_ENG": "LONG VIEW GARDEN",
        "DEV_NAME_CHN": "遠景花園",
        "FIRST_REFERENCE_LOT_PRN": "C2924705"
    },
    {
        "PRN": "B1424479",
        "SEQ_NUM": 1,
        "BLOCK": "3A",
        "FLOOR": "1",
        "FLAT": NaN,
        "HOUSE_NUM_PREFIX": NaN,
        "STREET_NAME_ENG": NaN,
        "STREET_NAME_CHN": NaN,
        "AREA_DESC_ENG": NaN,
        "AREA_DESC_CHN": NaN,
        "FREE_FORMAT_ADDR_ENG": "1/F INCLUDING BALCONY BLOCK 3A OF LONG VIEW GARDEN NO. 111 SIK KONG WAI YUEN LONG NEW TERRITORIES",
        "FREE_FORMAT_ADDR_CHN": NaN,
        "DEV_NAME_ENG": "LONG VIEW GARDEN",
        "DEV_NAME_CHN": "遠景花園",
        "FIRST_REFERENCE_LOT_PRN": "C2924694"
    },
    {
        "PRN": "B1424489",
        "SEQ_NUM": 1,
        "BLOCK": "8",
        "FLOOR": "1",
        "FLAT": NaN,
        "HOUSE_NUM_PREFIX": NaN,
        "STREET_NAME_ENG": NaN,
        "STREET_NAME_CHN": NaN,
        "AREA_DESC_ENG": NaN,
        "AREA_DESC_CHN": NaN,
        "FREE_FORMAT_ADDR_ENG": "1/F INCLUDING BALCONY BLOCK 8 OF LONG VIEW GARDEN NO. 111 SIK KONG WAI YUEN LONG NEW TERRITORIES",
        "FREE_FORMAT_ADDR_CHN": NaN,
        "DEV_NAME_ENG": "LONG VIEW GARDEN",
        "DEV_NAME_CHN": "遠景花園",
        "FIRST_REFERENCE_LOT_PRN": "C2924724"
    },
    {
        "PRN": "B1424491",
        "SEQ_NUM": 1,
        "BLOCK": "9",
        "FLOOR": "1",
        "FLAT": NaN,
        "HOUSE_NUM_PREFIX": NaN,
        "STREET_NAME_ENG": NaN,
        "STREET_NAME_CHN": NaN,
        "AREA_DESC_ENG": NaN,
        "AREA_DESC_CHN": NaN,
        "FREE_FORMAT_ADDR_ENG": "1/F INCLUDING BALCONY BLOCK 9 OF LONG VIEW GARDEN NO. 111 SIK KONG WAI YUEN LONG NEW TERRITORIES",
        "FREE_FORMAT_ADDR_CHN": NaN,
        "DEV_NAME_ENG": "LONG VIEW GARDEN",
        "DEV_NAME_CHN": "遠景花園",
        "FIRST_REFERENCE_LOT_PRN": "C5971765"
    },
    {
        "PRN": "B1424507",
        "SEQ_NUM": 1,
        "BLOCK": "11",
        "FLOOR": "1",
        "FLAT": NaN,
        "HOUSE_NUM_PREFIX": NaN,
        "STREET_NAME_ENG": NaN,
        "STREET_NAME_CHN": NaN,
        "AREA_DESC_ENG": NaN,
        "AREA_DESC_CHN": NaN,
        "FREE_FORMAT_ADDR_ENG": "1/F INCLUDING BALCONY BLOCK 11 OF LONG VIEW GARDEN NO. 111 SIK KONG WAI YUEN LONG NEW TERRITORIES",
        "FREE_FORMAT_ADDR_CHN": NaN,
        "DEV_NAME_ENG": "LONG VIEW GARDEN",
        "DEV_NAME_CHN": "遠景花園",
        "FIRST_REFERENCE_LOT_PRN": "C2924737"
    },
    {
        "PRN": "B1424518",
        "SEQ_NUM": 1,
        "BLOCK": "3",
        "FLOOR": "1",
        "FLAT": NaN,
        "HOUSE_NUM_PREFIX": NaN,
        "STREET_NAME_ENG": NaN,
        "STREET_NAME_CHN": NaN,
        "AREA_DESC_ENG": NaN,
        "AREA_DESC_CHN": NaN,
        "FREE_FORMAT_ADDR_ENG": "1/F INCLUDING BALCONY BLOCK 3 OF LONG VIEW GARDEN NO. 111 SIK KONG WAI YUEN LONG NEW TERRITORIES",
        "FREE_FORMAT_ADDR_CHN": NaN,
        "DEV_NAME_ENG": "LONG VIEW GARDEN",
        "DEV_NAME_CHN": "遠景花園",
        "FIRST_REFERENCE_LOT_PRN": "C2924705"
    },
    {
        "PRN": "B1424522",
        "SEQ_NUM": 1,
        "BLOCK": "3A",
        "FLOOR": "2",
        "FLAT": NaN,
        "HOUSE_NUM_PREFIX": NaN,
        "STREET_NAME_ENG": NaN,
        "STREET_NAME_CHN": NaN,
        "AREA_DESC_ENG": NaN,
        "AREA_DESC_CHN": NaN,
        "FREE_FORMAT_ADDR_ENG": "2/F INCLUDING BALCONY & ROOF BLOCK 3A OF LONG VIEW GARDEN NO. 111 SIK KONG WAI YUEN LONG NEW TERRITORIES",
        "FREE_FORMAT_ADDR_CHN": NaN,
        "DEV_NAME_ENG": "LONG VIEW GARDEN",
        "DEV_NAME_CHN": "遠景花園",
        "FIRST_REFERENCE_LOT_PRN": "C2924694"
    },
    {
        "PRN": "B1424539",
        "SEQ_NUM": 1,
        "BLOCK": "5",
        "FLOOR": "2",
        "FLAT": NaN,
        "HOUSE_NUM_PREFIX": NaN,
        "STREET_NAME_ENG": NaN,
        "STREET_NAME_CHN": NaN,
        "AREA_DESC_ENG": NaN,
        "AREA_DESC_CHN": NaN,
        "FREE_FORMAT_ADDR_ENG": "2/F INLUDING BALCONY & ROOF BLOCK 5 OF LONG VIEW GARDEN NO. 111 SIK KONG WAI YUEN LONG NEW TERRITORIES",
        "FREE_FORMAT_ADDR_CHN": NaN,
        "DEV_NAME_ENG": "LONG VIEW GARDEN",
        "DEV_NAME_CHN": "遠景花園",
        "FIRST_REFERENCE_LOT_PRN": "C2924689"
    },
    {
        "PRN": "B1424541",
        "SEQ_NUM": 1,
        "BLOCK": "8",
        "FLOOR": "2",
        "FLAT": NaN,
        "HOUSE_NUM_PREFIX": NaN,
        "STREET_NAME_ENG": NaN,
        "STREET_NAME_CHN": NaN,
        "AREA_DESC_ENG": NaN,
        "AREA_DESC_CHN": NaN,
        "FREE_FORMAT_ADDR_ENG": "2/F INCLUDING BALCONY & ROOF BLOCK 8 OF LONG VIEW GARDEN NO. 111 SIK KONG WAI YUEN LONG NEW TERRITORIES",
        "FREE_FORMAT_ADDR_CHN": NaN,
        "DEV_NAME_ENG": "LONG VIEW GARDEN",
        "DEV_NAME_CHN": "遠景花園",
        "FIRST_REFERENCE_LOT_PRN": "C2924724"
    },
    {
        "PRN": "B1424553",
        "SEQ_NUM": 1,
        "BLOCK": "11",
        "FLOOR": "2",
        "FLAT": NaN,
        "HOUSE_NUM_PREFIX": NaN,
        "STREET_NAME_ENG": NaN,
        "STREET_NAME_CHN": NaN,
        "AREA_DESC_ENG": NaN,
        "AREA_DESC_CHN": NaN,
        "FREE_FORMAT_ADDR_ENG": "2/F INCLUDING BALCONY & ROOF BLOCK 11 OF LONG VIEW GARDEN NO. 111 SIK KONG WAI YUEN LONG NEW TERRITORIES",
        "FREE_FORMAT_ADDR_CHN": NaN,
        "DEV_NAME_ENG": "LONG VIEW GARDEN",
        "DEV_NAME_CHN": "遠景花園",
        "FIRST_REFERENCE_LOT_PRN": "C2924737"
    },
    {
        "PRN": "B1442876",
        "SEQ_NUM": 1,
        "BLOCK": "7",
        "FLOOR": "G",
        "FLAT": NaN,
        "HOUSE_NUM_PREFIX": NaN,
        "STREET_NAME_ENG": NaN,
        "STREET_NAME_CHN": NaN,
        "AREA_DESC_ENG": NaN,
        "AREA_DESC_CHN": NaN,
        "FREE_FORMAT_ADDR_ENG": "G/F INCLUDING GARDEN YARD BLOCK 7 OF LONG VIEW GARDEN NO. 111 SIK KONG WAI YUEN LONG NEW TERRITORIES",
        "FREE_FORMAT_ADDR_CHN": NaN,
        "DEV_NAME_ENG": "LONG VIEW GARDEN",
        "DEV_NAME_CHN": "遠景花園",
        "FIRST_REFERENCE_LOT_PRN": "C5613369"
    },
    {
        "PRN": "B1442883",
        "SEQ_NUM": 1,
        "BLOCK": "7",
        "FLOOR": "1",
        "FLAT": NaN,
        "HOUSE_NUM_PREFIX": NaN,
        "STREET_NAME_ENG": NaN,
        "STREET_NAME_CHN": NaN,
        "AREA_DESC_ENG": NaN,
        "AREA_DESC_CHN": NaN,
        "FREE_FORMAT_ADDR_ENG": "1/F INCLUDING BALCONY BLOCK 7 OF LONG VIEW GARDEN NO. 111 SIK KONG WAI YUEN LONG NEW TERRITORIES",
        "FREE_FORMAT_ADDR_CHN": NaN,
        "DEV_NAME_ENG": "LONG VIEW GARDEN",
        "DEV_NAME_CHN": "遠景花園",
        "FIRST_REFERENCE_LOT_PRN": "C5613369"
    },
    {
        "PRN": "B1442898",
        "SEQ_NUM": 1,
        "BLOCK": "7",
        "FLOOR": "2",
        "FLAT": NaN,
        "HOUSE_NUM_PREFIX": NaN,
        "STREET_NAME_ENG": NaN,
        "STREET_NAME_CHN": NaN,
        "AREA_DESC_ENG": NaN,
        "AREA_DESC_CHN": NaN,
        "FREE_FORMAT_ADDR_ENG": "2/F INCLUDING BALCONY & ROOF BLOCK 7 OF LONG VIEW GARDEN NO. 111 SIK KONG WAI YUEN LONG NEW TERRITORIES",
        "FREE_FORMAT_ADDR_CHN": NaN,
        "DEV_NAME_ENG": "LONG VIEW GARDEN",
        "DEV_NAME_CHN": "遠景花園",
        "FIRST_REFERENCE_LOT_PRN": "C5613369"
    },
    {
        "PRN": "B1442903",
        "SEQ_NUM": 1,
        "BLOCK": "1",
        "FLOOR": "2",
        "FLAT": NaN,
        "HOUSE_NUM_PREFIX": NaN,
        "STREET_NAME_ENG": NaN,
        "STREET_NAME_CHN": NaN,
        "AREA_DESC_ENG": NaN,
        "AREA_DESC_CHN": NaN,
        "FREE_FORMAT_ADDR_ENG": "2/F INCLUDING BALCONY & ROOF BLOCK 1 OF LONG VIEW GARDEN NO. 111 SIK KONG WAI YUEN LONG NEW TERRITORIES",
        "FREE_FORMAT_ADDR_CHN": NaN,
        "DEV_NAME_ENG": "LONG VIEW GARDEN",
        "DEV_NAME_CHN": "遠景花園",
        "FIRST_REFERENCE_LOT_PRN": "C5014858"
    },
    {
        "PRN": "B1457993",
        "SEQ_NUM": 1,
        "BLOCK": "13",
        "FLOOR": "G",
        "FLAT": NaN,
        "HOUSE_NUM_PREFIX": NaN,
        "STREET_NAME_ENG": NaN,
        "STREET_NAME_CHN": NaN,
        "AREA_DESC_ENG": NaN,
        "AREA_DESC_CHN": NaN,
        "FREE_FORMAT_ADDR_ENG": "GROUND FLOOR AND GARDEN YARD BLOCK 13 OF LONG VIEW GARDEN 111 SIK KONG WAI YUEN LONG NEW TERRITORIES",
        "FREE_FORMAT_ADDR_CHN": NaN,
        "DEV_NAME_ENG": "LONG VIEW GARDEN",
        "DEV_NAME_CHN": "遠景花園",
        "FIRST_REFERENCE_LOT_PRN": "C2924676"
    },
    {
        "PRN": "B1458004",
        "SEQ_NUM": 1,
        "BLOCK": "13",
        "FLOOR": "1",
        "FLAT": NaN,
        "HOUSE_NUM_PREFIX": NaN,
        "STREET_NAME_ENG": NaN,
        "STREET_NAME_CHN": NaN,
        "AREA_DESC_ENG": NaN,
        "AREA_DESC_CHN": NaN,
        "FREE_FORMAT_ADDR_ENG": "FIRST FLOOR AND BALCONY BLOCK 13 OF LONG VIEW GARDEN 111 SIK KONG WAI YUEN LONG NEW TERRITORIES",
        "FREE_FORMAT_ADDR_CHN": NaN,
        "DEV_NAME_ENG": "LONG VIEW GARDEN",
        "DEV_NAME_CHN": "遠景花園",
        "FIRST_REFERENCE_LOT_PRN": "C2924676"
    },
    {
        "PRN": "B1458013",
        "SEQ_NUM": 1,
        "BLOCK": "13",
        "FLOOR": "2",
        "FLAT": NaN,
        "HOUSE_NUM_PREFIX": NaN,
        "STREET_NAME_ENG": NaN,
        "STREET_NAME_CHN": NaN,
        "AREA_DESC_ENG": NaN,
        "AREA_DESC_CHN": NaN,
        "FREE_FORMAT_ADDR_ENG": "2/F AND BALCONY AND ROOF BLOCK 13 OF LONG VIEW GARDEN 111 SIK KONG WAI YUEN LONG NEW TERRITORIES",
        "FREE_FORMAT_ADDR_CHN": "新界元朗 錫降圍 111 號 遠景花園 13 座 三樓連陽臺及天台",
        "DEV_NAME_ENG": "LONG VIEW GARDEN",
        "DEV_NAME_CHN": "遠景花園",
        "FIRST_REFERENCE_LOT_PRN": "C2924676"
    },
    {
        "PRN": "B1458270",
        "SEQ_NUM": 1,
        "BLOCK": "12",
        "FLOOR": "G",
        "FLAT": NaN,
        "HOUSE_NUM_PREFIX": NaN,
        "STREET_NAME_ENG": NaN,
        "STREET_NAME_CHN": NaN,
        "AREA_DESC_ENG": NaN,
        "AREA_DESC_CHN": NaN,
        "FREE_FORMAT_ADDR_ENG": "GROUND FLOOR AND GARDEN YARD BLOCK 12 OF LONG VIEW GARDEN 111 SIK KONG WAI YUEN LONG NEW TERRITORIES",
        "FREE_FORMAT_ADDR_CHN": NaN,
        "DEV_NAME_ENG": "LONG VIEW GARDEN",
        "DEV_NAME_CHN": "遠景花園",
        "FIRST_REFERENCE_LOT_PRN": "C2924746"
    },
    {
        "PRN": "B1458281",
        "SEQ_NUM": 1,
        "BLOCK": "12",
        "FLOOR": "1",
        "FLAT": NaN,
        "HOUSE_NUM_PREFIX": NaN,
        "STREET_NAME_ENG": NaN,
        "STREET_NAME_CHN": NaN,
        "AREA_DESC_ENG": NaN,
        "AREA_DESC_CHN": NaN,
        "FREE_FORMAT_ADDR_ENG": "FIRST FLOOR AND BALCONY BLOCK 12 OF LONG VIEW GARDEN 111 SIK KONG WAI YUEN LONG NEW TERRITORIES",
        "FREE_FORMAT_ADDR_CHN": NaN,
        "DEV_NAME_ENG": "LONG VIEW GARDEN",
        "DEV_NAME_CHN": "遠景花園",
        "FIRST_REFERENCE_LOT_PRN": "C2924746"
    },
    {
        "PRN": "B1458291",
        "SEQ_NUM": 1,
        "BLOCK": "12",
        "FLOOR": "2",
        "FLAT": NaN,
        "HOUSE_NUM_PREFIX": NaN,
        "STREET_NAME_ENG": NaN,
        "STREET_NAME_CHN": NaN,
        "AREA_DESC_ENG": NaN,
        "AREA_DESC_CHN": NaN,
        "FREE_FORMAT_ADDR_ENG": "2/F & BALCONY AND ROOF BLOCK 12 OF LONG VIEW GARDEN 111 SIK KONG WAI YUEN LONG NEW TERRITORIES",
        "FREE_FORMAT_ADDR_CHN": NaN,
        "DEV_NAME_ENG": "LONG VIEW GARDEN",
        "DEV_NAME_CHN": "遠景花園",
        "FIRST_REFERENCE_LOT_PRN": "C2924746"
    },
    {
        "PRN": "B4802708",
        "SEQ_NUM": 1,
        "BLOCK": "8",
        "FLOOR": "G",
        "FLAT": NaN,
        "HOUSE_NUM_PREFIX": NaN,
        "STREET_NAME_ENG": NaN,
        "STREET_NAME_CHN": NaN,
        "AREA_DESC_ENG": NaN,
        "AREA_DESC_CHN": NaN,
        "FREE_FORMAT_ADDR_ENG": "G/F INCLUDING GARDEN YARD BLOCK 8 OF LONG VIEW GARDEN NO. 111 SIK KONG WAI YUEN LONG NEW TERRITORIES",
        "FREE_FORMAT_ADDR_CHN": NaN,
        "DEV_NAME_ENG": "LONG VIEW GARDEN",
        "DEV_NAME_CHN": "遠景花園",
        "FIRST_REFERENCE_LOT_PRN": "C2924724"
    },
    {
        "PRN": "B4802719",
        "SEQ_NUM": 1,
        "BLOCK": "11",
        "FLOOR": "G",
        "FLAT": NaN,
        "HOUSE_NUM_PREFIX": NaN,
        "STREET_NAME_ENG": NaN,
        "STREET_NAME_CHN": NaN,
        "AREA_DESC_ENG": NaN,
        "AREA_DESC_CHN": NaN,
        "FREE_FORMAT_ADDR_ENG": "G/F INCLUDING GARDEN YARD BLOCK 11 OF LONG VIEW GARDEN NO. 111 SIK KONG WAI YUEN LONG NEW TERRITORIES",
        "FREE_FORMAT_ADDR_CHN": NaN,
        "DEV_NAME_ENG": "LONG VIEW GARDEN",
        "DEV_NAME_CHN": "遠景花園",
        "FIRST_REFERENCE_LOT_PRN": "C2924737"
    },
    {
        "PRN": "B4805490",
        "SEQ_NUM": 1,
        "BLOCK": "1",
        "FLOOR": "G",
        "FLAT": NaN,
        "HOUSE_NUM_PREFIX": NaN,
        "STREET_NAME_ENG": NaN,
        "STREET_NAME_CHN": NaN,
        "AREA_DESC_ENG": NaN,
        "AREA_DESC_CHN": NaN,
        "FREE_FORMAT_ADDR_ENG": "G/F INCLUDING GARDEN YARD BLOCK 1 OF LONG VIEW GARDEN NO. 111 SIK KONG WAI YUEN LONG NEW TERRITORIES",
        "FREE_FORMAT_ADDR_CHN": NaN,
        "DEV_NAME_ENG": "LONG VIEW GARDEN",
        "DEV_NAME_CHN": "遠景花園",
        "FIRST_REFERENCE_LOT_PRN": "C5014858"
    },
    {
        "PRN": "B6006432",
        "SEQ_NUM": 1,
        "BLOCK": "2",
        "FLOOR": "1",
        "FLAT": NaN,
        "HOUSE_NUM_PREFIX": NaN,
        "STREET_NAME_ENG": NaN,
        "STREET_NAME_CHN": NaN,
        "AREA_DESC_ENG": NaN,
        "AREA_DESC_CHN": NaN,
        "FREE_FORMAT_ADDR_ENG": "1/F INCLUDING BALCONY BLOCK 2 OF LONG VIEW GARDEN NO. 111 SIK KONG WAI YUEN LONG NEW TERRITORIES",
        "FREE_FORMAT_ADDR_CHN": NaN,
        "DEV_NAME_ENG": "LONG VIEW GARDEN",
        "DEV_NAME_CHN": "遠景花園",
        "FIRST_REFERENCE_LOT_PRN": "C2924712"
    },
    {
        "PRN": "B7488949",
        "SEQ_NUM": 1,
        "BLOCK": "5",
        "FLOOR": "1",
        "FLAT": NaN,
        "HOUSE_NUM_PREFIX": NaN,
        "STREET_NAME_ENG": NaN,
        "STREET_NAME_CHN": NaN,
        "AREA_DESC_ENG": NaN,
        "AREA_DESC_CHN": NaN,
        "FREE_FORMAT_ADDR_ENG": "1/F INCLUDING BALCONY BLOCK 5 OF LONG VIEW GARDEN NO. 111 SIK KONG WAI YUEN LONG NEW TERRITORIES",
        "FREE_FORMAT_ADDR_CHN": NaN,
        "DEV_NAME_ENG": "LONG VIEW GARDEN",
        "DEV_NAME_CHN": "遠景花園",
        "FIRST_REFERENCE_LOT_PRN": "C2924689"
    },
    {
        "PRN": "B7488950",
        "SEQ_NUM": 1,
        "BLOCK": "9",
        "FLOOR": "2",
        "FLAT": NaN,
        "HOUSE_NUM_PREFIX": NaN,
        "STREET_NAME_ENG": NaN,
        "STREET_NAME_CHN": NaN,
        "AREA_DESC_ENG": NaN,
        "AREA_DESC_CHN": NaN,
        "FREE_FORMAT_ADDR_ENG": "2/F INCLUDING BALCONY & ROOF BLOCK 9 OF LONG VIEW GARDEN NO. 111 SIK KONG WAI YUEN LONG NEW TERRITORIES",
        "FREE_FORMAT_ADDR_CHN": NaN,
        "DEV_NAME_ENG": "LONG VIEW GARDEN",
        "DEV_NAME_CHN": "遠景花園",
        "FIRST_REFERENCE_LOT_PRN": "C5971765"
    },
    {
        "PRN": "B7488965",
        "SEQ_NUM": 1,
        "BLOCK": "3",
        "FLOOR": "2",
        "FLAT": NaN,
        "HOUSE_NUM_PREFIX": NaN,
        "STREET_NAME_ENG": NaN,
        "STREET_NAME_CHN": NaN,
        "AREA_DESC_ENG": NaN,
        "AREA_DESC_CHN": NaN,
        "FREE_FORMAT_ADDR_ENG": "2/F INCLUDING BALCONY & ROOF BLOCK 3 OF LONG VIEW GARDEN NO. 111 SIK KONG WAI YUEN LONG NEW TERRITORIES",
        "FREE_FORMAT_ADDR_CHN": NaN,
        "DEV_NAME_ENG": "LONG VIEW GARDEN",
        "DEV_NAME_CHN": "遠景花園",
        "FIRST_REFERENCE_LOT_PRN": "C2924705"
    },
    {
        "PRN": "B7491334",
        "SEQ_NUM": 1,
        "BLOCK": "1",
        "FLOOR": "1",
        "FLAT": NaN,
        "HOUSE_NUM_PREFIX": NaN,
        "STREET_NAME_ENG": NaN,
        "STREET_NAME_CHN": NaN,
        "AREA_DESC_ENG": NaN,
        "AREA_DESC_CHN": NaN,
        "FREE_FORMAT_ADDR_ENG": "1/F INCLUDING BALCONY BLOCK 1 OF LONG VIEW GARDEN NO. 111 SIK KONG WAI YUEN LONG NEW TERRITORIES",
        "FREE_FORMAT_ADDR_CHN": NaN,
        "DEV_NAME_ENG": "LONG VIEW GARDEN",
        "DEV_NAME_CHN": "遠景花園",
        "FIRST_REFERENCE_LOT_PRN": "C5014858"
    },
    {
        "PRN": "B8020425",
        "SEQ_NUM": 1,
        "BLOCK": "10",
        "FLOOR": "G",
        "FLAT": NaN,
        "HOUSE_NUM_PREFIX": NaN,
        "STREET_NAME_ENG": NaN,
        "STREET_NAME_CHN": NaN,
        "AREA_DESC_ENG": NaN,
        "AREA_DESC_CHN": NaN,
        "FREE_FORMAT_ADDR_ENG": "G/F INCLUDING GARDEN YARD BLOCK 10 OF LONG VIEW GARDEN NO. 111 SIK KONG WAI YUEN LONG NEW TERRITORIES",
        "FREE_FORMAT_ADDR_CHN": NaN,
        "DEV_NAME_ENG": "LONG VIEW GARDEN",
        "DEV_NAME_CHN": "遠景花園",
        "FIRST_REFERENCE_LOT_PRN": "C5014862"
    },
    {
        "PRN": "C0168930",
        "SEQ_NUM": 1,
        "BLOCK": "6",
        "FLOOR": "2",
        "FLAT": NaN,
        "HOUSE_NUM_PREFIX": NaN,
        "STREET_NAME_ENG": NaN,
        "STREET_NAME_CHN": NaN,
        "AREA_DESC_ENG": NaN,
        "AREA_DESC_CHN": NaN,
        "FREE_FORMAT_ADDR_ENG": "2/F INCLUDING BALCONY & ROOF BLOCK 6 OF LONG VIEW GARDEN NO. 111 SIK KONG WAI YUEN LONG NEW TERRITORIES",
        "FREE_FORMAT_ADDR_CHN": NaN,
        "DEV_NAME_ENG": "LONG VIEW GARDEN",
        "DEV_NAME_CHN": "遠景花園",
        "FIRST_REFERENCE_LOT_PRN": "C5831005"
    },
    {
        "PRN": "C0170340",
        "SEQ_NUM": 1,
        "BLOCK": "10",
        "FLOOR": "1",
        "FLAT": NaN,
        "HOUSE_NUM_PREFIX": NaN,
        "STREET_NAME_ENG": NaN,
        "STREET_NAME_CHN": NaN,
        "AREA_DESC_ENG": NaN,
        "AREA_DESC_CHN": NaN,
        "FREE_FORMAT_ADDR_ENG": "1/F INCLUDING BALCONY BLOCK 10 OF LONG VIEW GARDEN NO. 111 SIK KONG WAI YUEN LONG NEW TERRITORIES",
        "FREE_FORMAT_ADDR_CHN": NaN,
        "DEV_NAME_ENG": "LONG VIEW GARDEN",
        "DEV_NAME_CHN": "遠景花園",
        "FIRST_REFERENCE_LOT_PRN": "C5014862"
    },
    {
        "PRN": "C0170356",
        "SEQ_NUM": 1,
        "BLOCK": "2",
        "FLOOR": "2",
        "FLAT": NaN,
        "HOUSE_NUM_PREFIX": NaN,
        "STREET_NAME_ENG": NaN,
        "STREET_NAME_CHN": NaN,
        "AREA_DESC_ENG": NaN,
        "AREA_DESC_CHN": NaN,
        "FREE_FORMAT_ADDR_ENG": "2/F INCLUDING BALCONY & ROOF BLOCK 2 OF LONG VIEW GARDEN NO. 111 SIK KONG WAI YUEN LONG NEW TERRITORIES",
        "FREE_FORMAT_ADDR_CHN": NaN,
        "DEV_NAME_ENG": "LONG VIEW GARDEN",
        "DEV_NAME_CHN": "遠景花園",
        "FIRST_REFERENCE_LOT_PRN": "C2924712"
    },
    {
        "PRN": "C0170364",
        "SEQ_NUM": 1,
        "BLOCK": "10",
        "FLOOR": "2",
        "FLAT": NaN,
        "HOUSE_NUM_PREFIX": NaN,
        "STREET_NAME_ENG": NaN,
        "STREET_NAME_CHN": NaN,
        "AREA_DESC_ENG": NaN,
        "AREA_DESC_CHN": NaN,
        "FREE_FORMAT_ADDR_ENG": "2/F INCLUDING BALCONY AND ROOF BLOCK 10 OF LONG VIEW GARDEN NO. 111 SIK KONG WAI YUEN LONG NEW TERRITORIES",
        "FREE_FORMAT_ADDR_CHN": NaN,
        "DEV_NAME_ENG": "LONG VIEW GARDEN",
        "DEV_NAME_CHN": "遠景花園",
        "FIRST_REFERENCE_LOT_PRN": "C5014862"
    }
]