[
    {
        "PRN": "D1733251",
        "SEQ_NUM": 1,
        "BLOCK": "CARP",
        "FLOOR": NaN,
        "FLAT": NaN,
        "HOUSE_NUM_PREFIX": 1.0,
        "STREET_NAME_ENG": "TIN SAM STREET",
        "STREET_NAME_CHN": "田心街",
        "AREA_DESC_ENG": "SHA TIN",
        "AREA_DESC_CHN": "沙田",
        "FREE_FORMAT_ADDR_ENG": "CAR PARK BLOCK LUNG HANG ESTATE NO.1 TIN SAM STREET SHA TIN NEW TERRITORIES",
        "FREE_FORMAT_ADDR_CHN": NaN,
        "DEV_NAME_ENG": "LUNG HANG ESTATE",
        "DEV_NAME_CHN": "隆亨邨",
        "FIRST_REFERENCE_LOT_PRN": "D1668079"
    },
    {
        "PRN": "D1733261",
        "SEQ_NUM": 1,
        "BLOCK": "HOSA",
        "FLOOR": NaN,
        "FLAT": NaN,
        "HOUSE_NUM_PREFIX": 1.0,
        "STREET_NAME_ENG": "TIN SAM STREET",
        "STREET_NAME_CHN": "田心街",
        "AREA_DESC_ENG": "SHA TIN",
        "AREA_DESC_CHN": "沙田",
        "FREE_FORMAT_ADDR_ENG": "HOK SAM HOUSE LUNG HANG ESTATE NO.1 TIN SAM STREET SHA TIN NEW TERRITORIES",
        "FREE_FORMAT_ADDR_CHN": NaN,
        "DEV_NAME_ENG": "LUNG HANG ESTATE",
        "DEV_NAME_CHN": "隆亨邨",
        "FIRST_REFERENCE_LOT_PRN": "D1668079"
    },
    {
        "PRN": "D1733273",
        "SEQ_NUM": 1,
        "BLOCK": "LOSA",
        "FLOOR": NaN,
        "FLAT": NaN,
        "HOUSE_NUM_PREFIX": 1.0,
        "STREET_NAME_ENG": "TIN SAM STREET",
        "STREET_NAME_CHN": "田心街",
        "AREA_DESC_ENG": "SHA TIN",
        "AREA_DESC_CHN": "沙田",
        "FREE_FORMAT_ADDR_ENG": "LOK SAM HOUSE LUNG HANG ESTATE NO.1 TIN SAM STREET SHA TIN NEW TERRITORIES",
        "FREE_FORMAT_ADDR_CHN": NaN,
        "DEV_NAME_ENG": "LUNG HANG ESTATE",
        "DEV_NAME_CHN": "隆亨邨",
        "FIRST_REFERENCE_LOT_PRN": "D1668079"
    },
    {
        "PRN": "D1733286",
        "SEQ_NUM": 1,
        "BLOCK": "SHSA",
        "FLOOR": NaN,
        "FLAT": NaN,
        "HOUSE_NUM_PREFIX": 1.0,
        "STREET_NAME_ENG": "TIN SAM STREET",
        "STREET_NAME_CHN": "田心街",
        "AREA_DESC_ENG": "SHA TIN",
        "AREA_DESC_CHN": "沙田",
        "FREE_FORMAT_ADDR_ENG": "SHEUNG SAM HOUSE LUNG HANG ESTATE NO.1 TIN SAM STREET SHA TIN NEW TERRITORIES",
        "FREE_FORMAT_ADDR_CHN": NaN,
        "DEV_NAME_ENG": "LUNG HANG ESTATE",
        "DEV_NAME_CHN": "隆亨邨",
        "FIRST_REFERENCE_LOT_PRN": "D1668079"
    },
    {
        "PRN": "D1733296",
        "SEQ_NUM": 1,
        "BLOCK": "SISA",
        "FLOOR": NaN,
        "FLAT": NaN,
        "HOUSE_NUM_PREFIX": 1.0,
        "STREET_NAME_ENG": "TIN SAM STREET",
        "STREET_NAME_CHN": "田心街",
        "AREA_DESC_ENG": "SHA TIN",
        "AREA_DESC_CHN": "沙田",
        "FREE_FORMAT_ADDR_ENG": "SIN SAM HOUSE LUNG HANG ESTATE NO.1 TIN SAM STREET SHA TIN NEW TERRITORIES",
        "FREE_FORMAT_ADDR_CHN": NaN,
        "DEV_NAME_ENG": "LUNG HANG ESTATE",
        "DEV_NAME_CHN": "隆亨邨",
        "FIRST_REFERENCE_LOT_PRN": "D1668079"
    },
    {
        "PRN": "D1733303",
        "SEQ_NUM": 1,
        "BLOCK": "WASA",
        "FLOOR": NaN,
        "FLAT": NaN,
        "HOUSE_NUM_PREFIX": 1.0,
        "STREET_NAME_ENG": "TIN SAM STREET",
        "STREET_NAME_CHN": "田心街",
        "AREA_DESC_ENG": "SHA TIN",
        "AREA_DESC_CHN": "沙田",
        "FREE_FORMAT_ADDR_ENG": "WAI SAM HOUSE LUNG HANG ESTATE NO.1 TIN SAM STREET SHA TIN NEW TERRITORIES",
        "FREE_FORMAT_ADDR_CHN": NaN,
        "DEV_NAME_ENG": "LUNG HANG ESTATE",
        "DEV_NAME_CHN": "隆亨邨",
        "FIRST_REFERENCE_LOT_PRN": "D1668079"
    },
    {
        "PRN": "D1733314",
        "SEQ_NUM": 1,
        "BLOCK": "WISA",
        "FLOOR": NaN,
        "FLAT": NaN,
        "HOUSE_NUM_PREFIX": 1.0,
        "STREET_NAME_ENG": "TIN SAM STREET",
        "STREET_NAME_CHN": "田心街",
        "AREA_DESC_ENG": "SHA TIN",
        "AREA_DESC_CHN": "沙田",
        "FREE_FORMAT_ADDR_ENG": "WING SAM HOUSE LUNG HANG ESTATE NO.1 TIN SAM STREET SHA TIN NEW TERRITORIES",
        "FREE_FORMAT_ADDR_CHN": NaN,
        "DEV_NAME_ENG": "LUNG HANG ESTATE",
        "DEV_NAME_CHN": "隆亨邨",
        "FIRST_REFERENCE_LOT_PRN": "D1668079"
    }
]