[
    {
        "PRN": "B3109114",
        "SEQ_NUM": 1,
        "BLOCK": "A",
        "FLOOR": "2",
        "FLAT": NaN,
        "HOUSE_NUM_PREFIX": NaN,
        "STREET_NAME_ENG": NaN,
        "STREET_NAME_CHN": NaN,
        "AREA_DESC_ENG": NaN,
        "AREA_DESC_CHN": NaN,
        "FREE_FORMAT_ADDR_ENG": "2/F AND ROOF OF BLOCK A MAN SAU HOUSE NOS.53-55 HOI PONG STREET SAI KUNG NEW TERRITORIES",
        "FREE_FORMAT_ADDR_CHN": NaN,
        "DEV_NAME_ENG": "MAN SAU HOUSE",
        "DEV_NAME_CHN": "萬壽大廈",
        "FIRST_REFERENCE_LOT_PRN": "C3645280"
    },
    {
        "PRN": "B3109725",
        "SEQ_NUM": 1,
        "BLOCK": "B",
        "FLOOR": "2",
        "FLAT": NaN,
        "HOUSE_NUM_PREFIX": NaN,
        "STREET_NAME_ENG": NaN,
        "STREET_NAME_CHN": NaN,
        "AREA_DESC_ENG": NaN,
        "AREA_DESC_CHN": NaN,
        "FREE_FORMAT_ADDR_ENG": "2/F AND ROOF OF BLOCK B MAN SAU HOUSE NOS.53-55 HOI PONG STREET SAI KUNG NEW TERRITORIES",
        "FREE_FORMAT_ADDR_CHN": NaN,
        "DEV_NAME_ENG": "MAN SAU HOUSE",
        "DEV_NAME_CHN": "萬壽大廈",
        "FIRST_REFERENCE_LOT_PRN": "C3645296"
    },
    {
        "PRN": "B3110387",
        "SEQ_NUM": 1,
        "BLOCK": "C",
        "FLOOR": "G",
        "FLAT": NaN,
        "HOUSE_NUM_PREFIX": NaN,
        "STREET_NAME_ENG": NaN,
        "STREET_NAME_CHN": NaN,
        "AREA_DESC_ENG": NaN,
        "AREA_DESC_CHN": NaN,
        "FREE_FORMAT_ADDR_ENG": "G/F OF BLOCK C MAN SAU HOUSE NOS.53-55 HOI PONG STREET SAI KUNG NEW TERRITORIES",
        "FREE_FORMAT_ADDR_CHN": NaN,
        "DEV_NAME_ENG": "MAN SAU HOUSE",
        "DEV_NAME_CHN": "萬壽大廈",
        "FIRST_REFERENCE_LOT_PRN": "C5670567"
    },
    {
        "PRN": "B3110435",
        "SEQ_NUM": 1,
        "BLOCK": "C",
        "FLOOR": "1",
        "FLAT": NaN,
        "HOUSE_NUM_PREFIX": NaN,
        "STREET_NAME_ENG": NaN,
        "STREET_NAME_CHN": NaN,
        "AREA_DESC_ENG": NaN,
        "AREA_DESC_CHN": NaN,
        "FREE_FORMAT_ADDR_ENG": "1/F OF BLOCK C MAN SAU HOUSE NOS.53-55 HOI PONG STREET SAI KUNG NEW TERRITORIES",
        "FREE_FORMAT_ADDR_CHN": NaN,
        "DEV_NAME_ENG": "MAN SAU HOUSE",
        "DEV_NAME_CHN": "萬壽大廈",
        "FIRST_REFERENCE_LOT_PRN": "C5670567"
    },
    {
        "PRN": "B3141744",
        "SEQ_NUM": 1,
        "BLOCK": "D",
        "FLOOR": "1",
        "FLAT": NaN,
        "HOUSE_NUM_PREFIX": NaN,
        "STREET_NAME_ENG": NaN,
        "STREET_NAME_CHN": NaN,
        "AREA_DESC_ENG": NaN,
        "AREA_DESC_CHN": NaN,
        "FREE_FORMAT_ADDR_ENG": "1/F OF BLOCK D MAN SAU HOUSE NO.53-55 HOI PONG STREET SAI KUNG NEW TERRITORIES",
        "FREE_FORMAT_ADDR_CHN": NaN,
        "DEV_NAME_ENG": "MAN SAU HOUSE",
        "DEV_NAME_CHN": "萬壽大廈",
        "FIRST_REFERENCE_LOT_PRN": "C3645274"
    },
    {
        "PRN": "B5014941",
        "SEQ_NUM": 1,
        "BLOCK": "B",
        "FLOOR": "1",
        "FLAT": NaN,
        "HOUSE_NUM_PREFIX": NaN,
        "STREET_NAME_ENG": NaN,
        "STREET_NAME_CHN": NaN,
        "AREA_DESC_ENG": NaN,
        "AREA_DESC_CHN": NaN,
        "FREE_FORMAT_ADDR_ENG": "1/F OF BLOCK B MAN SAU HOUSE NOS.53-55 HOI PONG STREET SAI KUNG NEW TERRITORIES",
        "FREE_FORMAT_ADDR_CHN": NaN,
        "DEV_NAME_ENG": "MAN SAU HOUSE",
        "DEV_NAME_CHN": "萬壽大廈",
        "FIRST_REFERENCE_LOT_PRN": "C3645296"
    },
    {
        "PRN": "B5712634",
        "SEQ_NUM": 1,
        "BLOCK": "B",
        "FLOOR": "G",
        "FLAT": NaN,
        "HOUSE_NUM_PREFIX": NaN,
        "STREET_NAME_ENG": NaN,
        "STREET_NAME_CHN": NaN,
        "AREA_DESC_ENG": NaN,
        "AREA_DESC_CHN": NaN,
        "FREE_FORMAT_ADDR_ENG": "G/F OF BLOCK B MAN SAU HOUSE NOS.53-55 HOI PONG STREET SAI KUNG NEW TERRITORIES",
        "FREE_FORMAT_ADDR_CHN": NaN,
        "DEV_NAME_ENG": "MAN SAU HOUSE",
        "DEV_NAME_CHN": "萬壽大廈",
        "FIRST_REFERENCE_LOT_PRN": "C3645296"
    },
    {
        "PRN": "B8064205",
        "SEQ_NUM": 1,
        "BLOCK": "D",
        "FLOOR": "G",
        "FLAT": NaN,
        "HOUSE_NUM_PREFIX": NaN,
        "STREET_NAME_ENG": NaN,
        "STREET_NAME_CHN": NaN,
        "AREA_DESC_ENG": NaN,
        "AREA_DESC_CHN": NaN,
        "FREE_FORMAT_ADDR_ENG": "G/F OF BLOCK D MAN SAU HOUSE NO.53-55 HOI PONG STREET SAI KUNG NEW TERRITORIES",
        "FREE_FORMAT_ADDR_CHN": NaN,
        "DEV_NAME_ENG": "MAN SAU HOUSE",
        "DEV_NAME_CHN": "萬壽大廈",
        "FIRST_REFERENCE_LOT_PRN": "C3645274"
    },
    {
        "PRN": "C0381215",
        "SEQ_NUM": 1,
        "BLOCK": "D",
        "FLOOR": "2",
        "FLAT": NaN,
        "HOUSE_NUM_PREFIX": NaN,
        "STREET_NAME_ENG": NaN,
        "STREET_NAME_CHN": NaN,
        "AREA_DESC_ENG": NaN,
        "AREA_DESC_CHN": NaN,
        "FREE_FORMAT_ADDR_ENG": "2/F AND ROOF OF BLOCK D MAN SAU HOUSE NO.53-55 HOI PONG STREET SAI KUNG NEW TERRITORIES",
        "FREE_FORMAT_ADDR_CHN": NaN,
        "DEV_NAME_ENG": "MAN SAU HOUSE",
        "DEV_NAME_CHN": "萬壽大廈",
        "FIRST_REFERENCE_LOT_PRN": "C3645274"
    },
    {
        "PRN": "C0384776",
        "SEQ_NUM": 1,
        "BLOCK": "A",
        "FLOOR": "G",
        "FLAT": NaN,
        "HOUSE_NUM_PREFIX": NaN,
        "STREET_NAME_ENG": NaN,
        "STREET_NAME_CHN": NaN,
        "AREA_DESC_ENG": NaN,
        "AREA_DESC_CHN": NaN,
        "FREE_FORMAT_ADDR_ENG": "G/F OF BLOCK A MAN SAU HOUSE NOS.53-55 HOI PONG STREET SAI KUNG NEW TERRITORIES",
        "FREE_FORMAT_ADDR_CHN": NaN,
        "DEV_NAME_ENG": "MAN SAU HOUSE",
        "DEV_NAME_CHN": "萬壽大廈",
        "FIRST_REFERENCE_LOT_PRN": "C3645280"
    },
    {
        "PRN": "C0745269",
        "SEQ_NUM": 1,
        "BLOCK": "A",
        "FLOOR": "1",
        "FLAT": NaN,
        "HOUSE_NUM_PREFIX": NaN,
        "STREET_NAME_ENG": NaN,
        "STREET_NAME_CHN": NaN,
        "AREA_DESC_ENG": NaN,
        "AREA_DESC_CHN": NaN,
        "FREE_FORMAT_ADDR_ENG": "1/F OF BLOCK A MAN SAU HOUSE NOS.53-55 HOI PONG STREET SAI KUNG NEW TERRITORIES",
        "FREE_FORMAT_ADDR_CHN": NaN,
        "DEV_NAME_ENG": "MAN SAU HOUSE",
        "DEV_NAME_CHN": "萬壽大廈",
        "FIRST_REFERENCE_LOT_PRN": "C3645280"
    },
    {
        "PRN": "C1410537",
        "SEQ_NUM": 1,
        "BLOCK": "C",
        "FLOOR": "2",
        "FLAT": NaN,
        "HOUSE_NUM_PREFIX": NaN,
        "STREET_NAME_ENG": NaN,
        "STREET_NAME_CHN": NaN,
        "AREA_DESC_ENG": NaN,
        "AREA_DESC_CHN": NaN,
        "FREE_FORMAT_ADDR_ENG": "2/F AND ROOF OF BLOCK C MAN SAU HOUSE NOS.53-55 HOI PONG STREET SAI KUNG NEW TERRITORIES",
        "FREE_FORMAT_ADDR_CHN": NaN,
        "DEV_NAME_ENG": "MAN SAU HOUSE",
        "DEV_NAME_CHN": "萬壽大廈",
        "FIRST_REFERENCE_LOT_PRN": "C5670567"
    }
]