[
    {
        "PRN": "B1400625",
        "SEQ_NUM": 1,
        "BLOCK": "27",
        "FLOOR": "2",
        "FLAT": NaN,
        "HOUSE_NUM_PREFIX": NaN,
        "STREET_NAME_ENG": NaN,
        "STREET_NAME_CHN": NaN,
        "AREA_DESC_ENG": NaN,
        "AREA_DESC_CHN": NaN,
        "FREE_FORMAT_ADDR_ENG": "2/F OF NO.27 YUEN LONG PAU CHEUNG SQUARE MAN WAH BUILDING NOS.27-37 YUEN LONG PAU CHEUNG SQUARE YUEN LONG N.T.",
        "FREE_FORMAT_ADDR_CHN": NaN,
        "DEV_NAME_ENG": "MAN WAH BUILDING",
        "DEV_NAME_CHN": "萬華大樓",
        "FIRST_REFERENCE_LOT_PRN": "C4998956"
    },
    {
        "PRN": "B1400631",
        "SEQ_NUM": 1,
        "BLOCK": "27",
        "FLOOR": "3",
        "FLAT": NaN,
        "HOUSE_NUM_PREFIX": NaN,
        "STREET_NAME_ENG": NaN,
        "STREET_NAME_CHN": NaN,
        "AREA_DESC_ENG": NaN,
        "AREA_DESC_CHN": NaN,
        "FREE_FORMAT_ADDR_ENG": "3/F OF NO.27 YUEN LONG PAU CHEUNG SQUARE MAN WAH BUILDING NOS.27-37 YUEN LONG PAU CHEUNG SQUARE YUEN LONG N.T.",
        "FREE_FORMAT_ADDR_CHN": NaN,
        "DEV_NAME_ENG": "MAN WAH BUILDING",
        "DEV_NAME_CHN": "萬華大樓",
        "FIRST_REFERENCE_LOT_PRN": "C4998956"
    },
    {
        "PRN": "B1400640",
        "SEQ_NUM": 1,
        "BLOCK": "27",
        "FLOOR": "4",
        "FLAT": NaN,
        "HOUSE_NUM_PREFIX": NaN,
        "STREET_NAME_ENG": NaN,
        "STREET_NAME_CHN": NaN,
        "AREA_DESC_ENG": NaN,
        "AREA_DESC_CHN": NaN,
        "FREE_FORMAT_ADDR_ENG": "4/F OF NO.27 YUEN LONG PAU CHEUNG SQUARE MAN WAH BUILDING NOS.27-37 YUEN LONG PAU CHEUNG SQUARE YUEN LONG N.T.",
        "FREE_FORMAT_ADDR_CHN": NaN,
        "DEV_NAME_ENG": "MAN WAH BUILDING",
        "DEV_NAME_CHN": "萬華大樓",
        "FIRST_REFERENCE_LOT_PRN": "C4998956"
    },
    {
        "PRN": "B1400658",
        "SEQ_NUM": 1,
        "BLOCK": "27",
        "FLOOR": "5",
        "FLAT": NaN,
        "HOUSE_NUM_PREFIX": NaN,
        "STREET_NAME_ENG": NaN,
        "STREET_NAME_CHN": NaN,
        "AREA_DESC_ENG": NaN,
        "AREA_DESC_CHN": NaN,
        "FREE_FORMAT_ADDR_ENG": "5/F & ROOF OF NO.27 YUEN LONG PAU CHEUNG SQUARE OF MAN WAH BUILDING NOS.27-37 YUEN LONG PAU CHEUNG SQUARE YUEN LONG N.T.",
        "FREE_FORMAT_ADDR_CHN": NaN,
        "DEV_NAME_ENG": "MAN WAH BUILDING",
        "DEV_NAME_CHN": "萬華大樓",
        "FIRST_REFERENCE_LOT_PRN": "C4998956"
    },
    {
        "PRN": "B1400665",
        "SEQ_NUM": 1,
        "BLOCK": "29",
        "FLOOR": "G",
        "FLAT": NaN,
        "HOUSE_NUM_PREFIX": NaN,
        "STREET_NAME_ENG": NaN,
        "STREET_NAME_CHN": NaN,
        "AREA_DESC_ENG": NaN,
        "AREA_DESC_CHN": NaN,
        "FREE_FORMAT_ADDR_ENG": "G/F OF NO.29 YUEN LONG PAU CHEUNG SQUARE MAN WAH BUILDING NOS.27-37 YUEN LONG PAU CHEUNG SQUARE YUEN LONG N.T.",
        "FREE_FORMAT_ADDR_CHN": NaN,
        "DEV_NAME_ENG": "MAN WAH BUILDING",
        "DEV_NAME_CHN": "萬華大樓",
        "FIRST_REFERENCE_LOT_PRN": "C4998956"
    },
    {
        "PRN": "B1400674",
        "SEQ_NUM": 1,
        "BLOCK": "29",
        "FLOOR": "2",
        "FLAT": NaN,
        "HOUSE_NUM_PREFIX": NaN,
        "STREET_NAME_ENG": NaN,
        "STREET_NAME_CHN": NaN,
        "AREA_DESC_ENG": NaN,
        "AREA_DESC_CHN": NaN,
        "FREE_FORMAT_ADDR_ENG": "2/F OF NO.29 YUEN LONG PAU CHEUNG SQUARE MAN WAH BUILDING NOS.27-37 YUEN LONG PAU CHEUNG SQUARE YUEN LONG N.T.",
        "FREE_FORMAT_ADDR_CHN": NaN,
        "DEV_NAME_ENG": "MAN WAH BUILDING",
        "DEV_NAME_CHN": "萬華大樓",
        "FIRST_REFERENCE_LOT_PRN": "C4998956"
    },
    {
        "PRN": "B1400687",
        "SEQ_NUM": 1,
        "BLOCK": "29",
        "FLOOR": "3",
        "FLAT": NaN,
        "HOUSE_NUM_PREFIX": NaN,
        "STREET_NAME_ENG": NaN,
        "STREET_NAME_CHN": NaN,
        "AREA_DESC_ENG": NaN,
        "AREA_DESC_CHN": NaN,
        "FREE_FORMAT_ADDR_ENG": "3/F OF NO.29 YUEN LONG PAU CHEUNG SQUARE MAN WAH BUILDING NOS.27-37 YUEN LONG PAU CHEUNG SQUARE YUEN LONG N.T.",
        "FREE_FORMAT_ADDR_CHN": NaN,
        "DEV_NAME_ENG": "MAN WAH BUILDING",
        "DEV_NAME_CHN": "萬華大樓",
        "FIRST_REFERENCE_LOT_PRN": "C4998956"
    },
    {
        "PRN": "B1400694",
        "SEQ_NUM": 1,
        "BLOCK": "29",
        "FLOOR": "4",
        "FLAT": NaN,
        "HOUSE_NUM_PREFIX": NaN,
        "STREET_NAME_ENG": NaN,
        "STREET_NAME_CHN": NaN,
        "AREA_DESC_ENG": NaN,
        "AREA_DESC_CHN": NaN,
        "FREE_FORMAT_ADDR_ENG": "4/F OF NO.29 YUEN LONG PAU CHEUNG SQUARE MAN WAH BUILDING NOS.27-37 YUEN LONG PAU CHEUNG SQUARE YUEN LONG N.T.",
        "FREE_FORMAT_ADDR_CHN": NaN,
        "DEV_NAME_ENG": "MAN WAH BUILDING",
        "DEV_NAME_CHN": "萬華大樓",
        "FIRST_REFERENCE_LOT_PRN": "C4998956"
    },
    {
        "PRN": "B1400732",
        "SEQ_NUM": 1,
        "BLOCK": "31",
        "FLOOR": "3",
        "FLAT": NaN,
        "HOUSE_NUM_PREFIX": NaN,
        "STREET_NAME_ENG": NaN,
        "STREET_NAME_CHN": NaN,
        "AREA_DESC_ENG": NaN,
        "AREA_DESC_CHN": NaN,
        "FREE_FORMAT_ADDR_ENG": "3/F OF NO.31 YUEN LONG PAU CHEUNG SQUARE MAN WAH BUILDING NOS.27-37 YUEN LONG PAU CHEUNG SQUARE YUEN LONG N.T.",
        "FREE_FORMAT_ADDR_CHN": NaN,
        "DEV_NAME_ENG": "MAN WAH BUILDING",
        "DEV_NAME_CHN": "萬華大樓",
        "FIRST_REFERENCE_LOT_PRN": "C4998956"
    },
    {
        "PRN": "B1400749",
        "SEQ_NUM": 1,
        "BLOCK": "31",
        "FLOOR": "4",
        "FLAT": NaN,
        "HOUSE_NUM_PREFIX": NaN,
        "STREET_NAME_ENG": NaN,
        "STREET_NAME_CHN": NaN,
        "AREA_DESC_ENG": NaN,
        "AREA_DESC_CHN": NaN,
        "FREE_FORMAT_ADDR_ENG": "4/F OF NO.31 YUEN LONG PAU CHEUNG SQUARE MAN WAH BUILDING NOS.27-37 YUEN LONG PAU CHEUNG SQUARE YUEN LONG N.T.",
        "FREE_FORMAT_ADDR_CHN": NaN,
        "DEV_NAME_ENG": "MAN WAH BUILDING",
        "DEV_NAME_CHN": "萬華大樓",
        "FIRST_REFERENCE_LOT_PRN": "C4998956"
    },
    {
        "PRN": "B1400756",
        "SEQ_NUM": 1,
        "BLOCK": "31",
        "FLOOR": "5",
        "FLAT": NaN,
        "HOUSE_NUM_PREFIX": NaN,
        "STREET_NAME_ENG": NaN,
        "STREET_NAME_CHN": NaN,
        "AREA_DESC_ENG": NaN,
        "AREA_DESC_CHN": NaN,
        "FREE_FORMAT_ADDR_ENG": "5/F & ROOF OF NO.31 YUEN LONG PAU CHEUNG SQUARE OF MAN WAH BUILDING NOS.27-37 YUEN LONG PAU CHEUNG SQUARE YUEN LONG N.T.",
        "FREE_FORMAT_ADDR_CHN": NaN,
        "DEV_NAME_ENG": "MAN WAH BUILDING",
        "DEV_NAME_CHN": "萬華大樓",
        "FIRST_REFERENCE_LOT_PRN": "C4998956"
    },
    {
        "PRN": "B1400768",
        "SEQ_NUM": 1,
        "BLOCK": "33",
        "FLOOR": "G",
        "FLAT": NaN,
        "HOUSE_NUM_PREFIX": NaN,
        "STREET_NAME_ENG": NaN,
        "STREET_NAME_CHN": NaN,
        "AREA_DESC_ENG": NaN,
        "AREA_DESC_CHN": NaN,
        "FREE_FORMAT_ADDR_ENG": "G/F OF NO.33 YUEN LONG PAU CHEUNG SQUARE MAN WAH BUILDING NOS.27-37 YUEN LONG PAU CHEUNG SQUARE YUEN LONG N.T.",
        "FREE_FORMAT_ADDR_CHN": NaN,
        "DEV_NAME_ENG": "MAN WAH BUILDING",
        "DEV_NAME_CHN": "萬華大樓",
        "FIRST_REFERENCE_LOT_PRN": "C4998956"
    },
    {
        "PRN": "B1400775",
        "SEQ_NUM": 1,
        "BLOCK": "33",
        "FLOOR": "1",
        "FLAT": NaN,
        "HOUSE_NUM_PREFIX": NaN,
        "STREET_NAME_ENG": NaN,
        "STREET_NAME_CHN": NaN,
        "AREA_DESC_ENG": NaN,
        "AREA_DESC_CHN": NaN,
        "FREE_FORMAT_ADDR_ENG": "1/F OF NO.33 YUEN LONG PAU CHEUNG SQUARE MAN WAH BUILDING NOS.27-37 YUEN LONG PAU CHEUNG SQUARE YUEN LONG N.T.",
        "FREE_FORMAT_ADDR_CHN": NaN,
        "DEV_NAME_ENG": "MAN WAH BUILDING",
        "DEV_NAME_CHN": "萬華大樓",
        "FIRST_REFERENCE_LOT_PRN": "C4998956"
    },
    {
        "PRN": "B1400782",
        "SEQ_NUM": 1,
        "BLOCK": "33",
        "FLOOR": "2",
        "FLAT": NaN,
        "HOUSE_NUM_PREFIX": NaN,
        "STREET_NAME_ENG": NaN,
        "STREET_NAME_CHN": NaN,
        "AREA_DESC_ENG": NaN,
        "AREA_DESC_CHN": NaN,
        "FREE_FORMAT_ADDR_ENG": "2/F OF NO.33 YUEN LONG PAU CHEUNG SQUARE MAN WAH BUILDING NOS.27-37 YUEN LONG PAU CHEUNG SQUARE YUEN LONG N.T.",
        "FREE_FORMAT_ADDR_CHN": NaN,
        "DEV_NAME_ENG": "MAN WAH BUILDING",
        "DEV_NAME_CHN": "萬華大樓",
        "FIRST_REFERENCE_LOT_PRN": "C4998956"
    },
    {
        "PRN": "B1400793",
        "SEQ_NUM": 1,
        "BLOCK": "33",
        "FLOOR": "3",
        "FLAT": NaN,
        "HOUSE_NUM_PREFIX": NaN,
        "STREET_NAME_ENG": NaN,
        "STREET_NAME_CHN": NaN,
        "AREA_DESC_ENG": NaN,
        "AREA_DESC_CHN": NaN,
        "FREE_FORMAT_ADDR_ENG": "3/F OF NO.33 YUEN LONG PAU CHEUNG SQUARE MAN WAH BUILDING NOS.27-37 YUEN LONG PAU CHEUNG SQUARE YUEN LONG N.T.",
        "FREE_FORMAT_ADDR_CHN": NaN,
        "DEV_NAME_ENG": "MAN WAH BUILDING",
        "DEV_NAME_CHN": "萬華大樓",
        "FIRST_REFERENCE_LOT_PRN": "C4998956"
    },
    {
        "PRN": "B1400805",
        "SEQ_NUM": 1,
        "BLOCK": "35",
        "FLOOR": "G",
        "FLAT": NaN,
        "HOUSE_NUM_PREFIX": NaN,
        "STREET_NAME_ENG": NaN,
        "STREET_NAME_CHN": NaN,
        "AREA_DESC_ENG": NaN,
        "AREA_DESC_CHN": NaN,
        "FREE_FORMAT_ADDR_ENG": "G/F OF NO.35 YUEN LONG PAU CHEUNG SQUARE MAN WAH BUILDING NOS.27-37 YUEN LONG PAU CHEUNG SQUARE YUEN LONG N.T.",
        "FREE_FORMAT_ADDR_CHN": NaN,
        "DEV_NAME_ENG": "MAN WAH BUILDING",
        "DEV_NAME_CHN": "萬華大樓",
        "FIRST_REFERENCE_LOT_PRN": "C4998956"
    },
    {
        "PRN": "B1400815",
        "SEQ_NUM": 1,
        "BLOCK": "35",
        "FLOOR": "3",
        "FLAT": NaN,
        "HOUSE_NUM_PREFIX": NaN,
        "STREET_NAME_ENG": NaN,
        "STREET_NAME_CHN": NaN,
        "AREA_DESC_ENG": NaN,
        "AREA_DESC_CHN": NaN,
        "FREE_FORMAT_ADDR_ENG": "3/F OF NO.35 YUEN LONG PAU CHEUNG SQUARE MAN WAH BUILDING NOS.27-37 YUEN LONG PAU CHEUNG SQUARE YUEN LONG N.T.",
        "FREE_FORMAT_ADDR_CHN": NaN,
        "DEV_NAME_ENG": "MAN WAH BUILDING",
        "DEV_NAME_CHN": "萬華大樓",
        "FIRST_REFERENCE_LOT_PRN": "C4998956"
    },
    {
        "PRN": "B1400825",
        "SEQ_NUM": 1,
        "BLOCK": "35",
        "FLOOR": "4",
        "FLAT": NaN,
        "HOUSE_NUM_PREFIX": NaN,
        "STREET_NAME_ENG": NaN,
        "STREET_NAME_CHN": NaN,
        "AREA_DESC_ENG": NaN,
        "AREA_DESC_CHN": NaN,
        "FREE_FORMAT_ADDR_ENG": "4/F OF NO.35 YUEN LONG PAU CHEUNG SQUARE MAN WAH BUILDING NOS.27-37 YUEN LONG PAU CHEUNG SQUARE YUEN LONG N.T.",
        "FREE_FORMAT_ADDR_CHN": NaN,
        "DEV_NAME_ENG": "MAN WAH BUILDING",
        "DEV_NAME_CHN": "萬華大樓",
        "FIRST_REFERENCE_LOT_PRN": "C4998956"
    },
    {
        "PRN": "B1400831",
        "SEQ_NUM": 1,
        "BLOCK": "35",
        "FLOOR": "5",
        "FLAT": NaN,
        "HOUSE_NUM_PREFIX": NaN,
        "STREET_NAME_ENG": NaN,
        "STREET_NAME_CHN": NaN,
        "AREA_DESC_ENG": NaN,
        "AREA_DESC_CHN": NaN,
        "FREE_FORMAT_ADDR_ENG": "5/F TOGETHER WITH A PORTION OF THE ROOF OF NO.35 YUEN LONG PAU CHEUNG SQUARE OF MAN WAH BUILDING NOS.27-37 YUEN LONG PAU CHEUNG SQUARE YUEN LONG N.T.",
        "FREE_FORMAT_ADDR_CHN": NaN,
        "DEV_NAME_ENG": "MAN WAH BUILDING",
        "DEV_NAME_CHN": "萬華大樓",
        "FIRST_REFERENCE_LOT_PRN": "C4998956"
    },
    {
        "PRN": "B1400845",
        "SEQ_NUM": 1,
        "BLOCK": "37",
        "FLOOR": "G",
        "FLAT": NaN,
        "HOUSE_NUM_PREFIX": NaN,
        "STREET_NAME_ENG": NaN,
        "STREET_NAME_CHN": NaN,
        "AREA_DESC_ENG": NaN,
        "AREA_DESC_CHN": NaN,
        "FREE_FORMAT_ADDR_ENG": "G/F OF NO.37 YUEN LONG PAU CHEUNG SQUARE MAN WAH BUILDING NOS.27-37 YUEN LONG PAU CHEUNG SQUARE YUEN LONG N.T.",
        "FREE_FORMAT_ADDR_CHN": NaN,
        "DEV_NAME_ENG": "MAN WAH BUILDING",
        "DEV_NAME_CHN": "萬華大樓",
        "FIRST_REFERENCE_LOT_PRN": "C4998956"
    },
    {
        "PRN": "B1400855",
        "SEQ_NUM": 1,
        "BLOCK": "37",
        "FLOOR": "3",
        "FLAT": NaN,
        "HOUSE_NUM_PREFIX": NaN,
        "STREET_NAME_ENG": NaN,
        "STREET_NAME_CHN": NaN,
        "AREA_DESC_ENG": NaN,
        "AREA_DESC_CHN": NaN,
        "FREE_FORMAT_ADDR_ENG": "3/F OF NO.37 YUEN LONG PAU CHEUNG SQUARE MAN WAH BUILDING NOS.27-37 YUEN LONG PAU CHEUNG SQUARE YUEN LONG N.T.",
        "FREE_FORMAT_ADDR_CHN": NaN,
        "DEV_NAME_ENG": "MAN WAH BUILDING",
        "DEV_NAME_CHN": "萬華大樓",
        "FIRST_REFERENCE_LOT_PRN": "C4998956"
    },
    {
        "PRN": "B1400867",
        "SEQ_NUM": 1,
        "BLOCK": "37",
        "FLOOR": "4",
        "FLAT": NaN,
        "HOUSE_NUM_PREFIX": NaN,
        "STREET_NAME_ENG": NaN,
        "STREET_NAME_CHN": NaN,
        "AREA_DESC_ENG": NaN,
        "AREA_DESC_CHN": NaN,
        "FREE_FORMAT_ADDR_ENG": "4/F OF NO.37 YUEN LONG PAU CHEUNG SQUARE MAN WAH BUILDING NOS.27-37 YUEN LONG PAU CHEUNG SQUARE YUEN LONG N.T.",
        "FREE_FORMAT_ADDR_CHN": NaN,
        "DEV_NAME_ENG": "MAN WAH BUILDING",
        "DEV_NAME_CHN": "萬華大樓",
        "FIRST_REFERENCE_LOT_PRN": "C4998956"
    },
    {
        "PRN": "B1401600",
        "SEQ_NUM": 1,
        "BLOCK": "27",
        "FLOOR": "1",
        "FLAT": NaN,
        "HOUSE_NUM_PREFIX": NaN,
        "STREET_NAME_ENG": NaN,
        "STREET_NAME_CHN": NaN,
        "AREA_DESC_ENG": NaN,
        "AREA_DESC_CHN": NaN,
        "FREE_FORMAT_ADDR_ENG": "1/F OF NO.27 YUEN LONG PAU CHEUNG SQUARE MAN WAH BUILDING NOS.27-37 YUEN LONG PAU CHEUNG SQUARE YUEN LONG N.T.",
        "FREE_FORMAT_ADDR_CHN": NaN,
        "DEV_NAME_ENG": "MAN WAH BUILDING",
        "DEV_NAME_CHN": "萬華大樓",
        "FIRST_REFERENCE_LOT_PRN": "C4998956"
    },
    {
        "PRN": "B4799335",
        "SEQ_NUM": 1,
        "BLOCK": "37",
        "FLOOR": "2",
        "FLAT": NaN,
        "HOUSE_NUM_PREFIX": NaN,
        "STREET_NAME_ENG": NaN,
        "STREET_NAME_CHN": NaN,
        "AREA_DESC_ENG": NaN,
        "AREA_DESC_CHN": NaN,
        "FREE_FORMAT_ADDR_ENG": "2/F OF NO.37 YUEN LONG PAU CHEUNG SQUARE MAN WAH BUILDING NOS.27-37 YUEN LONG PAU CHEUNG SQUARE YUEN LONG N.T.",
        "FREE_FORMAT_ADDR_CHN": NaN,
        "DEV_NAME_ENG": "MAN WAH BUILDING",
        "DEV_NAME_CHN": "萬華大樓",
        "FIRST_REFERENCE_LOT_PRN": "C4998956"
    },
    {
        "PRN": "B5334054",
        "SEQ_NUM": 1,
        "BLOCK": "31",
        "FLOOR": "2",
        "FLAT": NaN,
        "HOUSE_NUM_PREFIX": NaN,
        "STREET_NAME_ENG": NaN,
        "STREET_NAME_CHN": NaN,
        "AREA_DESC_ENG": NaN,
        "AREA_DESC_CHN": NaN,
        "FREE_FORMAT_ADDR_ENG": "2/F OF NO.31 YUEN LONG PAU CHEUNG SQUARE MAN WAH BUILDING NOS.27-37 YUEN LONG PAU CHEUNG SQUARE YUEN LONG N.T.",
        "FREE_FORMAT_ADDR_CHN": NaN,
        "DEV_NAME_ENG": "MAN WAH BUILDING",
        "DEV_NAME_CHN": "萬華大樓",
        "FIRST_REFERENCE_LOT_PRN": "C4998956"
    },
    {
        "PRN": "B5334060",
        "SEQ_NUM": 1,
        "BLOCK": "33",
        "FLOOR": "4",
        "FLAT": NaN,
        "HOUSE_NUM_PREFIX": NaN,
        "STREET_NAME_ENG": NaN,
        "STREET_NAME_CHN": NaN,
        "AREA_DESC_ENG": NaN,
        "AREA_DESC_CHN": NaN,
        "FREE_FORMAT_ADDR_ENG": "4/F OF NO.33 YUEN LONG PAU CHEUNG SQUARE MAN WAH BUILDING NOS.27-37 YUEN LONG PAU CHEUNG SQUARE YUEN LONG N.T.",
        "FREE_FORMAT_ADDR_CHN": NaN,
        "DEV_NAME_ENG": "MAN WAH BUILDING",
        "DEV_NAME_CHN": "萬華大樓",
        "FIRST_REFERENCE_LOT_PRN": "C4998956"
    },
    {
        "PRN": "B5670468",
        "SEQ_NUM": 1,
        "BLOCK": "31",
        "FLOOR": "G",
        "FLAT": NaN,
        "HOUSE_NUM_PREFIX": NaN,
        "STREET_NAME_ENG": NaN,
        "STREET_NAME_CHN": NaN,
        "AREA_DESC_ENG": NaN,
        "AREA_DESC_CHN": NaN,
        "FREE_FORMAT_ADDR_ENG": "G/F OF NO.31 YUEN LONG PAU CHEUNG SQUARE MAN WAH BUILDING NOS.27-37 YUEN LONG PAU CHEUNG SQUARE YUEN LONG N.T.",
        "FREE_FORMAT_ADDR_CHN": NaN,
        "DEV_NAME_ENG": "MAN WAH BUILDING",
        "DEV_NAME_CHN": "萬華大樓",
        "FIRST_REFERENCE_LOT_PRN": "C4998956"
    },
    {
        "PRN": "B5670470",
        "SEQ_NUM": 1,
        "BLOCK": "33",
        "FLOOR": "5",
        "FLAT": NaN,
        "HOUSE_NUM_PREFIX": NaN,
        "STREET_NAME_ENG": NaN,
        "STREET_NAME_CHN": NaN,
        "AREA_DESC_ENG": NaN,
        "AREA_DESC_CHN": NaN,
        "FREE_FORMAT_ADDR_ENG": "5/F & ROOF OF NO.33 YUEN LONG PAU CHEUNG SQUARE OF MAN WAH BUILDING NOS.27-37 YUEN LONG PAU CHEUNG SQUARE YUEN LONG N.T.",
        "FREE_FORMAT_ADDR_CHN": NaN,
        "DEV_NAME_ENG": "MAN WAH BUILDING",
        "DEV_NAME_CHN": "萬華大樓",
        "FIRST_REFERENCE_LOT_PRN": "C4998956"
    },
    {
        "PRN": "B7485767",
        "SEQ_NUM": 1,
        "BLOCK": "35",
        "FLOOR": "1",
        "FLAT": NaN,
        "HOUSE_NUM_PREFIX": NaN,
        "STREET_NAME_ENG": NaN,
        "STREET_NAME_CHN": NaN,
        "AREA_DESC_ENG": NaN,
        "AREA_DESC_CHN": NaN,
        "FREE_FORMAT_ADDR_ENG": "1/F OF NO.35 YUEN LONG PAU CHEUNG SQUARE MAN WAH BUILDING NOS.27-37 YUEN LONG PAU CHEUNG SQUARE YUEN LONG N.T.",
        "FREE_FORMAT_ADDR_CHN": NaN,
        "DEV_NAME_ENG": "MAN WAH BUILDING",
        "DEV_NAME_CHN": "萬華大樓",
        "FIRST_REFERENCE_LOT_PRN": "C4998956"
    },
    {
        "PRN": "B7485773",
        "SEQ_NUM": 1,
        "BLOCK": "37",
        "FLOOR": "1",
        "FLAT": NaN,
        "HOUSE_NUM_PREFIX": NaN,
        "STREET_NAME_ENG": NaN,
        "STREET_NAME_CHN": NaN,
        "AREA_DESC_ENG": NaN,
        "AREA_DESC_CHN": NaN,
        "FREE_FORMAT_ADDR_ENG": "1/F OF NO.37 YUEN LONG PAU CHEUNG SQUARE MAN WAH BUILDING NOS.27-37 YUEN LONG PAU CHEUNG SQUARE YUEN LONG N.T.",
        "FREE_FORMAT_ADDR_CHN": NaN,
        "DEV_NAME_ENG": "MAN WAH BUILDING",
        "DEV_NAME_CHN": "萬華大樓",
        "FIRST_REFERENCE_LOT_PRN": "C4998956"
    },
    {
        "PRN": "B8692572",
        "SEQ_NUM": 1,
        "BLOCK": "29",
        "FLOOR": "5",
        "FLAT": NaN,
        "HOUSE_NUM_PREFIX": NaN,
        "STREET_NAME_ENG": NaN,
        "STREET_NAME_CHN": NaN,
        "AREA_DESC_ENG": NaN,
        "AREA_DESC_CHN": NaN,
        "FREE_FORMAT_ADDR_ENG": "5/F & ROOF OF NO.29 YUEN LONG PAU CHEUNG SQUARE OF MAN WAH BUILDING NOS.27-37 YUEN LONG PAU CHEUNG SQUARE YUEN LONG N.T.",
        "FREE_FORMAT_ADDR_CHN": NaN,
        "DEV_NAME_ENG": "MAN WAH BUILDING",
        "DEV_NAME_CHN": "萬華大樓",
        "FIRST_REFERENCE_LOT_PRN": "C4998956"
    },
    {
        "PRN": "C0166996",
        "SEQ_NUM": 1,
        "BLOCK": "27",
        "FLOOR": "G",
        "FLAT": NaN,
        "HOUSE_NUM_PREFIX": NaN,
        "STREET_NAME_ENG": NaN,
        "STREET_NAME_CHN": NaN,
        "AREA_DESC_ENG": NaN,
        "AREA_DESC_CHN": NaN,
        "FREE_FORMAT_ADDR_ENG": "G/F OF NO.27 YUEN LONG PAU CHEUNG SQUARE MAN WAH BUILDING NOS.27-37 YUEN LONG PAU CHEUNG SQUARE YUEN LONG N.T.",
        "FREE_FORMAT_ADDR_CHN": NaN,
        "DEV_NAME_ENG": "MAN WAH BUILDING",
        "DEV_NAME_CHN": "萬華大樓",
        "FIRST_REFERENCE_LOT_PRN": "C4998956"
    },
    {
        "PRN": "C0167003",
        "SEQ_NUM": 1,
        "BLOCK": "29",
        "FLOOR": "1",
        "FLAT": NaN,
        "HOUSE_NUM_PREFIX": NaN,
        "STREET_NAME_ENG": NaN,
        "STREET_NAME_CHN": NaN,
        "AREA_DESC_ENG": NaN,
        "AREA_DESC_CHN": NaN,
        "FREE_FORMAT_ADDR_ENG": "1/F OF NO.29 YUEN LONG PAU CHEUNG SQUARE MAN WAH BUILDING NOS.27-37 YUEN LONG PAU CHEUNG SQUARE YUEN LONG N.T.",
        "FREE_FORMAT_ADDR_CHN": NaN,
        "DEV_NAME_ENG": "MAN WAH BUILDING",
        "DEV_NAME_CHN": "萬華大樓",
        "FIRST_REFERENCE_LOT_PRN": "C4998956"
    },
    {
        "PRN": "C0167017",
        "SEQ_NUM": 1,
        "BLOCK": "35",
        "FLOOR": "2",
        "FLAT": NaN,
        "HOUSE_NUM_PREFIX": NaN,
        "STREET_NAME_ENG": NaN,
        "STREET_NAME_CHN": NaN,
        "AREA_DESC_ENG": NaN,
        "AREA_DESC_CHN": NaN,
        "FREE_FORMAT_ADDR_ENG": "2/F OF NO.35 YUEN LONG PAU CHEUNG SQUARE MAN WAH BUILDING NOS.27-37 YUEN LONG PAU CHEUNG SQUARE YUEN LONG N.T.",
        "FREE_FORMAT_ADDR_CHN": NaN,
        "DEV_NAME_ENG": "MAN WAH BUILDING",
        "DEV_NAME_CHN": "萬華大樓",
        "FIRST_REFERENCE_LOT_PRN": "C4998956"
    },
    {
        "PRN": "C0167026",
        "SEQ_NUM": 1,
        "BLOCK": "37",
        "FLOOR": "5",
        "FLAT": NaN,
        "HOUSE_NUM_PREFIX": NaN,
        "STREET_NAME_ENG": NaN,
        "STREET_NAME_CHN": NaN,
        "AREA_DESC_ENG": NaN,
        "AREA_DESC_CHN": NaN,
        "FREE_FORMAT_ADDR_ENG": "5/F & ROOF OF NO.37 YUEN LONG PAU CHEUNG SQUARE OF MAN WAH BUILDING NOS.27-37 YUEN LONG PAU CHEUNG SQUARE YUEN LONG N.T.",
        "FREE_FORMAT_ADDR_CHN": NaN,
        "DEV_NAME_ENG": "MAN WAH BUILDING",
        "DEV_NAME_CHN": "萬華大樓",
        "FIRST_REFERENCE_LOT_PRN": "C4998956"
    },
    {
        "PRN": "C0167143",
        "SEQ_NUM": 1,
        "BLOCK": "31",
        "FLOOR": "1",
        "FLAT": NaN,
        "HOUSE_NUM_PREFIX": NaN,
        "STREET_NAME_ENG": NaN,
        "STREET_NAME_CHN": NaN,
        "AREA_DESC_ENG": NaN,
        "AREA_DESC_CHN": NaN,
        "FREE_FORMAT_ADDR_ENG": "1/F OF NO.31 YUEN LONG PAU CHEUNG SQUARE MAN WAH BUILDING NOS.27-37 YUEN LONG PAU CHEUNG SQUARE YUEN LONG N.T.",
        "FREE_FORMAT_ADDR_CHN": NaN,
        "DEV_NAME_ENG": "MAN WAH BUILDING",
        "DEV_NAME_CHN": "萬華大樓",
        "FIRST_REFERENCE_LOT_PRN": "C4998956"
    }
]