[
    {
        "PRN": "A7025104",
        "SEQ_NUM": 1,
        "BLOCK": "A",
        "FLOOR": "1",
        "FLAT": NaN,
        "HOUSE_NUM_PREFIX": 97.0,
        "STREET_NAME_ENG": "WATERLOO ROAD",
        "STREET_NAME_CHN": "窩打老道",
        "AREA_DESC_ENG": "KOWLOON",
        "AREA_DESC_CHN": "九龍",
        "FREE_FORMAT_ADDR_ENG": "BLOCK A ON 1ST FLOOR MAY MOON HOUSE NOS.97 AND 97A WATERLOO ROAD KOWLOON",
        "FREE_FORMAT_ADDR_CHN": NaN,
        "DEV_NAME_ENG": "MAY MOON HOUSE",
        "DEV_NAME_CHN": "美滿大廈",
        "FIRST_REFERENCE_LOT_PRN": "C5453156"
    },
    {
        "PRN": "A7025117",
        "SEQ_NUM": 1,
        "BLOCK": "A",
        "FLOOR": "10",
        "FLAT": NaN,
        "HOUSE_NUM_PREFIX": 97.0,
        "STREET_NAME_ENG": "WATERLOO ROAD",
        "STREET_NAME_CHN": "窩打老道",
        "AREA_DESC_ENG": "KOWLOON",
        "AREA_DESC_CHN": "九龍",
        "FREE_FORMAT_ADDR_ENG": "BLOCK A ON 10TH FLOOR MAY MOON HOUSE NOS.97 AND 97A WATERLOO ROAD KOWLOON",
        "FREE_FORMAT_ADDR_CHN": NaN,
        "DEV_NAME_ENG": "MAY MOON HOUSE",
        "DEV_NAME_CHN": "美滿大廈",
        "FIRST_REFERENCE_LOT_PRN": "C5453156"
    },
    {
        "PRN": "A7025125",
        "SEQ_NUM": 1,
        "BLOCK": "A",
        "FLOOR": "11",
        "FLAT": NaN,
        "HOUSE_NUM_PREFIX": 97.0,
        "STREET_NAME_ENG": "WATERLOO ROAD",
        "STREET_NAME_CHN": "窩打老道",
        "AREA_DESC_ENG": "KOWLOON",
        "AREA_DESC_CHN": "九龍",
        "FREE_FORMAT_ADDR_ENG": "BLOCK A ON 11TH FLOOR MAY MOON HOUSE NOS.97 AND 97A WATERLOO ROAD KOWLOON",
        "FREE_FORMAT_ADDR_CHN": NaN,
        "DEV_NAME_ENG": "MAY MOON HOUSE",
        "DEV_NAME_CHN": "美滿大廈",
        "FIRST_REFERENCE_LOT_PRN": "C5453156"
    },
    {
        "PRN": "A7025137",
        "SEQ_NUM": 1,
        "BLOCK": "A",
        "FLOOR": "12",
        "FLAT": NaN,
        "HOUSE_NUM_PREFIX": 97.0,
        "STREET_NAME_ENG": "WATERLOO ROAD",
        "STREET_NAME_CHN": "窩打老道",
        "AREA_DESC_ENG": "KOWLOON",
        "AREA_DESC_CHN": "九龍",
        "FREE_FORMAT_ADDR_ENG": "BLOCK A ON 12TH FLOOR AND ROOF MAY MOON HOUSE NOS.97 AND 97A WATERLOO ROAD KOWLOON",
        "FREE_FORMAT_ADDR_CHN": NaN,
        "DEV_NAME_ENG": "MAY MOON HOUSE",
        "DEV_NAME_CHN": "美滿大廈",
        "FIRST_REFERENCE_LOT_PRN": "C5453156"
    },
    {
        "PRN": "A7025147",
        "SEQ_NUM": 1,
        "BLOCK": "A",
        "FLOOR": "2",
        "FLAT": NaN,
        "HOUSE_NUM_PREFIX": 97.0,
        "STREET_NAME_ENG": "WATERLOO ROAD",
        "STREET_NAME_CHN": "窩打老道",
        "AREA_DESC_ENG": "KOWLOON",
        "AREA_DESC_CHN": "九龍",
        "FREE_FORMAT_ADDR_ENG": "BLOCK A ON 2ND FLOOR MAY MOON HOUSE NOS.97 AND 97A WATERLOO ROAD KOWLOON",
        "FREE_FORMAT_ADDR_CHN": NaN,
        "DEV_NAME_ENG": "MAY MOON HOUSE",
        "DEV_NAME_CHN": "美滿大廈",
        "FIRST_REFERENCE_LOT_PRN": "C5453156"
    },
    {
        "PRN": "A7025150",
        "SEQ_NUM": 1,
        "BLOCK": "A",
        "FLOOR": "4",
        "FLAT": NaN,
        "HOUSE_NUM_PREFIX": 97.0,
        "STREET_NAME_ENG": "WATERLOO ROAD",
        "STREET_NAME_CHN": "窩打老道",
        "AREA_DESC_ENG": "KOWLOON",
        "AREA_DESC_CHN": "九龍",
        "FREE_FORMAT_ADDR_ENG": "BLOCK A ON 4TH FLOOR MAY MOON HOUSE NOS.97 AND 97A WATERLOO ROAD KOWLOON",
        "FREE_FORMAT_ADDR_CHN": NaN,
        "DEV_NAME_ENG": "MAY MOON HOUSE",
        "DEV_NAME_CHN": "美滿大廈",
        "FIRST_REFERENCE_LOT_PRN": "C5453156"
    },
    {
        "PRN": "A7025169",
        "SEQ_NUM": 1,
        "BLOCK": "A",
        "FLOOR": "6",
        "FLAT": NaN,
        "HOUSE_NUM_PREFIX": 97.0,
        "STREET_NAME_ENG": "WATERLOO ROAD",
        "STREET_NAME_CHN": "窩打老道",
        "AREA_DESC_ENG": "KOWLOON",
        "AREA_DESC_CHN": "九龍",
        "FREE_FORMAT_ADDR_ENG": "BLOCK A ON 6TH FLOOR MAY MOON HOUSE NOS.97 AND 97A WATERLOO ROAD KOWLOON",
        "FREE_FORMAT_ADDR_CHN": NaN,
        "DEV_NAME_ENG": "MAY MOON HOUSE",
        "DEV_NAME_CHN": "美滿大廈",
        "FIRST_REFERENCE_LOT_PRN": "C5453156"
    },
    {
        "PRN": "A7025170",
        "SEQ_NUM": 1,
        "BLOCK": "A",
        "FLOOR": "7",
        "FLAT": NaN,
        "HOUSE_NUM_PREFIX": 97.0,
        "STREET_NAME_ENG": "WATERLOO ROAD",
        "STREET_NAME_CHN": "窩打老道",
        "AREA_DESC_ENG": "KOWLOON",
        "AREA_DESC_CHN": "九龍",
        "FREE_FORMAT_ADDR_ENG": "BLOCK A ON 7TH FLOOR MAY MOON HOUSE NOS.97 AND 97A WATERLOO ROAD KOWLOON",
        "FREE_FORMAT_ADDR_CHN": NaN,
        "DEV_NAME_ENG": "MAY MOON HOUSE",
        "DEV_NAME_CHN": "美滿大廈",
        "FIRST_REFERENCE_LOT_PRN": "C5453156"
    },
    {
        "PRN": "A7025182",
        "SEQ_NUM": 1,
        "BLOCK": "B",
        "FLOOR": "10",
        "FLAT": NaN,
        "HOUSE_NUM_PREFIX": 97.0,
        "STREET_NAME_ENG": "WATERLOO ROAD",
        "STREET_NAME_CHN": "窩打老道",
        "AREA_DESC_ENG": "KOWLOON",
        "AREA_DESC_CHN": "九龍",
        "FREE_FORMAT_ADDR_ENG": "BLOCK B ON 10TH FLOOR MAY MOON HOUSE NOS.97 AND 97A WATERLOO ROAD KOWLOON",
        "FREE_FORMAT_ADDR_CHN": NaN,
        "DEV_NAME_ENG": "MAY MOON HOUSE",
        "DEV_NAME_CHN": "美滿大廈",
        "FIRST_REFERENCE_LOT_PRN": "C5453156"
    },
    {
        "PRN": "A7025194",
        "SEQ_NUM": 1,
        "BLOCK": "B",
        "FLOOR": "11",
        "FLAT": NaN,
        "HOUSE_NUM_PREFIX": 97.0,
        "STREET_NAME_ENG": "WATERLOO ROAD",
        "STREET_NAME_CHN": "窩打老道",
        "AREA_DESC_ENG": "KOWLOON",
        "AREA_DESC_CHN": "九龍",
        "FREE_FORMAT_ADDR_ENG": "BLOCK B ON 11TH FLOOR MAY MOON HOUSE NOS.97 AND 97A WATERLOO ROAD KOWLOON",
        "FREE_FORMAT_ADDR_CHN": NaN,
        "DEV_NAME_ENG": "MAY MOON HOUSE",
        "DEV_NAME_CHN": "美滿大廈",
        "FIRST_REFERENCE_LOT_PRN": "C5453156"
    },
    {
        "PRN": "A7025205",
        "SEQ_NUM": 1,
        "BLOCK": "B",
        "FLOOR": "12",
        "FLAT": NaN,
        "HOUSE_NUM_PREFIX": 97.0,
        "STREET_NAME_ENG": "WATERLOO ROAD",
        "STREET_NAME_CHN": "窩打老道",
        "AREA_DESC_ENG": "KOWLOON",
        "AREA_DESC_CHN": "九龍",
        "FREE_FORMAT_ADDR_ENG": "BLOCK B ON 12TH FLOOR MAY MOON HOUSE NOS.97 AND 97A WATERLOO ROAD KOWLOON",
        "FREE_FORMAT_ADDR_CHN": NaN,
        "DEV_NAME_ENG": "MAY MOON HOUSE",
        "DEV_NAME_CHN": "美滿大廈",
        "FIRST_REFERENCE_LOT_PRN": "C5453156"
    },
    {
        "PRN": "A7025214",
        "SEQ_NUM": 1,
        "BLOCK": "B",
        "FLOOR": "2",
        "FLAT": NaN,
        "HOUSE_NUM_PREFIX": 97.0,
        "STREET_NAME_ENG": "WATERLOO ROAD",
        "STREET_NAME_CHN": "窩打老道",
        "AREA_DESC_ENG": "KOWLOON",
        "AREA_DESC_CHN": "九龍",
        "FREE_FORMAT_ADDR_ENG": "BLOCK B ON 2ND FLOOR MAY MOON HOUSE NOS.97 AND 97A WATERLOO ROAD KOWLOON",
        "FREE_FORMAT_ADDR_CHN": NaN,
        "DEV_NAME_ENG": "MAY MOON HOUSE",
        "DEV_NAME_CHN": "美滿大廈",
        "FIRST_REFERENCE_LOT_PRN": "C5453156"
    },
    {
        "PRN": "A7025229",
        "SEQ_NUM": 1,
        "BLOCK": "B",
        "FLOOR": "4",
        "FLAT": NaN,
        "HOUSE_NUM_PREFIX": 97.0,
        "STREET_NAME_ENG": "WATERLOO ROAD",
        "STREET_NAME_CHN": "窩打老道",
        "AREA_DESC_ENG": "KOWLOON",
        "AREA_DESC_CHN": "九龍",
        "FREE_FORMAT_ADDR_ENG": "BLOCK B ON 4TH FLOOR MAY MOON HOUSE NOS.97 AND 97A WATERLOO ROAD KOWLOON",
        "FREE_FORMAT_ADDR_CHN": NaN,
        "DEV_NAME_ENG": "MAY MOON HOUSE",
        "DEV_NAME_CHN": "美滿大廈",
        "FIRST_REFERENCE_LOT_PRN": "C5453156"
    },
    {
        "PRN": "A7025235",
        "SEQ_NUM": 1,
        "BLOCK": "B",
        "FLOOR": "5",
        "FLAT": NaN,
        "HOUSE_NUM_PREFIX": 97.0,
        "STREET_NAME_ENG": "WATERLOO ROAD",
        "STREET_NAME_CHN": "窩打老道",
        "AREA_DESC_ENG": "KOWLOON",
        "AREA_DESC_CHN": "九龍",
        "FREE_FORMAT_ADDR_ENG": "BLOCK B ON 5TH FLOOR MAY MOON HOUSE NOS.97 AND 97A WATERLOO ROAD KOWLOON",
        "FREE_FORMAT_ADDR_CHN": NaN,
        "DEV_NAME_ENG": "MAY MOON HOUSE",
        "DEV_NAME_CHN": "美滿大廈",
        "FIRST_REFERENCE_LOT_PRN": "C5453156"
    },
    {
        "PRN": "A7025246",
        "SEQ_NUM": 1,
        "BLOCK": "B",
        "FLOOR": "6",
        "FLAT": NaN,
        "HOUSE_NUM_PREFIX": 97.0,
        "STREET_NAME_ENG": "WATERLOO ROAD",
        "STREET_NAME_CHN": "窩打老道",
        "AREA_DESC_ENG": "KOWLOON",
        "AREA_DESC_CHN": "九龍",
        "FREE_FORMAT_ADDR_ENG": "BLOCK B ON 6TH FLOOR MAY MOON HOUSE NOS.97 AND 97A WATERLOO ROAD KOWLOON",
        "FREE_FORMAT_ADDR_CHN": NaN,
        "DEV_NAME_ENG": "MAY MOON HOUSE",
        "DEV_NAME_CHN": "美滿大廈",
        "FIRST_REFERENCE_LOT_PRN": "C5453156"
    },
    {
        "PRN": "A7025255",
        "SEQ_NUM": 1,
        "BLOCK": "B",
        "FLOOR": "9",
        "FLAT": NaN,
        "HOUSE_NUM_PREFIX": 97.0,
        "STREET_NAME_ENG": "WATERLOO ROAD",
        "STREET_NAME_CHN": "窩打老道",
        "AREA_DESC_ENG": "KOWLOON",
        "AREA_DESC_CHN": "九龍",
        "FREE_FORMAT_ADDR_ENG": "BLOCK B ON 9TH FLOOR MAY MOON HOUSE NOS.97 AND 97A WATERLOO ROAD KOWLOON",
        "FREE_FORMAT_ADDR_CHN": NaN,
        "DEV_NAME_ENG": "MAY MOON HOUSE",
        "DEV_NAME_CHN": "美滿大廈",
        "FIRST_REFERENCE_LOT_PRN": "C5453156"
    },
    {
        "PRN": "A7025269",
        "SEQ_NUM": 1,
        "BLOCK": "C",
        "FLOOR": "10",
        "FLAT": NaN,
        "HOUSE_NUM_PREFIX": 97.0,
        "STREET_NAME_ENG": "WATERLOO ROAD",
        "STREET_NAME_CHN": "窩打老道",
        "AREA_DESC_ENG": "KOWLOON",
        "AREA_DESC_CHN": "九龍",
        "FREE_FORMAT_ADDR_ENG": "BLOCK C ON 10TH FLOOR MAY MOON HOUSE NOS.97 AND 97A WATERLOO ROAD KOWLOON",
        "FREE_FORMAT_ADDR_CHN": NaN,
        "DEV_NAME_ENG": "MAY MOON HOUSE",
        "DEV_NAME_CHN": "美滿大廈",
        "FIRST_REFERENCE_LOT_PRN": "C5453156"
    },
    {
        "PRN": "A7025273",
        "SEQ_NUM": 1,
        "BLOCK": "C",
        "FLOOR": "11",
        "FLAT": NaN,
        "HOUSE_NUM_PREFIX": 97.0,
        "STREET_NAME_ENG": "WATERLOO ROAD",
        "STREET_NAME_CHN": "窩打老道",
        "AREA_DESC_ENG": "KOWLOON",
        "AREA_DESC_CHN": "九龍",
        "FREE_FORMAT_ADDR_ENG": "BLOCK C ON 11TH FLOOR MAY MOON HOUSE NOS.97 AND 97A WATERLOO ROAD KOWLOON",
        "FREE_FORMAT_ADDR_CHN": NaN,
        "DEV_NAME_ENG": "MAY MOON HOUSE",
        "DEV_NAME_CHN": "美滿大廈",
        "FIRST_REFERENCE_LOT_PRN": "C5453156"
    },
    {
        "PRN": "A7025280",
        "SEQ_NUM": 1,
        "BLOCK": "C",
        "FLOOR": "12",
        "FLAT": NaN,
        "HOUSE_NUM_PREFIX": 97.0,
        "STREET_NAME_ENG": "WATERLOO ROAD",
        "STREET_NAME_CHN": "窩打老道",
        "AREA_DESC_ENG": "KOWLOON",
        "AREA_DESC_CHN": "九龍",
        "FREE_FORMAT_ADDR_ENG": "BLOCK C ON 12TH FLOOR MAY MOON HOUSE NOS.97 AND 97A WATERLOO ROAD KOWLOON",
        "FREE_FORMAT_ADDR_CHN": NaN,
        "DEV_NAME_ENG": "MAY MOON HOUSE",
        "DEV_NAME_CHN": "美滿大廈",
        "FIRST_REFERENCE_LOT_PRN": "C5453156"
    },
    {
        "PRN": "A7025295",
        "SEQ_NUM": 1,
        "BLOCK": "C",
        "FLOOR": "4",
        "FLAT": NaN,
        "HOUSE_NUM_PREFIX": 97.0,
        "STREET_NAME_ENG": "WATERLOO ROAD",
        "STREET_NAME_CHN": "窩打老道",
        "AREA_DESC_ENG": "KOWLOON",
        "AREA_DESC_CHN": "九龍",
        "FREE_FORMAT_ADDR_ENG": "BLOCK C ON 4TH FLOOR MAY MOON HOUSE NOS.97 AND 97A WATERLOO ROAD KOWLOON",
        "FREE_FORMAT_ADDR_CHN": "九龍 窩打老道 97 及 97A 號 美滿大廈 4 樓 C 室",
        "DEV_NAME_ENG": "MAY MOON HOUSE",
        "DEV_NAME_CHN": "美滿大廈",
        "FIRST_REFERENCE_LOT_PRN": "C5453156"
    },
    {
        "PRN": "A7025307",
        "SEQ_NUM": 1,
        "BLOCK": "C",
        "FLOOR": "5",
        "FLAT": NaN,
        "HOUSE_NUM_PREFIX": 97.0,
        "STREET_NAME_ENG": "WATERLOO ROAD",
        "STREET_NAME_CHN": "窩打老道",
        "AREA_DESC_ENG": "KOWLOON",
        "AREA_DESC_CHN": "九龍",
        "FREE_FORMAT_ADDR_ENG": "BLOCK C ON 5TH FLOOR MAY MOON HOUSE NOS.97 AND 97A WATERLOO ROAD KOWLOON",
        "FREE_FORMAT_ADDR_CHN": NaN,
        "DEV_NAME_ENG": "MAY MOON HOUSE",
        "DEV_NAME_CHN": "美滿大廈",
        "FIRST_REFERENCE_LOT_PRN": "C5453156"
    },
    {
        "PRN": "A7025313",
        "SEQ_NUM": 1,
        "BLOCK": "C",
        "FLOOR": "6",
        "FLAT": NaN,
        "HOUSE_NUM_PREFIX": 97.0,
        "STREET_NAME_ENG": "WATERLOO ROAD",
        "STREET_NAME_CHN": "窩打老道",
        "AREA_DESC_ENG": "KOWLOON",
        "AREA_DESC_CHN": "九龍",
        "FREE_FORMAT_ADDR_ENG": "BLOCK C ON 6TH FLOOR MAY MOON HOUSE NOS.97 AND 97A WATERLOO ROAD KOWLOON",
        "FREE_FORMAT_ADDR_CHN": NaN,
        "DEV_NAME_ENG": "MAY MOON HOUSE",
        "DEV_NAME_CHN": "美滿大廈",
        "FIRST_REFERENCE_LOT_PRN": "C5453156"
    },
    {
        "PRN": "A7025328",
        "SEQ_NUM": 1,
        "BLOCK": "C",
        "FLOOR": "8",
        "FLAT": NaN,
        "HOUSE_NUM_PREFIX": 97.0,
        "STREET_NAME_ENG": "WATERLOO ROAD",
        "STREET_NAME_CHN": "窩打老道",
        "AREA_DESC_ENG": "KOWLOON",
        "AREA_DESC_CHN": "九龍",
        "FREE_FORMAT_ADDR_ENG": "BLOCK C ON 8TH FLOOR MAY MOON HOUSE NOS.97 AND 97A WATERLOO ROAD KOWLOON",
        "FREE_FORMAT_ADDR_CHN": NaN,
        "DEV_NAME_ENG": "MAY MOON HOUSE",
        "DEV_NAME_CHN": "美滿大廈",
        "FIRST_REFERENCE_LOT_PRN": "C5453156"
    },
    {
        "PRN": "A7025333",
        "SEQ_NUM": 1,
        "BLOCK": "C",
        "FLOOR": "9",
        "FLAT": NaN,
        "HOUSE_NUM_PREFIX": 97.0,
        "STREET_NAME_ENG": "WATERLOO ROAD",
        "STREET_NAME_CHN": "窩打老道",
        "AREA_DESC_ENG": "KOWLOON",
        "AREA_DESC_CHN": "九龍",
        "FREE_FORMAT_ADDR_ENG": "BLOCK C ON 9TH FLOOR MAY MOON HOUSE NOS.97 AND 97A WATERLOO ROAD KOWLOON",
        "FREE_FORMAT_ADDR_CHN": NaN,
        "DEV_NAME_ENG": "MAY MOON HOUSE",
        "DEV_NAME_CHN": "美滿大廈",
        "FIRST_REFERENCE_LOT_PRN": "C5453156"
    },
    {
        "PRN": "B4255358",
        "SEQ_NUM": 1,
        "BLOCK": "A",
        "FLOOR": "3",
        "FLAT": NaN,
        "HOUSE_NUM_PREFIX": 97.0,
        "STREET_NAME_ENG": "WATERLOO ROAD",
        "STREET_NAME_CHN": "窩打老道",
        "AREA_DESC_ENG": "KOWLOON",
        "AREA_DESC_CHN": "九龍",
        "FREE_FORMAT_ADDR_ENG": "BLOCK A ON 3RD FLOOR MAY MOON HOUSE NOS.97 AND 97A WATERLOO ROAD KOWLOON",
        "FREE_FORMAT_ADDR_CHN": NaN,
        "DEV_NAME_ENG": "MAY MOON HOUSE",
        "DEV_NAME_CHN": "美滿大廈",
        "FIRST_REFERENCE_LOT_PRN": "C5453156"
    },
    {
        "PRN": "B4255369",
        "SEQ_NUM": 1,
        "BLOCK": "A",
        "FLOOR": "5",
        "FLAT": NaN,
        "HOUSE_NUM_PREFIX": 97.0,
        "STREET_NAME_ENG": "WATERLOO ROAD",
        "STREET_NAME_CHN": "窩打老道",
        "AREA_DESC_ENG": "KOWLOON",
        "AREA_DESC_CHN": "九龍",
        "FREE_FORMAT_ADDR_ENG": "BLOCK A ON 5TH FLOOR MAY MOON HOUSE NOS.97 AND 97A WATERLOO ROAD KOWLOON",
        "FREE_FORMAT_ADDR_CHN": NaN,
        "DEV_NAME_ENG": "MAY MOON HOUSE",
        "DEV_NAME_CHN": "美滿大廈",
        "FIRST_REFERENCE_LOT_PRN": "C5453156"
    },
    {
        "PRN": "B4255375",
        "SEQ_NUM": 1,
        "BLOCK": "A",
        "FLOOR": "9",
        "FLAT": NaN,
        "HOUSE_NUM_PREFIX": 97.0,
        "STREET_NAME_ENG": "WATERLOO ROAD",
        "STREET_NAME_CHN": "窩打老道",
        "AREA_DESC_ENG": "KOWLOON",
        "AREA_DESC_CHN": "九龍",
        "FREE_FORMAT_ADDR_ENG": "BLOCK A ON 9TH FLOOR MAY MOON HOUSE NOS.97 AND 97A WATERLOO ROAD KOWLOON",
        "FREE_FORMAT_ADDR_CHN": NaN,
        "DEV_NAME_ENG": "MAY MOON HOUSE",
        "DEV_NAME_CHN": "美滿大廈",
        "FIRST_REFERENCE_LOT_PRN": "C5453156"
    },
    {
        "PRN": "B4255384",
        "SEQ_NUM": 1,
        "BLOCK": "B",
        "FLOOR": "3",
        "FLAT": NaN,
        "HOUSE_NUM_PREFIX": 97.0,
        "STREET_NAME_ENG": "WATERLOO ROAD",
        "STREET_NAME_CHN": "窩打老道",
        "AREA_DESC_ENG": "KOWLOON",
        "AREA_DESC_CHN": "九龍",
        "FREE_FORMAT_ADDR_ENG": "BLOCK B ON 3RD FLOOR MAY MOON HOUSE NOS.97 AND 97A WATERLOO ROAD KOWLOON",
        "FREE_FORMAT_ADDR_CHN": NaN,
        "DEV_NAME_ENG": "MAY MOON HOUSE",
        "DEV_NAME_CHN": "美滿大廈",
        "FIRST_REFERENCE_LOT_PRN": "C5453156"
    },
    {
        "PRN": "B4255391",
        "SEQ_NUM": 1,
        "BLOCK": "C",
        "FLOOR": "1",
        "FLAT": NaN,
        "HOUSE_NUM_PREFIX": 97.0,
        "STREET_NAME_ENG": "WATERLOO ROAD",
        "STREET_NAME_CHN": "窩打老道",
        "AREA_DESC_ENG": "KOWLOON",
        "AREA_DESC_CHN": "九龍",
        "FREE_FORMAT_ADDR_ENG": "BLOCK C ON 1ST FLOOR MAY MOON HOUSE NOS.97 AND 97A WATERLOO ROAD KOWLOON",
        "FREE_FORMAT_ADDR_CHN": NaN,
        "DEV_NAME_ENG": "MAY MOON HOUSE",
        "DEV_NAME_CHN": "美滿大廈",
        "FIRST_REFERENCE_LOT_PRN": "C5453156"
    },
    {
        "PRN": "B5558873",
        "SEQ_NUM": 1,
        "BLOCK": "B",
        "FLOOR": "8",
        "FLAT": NaN,
        "HOUSE_NUM_PREFIX": 97.0,
        "STREET_NAME_ENG": "WATERLOO ROAD",
        "STREET_NAME_CHN": "窩打老道",
        "AREA_DESC_ENG": "KOWLOON",
        "AREA_DESC_CHN": "九龍",
        "FREE_FORMAT_ADDR_ENG": "BLOCK B ON 8TH FLOOR MAY MOON HOUSE NOS.97 AND 97A WATERLOO ROAD KOWLOON",
        "FREE_FORMAT_ADDR_CHN": NaN,
        "DEV_NAME_ENG": "MAY MOON HOUSE",
        "DEV_NAME_CHN": "美滿大廈",
        "FIRST_REFERENCE_LOT_PRN": "C5453156"
    },
    {
        "PRN": "B5896305",
        "SEQ_NUM": 1,
        "BLOCK": "C",
        "FLOOR": "2",
        "FLAT": NaN,
        "HOUSE_NUM_PREFIX": 97.0,
        "STREET_NAME_ENG": "WATERLOO ROAD",
        "STREET_NAME_CHN": "窩打老道",
        "AREA_DESC_ENG": "KOWLOON",
        "AREA_DESC_CHN": "九龍",
        "FREE_FORMAT_ADDR_ENG": "BLOCK C ON 2ND FLOOR MAY MOON HOUSE NOS.97 AND 97A WATERLOO ROAD KOWLOON",
        "FREE_FORMAT_ADDR_CHN": NaN,
        "DEV_NAME_ENG": "MAY MOON HOUSE",
        "DEV_NAME_CHN": "美滿大廈",
        "FIRST_REFERENCE_LOT_PRN": "C5453156"
    },
    {
        "PRN": "B8246131",
        "SEQ_NUM": 1,
        "BLOCK": "C",
        "FLOOR": "7",
        "FLAT": NaN,
        "HOUSE_NUM_PREFIX": 97.0,
        "STREET_NAME_ENG": "WATERLOO ROAD",
        "STREET_NAME_CHN": "窩打老道",
        "AREA_DESC_ENG": "KOWLOON",
        "AREA_DESC_CHN": "九龍",
        "FREE_FORMAT_ADDR_ENG": "BLOCK C ON 7TH FLOOR MAY MOON HOUSE NOS.97 AND 97A WATERLOO ROAD KOWLOON",
        "FREE_FORMAT_ADDR_CHN": NaN,
        "DEV_NAME_ENG": "MAY MOON HOUSE",
        "DEV_NAME_CHN": "美滿大廈",
        "FIRST_REFERENCE_LOT_PRN": "C5453156"
    },
    {
        "PRN": "B8580450",
        "SEQ_NUM": 1,
        "BLOCK": "A",
        "FLOOR": "8",
        "FLAT": NaN,
        "HOUSE_NUM_PREFIX": 97.0,
        "STREET_NAME_ENG": "WATERLOO ROAD",
        "STREET_NAME_CHN": "窩打老道",
        "AREA_DESC_ENG": "KOWLOON",
        "AREA_DESC_CHN": "九龍",
        "FREE_FORMAT_ADDR_ENG": "BLOCK A ON 8TH FLOOR MAY MOON HOUSE NOS.97 AND 97A WATERLOO ROAD KOWLOON",
        "FREE_FORMAT_ADDR_CHN": NaN,
        "DEV_NAME_ENG": "MAY MOON HOUSE",
        "DEV_NAME_CHN": "美滿大廈",
        "FIRST_REFERENCE_LOT_PRN": "C5453156"
    },
    {
        "PRN": "B8580464",
        "SEQ_NUM": 1,
        "BLOCK": "B",
        "FLOOR": "7",
        "FLAT": NaN,
        "HOUSE_NUM_PREFIX": 97.0,
        "STREET_NAME_ENG": "WATERLOO ROAD",
        "STREET_NAME_CHN": "窩打老道",
        "AREA_DESC_ENG": "KOWLOON",
        "AREA_DESC_CHN": "九龍",
        "FREE_FORMAT_ADDR_ENG": "BLOCK B ON 7TH FLOOR MAY MOON HOUSE NOS.97 AND 97A WATERLOO ROAD KOWLOON",
        "FREE_FORMAT_ADDR_CHN": NaN,
        "DEV_NAME_ENG": "MAY MOON HOUSE",
        "DEV_NAME_CHN": "美滿大廈",
        "FIRST_REFERENCE_LOT_PRN": "C5453156"
    },
    {
        "PRN": "B9622252",
        "SEQ_NUM": 1,
        "BLOCK": "C",
        "FLOOR": "3",
        "FLAT": NaN,
        "HOUSE_NUM_PREFIX": 97.0,
        "STREET_NAME_ENG": "WATERLOO ROAD",
        "STREET_NAME_CHN": "窩打老道",
        "AREA_DESC_ENG": "KOWLOON",
        "AREA_DESC_CHN": "九龍",
        "FREE_FORMAT_ADDR_ENG": "BLOCK C ON 3RD FLOOR MAY MOON HOUSE NOS.97 AND 97A WATERLOO ROAD KOWLOON",
        "FREE_FORMAT_ADDR_CHN": NaN,
        "DEV_NAME_ENG": "MAY MOON HOUSE",
        "DEV_NAME_CHN": "美滿大廈",
        "FIRST_REFERENCE_LOT_PRN": "C5453156"
    },
    {
        "PRN": "C0927463",
        "SEQ_NUM": 1,
        "BLOCK": "B",
        "FLOOR": "1",
        "FLAT": NaN,
        "HOUSE_NUM_PREFIX": 97.0,
        "STREET_NAME_ENG": "WATERLOO ROAD",
        "STREET_NAME_CHN": "窩打老道",
        "AREA_DESC_ENG": "KOWLOON",
        "AREA_DESC_CHN": "九龍",
        "FREE_FORMAT_ADDR_ENG": "BLOCK B ON 1ST FLOOR MAY MOON HOUSE NOS.97 AND 97A WATERLOO ROAD KOWLOON",
        "FREE_FORMAT_ADDR_CHN": NaN,
        "DEV_NAME_ENG": "MAY MOON HOUSE",
        "DEV_NAME_CHN": "美滿大廈",
        "FIRST_REFERENCE_LOT_PRN": "C5453156"
    }
]