[
    {
        "PRN": "A8503294",
        "SEQ_NUM": 1,
        "BLOCK": "A",
        "FLOOR": "R",
        "FLAT": NaN,
        "HOUSE_NUM_PREFIX": NaN,
        "STREET_NAME_ENG": NaN,
        "STREET_NAME_CHN": NaN,
        "AREA_DESC_ENG": NaN,
        "AREA_DESC_CHN": NaN,
        "FREE_FORMAT_ADDR_ENG": "THE ROOF OF BUILDING A MERCANTILE INDUSTRIAL & WAREHOUSE BUILDING NOS.16/24 TA CHUEN PING STREET KWAI CHUNG NEW TERRITORIES",
        "FREE_FORMAT_ADDR_CHN": NaN,
        "DEV_NAME_ENG": "MERCANTILE INDUSTRIAL & WAREHOUSE B",
        "DEV_NAME_CHN": "有利工業貨倉大厦",
        "FIRST_REFERENCE_LOT_PRN": "C1475853"
    },
    {
        "PRN": "A8503310",
        "SEQ_NUM": 1,
        "BLOCK": "A",
        "FLOOR": "1",
        "FLAT": "A",
        "HOUSE_NUM_PREFIX": NaN,
        "STREET_NAME_ENG": NaN,
        "STREET_NAME_CHN": NaN,
        "AREA_DESC_ENG": NaN,
        "AREA_DESC_CHN": NaN,
        "FREE_FORMAT_ADDR_ENG": "UNIT A ON 1/F OF BUILDING A MERCANTILE INDUSTRIAL & WAREHOUSE BUILDING NOS.16/24 TA CHUEN PING STREET KWAI CHUNG NEW TERRITORIES",
        "FREE_FORMAT_ADDR_CHN": NaN,
        "DEV_NAME_ENG": "MERCANTILE INDUSTRIAL & WAREHOUSE B",
        "DEV_NAME_CHN": "有利工業貨倉大厦",
        "FIRST_REFERENCE_LOT_PRN": "C1475853"
    },
    {
        "PRN": "A8503338",
        "SEQ_NUM": 1,
        "BLOCK": "A",
        "FLOOR": "10",
        "FLAT": "A",
        "HOUSE_NUM_PREFIX": NaN,
        "STREET_NAME_ENG": NaN,
        "STREET_NAME_CHN": NaN,
        "AREA_DESC_ENG": NaN,
        "AREA_DESC_CHN": NaN,
        "FREE_FORMAT_ADDR_ENG": "UNIT A ON 10/F OF BUILDING A MERCANTILE INDUSTRIAL & WAREHOUSE BUILDING NOS.16/24 TA CHUEN PING STREET KWAI CHUNG NEW TERRITORIES",
        "FREE_FORMAT_ADDR_CHN": NaN,
        "DEV_NAME_ENG": "MERCANTILE INDUSTRIAL & WAREHOUSE B",
        "DEV_NAME_CHN": "有利工業貨倉大厦",
        "FIRST_REFERENCE_LOT_PRN": "C1475853"
    },
    {
        "PRN": "A8503340",
        "SEQ_NUM": 1,
        "BLOCK": "A",
        "FLOOR": "11",
        "FLAT": "A",
        "HOUSE_NUM_PREFIX": NaN,
        "STREET_NAME_ENG": NaN,
        "STREET_NAME_CHN": NaN,
        "AREA_DESC_ENG": NaN,
        "AREA_DESC_CHN": NaN,
        "FREE_FORMAT_ADDR_ENG": "UNIT A OR KNOWN AS A1 ON 11/F OF BUILDING A OF MERCANTILE INDUSTRIAL & WAREHOUSE BUILDING NOS.16/24 TA CHUEN PING STREET KWAI CHUNG N.T.",
        "FREE_FORMAT_ADDR_CHN": NaN,
        "DEV_NAME_ENG": "MERCANTILE INDUSTRIAL & WAREHOUSE B",
        "DEV_NAME_CHN": "有利工業貨倉大厦",
        "FIRST_REFERENCE_LOT_PRN": "C1475853"
    },
    {
        "PRN": "A8503358",
        "SEQ_NUM": 1,
        "BLOCK": "A",
        "FLOOR": "12",
        "FLAT": "A",
        "HOUSE_NUM_PREFIX": NaN,
        "STREET_NAME_ENG": NaN,
        "STREET_NAME_CHN": NaN,
        "AREA_DESC_ENG": NaN,
        "AREA_DESC_CHN": NaN,
        "FREE_FORMAT_ADDR_ENG": "UNIT A ON 12/F OF BUILDING A MERCANTILE INDUSTRIAL & WAREHOUSE BUILDING NOS.16/24 TA CHUEN PING STREET KWAI CHUNG NEW TERRITORIES",
        "FREE_FORMAT_ADDR_CHN": NaN,
        "DEV_NAME_ENG": "MERCANTILE INDUSTRIAL & WAREHOUSE B",
        "DEV_NAME_CHN": "有利工業貨倉大厦",
        "FIRST_REFERENCE_LOT_PRN": "C1475853"
    },
    {
        "PRN": "A8503369",
        "SEQ_NUM": 1,
        "BLOCK": "A",
        "FLOOR": "2",
        "FLAT": "A",
        "HOUSE_NUM_PREFIX": NaN,
        "STREET_NAME_ENG": NaN,
        "STREET_NAME_CHN": NaN,
        "AREA_DESC_ENG": NaN,
        "AREA_DESC_CHN": NaN,
        "FREE_FORMAT_ADDR_ENG": "UNIT A ON 2/F OF BUILDING A MERCANTILE INDUSTRIAL & WAREHOUSE BUILDING NOS.16/24 TA CHUEN PING STREET KWAI CHUNG NEW TERRITORIES",
        "FREE_FORMAT_ADDR_CHN": NaN,
        "DEV_NAME_ENG": "MERCANTILE INDUSTRIAL & WAREHOUSE B",
        "DEV_NAME_CHN": "有利工業貨倉大厦",
        "FIRST_REFERENCE_LOT_PRN": "C1475853"
    },
    {
        "PRN": "A8503451",
        "SEQ_NUM": 1,
        "BLOCK": "A",
        "FLOOR": "7",
        "FLAT": "A",
        "HOUSE_NUM_PREFIX": NaN,
        "STREET_NAME_ENG": NaN,
        "STREET_NAME_CHN": NaN,
        "AREA_DESC_ENG": NaN,
        "AREA_DESC_CHN": NaN,
        "FREE_FORMAT_ADDR_ENG": "UNIT A OR KNOWN AS A1 ON 7/F OF BUILDING A OF MERCANTILE INDUSTRIAL & WAREHOUSE BUILDING NOS.16/24 TA CHUEN PING STREET KWAI CHUNG N.T.",
        "FREE_FORMAT_ADDR_CHN": NaN,
        "DEV_NAME_ENG": "MERCANTILE INDUSTRIAL & WAREHOUSE B",
        "DEV_NAME_CHN": "有利工業貨倉大厦",
        "FIRST_REFERENCE_LOT_PRN": "C1475853"
    },
    {
        "PRN": "A8503481",
        "SEQ_NUM": 1,
        "BLOCK": "A",
        "FLOOR": "9",
        "FLAT": "A",
        "HOUSE_NUM_PREFIX": NaN,
        "STREET_NAME_ENG": NaN,
        "STREET_NAME_CHN": NaN,
        "AREA_DESC_ENG": NaN,
        "AREA_DESC_CHN": NaN,
        "FREE_FORMAT_ADDR_ENG": "UNIT A ON 9/F OF BUILDING A MERCANTILE INDUSTRIAL & WAREHOUSE BUILDING NOS.16/24 TA CHUEN PING STREET KWAI CHUNG NEW TERRITORIES",
        "FREE_FORMAT_ADDR_CHN": NaN,
        "DEV_NAME_ENG": "MERCANTILE INDUSTRIAL & WAREHOUSE B",
        "DEV_NAME_CHN": "有利工業貨倉大厦",
        "FIRST_REFERENCE_LOT_PRN": "C1475853"
    },
    {
        "PRN": "A8503493",
        "SEQ_NUM": 1,
        "BLOCK": "A",
        "FLOOR": "1",
        "FLAT": "B",
        "HOUSE_NUM_PREFIX": NaN,
        "STREET_NAME_ENG": NaN,
        "STREET_NAME_CHN": NaN,
        "AREA_DESC_ENG": NaN,
        "AREA_DESC_CHN": NaN,
        "FREE_FORMAT_ADDR_ENG": "UNIT B OR KNOWN AS A2 ON 1/F OF BUILDING A OF MERCANTILE INDUSTRIAL & WAREHOUSE BUILDING NOS.16/24 TA CHUEN PING STREET KWAI CHUNG N.T.",
        "FREE_FORMAT_ADDR_CHN": NaN,
        "DEV_NAME_ENG": "MERCANTILE INDUSTRIAL & WAREHOUSE B",
        "DEV_NAME_CHN": "有利工業貨倉大厦",
        "FIRST_REFERENCE_LOT_PRN": "C1475853"
    },
    {
        "PRN": "A8503514",
        "SEQ_NUM": 1,
        "BLOCK": "A",
        "FLOOR": "10",
        "FLAT": "B",
        "HOUSE_NUM_PREFIX": NaN,
        "STREET_NAME_ENG": NaN,
        "STREET_NAME_CHN": NaN,
        "AREA_DESC_ENG": NaN,
        "AREA_DESC_CHN": NaN,
        "FREE_FORMAT_ADDR_ENG": "UNIT B ON 10/F OF BUILDING A MERCANTILE INDUSTRIAL & WAREHOUSE BUILDING NOS.16/24 TA CHUEN PING STREET KWAI CHUNG NEW TERRITORIES",
        "FREE_FORMAT_ADDR_CHN": NaN,
        "DEV_NAME_ENG": "MERCANTILE INDUSTRIAL & WAREHOUSE B",
        "DEV_NAME_CHN": "有利工業貨倉大厦",
        "FIRST_REFERENCE_LOT_PRN": "C1475853"
    },
    {
        "PRN": "A8503520",
        "SEQ_NUM": 1,
        "BLOCK": "A",
        "FLOOR": "11",
        "FLAT": "B",
        "HOUSE_NUM_PREFIX": NaN,
        "STREET_NAME_ENG": NaN,
        "STREET_NAME_CHN": NaN,
        "AREA_DESC_ENG": NaN,
        "AREA_DESC_CHN": NaN,
        "FREE_FORMAT_ADDR_ENG": "UNIT B ON 11/F OF BUILDING A MERCANTILE INDUSTRIAL & WAREHOUSE BUILDING NOS.16/24 TA CHUEN PING STREET KWAI CHUNG NEW TERRITORIES",
        "FREE_FORMAT_ADDR_CHN": NaN,
        "DEV_NAME_ENG": "MERCANTILE INDUSTRIAL & WAREHOUSE B",
        "DEV_NAME_CHN": "有利工業貨倉大厦",
        "FIRST_REFERENCE_LOT_PRN": "C1475853"
    },
    {
        "PRN": "A8503534",
        "SEQ_NUM": 1,
        "BLOCK": "A",
        "FLOOR": "2",
        "FLAT": "B",
        "HOUSE_NUM_PREFIX": NaN,
        "STREET_NAME_ENG": NaN,
        "STREET_NAME_CHN": NaN,
        "AREA_DESC_ENG": NaN,
        "AREA_DESC_CHN": NaN,
        "FREE_FORMAT_ADDR_ENG": "UNIT B ON 2/F OF BUILDING A MERCANTILE INDUSTRIAL & WAREHOUSE BUILDING NOS.16/24 TA CHUEN PING STREET KWAI CHUNG NEW TERRITORIES",
        "FREE_FORMAT_ADDR_CHN": NaN,
        "DEV_NAME_ENG": "MERCANTILE INDUSTRIAL & WAREHOUSE B",
        "DEV_NAME_CHN": "有利工業貨倉大厦",
        "FIRST_REFERENCE_LOT_PRN": "C1475853"
    },
    {
        "PRN": "A8503552",
        "SEQ_NUM": 1,
        "BLOCK": "A",
        "FLOOR": "3",
        "FLAT": "B",
        "HOUSE_NUM_PREFIX": NaN,
        "STREET_NAME_ENG": NaN,
        "STREET_NAME_CHN": NaN,
        "AREA_DESC_ENG": NaN,
        "AREA_DESC_CHN": NaN,
        "FREE_FORMAT_ADDR_ENG": "UNIT B ON 3/F & ITS FLAT ROOF OF BUILDING A OF MERCANTILE INDUSTRIAL & WAREHOUSE BUILDING NOS.16/24 TA CHUEN PING STREET KWAI CHUNG N.T.",
        "FREE_FORMAT_ADDR_CHN": NaN,
        "DEV_NAME_ENG": "MERCANTILE INDUSTRIAL & WAREHOUSE B",
        "DEV_NAME_CHN": "有利工業貨倉大厦",
        "FIRST_REFERENCE_LOT_PRN": "C1475853"
    },
    {
        "PRN": "A8503594",
        "SEQ_NUM": 1,
        "BLOCK": "A",
        "FLOOR": "5",
        "FLAT": "B",
        "HOUSE_NUM_PREFIX": NaN,
        "STREET_NAME_ENG": NaN,
        "STREET_NAME_CHN": NaN,
        "AREA_DESC_ENG": NaN,
        "AREA_DESC_CHN": NaN,
        "FREE_FORMAT_ADDR_ENG": "UNIT B ON 5/F OF BUILDING A MERCANTILE INDUSTRIAL & WAREHOUSE BUILDING NOS.16/24 TA CHUEN PING STREET KWAI CHUNG NEW TERRITORIES",
        "FREE_FORMAT_ADDR_CHN": NaN,
        "DEV_NAME_ENG": "MERCANTILE INDUSTRIAL & WAREHOUSE B",
        "DEV_NAME_CHN": "有利工業貨倉大厦",
        "FIRST_REFERENCE_LOT_PRN": "C1475853"
    },
    {
        "PRN": "A8503664",
        "SEQ_NUM": 1,
        "BLOCK": "A",
        "FLOOR": "9",
        "FLAT": "B",
        "HOUSE_NUM_PREFIX": NaN,
        "STREET_NAME_ENG": NaN,
        "STREET_NAME_CHN": NaN,
        "AREA_DESC_ENG": NaN,
        "AREA_DESC_CHN": NaN,
        "FREE_FORMAT_ADDR_ENG": "UNIT B OR KNOWN AS A2 ON 9/F OF BUILDING A OF MERCANTILE INDUSTRIAL & WAREHOUSE BUILDING NOS.16/24 TA CHUEN PING STREET KWAI CHUNG N.T.",
        "FREE_FORMAT_ADDR_CHN": NaN,
        "DEV_NAME_ENG": "MERCANTILE INDUSTRIAL & WAREHOUSE B",
        "DEV_NAME_CHN": "有利工業貨倉大厦",
        "FIRST_REFERENCE_LOT_PRN": "C1475853"
    },
    {
        "PRN": "A8503687",
        "SEQ_NUM": 1,
        "BLOCK": "A",
        "FLOOR": "2",
        "FLAT": "C",
        "HOUSE_NUM_PREFIX": NaN,
        "STREET_NAME_ENG": NaN,
        "STREET_NAME_CHN": NaN,
        "AREA_DESC_ENG": NaN,
        "AREA_DESC_CHN": NaN,
        "FREE_FORMAT_ADDR_ENG": "UNIT C ON 2/F OF BUILDING A MERCANTILE INDUSTRIAL & WAREHOUSE BUILDING NOS.16/24 TA CHUEN PING STREET KWAI CHUNG NEW TERRITORIES",
        "FREE_FORMAT_ADDR_CHN": NaN,
        "DEV_NAME_ENG": "MERCANTILE INDUSTRIAL & WAREHOUSE B",
        "DEV_NAME_CHN": "有利工業貨倉大厦",
        "FIRST_REFERENCE_LOT_PRN": "C1475853"
    },
    {
        "PRN": "A8503775",
        "SEQ_NUM": 1,
        "BLOCK": "A",
        "FLOOR": "B",
        "FLAT": "CP001",
        "HOUSE_NUM_PREFIX": NaN,
        "STREET_NAME_ENG": NaN,
        "STREET_NAME_CHN": NaN,
        "AREA_DESC_ENG": NaN,
        "AREA_DESC_CHN": NaN,
        "FREE_FORMAT_ADDR_ENG": "CAR PARKING SPACE 1 ON B/F OF BUILDING A OF MERCANTILE INDUSTRIAL & WAREHOUSE BUILDING NOS.16/24TA CHUEN PING STREET KWAI CHUNG N.T.",
        "FREE_FORMAT_ADDR_CHN": NaN,
        "DEV_NAME_ENG": "MERCANTILE INDUSTRIAL & WAREHOUSE B",
        "DEV_NAME_CHN": "有利工業貨倉大厦",
        "FIRST_REFERENCE_LOT_PRN": "C1475853"
    },
    {
        "PRN": "A8503780",
        "SEQ_NUM": 1,
        "BLOCK": "A",
        "FLOOR": "B",
        "FLAT": "CP002",
        "HOUSE_NUM_PREFIX": NaN,
        "STREET_NAME_ENG": NaN,
        "STREET_NAME_CHN": NaN,
        "AREA_DESC_ENG": NaN,
        "AREA_DESC_CHN": NaN,
        "FREE_FORMAT_ADDR_ENG": "CAR PARKING SPACE 2 ON B/F OF BUILDING A OF MERCANTILE INDUSTRIAL & WAREHOUSE BUILDING NOS.16/24 TA CHUEN PING STREET KWAI CHUNG N.T.",
        "FREE_FORMAT_ADDR_CHN": NaN,
        "DEV_NAME_ENG": "MERCANTILE INDUSTRIAL & WAREHOUSE B",
        "DEV_NAME_CHN": "有利工業貨倉大厦",
        "FIRST_REFERENCE_LOT_PRN": "C1475853"
    },
    {
        "PRN": "A8503794",
        "SEQ_NUM": 1,
        "BLOCK": "A",
        "FLOOR": "B",
        "FLAT": "CP003",
        "HOUSE_NUM_PREFIX": NaN,
        "STREET_NAME_ENG": NaN,
        "STREET_NAME_CHN": NaN,
        "AREA_DESC_ENG": NaN,
        "AREA_DESC_CHN": NaN,
        "FREE_FORMAT_ADDR_ENG": "CAR PARKING SPACE 3 ON B/F OF BUILDING A OF MERCANTILE INDUSTRIAL & WAREHOUSE BUILDING NOS.16/24 TA CHUEN PING STREET KWAI CHUNG N.T.",
        "FREE_FORMAT_ADDR_CHN": NaN,
        "DEV_NAME_ENG": "MERCANTILE INDUSTRIAL & WAREHOUSE B",
        "DEV_NAME_CHN": "有利工業貨倉大厦",
        "FIRST_REFERENCE_LOT_PRN": "C1475853"
    },
    {
        "PRN": "A8503808",
        "SEQ_NUM": 1,
        "BLOCK": "A",
        "FLOOR": "B",
        "FLAT": "CP004",
        "HOUSE_NUM_PREFIX": NaN,
        "STREET_NAME_ENG": NaN,
        "STREET_NAME_CHN": NaN,
        "AREA_DESC_ENG": NaN,
        "AREA_DESC_CHN": NaN,
        "FREE_FORMAT_ADDR_ENG": "CAR PARKING SPACE 4 ON B/F OF BUILDING A OF MERCANTILE INDUSTRIAL & WAREHOUSE BUILDING NOS.16/24 TA CHUEN PING STREET KWAI CHUNG N.T.",
        "FREE_FORMAT_ADDR_CHN": NaN,
        "DEV_NAME_ENG": "MERCANTILE INDUSTRIAL & WAREHOUSE B",
        "DEV_NAME_CHN": "有利工業貨倉大厦",
        "FIRST_REFERENCE_LOT_PRN": "C1475853"
    },
    {
        "PRN": "A8503818",
        "SEQ_NUM": 1,
        "BLOCK": "A",
        "FLOOR": "B",
        "FLAT": "CP005",
        "HOUSE_NUM_PREFIX": NaN,
        "STREET_NAME_ENG": NaN,
        "STREET_NAME_CHN": NaN,
        "AREA_DESC_ENG": NaN,
        "AREA_DESC_CHN": NaN,
        "FREE_FORMAT_ADDR_ENG": "CAR PARKING SPACE 5 ON B/F OF BUILDING A OF MERCANTILE INDUSTRIAL & WAREHOUSE BUILDING NOS.16/24 TA CHUEN PING STREET KWAI CHUNG N.T.",
        "FREE_FORMAT_ADDR_CHN": NaN,
        "DEV_NAME_ENG": "MERCANTILE INDUSTRIAL & WAREHOUSE B",
        "DEV_NAME_CHN": "有利工業貨倉大厦",
        "FIRST_REFERENCE_LOT_PRN": "C1475853"
    },
    {
        "PRN": "A8503827",
        "SEQ_NUM": 1,
        "BLOCK": "A",
        "FLOOR": "B",
        "FLAT": "CP006",
        "HOUSE_NUM_PREFIX": NaN,
        "STREET_NAME_ENG": NaN,
        "STREET_NAME_CHN": NaN,
        "AREA_DESC_ENG": NaN,
        "AREA_DESC_CHN": NaN,
        "FREE_FORMAT_ADDR_ENG": "CAR PARKING SPACE 6 ON B/F OF BUILDING A OF MERCANTILE INDUSTRIAL & WAREHOUSE BUILDING NOS.16/24 TA CHUEN PING STREET KWAI CHUNG N.T.",
        "FREE_FORMAT_ADDR_CHN": NaN,
        "DEV_NAME_ENG": "MERCANTILE INDUSTRIAL & WAREHOUSE B",
        "DEV_NAME_CHN": "有利工業貨倉大厦",
        "FIRST_REFERENCE_LOT_PRN": "C1475853"
    },
    {
        "PRN": "A8503830",
        "SEQ_NUM": 1,
        "BLOCK": "A",
        "FLOOR": "B",
        "FLAT": "CP008",
        "HOUSE_NUM_PREFIX": NaN,
        "STREET_NAME_ENG": NaN,
        "STREET_NAME_CHN": NaN,
        "AREA_DESC_ENG": NaN,
        "AREA_DESC_CHN": NaN,
        "FREE_FORMAT_ADDR_ENG": "CAR PARKING SPACE 8 ON B/F OF BUILDING A OF MERCANTILE INDUSTRIAL & WAREHOUSE BUILDING NOS.16/24 TA CHUEN PING STREET KWAI CHUNG N.T.",
        "FREE_FORMAT_ADDR_CHN": NaN,
        "DEV_NAME_ENG": "MERCANTILE INDUSTRIAL & WAREHOUSE B",
        "DEV_NAME_CHN": "有利工業貨倉大厦",
        "FIRST_REFERENCE_LOT_PRN": "C1475853"
    },
    {
        "PRN": "A8503844",
        "SEQ_NUM": 1,
        "BLOCK": "A",
        "FLOOR": "B",
        "FLAT": "CP009",
        "HOUSE_NUM_PREFIX": NaN,
        "STREET_NAME_ENG": NaN,
        "STREET_NAME_CHN": NaN,
        "AREA_DESC_ENG": NaN,
        "AREA_DESC_CHN": NaN,
        "FREE_FORMAT_ADDR_ENG": "CAR PARKING SPACE 9 ON B/F OF BUILDING A OF MERCANTILE INDUSTRIAL & WAREHOUSE BUILDING NOS.16/24 TA CHUEN PING STREET KWAI CHUNG N.T.",
        "FREE_FORMAT_ADDR_CHN": NaN,
        "DEV_NAME_ENG": "MERCANTILE INDUSTRIAL & WAREHOUSE B",
        "DEV_NAME_CHN": "有利工業貨倉大厦",
        "FIRST_REFERENCE_LOT_PRN": "C1475853"
    },
    {
        "PRN": "A8503858",
        "SEQ_NUM": 1,
        "BLOCK": "A",
        "FLOOR": "B",
        "FLAT": "CP010",
        "HOUSE_NUM_PREFIX": NaN,
        "STREET_NAME_ENG": NaN,
        "STREET_NAME_CHN": NaN,
        "AREA_DESC_ENG": NaN,
        "AREA_DESC_CHN": NaN,
        "FREE_FORMAT_ADDR_ENG": "CAR PARKING SPACE 10 ON B/F OF BUILDING A OF MERCANTILE INDUSTRIAL & WAREHOUSE BUILDING NOS.16/24 TA CHUEN PING STREET KWAI CHUNG N.T.",
        "FREE_FORMAT_ADDR_CHN": NaN,
        "DEV_NAME_ENG": "MERCANTILE INDUSTRIAL & WAREHOUSE B",
        "DEV_NAME_CHN": "有利工業貨倉大厦",
        "FIRST_REFERENCE_LOT_PRN": "C1475853"
    },
    {
        "PRN": "A8503869",
        "SEQ_NUM": 1,
        "BLOCK": "A",
        "FLOOR": "B",
        "FLAT": "CP011",
        "HOUSE_NUM_PREFIX": NaN,
        "STREET_NAME_ENG": NaN,
        "STREET_NAME_CHN": NaN,
        "AREA_DESC_ENG": NaN,
        "AREA_DESC_CHN": NaN,
        "FREE_FORMAT_ADDR_ENG": "CAR PARKING SPACE 11 ON B/F OF BUILDING A OF MERCANTILE INDUSTRIAL & WAREHOUSE BUILDING NOS.16/24 TA CHUEN PING STREET KWAI CHUNG N.T.",
        "FREE_FORMAT_ADDR_CHN": NaN,
        "DEV_NAME_ENG": "MERCANTILE INDUSTRIAL & WAREHOUSE B",
        "DEV_NAME_CHN": "有利工業貨倉大厦",
        "FIRST_REFERENCE_LOT_PRN": "C1475853"
    },
    {
        "PRN": "A8503878",
        "SEQ_NUM": 1,
        "BLOCK": "A",
        "FLOOR": "B",
        "FLAT": "CP012",
        "HOUSE_NUM_PREFIX": NaN,
        "STREET_NAME_ENG": NaN,
        "STREET_NAME_CHN": NaN,
        "AREA_DESC_ENG": NaN,
        "AREA_DESC_CHN": NaN,
        "FREE_FORMAT_ADDR_ENG": "CAR PARKING SPACE 12 ON B/F OF BUILDING A OF MERCANTILE INDUSTRIAL & WAREHOUSE BUILDING NOS.16/24 TA CHUEN PING STREET KWAI CHUNG N.T.",
        "FREE_FORMAT_ADDR_CHN": NaN,
        "DEV_NAME_ENG": "MERCANTILE INDUSTRIAL & WAREHOUSE B",
        "DEV_NAME_CHN": "有利工業貨倉大厦",
        "FIRST_REFERENCE_LOT_PRN": "C1475853"
    },
    {
        "PRN": "A8503880",
        "SEQ_NUM": 1,
        "BLOCK": "A",
        "FLOOR": "B",
        "FLAT": "CP013",
        "HOUSE_NUM_PREFIX": NaN,
        "STREET_NAME_ENG": NaN,
        "STREET_NAME_CHN": NaN,
        "AREA_DESC_ENG": NaN,
        "AREA_DESC_CHN": NaN,
        "FREE_FORMAT_ADDR_ENG": "CAR PARKING SPACE 13 ON B/F OF BUILDING A OF MERCANTILE INDUSTRIAL & WAREHOUSE BUILDING NOS.16/24 TA CHUEN PING STREET KWAI CHUNG N.T.",
        "FREE_FORMAT_ADDR_CHN": NaN,
        "DEV_NAME_ENG": "MERCANTILE INDUSTRIAL & WAREHOUSE B",
        "DEV_NAME_CHN": "有利工業貨倉大厦",
        "FIRST_REFERENCE_LOT_PRN": "C1475853"
    },
    {
        "PRN": "A8503894",
        "SEQ_NUM": 1,
        "BLOCK": "A",
        "FLOOR": "B",
        "FLAT": "CP014",
        "HOUSE_NUM_PREFIX": NaN,
        "STREET_NAME_ENG": NaN,
        "STREET_NAME_CHN": NaN,
        "AREA_DESC_ENG": NaN,
        "AREA_DESC_CHN": NaN,
        "FREE_FORMAT_ADDR_ENG": "CAR PARKING SPACE 14 ON B/F OF BUILDING A OF MERCANTILE INDUSTRIAL & WAREHOUSE BUILDING NOS.16/24 TA CHUEN PING STREET KWAI CHUNG N.T.",
        "FREE_FORMAT_ADDR_CHN": NaN,
        "DEV_NAME_ENG": "MERCANTILE INDUSTRIAL & WAREHOUSE B",
        "DEV_NAME_CHN": "有利工業貨倉大厦",
        "FIRST_REFERENCE_LOT_PRN": "C1475853"
    },
    {
        "PRN": "A8503905",
        "SEQ_NUM": 1,
        "BLOCK": "A",
        "FLOOR": "B",
        "FLAT": "CP015",
        "HOUSE_NUM_PREFIX": NaN,
        "STREET_NAME_ENG": NaN,
        "STREET_NAME_CHN": NaN,
        "AREA_DESC_ENG": NaN,
        "AREA_DESC_CHN": NaN,
        "FREE_FORMAT_ADDR_ENG": "CAR PARKING SPACE 15 ON B/F OF BUILDING A OF MERCANTILE INDUSTRIAL & WAREHOUSE BUILDING NOS.16/24 TA CHUEN PING STREET KWAI CHUNG N.T.",
        "FREE_FORMAT_ADDR_CHN": NaN,
        "DEV_NAME_ENG": "MERCANTILE INDUSTRIAL & WAREHOUSE B",
        "DEV_NAME_CHN": "有利工業貨倉大厦",
        "FIRST_REFERENCE_LOT_PRN": "C1475853"
    },
    {
        "PRN": "A8503910",
        "SEQ_NUM": 1,
        "BLOCK": "A",
        "FLOOR": "B",
        "FLAT": "CP020",
        "HOUSE_NUM_PREFIX": NaN,
        "STREET_NAME_ENG": NaN,
        "STREET_NAME_CHN": NaN,
        "AREA_DESC_ENG": NaN,
        "AREA_DESC_CHN": NaN,
        "FREE_FORMAT_ADDR_ENG": "CAR PARKING SPACE 20 ON B/F OF BUILDING A OF MERCANTILE INDUSTRIAL & WAREHOUSE BUILDING NOS.16/24 TA CHUEN PING STREET KWAI CHUNG N.T.",
        "FREE_FORMAT_ADDR_CHN": NaN,
        "DEV_NAME_ENG": "MERCANTILE INDUSTRIAL & WAREHOUSE B",
        "DEV_NAME_CHN": "有利工業貨倉大厦",
        "FIRST_REFERENCE_LOT_PRN": "C1475853"
    },
    {
        "PRN": "A8503924",
        "SEQ_NUM": 1,
        "BLOCK": "A",
        "FLOOR": "B",
        "FLAT": "CP021",
        "HOUSE_NUM_PREFIX": NaN,
        "STREET_NAME_ENG": NaN,
        "STREET_NAME_CHN": NaN,
        "AREA_DESC_ENG": NaN,
        "AREA_DESC_CHN": NaN,
        "FREE_FORMAT_ADDR_ENG": "CAR PARKING SPACE 21 ON B/F OF BUILDING A OF MERCANTILE INDUSTRIAL & WAREHOUSE BUILDING NOS.16/24 TA CHUEN PING STREET KWAI CHUNG N.T.",
        "FREE_FORMAT_ADDR_CHN": NaN,
        "DEV_NAME_ENG": "MERCANTILE INDUSTRIAL & WAREHOUSE B",
        "DEV_NAME_CHN": "有利工業貨倉大厦",
        "FIRST_REFERENCE_LOT_PRN": "C1475853"
    },
    {
        "PRN": "A8503930",
        "SEQ_NUM": 1,
        "BLOCK": "A",
        "FLOOR": "B",
        "FLAT": "CP023",
        "HOUSE_NUM_PREFIX": NaN,
        "STREET_NAME_ENG": NaN,
        "STREET_NAME_CHN": NaN,
        "AREA_DESC_ENG": NaN,
        "AREA_DESC_CHN": NaN,
        "FREE_FORMAT_ADDR_ENG": "CAR PARKING SPACE 23 ON B/F OF BUILDING A OF MERCANTILE INDUSTRIAL & WAREHOUSE BUILDING NOS.16/24 TA CHUEN PING STREET KWAI CHUNG N.T.",
        "FREE_FORMAT_ADDR_CHN": NaN,
        "DEV_NAME_ENG": "MERCANTILE INDUSTRIAL & WAREHOUSE B",
        "DEV_NAME_CHN": "有利工業貨倉大厦",
        "FIRST_REFERENCE_LOT_PRN": "C1475853"
    },
    {
        "PRN": "A8503941",
        "SEQ_NUM": 1,
        "BLOCK": "A",
        "FLOOR": "B",
        "FLAT": "CP024",
        "HOUSE_NUM_PREFIX": NaN,
        "STREET_NAME_ENG": NaN,
        "STREET_NAME_CHN": NaN,
        "AREA_DESC_ENG": NaN,
        "AREA_DESC_CHN": NaN,
        "FREE_FORMAT_ADDR_ENG": "CAR PARKING SPACE 24 ON B/F OF BUILDING A OF MERCANTILE INDUSTRIAL & WAREHOUSE BUILDING NOS.16/24 TA CHUEN PING STREET KWAI CHUNG N.T.",
        "FREE_FORMAT_ADDR_CHN": NaN,
        "DEV_NAME_ENG": "MERCANTILE INDUSTRIAL & WAREHOUSE B",
        "DEV_NAME_CHN": "有利工業貨倉大厦",
        "FIRST_REFERENCE_LOT_PRN": "C1475853"
    },
    {
        "PRN": "A8504360",
        "SEQ_NUM": 1,
        "BLOCK": "A",
        "FLOOR": NaN,
        "FLAT": "MM001",
        "HOUSE_NUM_PREFIX": NaN,
        "STREET_NAME_ENG": NaN,
        "STREET_NAME_CHN": NaN,
        "AREA_DESC_ENG": NaN,
        "AREA_DESC_CHN": NaN,
        "FREE_FORMAT_ADDR_ENG": "PORTION ON B/F OF BUILDING A MERCANTILE INDUSTRIAL & WAREHOUSE BUILDING NOS.16/24 TA CHUEN PING STREET KWAI CHUNG NEW TERRITORIES",
        "FREE_FORMAT_ADDR_CHN": NaN,
        "DEV_NAME_ENG": "MERCANTILE INDUSTRIAL & WAREHOUSE B",
        "DEV_NAME_CHN": "有利工業貨倉大厦",
        "FIRST_REFERENCE_LOT_PRN": "C1475853"
    },
    {
        "PRN": "A8504375",
        "SEQ_NUM": 1,
        "BLOCK": "A",
        "FLOOR": NaN,
        "FLAT": "MM002",
        "HOUSE_NUM_PREFIX": NaN,
        "STREET_NAME_ENG": NaN,
        "STREET_NAME_CHN": NaN,
        "AREA_DESC_ENG": NaN,
        "AREA_DESC_CHN": NaN,
        "FREE_FORMAT_ADDR_ENG": "PORTION ON B/F OF BUILDING A MERCANTILE INDUSTRIAL & WAREHOUSE BUILDING NOS.16/24 TA CHUEN PING STREET KWAI CHUNG NEW TERRITORIES",
        "FREE_FORMAT_ADDR_CHN": NaN,
        "DEV_NAME_ENG": "MERCANTILE INDUSTRIAL & WAREHOUSE B",
        "DEV_NAME_CHN": "有利工業貨倉大厦",
        "FIRST_REFERENCE_LOT_PRN": "C1475853"
    },
    {
        "PRN": "A8505653",
        "SEQ_NUM": 1,
        "BLOCK": "B",
        "FLOOR": "B",
        "FLAT": NaN,
        "HOUSE_NUM_PREFIX": NaN,
        "STREET_NAME_ENG": NaN,
        "STREET_NAME_CHN": NaN,
        "AREA_DESC_ENG": NaN,
        "AREA_DESC_CHN": NaN,
        "FREE_FORMAT_ADDR_ENG": "BASEMENT OF BUILDING B MERCANTILE INDUSTRIAL & WAREHOUSE BUILDING NOS.16/24 TA CHUEN PING STREET KWAI CHUNG NEW TERRITORIES",
        "FREE_FORMAT_ADDR_CHN": NaN,
        "DEV_NAME_ENG": "MERCANTILE INDUSTRIAL & WAREHOUSE B",
        "DEV_NAME_CHN": "有利工業貨倉大厦",
        "FIRST_REFERENCE_LOT_PRN": "C1475853"
    },
    {
        "PRN": "A8505698",
        "SEQ_NUM": 1,
        "BLOCK": "B",
        "FLOOR": "10",
        "FLAT": "C",
        "HOUSE_NUM_PREFIX": NaN,
        "STREET_NAME_ENG": NaN,
        "STREET_NAME_CHN": NaN,
        "AREA_DESC_ENG": NaN,
        "AREA_DESC_CHN": NaN,
        "FREE_FORMAT_ADDR_ENG": "UNIT C ON 10/F FORMERLY KNOWN AS B1 BUILDING B OF MERCANTILE INDUSTRIAL & WAREHOUSE BUILDING NOS.16/24 TA CHUEN PING STREET KWAI CHUNG N.T.",
        "FREE_FORMAT_ADDR_CHN": NaN,
        "DEV_NAME_ENG": "MERCANTILE INDUSTRIAL & WAREHOUSE B",
        "DEV_NAME_CHN": "有利工業貨倉大厦",
        "FIRST_REFERENCE_LOT_PRN": "C1475853"
    },
    {
        "PRN": "A8505709",
        "SEQ_NUM": 1,
        "BLOCK": "B",
        "FLOOR": "11",
        "FLAT": "C",
        "HOUSE_NUM_PREFIX": NaN,
        "STREET_NAME_ENG": NaN,
        "STREET_NAME_CHN": NaN,
        "AREA_DESC_ENG": NaN,
        "AREA_DESC_CHN": NaN,
        "FREE_FORMAT_ADDR_ENG": "UNIT C ON 11/F (FORMERLY KNOWN AS COMPARTMENT B1 ON 11/F OF BUILDING B) OF MERCANTILE INDUSTRIAL & WAREHOUSE BUILDING NOS.16/24 TA CHUEN PING STREET KWAI CHUNG NEW TERRITORIES",
        "FREE_FORMAT_ADDR_CHN": NaN,
        "DEV_NAME_ENG": "MERCANTILE INDUSTRIAL & WAREHOUSE B",
        "DEV_NAME_CHN": "有利工業貨倉大厦",
        "FIRST_REFERENCE_LOT_PRN": "C1475853"
    },
    {
        "PRN": "A8505718",
        "SEQ_NUM": 1,
        "BLOCK": "B",
        "FLOOR": "12",
        "FLAT": "C",
        "HOUSE_NUM_PREFIX": NaN,
        "STREET_NAME_ENG": NaN,
        "STREET_NAME_CHN": NaN,
        "AREA_DESC_ENG": NaN,
        "AREA_DESC_CHN": NaN,
        "FREE_FORMAT_ADDR_ENG": "UNIT C ON 12/F FORMERLY KNOWN AS B1 BUILDING B OF MERCANTILE INDUSTRIAL & WAREHOUSE BUILDING NOS.16/24 TA CHUEN PING STREET KWAI CHUNG N.T.",
        "FREE_FORMAT_ADDR_CHN": NaN,
        "DEV_NAME_ENG": "MERCANTILE INDUSTRIAL & WAREHOUSE B",
        "DEV_NAME_CHN": "有利工業貨倉大厦",
        "FIRST_REFERENCE_LOT_PRN": "C1475853"
    },
    {
        "PRN": "A8505721",
        "SEQ_NUM": 1,
        "BLOCK": "B",
        "FLOOR": "8",
        "FLAT": "C",
        "HOUSE_NUM_PREFIX": NaN,
        "STREET_NAME_ENG": NaN,
        "STREET_NAME_CHN": NaN,
        "AREA_DESC_ENG": NaN,
        "AREA_DESC_CHN": NaN,
        "FREE_FORMAT_ADDR_ENG": "UNIT C ON 8/F FORMERLY KNOWN AS B1 BUILDING B OF MERCANTILE INDUSTRIAL & WAREHOUSE BUILDING NOS.16/24 TA CHUEN PING STREET KWAI CHUNG N.T.",
        "FREE_FORMAT_ADDR_CHN": NaN,
        "DEV_NAME_ENG": "MERCANTILE INDUSTRIAL & WAREHOUSE B",
        "DEV_NAME_CHN": "有利工業貨倉大厦",
        "FIRST_REFERENCE_LOT_PRN": "C1475853"
    },
    {
        "PRN": "A8505738",
        "SEQ_NUM": 1,
        "BLOCK": "B",
        "FLOOR": "9",
        "FLAT": "C",
        "HOUSE_NUM_PREFIX": NaN,
        "STREET_NAME_ENG": NaN,
        "STREET_NAME_CHN": NaN,
        "AREA_DESC_ENG": NaN,
        "AREA_DESC_CHN": NaN,
        "FREE_FORMAT_ADDR_ENG": "UNIT C ON 9/F FORMERLY KNOWN AS B1 BUILDING B OF MERCANTILE INDUSTRIAL & WAREHOUSE BUILDING NOS.16/24 TA CHUEN PING STREET KWAI CHUNG N.T.",
        "FREE_FORMAT_ADDR_CHN": NaN,
        "DEV_NAME_ENG": "MERCANTILE INDUSTRIAL & WAREHOUSE B",
        "DEV_NAME_CHN": "有利工業貨倉大厦",
        "FIRST_REFERENCE_LOT_PRN": "C1475853"
    },
    {
        "PRN": "A8505741",
        "SEQ_NUM": 1,
        "BLOCK": "B",
        "FLOOR": "1",
        "FLAT": "CP001",
        "HOUSE_NUM_PREFIX": NaN,
        "STREET_NAME_ENG": NaN,
        "STREET_NAME_CHN": NaN,
        "AREA_DESC_ENG": NaN,
        "AREA_DESC_CHN": NaN,
        "FREE_FORMAT_ADDR_ENG": "CAR PARKING SPACE 1 ON 1/F OF BUILDING B OF MERCANTILE INDUSTRIAL & WAREHOUSE BUILDING NOS.16/24 TA CHUEN PING STREET KWAI CHUNG N.T.",
        "FREE_FORMAT_ADDR_CHN": NaN,
        "DEV_NAME_ENG": "MERCANTILE INDUSTRIAL & WAREHOUSE B",
        "DEV_NAME_CHN": "有利工業貨倉大厦",
        "FIRST_REFERENCE_LOT_PRN": "C1475853"
    },
    {
        "PRN": "A8505767",
        "SEQ_NUM": 1,
        "BLOCK": "B",
        "FLOOR": "1",
        "FLAT": "CP002",
        "HOUSE_NUM_PREFIX": NaN,
        "STREET_NAME_ENG": NaN,
        "STREET_NAME_CHN": NaN,
        "AREA_DESC_ENG": NaN,
        "AREA_DESC_CHN": NaN,
        "FREE_FORMAT_ADDR_ENG": "CAR PARKING SPACE 2 ON 1/F OF BUILDING B OF MERCANTILE INDUSTRIAL & WAREHOUSE BUILDING NOS.16/24 TA CHUEN PING STREET KWAI CHUNG N.T.",
        "FREE_FORMAT_ADDR_CHN": NaN,
        "DEV_NAME_ENG": "MERCANTILE INDUSTRIAL & WAREHOUSE B",
        "DEV_NAME_CHN": "有利工業貨倉大厦",
        "FIRST_REFERENCE_LOT_PRN": "C1475853"
    },
    {
        "PRN": "A8505772",
        "SEQ_NUM": 1,
        "BLOCK": "B",
        "FLOOR": "3",
        "FLAT": "CP002",
        "HOUSE_NUM_PREFIX": NaN,
        "STREET_NAME_ENG": NaN,
        "STREET_NAME_CHN": NaN,
        "AREA_DESC_ENG": NaN,
        "AREA_DESC_CHN": NaN,
        "FREE_FORMAT_ADDR_ENG": "CAR PARKING SPACE 2 ON 3/F OF BUILDING B OF MERCANTILE INDUSTRIAL & WAREHOUSE BUILDING NOS.16/24 TA CHUEN PING STREET KWAI CHUNG N.T.",
        "FREE_FORMAT_ADDR_CHN": NaN,
        "DEV_NAME_ENG": "MERCANTILE INDUSTRIAL & WAREHOUSE B",
        "DEV_NAME_CHN": "有利工業貨倉大厦",
        "FIRST_REFERENCE_LOT_PRN": "C1475853"
    },
    {
        "PRN": "A8505788",
        "SEQ_NUM": 1,
        "BLOCK": "B",
        "FLOOR": "3",
        "FLAT": "CP003",
        "HOUSE_NUM_PREFIX": NaN,
        "STREET_NAME_ENG": NaN,
        "STREET_NAME_CHN": NaN,
        "AREA_DESC_ENG": NaN,
        "AREA_DESC_CHN": NaN,
        "FREE_FORMAT_ADDR_ENG": "CAR PARKING SPACE 3 ON 3/F OF BUILDING B OF MERCANTILE INDUSTRIAL & WAREHOUSE BUILDING NOS.16/24 TA CHUEN PING STREET KWAI CHUNG N.T.",
        "FREE_FORMAT_ADDR_CHN": NaN,
        "DEV_NAME_ENG": "MERCANTILE INDUSTRIAL & WAREHOUSE B",
        "DEV_NAME_CHN": "有利工業貨倉大厦",
        "FIRST_REFERENCE_LOT_PRN": "C1475853"
    },
    {
        "PRN": "A8505805",
        "SEQ_NUM": 1,
        "BLOCK": "B",
        "FLOOR": "1",
        "FLAT": "CP004",
        "HOUSE_NUM_PREFIX": NaN,
        "STREET_NAME_ENG": NaN,
        "STREET_NAME_CHN": NaN,
        "AREA_DESC_ENG": NaN,
        "AREA_DESC_CHN": NaN,
        "FREE_FORMAT_ADDR_ENG": "CAR PARKING SPACE 4 ON 1/F OF BUILDING B OF MERCANTILE INDUSTRIAL & WAREHOUSE BUILDING NOS.16/24 TA CHUEN PING STREET KWAI CHUNG N.T.",
        "FREE_FORMAT_ADDR_CHN": NaN,
        "DEV_NAME_ENG": "MERCANTILE INDUSTRIAL & WAREHOUSE B",
        "DEV_NAME_CHN": "有利工業貨倉大厦",
        "FIRST_REFERENCE_LOT_PRN": "C1475853"
    },
    {
        "PRN": "A8505815",
        "SEQ_NUM": 1,
        "BLOCK": "B",
        "FLOOR": "3",
        "FLAT": "CP004",
        "HOUSE_NUM_PREFIX": NaN,
        "STREET_NAME_ENG": NaN,
        "STREET_NAME_CHN": NaN,
        "AREA_DESC_ENG": NaN,
        "AREA_DESC_CHN": NaN,
        "FREE_FORMAT_ADDR_ENG": "CAR PARKING SPACE 4 ON 3/F OF BUILDING B OF MERCANTILE INDUSTRIAL & WAREHOUSE BUILDING NOS.16/24 TA CHUEN PING STREET KWAI CHUNG N.T.",
        "FREE_FORMAT_ADDR_CHN": NaN,
        "DEV_NAME_ENG": "MERCANTILE INDUSTRIAL & WAREHOUSE B",
        "DEV_NAME_CHN": "有利工業貨倉大厦",
        "FIRST_REFERENCE_LOT_PRN": "C1475853"
    },
    {
        "PRN": "A8505840",
        "SEQ_NUM": 1,
        "BLOCK": "B",
        "FLOOR": "1",
        "FLAT": "CP006",
        "HOUSE_NUM_PREFIX": NaN,
        "STREET_NAME_ENG": NaN,
        "STREET_NAME_CHN": NaN,
        "AREA_DESC_ENG": NaN,
        "AREA_DESC_CHN": NaN,
        "FREE_FORMAT_ADDR_ENG": "CAR PARKING SPACE 6 ON 1/F OF BUILDING B OF MERCANTILE INDUSTRIAL & WAREHOUSE BUILDING NOS.16/24 TA CHUEN PING STREET KWAI CHUNG N.T.",
        "FREE_FORMAT_ADDR_CHN": NaN,
        "DEV_NAME_ENG": "MERCANTILE INDUSTRIAL & WAREHOUSE B",
        "DEV_NAME_CHN": "有利工業貨倉大厦",
        "FIRST_REFERENCE_LOT_PRN": "C1475853"
    },
    {
        "PRN": "A8505850",
        "SEQ_NUM": 1,
        "BLOCK": "B",
        "FLOOR": "3",
        "FLAT": "CP006",
        "HOUSE_NUM_PREFIX": NaN,
        "STREET_NAME_ENG": NaN,
        "STREET_NAME_CHN": NaN,
        "AREA_DESC_ENG": NaN,
        "AREA_DESC_CHN": NaN,
        "FREE_FORMAT_ADDR_ENG": "CAR PARKING SPACE 6 ON 3/F OF BUILDING B OF MERCANTILE INDUSTRIAL & WAREHOUSE BUILDING NOS.16/24 TA CHUEN PING STREET KWAI CHUNG N.T.",
        "FREE_FORMAT_ADDR_CHN": NaN,
        "DEV_NAME_ENG": "MERCANTILE INDUSTRIAL & WAREHOUSE B",
        "DEV_NAME_CHN": "有利工業貨倉大厦",
        "FIRST_REFERENCE_LOT_PRN": "C1475853"
    },
    {
        "PRN": "A8505876",
        "SEQ_NUM": 1,
        "BLOCK": "B",
        "FLOOR": "3",
        "FLAT": "CP007",
        "HOUSE_NUM_PREFIX": NaN,
        "STREET_NAME_ENG": NaN,
        "STREET_NAME_CHN": NaN,
        "AREA_DESC_ENG": NaN,
        "AREA_DESC_CHN": NaN,
        "FREE_FORMAT_ADDR_ENG": "CAR PARKING SPACE 7 ON 3/F OF BUILDING B OF MERCANTILE INDUSTRIAL & WAREHOUSE BUILDING NOS.16/24 TA CHUEN PING STREET KWAI CHUNG N.T.",
        "FREE_FORMAT_ADDR_CHN": NaN,
        "DEV_NAME_ENG": "MERCANTILE INDUSTRIAL & WAREHOUSE B",
        "DEV_NAME_CHN": "有利工業貨倉大厦",
        "FIRST_REFERENCE_LOT_PRN": "C1475853"
    },
    {
        "PRN": "A8505882",
        "SEQ_NUM": 1,
        "BLOCK": "B",
        "FLOOR": "1",
        "FLAT": "CP008",
        "HOUSE_NUM_PREFIX": NaN,
        "STREET_NAME_ENG": NaN,
        "STREET_NAME_CHN": NaN,
        "AREA_DESC_ENG": NaN,
        "AREA_DESC_CHN": NaN,
        "FREE_FORMAT_ADDR_ENG": "CAR PARKING SPACE 8 ON 1/F OF BUILDING B OF MERCANTILE INDUSTRIAL & WAREHOUSE BUILDING NOS.16/24 TA CHUEN PING STREET KWAI CHUNG N.T.",
        "FREE_FORMAT_ADDR_CHN": NaN,
        "DEV_NAME_ENG": "MERCANTILE INDUSTRIAL & WAREHOUSE B",
        "DEV_NAME_CHN": "有利工業貨倉大厦",
        "FIRST_REFERENCE_LOT_PRN": "C1475853"
    },
    {
        "PRN": "A8505894",
        "SEQ_NUM": 1,
        "BLOCK": "B",
        "FLOOR": "3",
        "FLAT": "CP009",
        "HOUSE_NUM_PREFIX": NaN,
        "STREET_NAME_ENG": NaN,
        "STREET_NAME_CHN": NaN,
        "AREA_DESC_ENG": NaN,
        "AREA_DESC_CHN": NaN,
        "FREE_FORMAT_ADDR_ENG": "CAR PARKING SPACE 9 ON 3/F OF BUILDING B OF MERCANTILE INDUSTRIAL & WAREHOUSE BUILDING NOS.16/24 TA CHUEN PING STREET KWAI CHUNG N.T.",
        "FREE_FORMAT_ADDR_CHN": NaN,
        "DEV_NAME_ENG": "MERCANTILE INDUSTRIAL & WAREHOUSE B",
        "DEV_NAME_CHN": "有利工業貨倉大厦",
        "FIRST_REFERENCE_LOT_PRN": "C1475853"
    },
    {
        "PRN": "A8505903",
        "SEQ_NUM": 1,
        "BLOCK": "B",
        "FLOOR": "1",
        "FLAT": "CP010",
        "HOUSE_NUM_PREFIX": NaN,
        "STREET_NAME_ENG": NaN,
        "STREET_NAME_CHN": NaN,
        "AREA_DESC_ENG": NaN,
        "AREA_DESC_CHN": NaN,
        "FREE_FORMAT_ADDR_ENG": "CAR PARKING SPACE 10 ON 1/F OF BUILDING B OF MERCANTILE INDUSTRIAL & WAREHOUSE BUILDING NOS.16/24 TA CHUEN PING STREET KWAI CHUNG N.T.",
        "FREE_FORMAT_ADDR_CHN": NaN,
        "DEV_NAME_ENG": "MERCANTILE INDUSTRIAL & WAREHOUSE B",
        "DEV_NAME_CHN": "有利工業貨倉大厦",
        "FIRST_REFERENCE_LOT_PRN": "C1475853"
    },
    {
        "PRN": "A8505910",
        "SEQ_NUM": 1,
        "BLOCK": "B",
        "FLOOR": "3",
        "FLAT": "CP010",
        "HOUSE_NUM_PREFIX": NaN,
        "STREET_NAME_ENG": NaN,
        "STREET_NAME_CHN": NaN,
        "AREA_DESC_ENG": NaN,
        "AREA_DESC_CHN": NaN,
        "FREE_FORMAT_ADDR_ENG": "CAR PARKING SPACE 10 ON 3/F OF BUILDING B OF MERCANTILE INDUSTRIAL & WAREHOUSE BUILDING NOS.16/24 TA CHUEN PING STREET KWAI CHUNG N.T.",
        "FREE_FORMAT_ADDR_CHN": NaN,
        "DEV_NAME_ENG": "MERCANTILE INDUSTRIAL & WAREHOUSE B",
        "DEV_NAME_CHN": "有利工業貨倉大厦",
        "FIRST_REFERENCE_LOT_PRN": "C1475853"
    },
    {
        "PRN": "A8505929",
        "SEQ_NUM": 1,
        "BLOCK": "B",
        "FLOOR": "1",
        "FLAT": "CP011",
        "HOUSE_NUM_PREFIX": NaN,
        "STREET_NAME_ENG": NaN,
        "STREET_NAME_CHN": NaN,
        "AREA_DESC_ENG": NaN,
        "AREA_DESC_CHN": NaN,
        "FREE_FORMAT_ADDR_ENG": "CAR PARKING SPACE 11 ON 1/F OF BUILDING B OF MERCANTILE INDUSTRIAL & WAREHOUSE BUILDING NOS.16/24 TA CHUEN PING STREET KWAI CHUNG N.T.",
        "FREE_FORMAT_ADDR_CHN": NaN,
        "DEV_NAME_ENG": "MERCANTILE INDUSTRIAL & WAREHOUSE B",
        "DEV_NAME_CHN": "有利工業貨倉大厦",
        "FIRST_REFERENCE_LOT_PRN": "C1475853"
    },
    {
        "PRN": "A8505933",
        "SEQ_NUM": 1,
        "BLOCK": "B",
        "FLOOR": "1",
        "FLAT": "CP012",
        "HOUSE_NUM_PREFIX": NaN,
        "STREET_NAME_ENG": NaN,
        "STREET_NAME_CHN": NaN,
        "AREA_DESC_ENG": NaN,
        "AREA_DESC_CHN": NaN,
        "FREE_FORMAT_ADDR_ENG": "CAR PARKING SPACE 12 ON 1/F OF BUILDING B OF MERCANTILE INDUSTRIAL & WAREHOUSE BUILDING NOS.16/24 TA CHUEN PING STREET KWAI CHUNG N.T.",
        "FREE_FORMAT_ADDR_CHN": NaN,
        "DEV_NAME_ENG": "MERCANTILE INDUSTRIAL & WAREHOUSE B",
        "DEV_NAME_CHN": "有利工業貨倉大厦",
        "FIRST_REFERENCE_LOT_PRN": "C1475853"
    },
    {
        "PRN": "A8505945",
        "SEQ_NUM": 1,
        "BLOCK": "B",
        "FLOOR": "3",
        "FLAT": "CP012",
        "HOUSE_NUM_PREFIX": NaN,
        "STREET_NAME_ENG": NaN,
        "STREET_NAME_CHN": NaN,
        "AREA_DESC_ENG": NaN,
        "AREA_DESC_CHN": NaN,
        "FREE_FORMAT_ADDR_ENG": "CAR PARKING SPACE 12 ON 3/F OF BUILDING B OF MERCANTILE INDUSTRIAL & WAREHOUSE BUILDING NOS.16/24 TA CHUEN PING STREET KWAI CHUNG N.T.",
        "FREE_FORMAT_ADDR_CHN": NaN,
        "DEV_NAME_ENG": "MERCANTILE INDUSTRIAL & WAREHOUSE B",
        "DEV_NAME_CHN": "有利工業貨倉大厦",
        "FIRST_REFERENCE_LOT_PRN": "C1475853"
    },
    {
        "PRN": "A8505956",
        "SEQ_NUM": 1,
        "BLOCK": "B",
        "FLOOR": "3",
        "FLAT": "CP013",
        "HOUSE_NUM_PREFIX": NaN,
        "STREET_NAME_ENG": NaN,
        "STREET_NAME_CHN": NaN,
        "AREA_DESC_ENG": NaN,
        "AREA_DESC_CHN": NaN,
        "FREE_FORMAT_ADDR_ENG": "CAR PARKING SPACE 13 ON 3/F OF BUILDING B OF MERCANTILE INDUSTRIAL & WAREHOUSE BUILDING NOS.16/24 TA CHUEN PING STREET KWAI CHUNG N.T.",
        "FREE_FORMAT_ADDR_CHN": NaN,
        "DEV_NAME_ENG": "MERCANTILE INDUSTRIAL & WAREHOUSE B",
        "DEV_NAME_CHN": "有利工業貨倉大厦",
        "FIRST_REFERENCE_LOT_PRN": "C1475853"
    },
    {
        "PRN": "A8505969",
        "SEQ_NUM": 1,
        "BLOCK": "B",
        "FLOOR": "3",
        "FLAT": "CP014",
        "HOUSE_NUM_PREFIX": NaN,
        "STREET_NAME_ENG": NaN,
        "STREET_NAME_CHN": NaN,
        "AREA_DESC_ENG": NaN,
        "AREA_DESC_CHN": NaN,
        "FREE_FORMAT_ADDR_ENG": "CAR PARKING SPACE 14 ON 3/F OF BUILDING B OF MERCANTILE INDUSTRIAL & WAREHOUSE BUILDING NOS.16/24 TA CHUEN PING STREET KWAI CHUNG N.T.",
        "FREE_FORMAT_ADDR_CHN": NaN,
        "DEV_NAME_ENG": "MERCANTILE INDUSTRIAL & WAREHOUSE B",
        "DEV_NAME_CHN": "有利工業貨倉大厦",
        "FIRST_REFERENCE_LOT_PRN": "C1475853"
    },
    {
        "PRN": "A8505976",
        "SEQ_NUM": 1,
        "BLOCK": "B",
        "FLOOR": "3",
        "FLAT": "CP018",
        "HOUSE_NUM_PREFIX": NaN,
        "STREET_NAME_ENG": NaN,
        "STREET_NAME_CHN": NaN,
        "AREA_DESC_ENG": NaN,
        "AREA_DESC_CHN": NaN,
        "FREE_FORMAT_ADDR_ENG": "CAR PARKING SPACE 18 ON 3/F OF BUILDING B OF MERCANTILE INDUSTRIAL & WAREHOUSE BUILDING NOS.16/24TA CHUEN PING STREET KWAI CHUNG N.T.",
        "FREE_FORMAT_ADDR_CHN": NaN,
        "DEV_NAME_ENG": "MERCANTILE INDUSTRIAL & WAREHOUSE B",
        "DEV_NAME_CHN": "有利工業貨倉大厦",
        "FIRST_REFERENCE_LOT_PRN": "C1475853"
    },
    {
        "PRN": "A8505985",
        "SEQ_NUM": 1,
        "BLOCK": "B",
        "FLOOR": "3",
        "FLAT": "CP019",
        "HOUSE_NUM_PREFIX": NaN,
        "STREET_NAME_ENG": NaN,
        "STREET_NAME_CHN": NaN,
        "AREA_DESC_ENG": NaN,
        "AREA_DESC_CHN": NaN,
        "FREE_FORMAT_ADDR_ENG": "CAR PARKING SPACE 19 ON 3/F OF BUILDING B OF MERCANTILE INDUSTRIAL & WAREHOUSE BUILDING NOS.16/24 TA CHUEN PING STREET KWAI CHUNG N.T.",
        "FREE_FORMAT_ADDR_CHN": NaN,
        "DEV_NAME_ENG": "MERCANTILE INDUSTRIAL & WAREHOUSE B",
        "DEV_NAME_CHN": "有利工業貨倉大厦",
        "FIRST_REFERENCE_LOT_PRN": "C1475853"
    },
    {
        "PRN": "A8505999",
        "SEQ_NUM": 1,
        "BLOCK": "B",
        "FLOOR": "10",
        "FLAT": "D",
        "HOUSE_NUM_PREFIX": NaN,
        "STREET_NAME_ENG": NaN,
        "STREET_NAME_CHN": NaN,
        "AREA_DESC_ENG": NaN,
        "AREA_DESC_CHN": NaN,
        "FREE_FORMAT_ADDR_ENG": "UNIT D ON 10/F FORMERLY KNOWN AS B2 BUILDING B OF MERCANTILE INDUSTRIAL & WAREHOUSE BUILDING NOS.16/24 TA CHUEN PING STREET KWAI CHUNG N.T.",
        "FREE_FORMAT_ADDR_CHN": NaN,
        "DEV_NAME_ENG": "MERCANTILE INDUSTRIAL & WAREHOUSE B",
        "DEV_NAME_CHN": "有利工業貨倉大厦",
        "FIRST_REFERENCE_LOT_PRN": "C1475853"
    },
    {
        "PRN": "A8506001",
        "SEQ_NUM": 1,
        "BLOCK": "B",
        "FLOOR": "12",
        "FLAT": "D",
        "HOUSE_NUM_PREFIX": NaN,
        "STREET_NAME_ENG": NaN,
        "STREET_NAME_CHN": NaN,
        "AREA_DESC_ENG": NaN,
        "AREA_DESC_CHN": NaN,
        "FREE_FORMAT_ADDR_ENG": "UNIT D ON 12/F FORMERLY KNOWN AS B2 BUILDING B OF MERCANTILE INDUSTRIAL & WAREHOUSE BUILDING & NOS.16/24 TA CHUEN PING STREET KWAI CHUNG N.T.",
        "FREE_FORMAT_ADDR_CHN": NaN,
        "DEV_NAME_ENG": "MERCANTILE INDUSTRIAL & WAREHOUSE B",
        "DEV_NAME_CHN": "有利工業貨倉大厦",
        "FIRST_REFERENCE_LOT_PRN": "C1475853"
    },
    {
        "PRN": "A8506014",
        "SEQ_NUM": 1,
        "BLOCK": "B",
        "FLOOR": "2",
        "FLAT": "D",
        "HOUSE_NUM_PREFIX": NaN,
        "STREET_NAME_ENG": NaN,
        "STREET_NAME_CHN": NaN,
        "AREA_DESC_ENG": NaN,
        "AREA_DESC_CHN": NaN,
        "FREE_FORMAT_ADDR_ENG": "UNIT D ON 2/F OF BUILDING B MERCANTILE INDUSTRIAL & WAREHOUSE BUILDING NOS.16/24 TA CHUEN PING STREET KWAI CHUNG NEW TERRITORIES",
        "FREE_FORMAT_ADDR_CHN": NaN,
        "DEV_NAME_ENG": "MERCANTILE INDUSTRIAL & WAREHOUSE B",
        "DEV_NAME_CHN": "有利工業貨倉大厦",
        "FIRST_REFERENCE_LOT_PRN": "C1475853"
    },
    {
        "PRN": "A8506029",
        "SEQ_NUM": 1,
        "BLOCK": "B",
        "FLOOR": "5",
        "FLAT": "D",
        "HOUSE_NUM_PREFIX": NaN,
        "STREET_NAME_ENG": NaN,
        "STREET_NAME_CHN": NaN,
        "AREA_DESC_ENG": NaN,
        "AREA_DESC_CHN": NaN,
        "FREE_FORMAT_ADDR_ENG": "UNIT D ON 5/F FORMERLY KNOWN AS B2 BUILDING B OF MERCANTILE INDUSTRIAL & WAREHOUSE BUILDING NOS.16/24 TA CHUEN PING STREET KWAI CHUNG N.T.",
        "FREE_FORMAT_ADDR_CHN": NaN,
        "DEV_NAME_ENG": "MERCANTILE INDUSTRIAL & WAREHOUSE B",
        "DEV_NAME_CHN": "有利工業貨倉大厦",
        "FIRST_REFERENCE_LOT_PRN": "C1475853"
    },
    {
        "PRN": "A8506030",
        "SEQ_NUM": 1,
        "BLOCK": "B",
        "FLOOR": "6",
        "FLAT": "D",
        "HOUSE_NUM_PREFIX": NaN,
        "STREET_NAME_ENG": NaN,
        "STREET_NAME_CHN": NaN,
        "AREA_DESC_ENG": NaN,
        "AREA_DESC_CHN": NaN,
        "FREE_FORMAT_ADDR_ENG": "UNIT D ON 6/F FORMERLY KNOWN AS B2 BUILDING B OF MERCANTILE INDUSTRIAL & WAREHOUSE BUILDING NOS.16/24 TA CHUEN PING STREET KWAI CHUNG N.T.",
        "FREE_FORMAT_ADDR_CHN": NaN,
        "DEV_NAME_ENG": "MERCANTILE INDUSTRIAL & WAREHOUSE B",
        "DEV_NAME_CHN": "有利工業貨倉大厦",
        "FIRST_REFERENCE_LOT_PRN": "C1475853"
    },
    {
        "PRN": "A8506048",
        "SEQ_NUM": 1,
        "BLOCK": "B",
        "FLOOR": "9",
        "FLAT": "D",
        "HOUSE_NUM_PREFIX": NaN,
        "STREET_NAME_ENG": NaN,
        "STREET_NAME_CHN": NaN,
        "AREA_DESC_ENG": NaN,
        "AREA_DESC_CHN": NaN,
        "FREE_FORMAT_ADDR_ENG": "UNIT D ON 9/F FORMERLY KNOWN AS B2 BUILDING B OF MERCANTILE INDUSTRIAL & WAREHOUSE BUILDING NOS.16/24 TA CHUEN PING STREET KWAI CHUNG N.T.",
        "FREE_FORMAT_ADDR_CHN": NaN,
        "DEV_NAME_ENG": "MERCANTILE INDUSTRIAL & WAREHOUSE B",
        "DEV_NAME_CHN": "有利工業貨倉大厦",
        "FIRST_REFERENCE_LOT_PRN": "C1475853"
    },
    {
        "PRN": "A8506057",
        "SEQ_NUM": 1,
        "BLOCK": "B",
        "FLOOR": "2",
        "FLAT": "E",
        "HOUSE_NUM_PREFIX": NaN,
        "STREET_NAME_ENG": NaN,
        "STREET_NAME_CHN": NaN,
        "AREA_DESC_ENG": NaN,
        "AREA_DESC_CHN": NaN,
        "FREE_FORMAT_ADDR_ENG": "UNIT E ON 2/F OF BUILDING B MERCANTILE INDUSTRIAL & WAREHOUSE BUILDING NOS.16/24 TA CHUEN PING STREET KWAI CHUNG NEW TERRITORIES",
        "FREE_FORMAT_ADDR_CHN": NaN,
        "DEV_NAME_ENG": "MERCANTILE INDUSTRIAL & WAREHOUSE B",
        "DEV_NAME_CHN": "有利工業貨倉大厦",
        "FIRST_REFERENCE_LOT_PRN": "C1475853"
    },
    {
        "PRN": "A8506062",
        "SEQ_NUM": 1,
        "BLOCK": "B",
        "FLOOR": "1",
        "FLAT": "E1",
        "HOUSE_NUM_PREFIX": NaN,
        "STREET_NAME_ENG": NaN,
        "STREET_NAME_CHN": NaN,
        "AREA_DESC_ENG": NaN,
        "AREA_DESC_CHN": NaN,
        "FREE_FORMAT_ADDR_ENG": "GODOWN E1 ON 1/F (FORMERLY CAR PARKING SPACES) OF BUILDING B MERCANTILE INDUSTRIAL & WAREHOUSE BUILDING NOS.16/24 TA CHUEN PING STREET KWAI CHUNG NEW TERRITORIES",
        "FREE_FORMAT_ADDR_CHN": NaN,
        "DEV_NAME_ENG": "MERCANTILE INDUSTRIAL & WAREHOUSE B",
        "DEV_NAME_CHN": "有利工業貨倉大厦",
        "FIRST_REFERENCE_LOT_PRN": "C1475853"
    },
    {
        "PRN": "A8506077",
        "SEQ_NUM": 1,
        "BLOCK": "B",
        "FLOOR": "1",
        "FLAT": "E2",
        "HOUSE_NUM_PREFIX": NaN,
        "STREET_NAME_ENG": NaN,
        "STREET_NAME_CHN": NaN,
        "AREA_DESC_ENG": NaN,
        "AREA_DESC_CHN": NaN,
        "FREE_FORMAT_ADDR_ENG": "GODOWN E2 ON 1/F OF BUILDING B MERCANTILE INDUSTRIAL & WAREHOUSE BUILDING NOS.16/24 TA CHUEN PING STREET KWAI CHUNG NEW TERRITORIES",
        "FREE_FORMAT_ADDR_CHN": NaN,
        "DEV_NAME_ENG": "MERCANTILE INDUSTRIAL & WAREHOUSE B",
        "DEV_NAME_CHN": "有利工業貨倉大厦",
        "FIRST_REFERENCE_LOT_PRN": "C1475853"
    },
    {
        "PRN": "A8506675",
        "SEQ_NUM": 1,
        "BLOCK": "B",
        "FLOOR": NaN,
        "FLAT": "MM002",
        "HOUSE_NUM_PREFIX": NaN,
        "STREET_NAME_ENG": NaN,
        "STREET_NAME_CHN": NaN,
        "AREA_DESC_ENG": NaN,
        "AREA_DESC_CHN": NaN,
        "FREE_FORMAT_ADDR_ENG": "GODOWN SPACE ON 3/F OF BUILDING B MERCANTILE INDUSTRIAL & WAREHOUSE BUILDING NOS.16/24 TA CHUEN PING STREET KWAI CHUNG NEW TERRITORIES",
        "FREE_FORMAT_ADDR_CHN": NaN,
        "DEV_NAME_ENG": "MERCANTILE INDUSTRIAL & WAREHOUSE B",
        "DEV_NAME_CHN": "有利工業貨倉大厦",
        "FIRST_REFERENCE_LOT_PRN": "C1475853"
    },
    {
        "PRN": "A8511525",
        "SEQ_NUM": 1,
        "BLOCK": "A",
        "FLOOR": "8",
        "FLAT": "A",
        "HOUSE_NUM_PREFIX": NaN,
        "STREET_NAME_ENG": NaN,
        "STREET_NAME_CHN": NaN,
        "AREA_DESC_ENG": NaN,
        "AREA_DESC_CHN": NaN,
        "FREE_FORMAT_ADDR_ENG": "UNIT A OR KNOWN AS A1 ON 8/F OF BUILDING A OF MERCANTILE INDUSTRIAL & WAREHOUSE BUILDING NOS.16/24 TA CHUEN PING STREET KWAI CHUNG N.T.",
        "FREE_FORMAT_ADDR_CHN": NaN,
        "DEV_NAME_ENG": "MERCANTILE INDUSTRIAL & WAREHOUSE B",
        "DEV_NAME_CHN": "有利工業貨倉大厦",
        "FIRST_REFERENCE_LOT_PRN": "C1475853"
    },
    {
        "PRN": "A8511643",
        "SEQ_NUM": 1,
        "BLOCK": "B",
        "FLOOR": "4",
        "FLAT": "D",
        "HOUSE_NUM_PREFIX": NaN,
        "STREET_NAME_ENG": NaN,
        "STREET_NAME_CHN": NaN,
        "AREA_DESC_ENG": NaN,
        "AREA_DESC_CHN": NaN,
        "FREE_FORMAT_ADDR_ENG": "UNIT D ON 4/F FORMERLY KNOWN AS B2 BUILDING B OF MERCANTILE INDUSTRIAL & WAREHOUSE BUILDING NOS.16/24 TA CHUEN PING STREET KWAI CHUNG N.T.",
        "FREE_FORMAT_ADDR_CHN": NaN,
        "DEV_NAME_ENG": "MERCANTILE INDUSTRIAL & WAREHOUSE B",
        "DEV_NAME_CHN": "有利工業貨倉大厦",
        "FIRST_REFERENCE_LOT_PRN": "C1475853"
    },
    {
        "PRN": "A8511657",
        "SEQ_NUM": 1,
        "BLOCK": "B",
        "FLOOR": "8",
        "FLAT": "D",
        "HOUSE_NUM_PREFIX": NaN,
        "STREET_NAME_ENG": NaN,
        "STREET_NAME_CHN": NaN,
        "AREA_DESC_ENG": NaN,
        "AREA_DESC_CHN": NaN,
        "FREE_FORMAT_ADDR_ENG": "UNIT D ON 8/F FORMERLY KNOWN AS B2 BUILDING B OF MERCANTILE INDUSTRIAL & WAREHOUSE BUILDING NOS.16/24 TA CHUEN PING STREET KWAI CHUNG N.T.",
        "FREE_FORMAT_ADDR_CHN": NaN,
        "DEV_NAME_ENG": "MERCANTILE INDUSTRIAL & WAREHOUSE B",
        "DEV_NAME_CHN": "有利工業貨倉大厦",
        "FIRST_REFERENCE_LOT_PRN": "C1475853"
    },
    {
        "PRN": "A8512036",
        "SEQ_NUM": 1,
        "BLOCK": "A",
        "FLOOR": "6",
        "FLAT": "B",
        "HOUSE_NUM_PREFIX": NaN,
        "STREET_NAME_ENG": NaN,
        "STREET_NAME_CHN": NaN,
        "AREA_DESC_ENG": NaN,
        "AREA_DESC_CHN": NaN,
        "FREE_FORMAT_ADDR_ENG": "UNIT B ON 6/F OF BUILDING A MERCANTILE INDUSTRIAL & WAREHOUSE BUILDING NOS.16/24 TA CHUEN PING STREET KWAI CHUNG NEW TERRITORIES",
        "FREE_FORMAT_ADDR_CHN": NaN,
        "DEV_NAME_ENG": "MERCANTILE INDUSTRIAL & WAREHOUSE B",
        "DEV_NAME_CHN": "有利工業貨倉大厦",
        "FIRST_REFERENCE_LOT_PRN": "C1475853"
    },
    {
        "PRN": "B4439706",
        "SEQ_NUM": 1,
        "BLOCK": "A",
        "FLOOR": "12",
        "FLAT": "B",
        "HOUSE_NUM_PREFIX": NaN,
        "STREET_NAME_ENG": NaN,
        "STREET_NAME_CHN": NaN,
        "AREA_DESC_ENG": NaN,
        "AREA_DESC_CHN": NaN,
        "FREE_FORMAT_ADDR_ENG": "UNIT B ON 12/F OF BUILDING A MERCANTILE INDUSTRIAL & WAREHOUSE BUILDING NOS.16/24 TA CHUEN PING STREET KWAI CHUNG NEW TERRITORIES",
        "FREE_FORMAT_ADDR_CHN": NaN,
        "DEV_NAME_ENG": "MERCANTILE INDUSTRIAL & WAREHOUSE B",
        "DEV_NAME_CHN": "有利工業貨倉大厦",
        "FIRST_REFERENCE_LOT_PRN": "C1475853"
    },
    {
        "PRN": "B4439711",
        "SEQ_NUM": 1,
        "BLOCK": "A",
        "FLOOR": "8",
        "FLAT": "B",
        "HOUSE_NUM_PREFIX": NaN,
        "STREET_NAME_ENG": NaN,
        "STREET_NAME_CHN": NaN,
        "AREA_DESC_ENG": NaN,
        "AREA_DESC_CHN": NaN,
        "FREE_FORMAT_ADDR_ENG": "UNIT B OR KNOWN AS A2 ON 8/F OF BUILDING A OF MERCANTILE INDUSTRIAL & WAREHOUSE BUILDING NOS.16/24 TA CHUEN PING STREET KWAI CHUNG N.T.",
        "FREE_FORMAT_ADDR_CHN": NaN,
        "DEV_NAME_ENG": "MERCANTILE INDUSTRIAL & WAREHOUSE B",
        "DEV_NAME_CHN": "有利工業貨倉大厦",
        "FIRST_REFERENCE_LOT_PRN": "C1475853"
    },
    {
        "PRN": "B4439739",
        "SEQ_NUM": 1,
        "BLOCK": "A",
        "FLOOR": "B",
        "FLAT": "CP017",
        "HOUSE_NUM_PREFIX": NaN,
        "STREET_NAME_ENG": NaN,
        "STREET_NAME_CHN": NaN,
        "AREA_DESC_ENG": NaN,
        "AREA_DESC_CHN": NaN,
        "FREE_FORMAT_ADDR_ENG": "CAR PARKING SPACE 17 ON B/F OF BUILDING A OF MERCANTILE INDUSTRIAL & WAREHOUSE BUILDING NOS.16/24 TA CHUEN PING STREET KWAI CHUNG N.T.",
        "FREE_FORMAT_ADDR_CHN": NaN,
        "DEV_NAME_ENG": "MERCANTILE INDUSTRIAL & WAREHOUSE B",
        "DEV_NAME_CHN": "有利工業貨倉大厦",
        "FIRST_REFERENCE_LOT_PRN": "C1475853"
    },
    {
        "PRN": "B4439886",
        "SEQ_NUM": 1,
        "BLOCK": "B",
        "FLOOR": "R",
        "FLAT": NaN,
        "HOUSE_NUM_PREFIX": NaN,
        "STREET_NAME_ENG": NaN,
        "STREET_NAME_CHN": NaN,
        "AREA_DESC_ENG": NaN,
        "AREA_DESC_CHN": NaN,
        "FREE_FORMAT_ADDR_ENG": "THE ROOF OF BUILDING B MERCANTILE INDUSTRIAL & WAREHOUSE BUILDING NOS.16/24 TA CHUEN PING STREET KWAI CHUNG NEW TERRITORIES",
        "FREE_FORMAT_ADDR_CHN": NaN,
        "DEV_NAME_ENG": "MERCANTILE INDUSTRIAL & WAREHOUSE B",
        "DEV_NAME_CHN": "有利工業貨倉大厦",
        "FIRST_REFERENCE_LOT_PRN": "C1475853"
    },
    {
        "PRN": "B4439904",
        "SEQ_NUM": 1,
        "BLOCK": "B",
        "FLOOR": "1",
        "FLAT": "CP005",
        "HOUSE_NUM_PREFIX": NaN,
        "STREET_NAME_ENG": NaN,
        "STREET_NAME_CHN": NaN,
        "AREA_DESC_ENG": NaN,
        "AREA_DESC_CHN": NaN,
        "FREE_FORMAT_ADDR_ENG": "CAR PARKING SPACE 5 ON 1/F OF BUILDING B OF MERCANTILE INDUSTRIAL & WAREHOUSE BUILDING NOS.16/24 TA CHUEN PING STREET KWAI CHUNG N.T.",
        "FREE_FORMAT_ADDR_CHN": NaN,
        "DEV_NAME_ENG": "MERCANTILE INDUSTRIAL & WAREHOUSE B",
        "DEV_NAME_CHN": "有利工業貨倉大厦",
        "FIRST_REFERENCE_LOT_PRN": "C1475853"
    },
    {
        "PRN": "B4440001",
        "SEQ_NUM": 1,
        "BLOCK": "B",
        "FLOOR": NaN,
        "FLAT": "MM001",
        "HOUSE_NUM_PREFIX": NaN,
        "STREET_NAME_ENG": NaN,
        "STREET_NAME_CHN": NaN,
        "AREA_DESC_ENG": NaN,
        "AREA_DESC_CHN": NaN,
        "FREE_FORMAT_ADDR_ENG": "GODOWN SPACE ON G/F (FORMERLY KNOWN AS THE WHOLE OF THE G/F) OF BUILDING B MERCANTILE INDUSTRIAL & WAREHOUSE BUILDING NOS.16/24 TA CHUEN PING STREET KWAI CHUNG NEW TERRITORIES",
        "FREE_FORMAT_ADDR_CHN": NaN,
        "DEV_NAME_ENG": "MERCANTILE INDUSTRIAL & WAREHOUSE B",
        "DEV_NAME_CHN": "有利工業貨倉大厦",
        "FIRST_REFERENCE_LOT_PRN": "C1475853"
    },
    {
        "PRN": "B5262670",
        "SEQ_NUM": 1,
        "BLOCK": "A",
        "FLOOR": "4",
        "FLAT": "B",
        "HOUSE_NUM_PREFIX": NaN,
        "STREET_NAME_ENG": NaN,
        "STREET_NAME_CHN": NaN,
        "AREA_DESC_ENG": NaN,
        "AREA_DESC_CHN": NaN,
        "FREE_FORMAT_ADDR_ENG": "UNIT B ON 4/F OF BUILDING A MERCANTILE INDUSTRIAL & WAREHOUSE BUILDING NOS.16/24 TA CHUEN PING STREET KWAI CHUNG NEW TERRITORIES",
        "FREE_FORMAT_ADDR_CHN": NaN,
        "DEV_NAME_ENG": "MERCANTILE INDUSTRIAL & WAREHOUSE B",
        "DEV_NAME_CHN": "有利工業貨倉大厦",
        "FIRST_REFERENCE_LOT_PRN": "C1475853"
    },
    {
        "PRN": "B5262695",
        "SEQ_NUM": 1,
        "BLOCK": "A",
        "FLOOR": "B",
        "FLAT": "CP019",
        "HOUSE_NUM_PREFIX": NaN,
        "STREET_NAME_ENG": NaN,
        "STREET_NAME_CHN": NaN,
        "AREA_DESC_ENG": NaN,
        "AREA_DESC_CHN": NaN,
        "FREE_FORMAT_ADDR_ENG": "CAR PARKING SPACE 19 ON B/F OF BUILDING A OF MERCANTILE INDUSTRIAL & WAREHOUSE BUILDING NOS.16/24 TA CHUEN PING STREET KWAI CHUNG N.T.",
        "FREE_FORMAT_ADDR_CHN": NaN,
        "DEV_NAME_ENG": "MERCANTILE INDUSTRIAL & WAREHOUSE B",
        "DEV_NAME_CHN": "有利工業貨倉大厦",
        "FIRST_REFERENCE_LOT_PRN": "C1475853"
    },
    {
        "PRN": "B5262754",
        "SEQ_NUM": 1,
        "BLOCK": "B",
        "FLOOR": "6",
        "FLAT": "C",
        "HOUSE_NUM_PREFIX": NaN,
        "STREET_NAME_ENG": NaN,
        "STREET_NAME_CHN": NaN,
        "AREA_DESC_ENG": NaN,
        "AREA_DESC_CHN": NaN,
        "FREE_FORMAT_ADDR_ENG": "UNIT C ON 6/F FORMERLY KNOWN AS B1 BUILDING B OF MERCANTILE INDUSTRIAL & WAREHOUSE BUILDING NOS.16/24 TA CHUEN PING STREET KWAI CHUNG N.T.",
        "FREE_FORMAT_ADDR_CHN": NaN,
        "DEV_NAME_ENG": "MERCANTILE INDUSTRIAL & WAREHOUSE B",
        "DEV_NAME_CHN": "有利工業貨倉大厦",
        "FIRST_REFERENCE_LOT_PRN": "C1475853"
    },
    {
        "PRN": "B5262899",
        "SEQ_NUM": 1,
        "BLOCK": "B",
        "FLOOR": "4",
        "FLAT": "C",
        "HOUSE_NUM_PREFIX": NaN,
        "STREET_NAME_ENG": NaN,
        "STREET_NAME_CHN": NaN,
        "AREA_DESC_ENG": NaN,
        "AREA_DESC_CHN": NaN,
        "FREE_FORMAT_ADDR_ENG": "UNIT C ON 4/F FORMERLY KNOWN AS B1 BUILDING B OF MERCANTILE INDUSTRIAL & WAREHOUSE BUILDING NOS.16/24 TA CHUEN PING STREET KWAI CHUNG N.T.",
        "FREE_FORMAT_ADDR_CHN": NaN,
        "DEV_NAME_ENG": "MERCANTILE INDUSTRIAL & WAREHOUSE B",
        "DEV_NAME_CHN": "有利工業貨倉大厦",
        "FIRST_REFERENCE_LOT_PRN": "C1475853"
    },
    {
        "PRN": "B7122896",
        "SEQ_NUM": 1,
        "BLOCK": "A",
        "FLOOR": "G",
        "FLAT": NaN,
        "HOUSE_NUM_PREFIX": NaN,
        "STREET_NAME_ENG": NaN,
        "STREET_NAME_CHN": NaN,
        "AREA_DESC_ENG": NaN,
        "AREA_DESC_CHN": NaN,
        "FREE_FORMAT_ADDR_ENG": "UNIT A B & C OR KNOWN AS COMPARTMENT A1 A2 & A3 ON G/F OF BUILDING A MERCANTILE INDUSTRIAL & WAREHOUSE BUILDING NOS.16/24 TA CHUEN PING STREET KWAI CHUNG NEW TERRITORIES",
        "FREE_FORMAT_ADDR_CHN": NaN,
        "DEV_NAME_ENG": "MERCANTILE INDUSTRIAL & WAREHOUSE B",
        "DEV_NAME_CHN": "有利工業貨倉大厦",
        "FIRST_REFERENCE_LOT_PRN": "C1475853"
    },
    {
        "PRN": "B7122910",
        "SEQ_NUM": 1,
        "BLOCK": "A",
        "FLOOR": "5",
        "FLAT": "A",
        "HOUSE_NUM_PREFIX": NaN,
        "STREET_NAME_ENG": NaN,
        "STREET_NAME_CHN": NaN,
        "AREA_DESC_ENG": NaN,
        "AREA_DESC_CHN": NaN,
        "FREE_FORMAT_ADDR_ENG": "UNIT A OR KNOWN AS A1 ON 5/F OF BUILDING A OF MERCANTILE INDUSTRIAL & WAREHOUSE BUILDING NOS.16/24 TA CHUEN PING STREET KWAI CHUNG N.T.",
        "FREE_FORMAT_ADDR_CHN": NaN,
        "DEV_NAME_ENG": "MERCANTILE INDUSTRIAL & WAREHOUSE B",
        "DEV_NAME_CHN": "有利工業貨倉大厦",
        "FIRST_REFERENCE_LOT_PRN": "C1475853"
    },
    {
        "PRN": "B7122938",
        "SEQ_NUM": 1,
        "BLOCK": "A",
        "FLOOR": "B",
        "FLAT": "CP007",
        "HOUSE_NUM_PREFIX": NaN,
        "STREET_NAME_ENG": NaN,
        "STREET_NAME_CHN": NaN,
        "AREA_DESC_ENG": NaN,
        "AREA_DESC_CHN": NaN,
        "FREE_FORMAT_ADDR_ENG": "CAR PARKING SPACE 7 ON B/F OF BUILDING A OF MERCANTILE INDUSTRIAL & WAREHOUSE BUILDING NOS.16/24 TA CHUEN PING STREET KWAI CHUNG N.T.",
        "FREE_FORMAT_ADDR_CHN": NaN,
        "DEV_NAME_ENG": "MERCANTILE INDUSTRIAL & WAREHOUSE B",
        "DEV_NAME_CHN": "有利工業貨倉大厦",
        "FIRST_REFERENCE_LOT_PRN": "C1475853"
    },
    {
        "PRN": "B7122940",
        "SEQ_NUM": 1,
        "BLOCK": "A",
        "FLOOR": "B",
        "FLAT": "CP016",
        "HOUSE_NUM_PREFIX": NaN,
        "STREET_NAME_ENG": NaN,
        "STREET_NAME_CHN": NaN,
        "AREA_DESC_ENG": NaN,
        "AREA_DESC_CHN": NaN,
        "FREE_FORMAT_ADDR_ENG": "CAR PARKING SPACE 16 ON B/F OF BUILDING A OF MERCANTILE INDUSTRIAL & WAREHOUSE BUILDING NOS.16/24 TA CHUEN PING STREET KWAI CHUNG N.T.",
        "FREE_FORMAT_ADDR_CHN": NaN,
        "DEV_NAME_ENG": "MERCANTILE INDUSTRIAL & WAREHOUSE B",
        "DEV_NAME_CHN": "有利工業貨倉大厦",
        "FIRST_REFERENCE_LOT_PRN": "C1475853"
    },
    {
        "PRN": "B7122970",
        "SEQ_NUM": 1,
        "BLOCK": "A",
        "FLOOR": NaN,
        "FLAT": "MM004",
        "HOUSE_NUM_PREFIX": NaN,
        "STREET_NAME_ENG": NaN,
        "STREET_NAME_CHN": NaN,
        "AREA_DESC_ENG": NaN,
        "AREA_DESC_CHN": NaN,
        "FREE_FORMAT_ADDR_ENG": "PARKING SPACES AND CAR PARK LOBBY ON B/F OF BUILDING A MERCANTILE INDUSTRIAL & WAREHOUSE BUILDING NOS.16/24 TA CHUEN PING STREET KWAI CHUNG NEW TERRITORIES",
        "FREE_FORMAT_ADDR_CHN": NaN,
        "DEV_NAME_ENG": "MERCANTILE INDUSTRIAL & WAREHOUSE B",
        "DEV_NAME_CHN": "有利工業貨倉大厦",
        "FIRST_REFERENCE_LOT_PRN": "C1475853"
    },
    {
        "PRN": "B7123081",
        "SEQ_NUM": 1,
        "BLOCK": "B",
        "FLOOR": "3",
        "FLAT": "CP005",
        "HOUSE_NUM_PREFIX": NaN,
        "STREET_NAME_ENG": NaN,
        "STREET_NAME_CHN": NaN,
        "AREA_DESC_ENG": NaN,
        "AREA_DESC_CHN": NaN,
        "FREE_FORMAT_ADDR_ENG": "CAR PARKING SPACE 5 ON 3/F OF BUILDING B OF MERCANTILE INDUSTRIAL & WAREHOUSE BUILDING NOS.16/24 TA CHUEN PING STREET KWAI CHUNG N.T.",
        "FREE_FORMAT_ADDR_CHN": NaN,
        "DEV_NAME_ENG": "MERCANTILE INDUSTRIAL & WAREHOUSE B",
        "DEV_NAME_CHN": "有利工業貨倉大厦",
        "FIRST_REFERENCE_LOT_PRN": "C1475853"
    },
    {
        "PRN": "B7123096",
        "SEQ_NUM": 1,
        "BLOCK": "B",
        "FLOOR": "1",
        "FLAT": "CP007",
        "HOUSE_NUM_PREFIX": NaN,
        "STREET_NAME_ENG": NaN,
        "STREET_NAME_CHN": NaN,
        "AREA_DESC_ENG": NaN,
        "AREA_DESC_CHN": NaN,
        "FREE_FORMAT_ADDR_ENG": "CAR PARKING SPACE 7 ON 1/F OF BUILDING B OF MERCANTILE INDUSTRIAL & WAREHOUSE BUILDING NOS.16/24 TA CHUEN PING STREET KWAI CHUNG N.T.",
        "FREE_FORMAT_ADDR_CHN": NaN,
        "DEV_NAME_ENG": "MERCANTILE INDUSTRIAL & WAREHOUSE B",
        "DEV_NAME_CHN": "有利工業貨倉大厦",
        "FIRST_REFERENCE_LOT_PRN": "C1475853"
    },
    {
        "PRN": "B7123102",
        "SEQ_NUM": 1,
        "BLOCK": "B",
        "FLOOR": "3",
        "FLAT": "CP008",
        "HOUSE_NUM_PREFIX": NaN,
        "STREET_NAME_ENG": NaN,
        "STREET_NAME_CHN": NaN,
        "AREA_DESC_ENG": NaN,
        "AREA_DESC_CHN": NaN,
        "FREE_FORMAT_ADDR_ENG": "CAR PARKING SPACE 8 ON 3/F OF BUILDING B OF MERCANTILE INDUSTRIAL & WAREHOUSE BUILDING NOS.16/24 TA CHUEN PING STREET KWAI CHUNG N.T.",
        "FREE_FORMAT_ADDR_CHN": NaN,
        "DEV_NAME_ENG": "MERCANTILE INDUSTRIAL & WAREHOUSE B",
        "DEV_NAME_CHN": "有利工業貨倉大厦",
        "FIRST_REFERENCE_LOT_PRN": "C1475853"
    },
    {
        "PRN": "B7123115",
        "SEQ_NUM": 1,
        "BLOCK": "B",
        "FLOOR": "3",
        "FLAT": "CP015",
        "HOUSE_NUM_PREFIX": NaN,
        "STREET_NAME_ENG": NaN,
        "STREET_NAME_CHN": NaN,
        "AREA_DESC_ENG": NaN,
        "AREA_DESC_CHN": NaN,
        "FREE_FORMAT_ADDR_ENG": "CAR PARKING SPACE 15 ON 3/F OF BUILDING B OF MERCANTILE INDUSTRIAL & WAREHOUSE BUILDING NOS.16/24 TA CHUEN PING STREET KWAI CHUNG N.T.",
        "FREE_FORMAT_ADDR_CHN": NaN,
        "DEV_NAME_ENG": "MERCANTILE INDUSTRIAL & WAREHOUSE B",
        "DEV_NAME_CHN": "有利工業貨倉大厦",
        "FIRST_REFERENCE_LOT_PRN": "C1475853"
    },
    {
        "PRN": "B7123122",
        "SEQ_NUM": 1,
        "BLOCK": "B",
        "FLOOR": "3",
        "FLAT": "CP016",
        "HOUSE_NUM_PREFIX": NaN,
        "STREET_NAME_ENG": NaN,
        "STREET_NAME_CHN": NaN,
        "AREA_DESC_ENG": NaN,
        "AREA_DESC_CHN": NaN,
        "FREE_FORMAT_ADDR_ENG": "CAR PARKING SPACE 16 ON 3/F OF BUILDING B OF MERCANTILE INDUSTRIAL & WAREHOUSE BUILDING NOS.16/24 TA CHUEN PING STREET KWAI CHUNG N.T.",
        "FREE_FORMAT_ADDR_CHN": NaN,
        "DEV_NAME_ENG": "MERCANTILE INDUSTRIAL & WAREHOUSE B",
        "DEV_NAME_CHN": "有利工業貨倉大厦",
        "FIRST_REFERENCE_LOT_PRN": "C1475853"
    },
    {
        "PRN": "B7123136",
        "SEQ_NUM": 1,
        "BLOCK": "B",
        "FLOOR": "3",
        "FLAT": "CP017",
        "HOUSE_NUM_PREFIX": NaN,
        "STREET_NAME_ENG": NaN,
        "STREET_NAME_CHN": NaN,
        "AREA_DESC_ENG": NaN,
        "AREA_DESC_CHN": NaN,
        "FREE_FORMAT_ADDR_ENG": "CAR PARKING SPACE 17 ON 3/F OF BUILDING B OF MERCANTILE INDUSTRIAL & WAREHOUSE BUILDING NOS.16/24 TA CHUEN PING STREET KWAI CHUNG N.T.",
        "FREE_FORMAT_ADDR_CHN": NaN,
        "DEV_NAME_ENG": "MERCANTILE INDUSTRIAL & WAREHOUSE B",
        "DEV_NAME_CHN": "有利工業貨倉大厦",
        "FIRST_REFERENCE_LOT_PRN": "C1475853"
    },
    {
        "PRN": "B7948768",
        "SEQ_NUM": 1,
        "BLOCK": "A",
        "FLOOR": "4",
        "FLAT": "A",
        "HOUSE_NUM_PREFIX": NaN,
        "STREET_NAME_ENG": NaN,
        "STREET_NAME_CHN": NaN,
        "AREA_DESC_ENG": NaN,
        "AREA_DESC_CHN": NaN,
        "FREE_FORMAT_ADDR_ENG": "UNIT A ON 4/F OF BUILDING A MERCANTILE INDUSTRIAL & WAREHOUSE BUILDING NOS.16/24 TA CHUEN PING STREET KWAI CHUNG NEW TERRITORIES",
        "FREE_FORMAT_ADDR_CHN": NaN,
        "DEV_NAME_ENG": "MERCANTILE INDUSTRIAL & WAREHOUSE B",
        "DEV_NAME_CHN": "有利工業貨倉大厦",
        "FIRST_REFERENCE_LOT_PRN": "C1475853"
    },
    {
        "PRN": "B7948773",
        "SEQ_NUM": 1,
        "BLOCK": "A",
        "FLOOR": "B",
        "FLAT": "CP022",
        "HOUSE_NUM_PREFIX": NaN,
        "STREET_NAME_ENG": NaN,
        "STREET_NAME_CHN": NaN,
        "AREA_DESC_ENG": NaN,
        "AREA_DESC_CHN": NaN,
        "FREE_FORMAT_ADDR_ENG": "CAR PARKING SPACE 22 ON B/F OF BUILDING A OF MERCANTILE INDUSTRIAL & WAREHOUSE BUILDING NOS.16/24 TA CHUEN PING STREET KWAI CHUNG N.T.",
        "FREE_FORMAT_ADDR_CHN": NaN,
        "DEV_NAME_ENG": "MERCANTILE INDUSTRIAL & WAREHOUSE B",
        "DEV_NAME_CHN": "有利工業貨倉大厦",
        "FIRST_REFERENCE_LOT_PRN": "C1475853"
    },
    {
        "PRN": "B7948843",
        "SEQ_NUM": 1,
        "BLOCK": "B",
        "FLOOR": "5",
        "FLAT": "C",
        "HOUSE_NUM_PREFIX": NaN,
        "STREET_NAME_ENG": NaN,
        "STREET_NAME_CHN": NaN,
        "AREA_DESC_ENG": NaN,
        "AREA_DESC_CHN": NaN,
        "FREE_FORMAT_ADDR_ENG": "UNIT C ON 5/F FORMERLY KNOWN AS B1 BUILDING B OF MERCANTILE INDUSTRIAL & WAREHOUSE BUILDING NOS.16/24 TA CHUEN PING STREET KWAI CHUNG N.T.",
        "FREE_FORMAT_ADDR_CHN": NaN,
        "DEV_NAME_ENG": "MERCANTILE INDUSTRIAL & WAREHOUSE B",
        "DEV_NAME_CHN": "有利工業貨倉大厦",
        "FIRST_REFERENCE_LOT_PRN": "C1475853"
    },
    {
        "PRN": "B8282911",
        "SEQ_NUM": 1,
        "BLOCK": "A",
        "FLOOR": "3",
        "FLAT": "A",
        "HOUSE_NUM_PREFIX": NaN,
        "STREET_NAME_ENG": NaN,
        "STREET_NAME_CHN": NaN,
        "AREA_DESC_ENG": NaN,
        "AREA_DESC_CHN": NaN,
        "FREE_FORMAT_ADDR_ENG": "UNIT A ON 3/F & ITS FLAT ROOF OF BUILDING A OF MERCANTILE INDUSTRIAL & WAREHOUSE BUILDING NOS.16/24 TA CHUEN PING STREET KWAI CHUNG N.T.",
        "FREE_FORMAT_ADDR_CHN": NaN,
        "DEV_NAME_ENG": "MERCANTILE INDUSTRIAL & WAREHOUSE B",
        "DEV_NAME_CHN": "有利工業貨倉大厦",
        "FIRST_REFERENCE_LOT_PRN": "C1475853"
    },
    {
        "PRN": "B8282926",
        "SEQ_NUM": 1,
        "BLOCK": "A",
        "FLOOR": "6",
        "FLAT": "A",
        "HOUSE_NUM_PREFIX": NaN,
        "STREET_NAME_ENG": NaN,
        "STREET_NAME_CHN": NaN,
        "AREA_DESC_ENG": NaN,
        "AREA_DESC_CHN": NaN,
        "FREE_FORMAT_ADDR_ENG": "UNIT A ON 6/F OF BUILDING A MERCANTILE INDUSTRIAL & WAREHOUSE BUILDING NOS.16/24 TA CHUEN PING STREET KWAI CHUNG NEW TERRITORIES",
        "FREE_FORMAT_ADDR_CHN": NaN,
        "DEV_NAME_ENG": "MERCANTILE INDUSTRIAL & WAREHOUSE B",
        "DEV_NAME_CHN": "有利工業貨倉大厦",
        "FIRST_REFERENCE_LOT_PRN": "C1475853"
    },
    {
        "PRN": "B8282930",
        "SEQ_NUM": 1,
        "BLOCK": "A",
        "FLOOR": "7",
        "FLAT": "B",
        "HOUSE_NUM_PREFIX": NaN,
        "STREET_NAME_ENG": NaN,
        "STREET_NAME_CHN": NaN,
        "AREA_DESC_ENG": NaN,
        "AREA_DESC_CHN": NaN,
        "FREE_FORMAT_ADDR_ENG": "UNIT B OR KNOWN AS A2 ON 7/F OF BUILDING A OF MERCANTILE INDUSTRIAL & WAREHOUSE BUILDING NOS.16/24 TA CHUEN PING STREET KWAI CHUNG N.T.",
        "FREE_FORMAT_ADDR_CHN": NaN,
        "DEV_NAME_ENG": "MERCANTILE INDUSTRIAL & WAREHOUSE B",
        "DEV_NAME_CHN": "有利工業貨倉大厦",
        "FIRST_REFERENCE_LOT_PRN": "C1475853"
    },
    {
        "PRN": "B8282983",
        "SEQ_NUM": 1,
        "BLOCK": "B",
        "FLOOR": "1",
        "FLAT": "CP003",
        "HOUSE_NUM_PREFIX": NaN,
        "STREET_NAME_ENG": NaN,
        "STREET_NAME_CHN": NaN,
        "AREA_DESC_ENG": NaN,
        "AREA_DESC_CHN": NaN,
        "FREE_FORMAT_ADDR_ENG": "CAR PARKING SPACE 3 ON 1/F OF BUILDING B OF MERCANTILE INDUSTRIAL & WAREHOUSE BUILDING NOS.16/24 TA CHUEN PING STREET KWAI CHUNG N.T.",
        "FREE_FORMAT_ADDR_CHN": NaN,
        "DEV_NAME_ENG": "MERCANTILE INDUSTRIAL & WAREHOUSE B",
        "DEV_NAME_CHN": "有利工業貨倉大厦",
        "FIRST_REFERENCE_LOT_PRN": "C1475853"
    },
    {
        "PRN": "B8282997",
        "SEQ_NUM": 1,
        "BLOCK": "B",
        "FLOOR": "3",
        "FLAT": "CP011",
        "HOUSE_NUM_PREFIX": NaN,
        "STREET_NAME_ENG": NaN,
        "STREET_NAME_CHN": NaN,
        "AREA_DESC_ENG": NaN,
        "AREA_DESC_CHN": NaN,
        "FREE_FORMAT_ADDR_ENG": "CAR PARKING SPACE 11 ON 3/F OF BUILDING B OF MERCANTILE INDUSTRIAL & WAREHOUSE BUILDING NOS.16/24 TA CHUEN PING STREET KWAI CHUNG N.T.",
        "FREE_FORMAT_ADDR_CHN": NaN,
        "DEV_NAME_ENG": "MERCANTILE INDUSTRIAL & WAREHOUSE B",
        "DEV_NAME_CHN": "有利工業貨倉大厦",
        "FIRST_REFERENCE_LOT_PRN": "C1475853"
    },
    {
        "PRN": "B8619538",
        "SEQ_NUM": 1,
        "BLOCK": "B",
        "FLOOR": "1",
        "FLAT": "D",
        "HOUSE_NUM_PREFIX": NaN,
        "STREET_NAME_ENG": NaN,
        "STREET_NAME_CHN": NaN,
        "AREA_DESC_ENG": NaN,
        "AREA_DESC_CHN": NaN,
        "FREE_FORMAT_ADDR_ENG": "FACTORY D ON 1/F OF BUILDING B MERCANTILE INDUSTRIAL & WAREHOUSE BUILDING NOS.16/24 TA CHUEN PING STREET KWAI CHUNG NEW TERRITORIES",
        "FREE_FORMAT_ADDR_CHN": NaN,
        "DEV_NAME_ENG": "MERCANTILE INDUSTRIAL & WAREHOUSE B",
        "DEV_NAME_CHN": "有利工業貨倉大厦",
        "FIRST_REFERENCE_LOT_PRN": "C1475853"
    },
    {
        "PRN": "B9806140",
        "SEQ_NUM": 1,
        "BLOCK": "A",
        "FLOOR": "B",
        "FLAT": "CP018",
        "HOUSE_NUM_PREFIX": NaN,
        "STREET_NAME_ENG": NaN,
        "STREET_NAME_CHN": NaN,
        "AREA_DESC_ENG": NaN,
        "AREA_DESC_CHN": NaN,
        "FREE_FORMAT_ADDR_ENG": "CAR PARKING SPACE 18 ON B/F OF BUILDING A OF MERCANTILE INDUSTRIAL & WAREHOUSE BUILDING NOS.16/24 TA CHUEN PING STREET KWAI CHUNG N.T.",
        "FREE_FORMAT_ADDR_CHN": NaN,
        "DEV_NAME_ENG": "MERCANTILE INDUSTRIAL & WAREHOUSE B",
        "DEV_NAME_CHN": "有利工業貨倉大厦",
        "FIRST_REFERENCE_LOT_PRN": "C1475853"
    },
    {
        "PRN": "B9806218",
        "SEQ_NUM": 1,
        "BLOCK": "A",
        "FLOOR": NaN,
        "FLAT": "MM003",
        "HOUSE_NUM_PREFIX": NaN,
        "STREET_NAME_ENG": NaN,
        "STREET_NAME_CHN": NaN,
        "AREA_DESC_ENG": NaN,
        "AREA_DESC_CHN": NaN,
        "FREE_FORMAT_ADDR_ENG": "GODOWN ON B/F OF BUILDING A MERCANTILE INDUSTRIAL & WAREHOUSE BUILDING NOS.16/24 TA CHUEN PING STREET KWAI CHUNG NEW TERRITORIES",
        "FREE_FORMAT_ADDR_CHN": NaN,
        "DEV_NAME_ENG": "MERCANTILE INDUSTRIAL & WAREHOUSE B",
        "DEV_NAME_CHN": "有利工業貨倉大厦",
        "FIRST_REFERENCE_LOT_PRN": "C1475853"
    },
    {
        "PRN": "B9806428",
        "SEQ_NUM": 1,
        "BLOCK": "B",
        "FLOOR": "7",
        "FLAT": "C",
        "HOUSE_NUM_PREFIX": NaN,
        "STREET_NAME_ENG": NaN,
        "STREET_NAME_CHN": NaN,
        "AREA_DESC_ENG": NaN,
        "AREA_DESC_CHN": NaN,
        "FREE_FORMAT_ADDR_ENG": "UNIT C ON 7/F FORMERLY KNOWN AS B1 BUILDING B OF MERCANTILE INDUSTRIAL & WAREHOUSE BUILDING NOS.16/24 TA CHUEN PING STREET KWAI CHUNG N.T.",
        "FREE_FORMAT_ADDR_CHN": NaN,
        "DEV_NAME_ENG": "MERCANTILE INDUSTRIAL & WAREHOUSE B",
        "DEV_NAME_CHN": "有利工業貨倉大厦",
        "FIRST_REFERENCE_LOT_PRN": "C1475853"
    },
    {
        "PRN": "B9806448",
        "SEQ_NUM": 1,
        "BLOCK": "B",
        "FLOOR": "3",
        "FLAT": "CP001",
        "HOUSE_NUM_PREFIX": NaN,
        "STREET_NAME_ENG": NaN,
        "STREET_NAME_CHN": NaN,
        "AREA_DESC_ENG": NaN,
        "AREA_DESC_CHN": NaN,
        "FREE_FORMAT_ADDR_ENG": "CAR PARKING SPACE 1 ON 3/F OF BUILDING B OF MERCANTILE INDUSTRIAL & WAREHOUSE BUILDING NOS.16/24 TA CHUEN PING STREET KWAI CHUNG N.T.",
        "FREE_FORMAT_ADDR_CHN": NaN,
        "DEV_NAME_ENG": "MERCANTILE INDUSTRIAL & WAREHOUSE B",
        "DEV_NAME_CHN": "有利工業貨倉大厦",
        "FIRST_REFERENCE_LOT_PRN": "C1475853"
    },
    {
        "PRN": "B9806450",
        "SEQ_NUM": 1,
        "BLOCK": "B",
        "FLOOR": "7",
        "FLAT": "D",
        "HOUSE_NUM_PREFIX": NaN,
        "STREET_NAME_ENG": NaN,
        "STREET_NAME_CHN": NaN,
        "AREA_DESC_ENG": NaN,
        "AREA_DESC_CHN": NaN,
        "FREE_FORMAT_ADDR_ENG": "UNIT D ON 7/F FORMERLY KNOWN AS B2 BUILDING B OF MERCANTILE INDUSTRIAL & WAREHOUSE BUILDING NOS.16/24 TA CHUEN PING STREET KWAI CHUNG N.T.",
        "FREE_FORMAT_ADDR_CHN": NaN,
        "DEV_NAME_ENG": "MERCANTILE INDUSTRIAL & WAREHOUSE B",
        "DEV_NAME_CHN": "有利工業貨倉大厦",
        "FIRST_REFERENCE_LOT_PRN": "C1475853"
    },
    {
        "PRN": "C0964006",
        "SEQ_NUM": 1,
        "BLOCK": "B",
        "FLOOR": "1",
        "FLAT": "CP009",
        "HOUSE_NUM_PREFIX": NaN,
        "STREET_NAME_ENG": NaN,
        "STREET_NAME_CHN": NaN,
        "AREA_DESC_ENG": NaN,
        "AREA_DESC_CHN": NaN,
        "FREE_FORMAT_ADDR_ENG": "CAR PARKING SPACE 9 ON 1/F OF BUILDING B OF MERCANTILE INDUSTRIAL & WAREHOUSE BUILDING NOS.16/24 TA CHUEN PING STREET KWAI CHUNG N.T.",
        "FREE_FORMAT_ADDR_CHN": NaN,
        "DEV_NAME_ENG": "MERCANTILE INDUSTRIAL & WAREHOUSE B",
        "DEV_NAME_CHN": "有利工業貨倉大厦",
        "FIRST_REFERENCE_LOT_PRN": "C1475853"
    },
    {
        "PRN": "C1296969",
        "SEQ_NUM": 1,
        "BLOCK": "A",
        "FLOOR": "1",
        "FLAT": "C",
        "HOUSE_NUM_PREFIX": NaN,
        "STREET_NAME_ENG": NaN,
        "STREET_NAME_CHN": NaN,
        "AREA_DESC_ENG": NaN,
        "AREA_DESC_CHN": NaN,
        "FREE_FORMAT_ADDR_ENG": "UNIT C OR KNOWN AS A3 ON 1/F OF BUILDING A OF MERCANTILE INDUSTRIAL & WAREHOUSE BUILDING NOS.16/24 TA CHUEN PING STREET KWAI CHUNG N.T.",
        "FREE_FORMAT_ADDR_CHN": NaN,
        "DEV_NAME_ENG": "MERCANTILE INDUSTRIAL & WAREHOUSE B",
        "DEV_NAME_CHN": "有利工業貨倉大厦",
        "FIRST_REFERENCE_LOT_PRN": "C1475853"
    },
    {
        "PRN": "C1297026",
        "SEQ_NUM": 1,
        "BLOCK": "B",
        "FLOOR": "11",
        "FLAT": "D",
        "HOUSE_NUM_PREFIX": NaN,
        "STREET_NAME_ENG": NaN,
        "STREET_NAME_CHN": NaN,
        "AREA_DESC_ENG": NaN,
        "AREA_DESC_CHN": NaN,
        "FREE_FORMAT_ADDR_ENG": "UNIT D ON 11/F FORMERLY KNOWN AS B2 BUILDING B OF MERCANTILE INDUSTRIAL & WAREHOUSE BUILDING NOS.16/24 TA CHUEN PING STREET KWAI CHUNG N.T.",
        "FREE_FORMAT_ADDR_CHN": NaN,
        "DEV_NAME_ENG": "MERCANTILE INDUSTRIAL & WAREHOUSE B",
        "DEV_NAME_CHN": "有利工業貨倉大厦",
        "FIRST_REFERENCE_LOT_PRN": "C1475853"
    },
    {
        "PRN": "D3261346",
        "SEQ_NUM": 1,
        "BLOCK": "A",
        "FLOOR": "1",
        "FLAT": "A1",
        "HOUSE_NUM_PREFIX": NaN,
        "STREET_NAME_ENG": NaN,
        "STREET_NAME_CHN": NaN,
        "AREA_DESC_ENG": NaN,
        "AREA_DESC_CHN": NaN,
        "FREE_FORMAT_ADDR_ENG": "WORKSHOP A1 AND SPACE A1 ON THE 1ST FLOOR OF BLOCK A MERCANTILE INDUSTRIAL & WAREHOUSE BUILDING NOS.16/24 TA CHUEN PING STREET KWAI CHUNG NEW TERRITORIES",
        "FREE_FORMAT_ADDR_CHN": NaN,
        "DEV_NAME_ENG": "MERCANTILE INDUSTRIAL & WAREHOUSE B",
        "DEV_NAME_CHN": "有利工業貨倉大厦",
        "FIRST_REFERENCE_LOT_PRN": "C1475853"
    },
    {
        "PRN": "D3261353",
        "SEQ_NUM": 1,
        "BLOCK": "A",
        "FLOOR": "1",
        "FLAT": "A2",
        "HOUSE_NUM_PREFIX": NaN,
        "STREET_NAME_ENG": NaN,
        "STREET_NAME_CHN": NaN,
        "AREA_DESC_ENG": NaN,
        "AREA_DESC_CHN": NaN,
        "FREE_FORMAT_ADDR_ENG": "WORKSHOP A2 AND SPACE A2 ON THE 1ST FLOOR OF BLOCK A MERCANTILE INDUSTRIAL & WAREHOUSE BUILDING NOS.16/24 TA CHUEN PING STREET KWAI CHUNG NEW TERRITORIES",
        "FREE_FORMAT_ADDR_CHN": NaN,
        "DEV_NAME_ENG": "MERCANTILE INDUSTRIAL & WAREHOUSE B",
        "DEV_NAME_CHN": "有利工業貨倉大厦",
        "FIRST_REFERENCE_LOT_PRN": "C1475853"
    },
    {
        "PRN": "D3261363",
        "SEQ_NUM": 1,
        "BLOCK": "A",
        "FLOOR": "1",
        "FLAT": "A3",
        "HOUSE_NUM_PREFIX": NaN,
        "STREET_NAME_ENG": NaN,
        "STREET_NAME_CHN": NaN,
        "AREA_DESC_ENG": NaN,
        "AREA_DESC_CHN": NaN,
        "FREE_FORMAT_ADDR_ENG": "WORKSHOP A3 AND SPACE A3 ON THE 1ST FLOOR OF BLOCK A MERCANTILE INDUSTRIAL & WAREHOUSE BUILDING NOS.16/24 TA CHUEN PING STREET KWAI CHUNG NEW TERRITORIES",
        "FREE_FORMAT_ADDR_CHN": NaN,
        "DEV_NAME_ENG": "MERCANTILE INDUSTRIAL & WAREHOUSE B",
        "DEV_NAME_CHN": "有利工業貨倉大厦",
        "FIRST_REFERENCE_LOT_PRN": "C1475853"
    },
    {
        "PRN": "D3261379",
        "SEQ_NUM": 1,
        "BLOCK": "A",
        "FLOOR": "1",
        "FLAT": "A4",
        "HOUSE_NUM_PREFIX": NaN,
        "STREET_NAME_ENG": NaN,
        "STREET_NAME_CHN": NaN,
        "AREA_DESC_ENG": NaN,
        "AREA_DESC_CHN": NaN,
        "FREE_FORMAT_ADDR_ENG": "WORKSHOP A4 AND SPACE A4 ON THE 1ST FLOOR OF BLOCK A MERCANTILE INDUSTRIAL & WAREHOUSE BUILDING NOS.16/24 TA CHUEN PING STREET KWAI CHUNG NEW TERRITORIES",
        "FREE_FORMAT_ADDR_CHN": NaN,
        "DEV_NAME_ENG": "MERCANTILE INDUSTRIAL & WAREHOUSE B",
        "DEV_NAME_CHN": "有利工業貨倉大厦",
        "FIRST_REFERENCE_LOT_PRN": "C1475853"
    },
    {
        "PRN": "D3261385",
        "SEQ_NUM": 1,
        "BLOCK": "A",
        "FLOOR": "1",
        "FLAT": "A5",
        "HOUSE_NUM_PREFIX": NaN,
        "STREET_NAME_ENG": NaN,
        "STREET_NAME_CHN": NaN,
        "AREA_DESC_ENG": NaN,
        "AREA_DESC_CHN": NaN,
        "FREE_FORMAT_ADDR_ENG": "WORKSHOP A5 AND SPACE A5 ON THE 1ST FLOOR OF BLOCK A MERCANTILE INDUSTRIAL & WAREHOUSE BUILDING NOS.16/24 TA CHUEN PING STREET KWAI CHUNG NEW TERRITORIES",
        "FREE_FORMAT_ADDR_CHN": NaN,
        "DEV_NAME_ENG": "MERCANTILE INDUSTRIAL & WAREHOUSE B",
        "DEV_NAME_CHN": "有利工業貨倉大厦",
        "FIRST_REFERENCE_LOT_PRN": "C1475853"
    },
    {
        "PRN": "D3261398",
        "SEQ_NUM": 1,
        "BLOCK": "A",
        "FLOOR": "1",
        "FLAT": "A6",
        "HOUSE_NUM_PREFIX": NaN,
        "STREET_NAME_ENG": NaN,
        "STREET_NAME_CHN": NaN,
        "AREA_DESC_ENG": NaN,
        "AREA_DESC_CHN": NaN,
        "FREE_FORMAT_ADDR_ENG": "WORKSHOP A6 AND SPACE A6 ON THE 1ST FLOOR OF BLOCK A MERCANTILE INDUSTRIAL & WAREHOUSE BUILDING NOS.16/24 TA CHUEN PING STREET KWAI CHUNG NEW TERRITORIES",
        "FREE_FORMAT_ADDR_CHN": NaN,
        "DEV_NAME_ENG": "MERCANTILE INDUSTRIAL & WAREHOUSE B",
        "DEV_NAME_CHN": "有利工業貨倉大厦",
        "FIRST_REFERENCE_LOT_PRN": "C1475853"
    },
    {
        "PRN": "D3261400",
        "SEQ_NUM": 1,
        "BLOCK": "A",
        "FLOOR": "1",
        "FLAT": "A7",
        "HOUSE_NUM_PREFIX": NaN,
        "STREET_NAME_ENG": NaN,
        "STREET_NAME_CHN": NaN,
        "AREA_DESC_ENG": NaN,
        "AREA_DESC_CHN": NaN,
        "FREE_FORMAT_ADDR_ENG": "WORKSHOP A7 AND SPACE A7 ON THE 1ST FLOOR OF BLOCK A MERCANTILE INDUSTRIAL & WAREHOUSE BUILDING NOS.16/24 TA CHUEN PING STREET KWAI CHUNG NEW TERRITORIES",
        "FREE_FORMAT_ADDR_CHN": NaN,
        "DEV_NAME_ENG": "MERCANTILE INDUSTRIAL & WAREHOUSE B",
        "DEV_NAME_CHN": "有利工業貨倉大厦",
        "FIRST_REFERENCE_LOT_PRN": "C1475853"
    },
    {
        "PRN": "D3261413",
        "SEQ_NUM": 1,
        "BLOCK": "A",
        "FLOOR": "1",
        "FLAT": "A8",
        "HOUSE_NUM_PREFIX": NaN,
        "STREET_NAME_ENG": NaN,
        "STREET_NAME_CHN": NaN,
        "AREA_DESC_ENG": NaN,
        "AREA_DESC_CHN": NaN,
        "FREE_FORMAT_ADDR_ENG": "WORKSHOP A8 AND SPACE A8 ON THE 1ST FLOOR OF BLOCK A MERCANTILE INDUSTRIAL & WAREHOUSE BUILDING NOS.16/24 TA CHUEN PING STREET KWAI CHUNG NEW TERRITORIES",
        "FREE_FORMAT_ADDR_CHN": NaN,
        "DEV_NAME_ENG": "MERCANTILE INDUSTRIAL & WAREHOUSE B",
        "DEV_NAME_CHN": "有利工業貨倉大厦",
        "FIRST_REFERENCE_LOT_PRN": "C1475853"
    }
]