[
    {
        "PRN": "A2147879",
        "SEQ_NUM": 1,
        "BLOCK": "1",
        "FLOOR": "10",
        "FLAT": "A",
        "HOUSE_NUM_PREFIX": 2.0,
        "STREET_NAME_ENG": "SHAU KEI WAN MAIN STREET EAST",
        "STREET_NAME_CHN": "筲箕灣東大街",
        "AREA_DESC_ENG": "HONG KONG",
        "AREA_DESC_CHN": "香港",
        "FREE_FORMAT_ADDR_ENG": "FLAT A ON 10TH FLOOR NEWTON HARBOUR VIEW TOWER 1 NO.2 SHAU KEI WAN MAIN STREET EAST HONG KONG",
        "FREE_FORMAT_ADDR_CHN": NaN,
        "DEV_NAME_ENG": "NEWTON HARBOUR VIEW TOWER 1",
        "DEV_NAME_CHN": "麗東海景豪苑第一座",
        "FIRST_REFERENCE_LOT_PRN": "C6527816"
    },
    {
        "PRN": "A2147885",
        "SEQ_NUM": 1,
        "BLOCK": "1",
        "FLOOR": "13",
        "FLAT": "A",
        "HOUSE_NUM_PREFIX": 2.0,
        "STREET_NAME_ENG": "SHAU KEI WAN MAIN STREET EAST",
        "STREET_NAME_CHN": "筲箕灣東大街",
        "AREA_DESC_ENG": "HONG KONG",
        "AREA_DESC_CHN": "香港",
        "FREE_FORMAT_ADDR_ENG": "FLAT A ON 13TH FLOOR NEWTON HARBOUR VIEW TOWER 1 NO.2 SHAU KEI WAN MAIN STREET EAST HONG KONG",
        "FREE_FORMAT_ADDR_CHN": NaN,
        "DEV_NAME_ENG": "NEWTON HARBOUR VIEW TOWER 1",
        "DEV_NAME_CHN": "麗東海景豪苑第一座",
        "FIRST_REFERENCE_LOT_PRN": "C6527816"
    },
    {
        "PRN": "A2147890",
        "SEQ_NUM": 1,
        "BLOCK": "1",
        "FLOOR": "15",
        "FLAT": "A",
        "HOUSE_NUM_PREFIX": 2.0,
        "STREET_NAME_ENG": "SHAU KEI WAN MAIN STREET EAST",
        "STREET_NAME_CHN": "筲箕灣東大街",
        "AREA_DESC_ENG": "HONG KONG",
        "AREA_DESC_CHN": "香港",
        "FREE_FORMAT_ADDR_ENG": "FLAT A ON 15TH FLOOR NEWTON HARBOUR VIEW TOWER 1 NO.2 SHAU KEI WAN MAIN STREET EAST HONG KONG",
        "FREE_FORMAT_ADDR_CHN": NaN,
        "DEV_NAME_ENG": "NEWTON HARBOUR VIEW TOWER 1",
        "DEV_NAME_CHN": "麗東海景豪苑第一座",
        "FIRST_REFERENCE_LOT_PRN": "C6527816"
    },
    {
        "PRN": "A2147900",
        "SEQ_NUM": 1,
        "BLOCK": "1",
        "FLOOR": "16",
        "FLAT": "A",
        "HOUSE_NUM_PREFIX": 2.0,
        "STREET_NAME_ENG": "SHAU KEI WAN MAIN STREET EAST",
        "STREET_NAME_CHN": "筲箕灣東大街",
        "AREA_DESC_ENG": "HONG KONG",
        "AREA_DESC_CHN": "香港",
        "FREE_FORMAT_ADDR_ENG": "FLAT A ON 16TH FLOOR NEWTON HARBOUR VIEW TOWER 1 NO.2 SHAU KEI WAN MAIN STREET EAST HONG KONG",
        "FREE_FORMAT_ADDR_CHN": NaN,
        "DEV_NAME_ENG": "NEWTON HARBOUR VIEW TOWER 1",
        "DEV_NAME_CHN": "麗東海景豪苑第一座",
        "FIRST_REFERENCE_LOT_PRN": "C6527816"
    },
    {
        "PRN": "A2147916",
        "SEQ_NUM": 1,
        "BLOCK": "1",
        "FLOOR": "17",
        "FLAT": "A",
        "HOUSE_NUM_PREFIX": 2.0,
        "STREET_NAME_ENG": "SHAU KEI WAN MAIN STREET EAST",
        "STREET_NAME_CHN": "筲箕灣東大街",
        "AREA_DESC_ENG": "HONG KONG",
        "AREA_DESC_CHN": "香港",
        "FREE_FORMAT_ADDR_ENG": "FLAT A ON 17TH FLOOR NEWTON HARBOUR VIEW TOWER 1 NO.2 SHAU KEI WAN MAIN STREET EAST HONG KONG",
        "FREE_FORMAT_ADDR_CHN": NaN,
        "DEV_NAME_ENG": "NEWTON HARBOUR VIEW TOWER 1",
        "DEV_NAME_CHN": "麗東海景豪苑第一座",
        "FIRST_REFERENCE_LOT_PRN": "C6527816"
    },
    {
        "PRN": "A2147921",
        "SEQ_NUM": 1,
        "BLOCK": "1",
        "FLOOR": "18",
        "FLAT": "A",
        "HOUSE_NUM_PREFIX": 2.0,
        "STREET_NAME_ENG": "SHAU KEI WAN MAIN STREET EAST",
        "STREET_NAME_CHN": "筲箕灣東大街",
        "AREA_DESC_ENG": "HONG KONG",
        "AREA_DESC_CHN": "香港",
        "FREE_FORMAT_ADDR_ENG": "FLAT A ON 18TH FLOOR NEWTON HARBOUR VIEW TOWER 1 NO.2 SHAU KEI WAN MAIN STREET EAST HONG KONG",
        "FREE_FORMAT_ADDR_CHN": NaN,
        "DEV_NAME_ENG": "NEWTON HARBOUR VIEW TOWER 1",
        "DEV_NAME_CHN": "麗東海景豪苑第一座",
        "FIRST_REFERENCE_LOT_PRN": "C6527816"
    },
    {
        "PRN": "A2147938",
        "SEQ_NUM": 1,
        "BLOCK": "1",
        "FLOOR": "19",
        "FLAT": "A",
        "HOUSE_NUM_PREFIX": 2.0,
        "STREET_NAME_ENG": "SHAU KEI WAN MAIN STREET EAST",
        "STREET_NAME_CHN": "筲箕灣東大街",
        "AREA_DESC_ENG": "HONG KONG",
        "AREA_DESC_CHN": "香港",
        "FREE_FORMAT_ADDR_ENG": "FLAT A ON 19TH FLOOR NEWTON HARBOUR VIEW TOWER 1 NO.2 SHAU KEI WAN MAIN STREET EAST HONG KONG",
        "FREE_FORMAT_ADDR_CHN": NaN,
        "DEV_NAME_ENG": "NEWTON HARBOUR VIEW TOWER 1",
        "DEV_NAME_CHN": "麗東海景豪苑第一座",
        "FIRST_REFERENCE_LOT_PRN": "C6527816"
    },
    {
        "PRN": "A2147945",
        "SEQ_NUM": 1,
        "BLOCK": "1",
        "FLOOR": "2",
        "FLAT": "A",
        "HOUSE_NUM_PREFIX": 2.0,
        "STREET_NAME_ENG": "SHAU KEI WAN MAIN STREET EAST",
        "STREET_NAME_CHN": "筲箕灣東大街",
        "AREA_DESC_ENG": "HONG KONG",
        "AREA_DESC_CHN": "香港",
        "FREE_FORMAT_ADDR_ENG": "FLAT A ON 2ND FLOOR NEWTON HARBOUR VIEW TOWER 1 NO.2 SHAU KEI WAN MAIN STREET EAST HONG KONG",
        "FREE_FORMAT_ADDR_CHN": NaN,
        "DEV_NAME_ENG": "NEWTON HARBOUR VIEW TOWER 1",
        "DEV_NAME_CHN": "麗東海景豪苑第一座",
        "FIRST_REFERENCE_LOT_PRN": "C6527816"
    },
    {
        "PRN": "A2147955",
        "SEQ_NUM": 1,
        "BLOCK": "1",
        "FLOOR": "20",
        "FLAT": "A",
        "HOUSE_NUM_PREFIX": 2.0,
        "STREET_NAME_ENG": "SHAU KEI WAN MAIN STREET EAST",
        "STREET_NAME_CHN": "筲箕灣東大街",
        "AREA_DESC_ENG": "HONG KONG",
        "AREA_DESC_CHN": "香港",
        "FREE_FORMAT_ADDR_ENG": "FLAT A ON 20TH FLOOR NEWTON HARBOUR VIEW TOWER 1 NO.2 SHAU KEI WAN MAIN STREET EAST HONG KONG",
        "FREE_FORMAT_ADDR_CHN": NaN,
        "DEV_NAME_ENG": "NEWTON HARBOUR VIEW TOWER 1",
        "DEV_NAME_CHN": "麗東海景豪苑第一座",
        "FIRST_REFERENCE_LOT_PRN": "C6527816"
    },
    {
        "PRN": "A2147969",
        "SEQ_NUM": 1,
        "BLOCK": "1",
        "FLOOR": "21",
        "FLAT": "A",
        "HOUSE_NUM_PREFIX": 2.0,
        "STREET_NAME_ENG": "SHAU KEI WAN MAIN STREET EAST",
        "STREET_NAME_CHN": "筲箕灣東大街",
        "AREA_DESC_ENG": "HONG KONG",
        "AREA_DESC_CHN": "香港",
        "FREE_FORMAT_ADDR_ENG": "FLAT A ON 21ST FLOOR NEWTON HARBOUR VIEW TOWER 1 NO.2 SHAU KEI WAN MAIN STREET EAST HONG KONG",
        "FREE_FORMAT_ADDR_CHN": NaN,
        "DEV_NAME_ENG": "NEWTON HARBOUR VIEW TOWER 1",
        "DEV_NAME_CHN": "麗東海景豪苑第一座",
        "FIRST_REFERENCE_LOT_PRN": "C6527816"
    },
    {
        "PRN": "A2147973",
        "SEQ_NUM": 1,
        "BLOCK": "1",
        "FLOOR": "22",
        "FLAT": "A",
        "HOUSE_NUM_PREFIX": 2.0,
        "STREET_NAME_ENG": "SHAU KEI WAN MAIN STREET EAST",
        "STREET_NAME_CHN": "筲箕灣東大街",
        "AREA_DESC_ENG": "HONG KONG",
        "AREA_DESC_CHN": "香港",
        "FREE_FORMAT_ADDR_ENG": "FLAT A ON 22ND FLOOR NEWTON HARBOUR VIEW TOWER 1 NO.2 SHAU KEI WAN MAIN STREET EAST HONG KONG",
        "FREE_FORMAT_ADDR_CHN": NaN,
        "DEV_NAME_ENG": "NEWTON HARBOUR VIEW TOWER 1",
        "DEV_NAME_CHN": "麗東海景豪苑第一座",
        "FIRST_REFERENCE_LOT_PRN": "C6527816"
    },
    {
        "PRN": "A2147984",
        "SEQ_NUM": 1,
        "BLOCK": "1",
        "FLOOR": "23",
        "FLAT": "A",
        "HOUSE_NUM_PREFIX": 2.0,
        "STREET_NAME_ENG": "SHAU KEI WAN MAIN STREET EAST",
        "STREET_NAME_CHN": "筲箕灣東大街",
        "AREA_DESC_ENG": "HONG KONG",
        "AREA_DESC_CHN": "香港",
        "FREE_FORMAT_ADDR_ENG": "FLAT A ON 23RD FLOOR NEWTON HARBOUR VIEW TOWER 1 NO.2 SHAU KEI WAN MAIN STREET EAST HONG KONG",
        "FREE_FORMAT_ADDR_CHN": NaN,
        "DEV_NAME_ENG": "NEWTON HARBOUR VIEW TOWER 1",
        "DEV_NAME_CHN": "麗東海景豪苑第一座",
        "FIRST_REFERENCE_LOT_PRN": "C6527816"
    },
    {
        "PRN": "A2147990",
        "SEQ_NUM": 1,
        "BLOCK": "1",
        "FLOOR": "25",
        "FLAT": "A",
        "HOUSE_NUM_PREFIX": 2.0,
        "STREET_NAME_ENG": "SHAU KEI WAN MAIN STREET EAST",
        "STREET_NAME_CHN": "筲箕灣東大街",
        "AREA_DESC_ENG": "HONG KONG",
        "AREA_DESC_CHN": "香港",
        "FREE_FORMAT_ADDR_ENG": "FLAT A ON 25TH FLOOR AND FLAT ROOF APPERTAINING THERETO NEWTON HARBOUR VIEW TOWER 1 NO.2 SHAU KEI WAN MAIN ST. E. H.K.",
        "FREE_FORMAT_ADDR_CHN": NaN,
        "DEV_NAME_ENG": "NEWTON HARBOUR VIEW TOWER 1",
        "DEV_NAME_CHN": "麗東海景豪苑第一座",
        "FIRST_REFERENCE_LOT_PRN": "C6527816"
    },
    {
        "PRN": "A2148006",
        "SEQ_NUM": 1,
        "BLOCK": "1",
        "FLOOR": "26",
        "FLAT": "A",
        "HOUSE_NUM_PREFIX": 2.0,
        "STREET_NAME_ENG": "SHAU KEI WAN MAIN STREET EAST",
        "STREET_NAME_CHN": "筲箕灣東大街",
        "AREA_DESC_ENG": "HONG KONG",
        "AREA_DESC_CHN": "香港",
        "FREE_FORMAT_ADDR_ENG": "FLAT A ON 26TH FLOOR AND FLAT ROOF APPERTAINING THERETO NEWTON HARBOUR VIEW TOWER 1 NO.2 SHAU KEI WAN MAIN ST. E. H.K.",
        "FREE_FORMAT_ADDR_CHN": NaN,
        "DEV_NAME_ENG": "NEWTON HARBOUR VIEW TOWER 1",
        "DEV_NAME_CHN": "麗東海景豪苑第一座",
        "FIRST_REFERENCE_LOT_PRN": "C6527816"
    },
    {
        "PRN": "A2148011",
        "SEQ_NUM": 1,
        "BLOCK": "1",
        "FLOOR": "3",
        "FLAT": "A",
        "HOUSE_NUM_PREFIX": 2.0,
        "STREET_NAME_ENG": "SHAU KEI WAN MAIN STREET EAST",
        "STREET_NAME_CHN": "筲箕灣東大街",
        "AREA_DESC_ENG": "HONG KONG",
        "AREA_DESC_CHN": "香港",
        "FREE_FORMAT_ADDR_ENG": "FLAT A ON 3RD FLOOR NEWTON HARBOUR VIEW TOWER 1 NO.2 SHAU KEI WAN MAIN STREET EAST HONG KONG",
        "FREE_FORMAT_ADDR_CHN": NaN,
        "DEV_NAME_ENG": "NEWTON HARBOUR VIEW TOWER 1",
        "DEV_NAME_CHN": "麗東海景豪苑第一座",
        "FIRST_REFERENCE_LOT_PRN": "C6527816"
    },
    {
        "PRN": "A2148021",
        "SEQ_NUM": 1,
        "BLOCK": "1",
        "FLOOR": "6",
        "FLAT": "A",
        "HOUSE_NUM_PREFIX": 2.0,
        "STREET_NAME_ENG": "SHAU KEI WAN MAIN STREET EAST",
        "STREET_NAME_CHN": "筲箕灣東大街",
        "AREA_DESC_ENG": "HONG KONG",
        "AREA_DESC_CHN": "香港",
        "FREE_FORMAT_ADDR_ENG": "FLAT A ON 6TH FLOOR NEWTON HARBOUR VIEW TOWER 1 NO.2 SHAU KEI WAN MAIN STREET EAST HONG KONG",
        "FREE_FORMAT_ADDR_CHN": NaN,
        "DEV_NAME_ENG": "NEWTON HARBOUR VIEW TOWER 1",
        "DEV_NAME_CHN": "麗東海景豪苑第一座",
        "FIRST_REFERENCE_LOT_PRN": "C6527816"
    },
    {
        "PRN": "A2148033",
        "SEQ_NUM": 1,
        "BLOCK": "1",
        "FLOOR": "7",
        "FLAT": "A",
        "HOUSE_NUM_PREFIX": 2.0,
        "STREET_NAME_ENG": "SHAU KEI WAN MAIN STREET EAST",
        "STREET_NAME_CHN": "筲箕灣東大街",
        "AREA_DESC_ENG": "HONG KONG",
        "AREA_DESC_CHN": "香港",
        "FREE_FORMAT_ADDR_ENG": "FLAT A ON 7TH FLOOR NEWTON HARBOUR VIEW TOWER 1 NO.2 SHAU KEI WAN MAIN STREET EAST HONG KONG",
        "FREE_FORMAT_ADDR_CHN": NaN,
        "DEV_NAME_ENG": "NEWTON HARBOUR VIEW TOWER 1",
        "DEV_NAME_CHN": "麗東海景豪苑第一座",
        "FIRST_REFERENCE_LOT_PRN": "C6527816"
    },
    {
        "PRN": "A2148040",
        "SEQ_NUM": 1,
        "BLOCK": "1",
        "FLOOR": "8",
        "FLAT": "A",
        "HOUSE_NUM_PREFIX": 2.0,
        "STREET_NAME_ENG": "SHAU KEI WAN MAIN STREET EAST",
        "STREET_NAME_CHN": "筲箕灣東大街",
        "AREA_DESC_ENG": "HONG KONG",
        "AREA_DESC_CHN": "香港",
        "FREE_FORMAT_ADDR_ENG": "FLAT A ON 8TH FLOOR NEWTON HARBOUR VIEW TOWER 1 NO.2 SHAU KEI WAN MAIN STREET EAST HONG KONG",
        "FREE_FORMAT_ADDR_CHN": NaN,
        "DEV_NAME_ENG": "NEWTON HARBOUR VIEW TOWER 1",
        "DEV_NAME_CHN": "麗東海景豪苑第一座",
        "FIRST_REFERENCE_LOT_PRN": "C6527816"
    },
    {
        "PRN": "A2148056",
        "SEQ_NUM": 1,
        "BLOCK": "1",
        "FLOOR": "9",
        "FLAT": "A",
        "HOUSE_NUM_PREFIX": 2.0,
        "STREET_NAME_ENG": "SHAU KEI WAN MAIN STREET EAST",
        "STREET_NAME_CHN": "筲箕灣東大街",
        "AREA_DESC_ENG": "HONG KONG",
        "AREA_DESC_CHN": "香港",
        "FREE_FORMAT_ADDR_ENG": "FLAT A ON 9TH FLOOR NEWTON HARBOUR VIEW TOWER 1 NO.2 SHAU KEI WAN MAIN STREET EAST HONG KONG",
        "FREE_FORMAT_ADDR_CHN": NaN,
        "DEV_NAME_ENG": "NEWTON HARBOUR VIEW TOWER 1",
        "DEV_NAME_CHN": "麗東海景豪苑第一座",
        "FIRST_REFERENCE_LOT_PRN": "C6527816"
    },
    {
        "PRN": "A2148065",
        "SEQ_NUM": 1,
        "BLOCK": "1",
        "FLOOR": "10",
        "FLAT": "B",
        "HOUSE_NUM_PREFIX": 2.0,
        "STREET_NAME_ENG": "SHAU KEI WAN MAIN STREET EAST",
        "STREET_NAME_CHN": "筲箕灣東大街",
        "AREA_DESC_ENG": "HONG KONG",
        "AREA_DESC_CHN": "香港",
        "FREE_FORMAT_ADDR_ENG": "FLAT B ON 10TH FLOOR NEWTON HARBOUR VIEW TOWER 1 NO.2 SHAU KEI WAN MAIN STREET EAST HONG KONG",
        "FREE_FORMAT_ADDR_CHN": NaN,
        "DEV_NAME_ENG": "NEWTON HARBOUR VIEW TOWER 1",
        "DEV_NAME_CHN": "麗東海景豪苑第一座",
        "FIRST_REFERENCE_LOT_PRN": "C6527816"
    },
    {
        "PRN": "A2148079",
        "SEQ_NUM": 1,
        "BLOCK": "1",
        "FLOOR": "14",
        "FLAT": "B",
        "HOUSE_NUM_PREFIX": 2.0,
        "STREET_NAME_ENG": "SHAU KEI WAN MAIN STREET EAST",
        "STREET_NAME_CHN": "筲箕灣東大街",
        "AREA_DESC_ENG": "HONG KONG",
        "AREA_DESC_CHN": "香港",
        "FREE_FORMAT_ADDR_ENG": "FLAT B ON 14TH FLOOR NEWTON HARBOUR VIEW TOWER 1 NO.2 SHAU KEI WAN MAIN STREET EAST HONG KONG",
        "FREE_FORMAT_ADDR_CHN": NaN,
        "DEV_NAME_ENG": "NEWTON HARBOUR VIEW TOWER 1",
        "DEV_NAME_CHN": "麗東海景豪苑第一座",
        "FIRST_REFERENCE_LOT_PRN": "C6527816"
    },
    {
        "PRN": "A2148088",
        "SEQ_NUM": 1,
        "BLOCK": "1",
        "FLOOR": "17",
        "FLAT": "B",
        "HOUSE_NUM_PREFIX": 2.0,
        "STREET_NAME_ENG": "SHAU KEI WAN MAIN STREET EAST",
        "STREET_NAME_CHN": "筲箕灣東大街",
        "AREA_DESC_ENG": "HONG KONG",
        "AREA_DESC_CHN": "香港",
        "FREE_FORMAT_ADDR_ENG": "FLAT B ON 17TH FLOOR NEWTON HARBOUR VIEW TOWER 1 NO.2 SHAU KEI WAN MAIN STREET EAST HONG KONG",
        "FREE_FORMAT_ADDR_CHN": NaN,
        "DEV_NAME_ENG": "NEWTON HARBOUR VIEW TOWER 1",
        "DEV_NAME_CHN": "麗東海景豪苑第一座",
        "FIRST_REFERENCE_LOT_PRN": "C6527816"
    },
    {
        "PRN": "A2148094",
        "SEQ_NUM": 1,
        "BLOCK": "1",
        "FLOOR": "18",
        "FLAT": "B",
        "HOUSE_NUM_PREFIX": 2.0,
        "STREET_NAME_ENG": "SHAU KEI WAN MAIN STREET EAST",
        "STREET_NAME_CHN": "筲箕灣東大街",
        "AREA_DESC_ENG": "HONG KONG",
        "AREA_DESC_CHN": "香港",
        "FREE_FORMAT_ADDR_ENG": "FLAT B ON 18TH FLOOR NEWTON HARBOUR VIEW TOWER 1 NO.2 SHAU KEI WAN MAIN STREET EAST HONG KONG",
        "FREE_FORMAT_ADDR_CHN": NaN,
        "DEV_NAME_ENG": "NEWTON HARBOUR VIEW TOWER 1",
        "DEV_NAME_CHN": "麗東海景豪苑第一座",
        "FIRST_REFERENCE_LOT_PRN": "C6527816"
    },
    {
        "PRN": "A2148107",
        "SEQ_NUM": 1,
        "BLOCK": "1",
        "FLOOR": "19",
        "FLAT": "B",
        "HOUSE_NUM_PREFIX": 2.0,
        "STREET_NAME_ENG": "SHAU KEI WAN MAIN STREET EAST",
        "STREET_NAME_CHN": "筲箕灣東大街",
        "AREA_DESC_ENG": "HONG KONG",
        "AREA_DESC_CHN": "香港",
        "FREE_FORMAT_ADDR_ENG": "FLAT B ON 19TH FLOOR NEWTON HARBOUR VIEW TOWER 1 NO.2 SHAU KEI WAN MAIN STREET EAST HONG KONG",
        "FREE_FORMAT_ADDR_CHN": NaN,
        "DEV_NAME_ENG": "NEWTON HARBOUR VIEW TOWER 1",
        "DEV_NAME_CHN": "麗東海景豪苑第一座",
        "FIRST_REFERENCE_LOT_PRN": "C6527816"
    },
    {
        "PRN": "A2148116",
        "SEQ_NUM": 1,
        "BLOCK": "1",
        "FLOOR": "2",
        "FLAT": "B",
        "HOUSE_NUM_PREFIX": 2.0,
        "STREET_NAME_ENG": "SHAU KEI WAN MAIN STREET EAST",
        "STREET_NAME_CHN": "筲箕灣東大街",
        "AREA_DESC_ENG": "HONG KONG",
        "AREA_DESC_CHN": "香港",
        "FREE_FORMAT_ADDR_ENG": "FLAT B ON 2ND FLOOR NEWTON HARBOUR VIEW TOWER 1 NO.2 SHAU KEI WAN MAIN STREET EAST HONG KONG",
        "FREE_FORMAT_ADDR_CHN": NaN,
        "DEV_NAME_ENG": "NEWTON HARBOUR VIEW TOWER 1",
        "DEV_NAME_CHN": "麗東海景豪苑第一座",
        "FIRST_REFERENCE_LOT_PRN": "C6527816"
    },
    {
        "PRN": "A2148125",
        "SEQ_NUM": 1,
        "BLOCK": "1",
        "FLOOR": "20",
        "FLAT": "B",
        "HOUSE_NUM_PREFIX": 2.0,
        "STREET_NAME_ENG": "SHAU KEI WAN MAIN STREET EAST",
        "STREET_NAME_CHN": "筲箕灣東大街",
        "AREA_DESC_ENG": "HONG KONG",
        "AREA_DESC_CHN": "香港",
        "FREE_FORMAT_ADDR_ENG": "FLAT B ON 20TH FLOOR NEWTON HARBOUR VIEW TOWER 1 NO.2 SHAU KEI WAN MAIN STREET EAST HONG KONG",
        "FREE_FORMAT_ADDR_CHN": NaN,
        "DEV_NAME_ENG": "NEWTON HARBOUR VIEW TOWER 1",
        "DEV_NAME_CHN": "麗東海景豪苑第一座",
        "FIRST_REFERENCE_LOT_PRN": "C6527816"
    },
    {
        "PRN": "A2148135",
        "SEQ_NUM": 1,
        "BLOCK": "1",
        "FLOOR": "22",
        "FLAT": "B",
        "HOUSE_NUM_PREFIX": 2.0,
        "STREET_NAME_ENG": "SHAU KEI WAN MAIN STREET EAST",
        "STREET_NAME_CHN": "筲箕灣東大街",
        "AREA_DESC_ENG": "HONG KONG",
        "AREA_DESC_CHN": "香港",
        "FREE_FORMAT_ADDR_ENG": "FLAT B ON 22ND FLOOR NEWTON HARBOUR VIEW TOWER 1 NO.2 SHAU KEI WAN MAIN STREET EAST HONG KONG",
        "FREE_FORMAT_ADDR_CHN": NaN,
        "DEV_NAME_ENG": "NEWTON HARBOUR VIEW TOWER 1",
        "DEV_NAME_CHN": "麗東海景豪苑第一座",
        "FIRST_REFERENCE_LOT_PRN": "C6527816"
    },
    {
        "PRN": "A2148142",
        "SEQ_NUM": 1,
        "BLOCK": "1",
        "FLOOR": "23",
        "FLAT": "B",
        "HOUSE_NUM_PREFIX": 2.0,
        "STREET_NAME_ENG": "SHAU KEI WAN MAIN STREET EAST",
        "STREET_NAME_CHN": "筲箕灣東大街",
        "AREA_DESC_ENG": "HONG KONG",
        "AREA_DESC_CHN": "香港",
        "FREE_FORMAT_ADDR_ENG": "FLAT B ON 23RD FLOOR NEWTON HARBOUR VIEW TOWER 1 NO.2 SHAU KEI WAN MAIN STREET EAST HONG KONG",
        "FREE_FORMAT_ADDR_CHN": NaN,
        "DEV_NAME_ENG": "NEWTON HARBOUR VIEW TOWER 1",
        "DEV_NAME_CHN": "麗東海景豪苑第一座",
        "FIRST_REFERENCE_LOT_PRN": "C6527816"
    },
    {
        "PRN": "A2148154",
        "SEQ_NUM": 1,
        "BLOCK": "1",
        "FLOOR": "24",
        "FLAT": "B",
        "HOUSE_NUM_PREFIX": 2.0,
        "STREET_NAME_ENG": "SHAU KEI WAN MAIN STREET EAST",
        "STREET_NAME_CHN": "筲箕灣東大街",
        "AREA_DESC_ENG": "HONG KONG",
        "AREA_DESC_CHN": "香港",
        "FREE_FORMAT_ADDR_ENG": "FLAT B ON 24TH FLOOR NEWTON HARBOUR VIEW TOWER 1 NO.2 SHAU KEI WAN MAIN STREET EAST HONG KONG",
        "FREE_FORMAT_ADDR_CHN": NaN,
        "DEV_NAME_ENG": "NEWTON HARBOUR VIEW TOWER 1",
        "DEV_NAME_CHN": "麗東海景豪苑第一座",
        "FIRST_REFERENCE_LOT_PRN": "C6527816"
    },
    {
        "PRN": "A2148160",
        "SEQ_NUM": 1,
        "BLOCK": "1",
        "FLOOR": "25",
        "FLAT": "B",
        "HOUSE_NUM_PREFIX": 2.0,
        "STREET_NAME_ENG": "SHAU KEI WAN MAIN STREET EAST",
        "STREET_NAME_CHN": "筲箕灣東大街",
        "AREA_DESC_ENG": "HONG KONG",
        "AREA_DESC_CHN": "香港",
        "FREE_FORMAT_ADDR_ENG": "FLAT B ON 25TH FLOOR AND FLAT ROOF APPERTAINING THERETO NEWTON HARBOUR VIEW TOWER 1 NO.2 SHAU KEI WAN MAIN ST. E. H.K.",
        "FREE_FORMAT_ADDR_CHN": NaN,
        "DEV_NAME_ENG": "NEWTON HARBOUR VIEW TOWER 1",
        "DEV_NAME_CHN": "麗東海景豪苑第一座",
        "FIRST_REFERENCE_LOT_PRN": "C6527816"
    },
    {
        "PRN": "A2148174",
        "SEQ_NUM": 1,
        "BLOCK": "1",
        "FLOOR": "3",
        "FLAT": "B",
        "HOUSE_NUM_PREFIX": 2.0,
        "STREET_NAME_ENG": "SHAU KEI WAN MAIN STREET EAST",
        "STREET_NAME_CHN": "筲箕灣東大街",
        "AREA_DESC_ENG": "HONG KONG",
        "AREA_DESC_CHN": "香港",
        "FREE_FORMAT_ADDR_ENG": "FLAT B ON 3RD FLOOR NEWTON HARBOUR VIEW TOWER 1 NO.2 SHAU KEI WAN MAIN STREET EAST HONG KONG",
        "FREE_FORMAT_ADDR_CHN": NaN,
        "DEV_NAME_ENG": "NEWTON HARBOUR VIEW TOWER 1",
        "DEV_NAME_CHN": "麗東海景豪苑第一座",
        "FIRST_REFERENCE_LOT_PRN": "C6527816"
    },
    {
        "PRN": "A2148182",
        "SEQ_NUM": 1,
        "BLOCK": "1",
        "FLOOR": "4",
        "FLAT": "B",
        "HOUSE_NUM_PREFIX": 2.0,
        "STREET_NAME_ENG": "SHAU KEI WAN MAIN STREET EAST",
        "STREET_NAME_CHN": "筲箕灣東大街",
        "AREA_DESC_ENG": "HONG KONG",
        "AREA_DESC_CHN": "香港",
        "FREE_FORMAT_ADDR_ENG": "FLAT B ON 4TH FLOOR NEWTON HARBOUR VIEW TOWER 1 NO.2 SHAU KEI WAN MAIN STREET EAST HONG KONG",
        "FREE_FORMAT_ADDR_CHN": NaN,
        "DEV_NAME_ENG": "NEWTON HARBOUR VIEW TOWER 1",
        "DEV_NAME_CHN": "麗東海景豪苑第一座",
        "FIRST_REFERENCE_LOT_PRN": "C6527816"
    },
    {
        "PRN": "A2148191",
        "SEQ_NUM": 1,
        "BLOCK": "1",
        "FLOOR": "5",
        "FLAT": "B",
        "HOUSE_NUM_PREFIX": 2.0,
        "STREET_NAME_ENG": "SHAU KEI WAN MAIN STREET EAST",
        "STREET_NAME_CHN": "筲箕灣東大街",
        "AREA_DESC_ENG": "HONG KONG",
        "AREA_DESC_CHN": "香港",
        "FREE_FORMAT_ADDR_ENG": "FLAT B ON 5TH FLOOR NEWTON HARBOUR VIEW TOWER 1 NO.2 SHAU KEI WAN MAIN STREET EAST HONG KONG",
        "FREE_FORMAT_ADDR_CHN": NaN,
        "DEV_NAME_ENG": "NEWTON HARBOUR VIEW TOWER 1",
        "DEV_NAME_CHN": "麗東海景豪苑第一座",
        "FIRST_REFERENCE_LOT_PRN": "C6527816"
    },
    {
        "PRN": "A2148200",
        "SEQ_NUM": 1,
        "BLOCK": "1",
        "FLOOR": "6",
        "FLAT": "B",
        "HOUSE_NUM_PREFIX": 2.0,
        "STREET_NAME_ENG": "SHAU KEI WAN MAIN STREET EAST",
        "STREET_NAME_CHN": "筲箕灣東大街",
        "AREA_DESC_ENG": "HONG KONG",
        "AREA_DESC_CHN": "香港",
        "FREE_FORMAT_ADDR_ENG": "FLAT B ON 6TH FLOOR NEWTON HARBOUR VIEW TOWER 1 NO.2 SHAU KEI WAN MAIN STREET EAST HONG KONG",
        "FREE_FORMAT_ADDR_CHN": NaN,
        "DEV_NAME_ENG": "NEWTON HARBOUR VIEW TOWER 1",
        "DEV_NAME_CHN": "麗東海景豪苑第一座",
        "FIRST_REFERENCE_LOT_PRN": "C6527816"
    },
    {
        "PRN": "A2148215",
        "SEQ_NUM": 1,
        "BLOCK": "1",
        "FLOOR": "7",
        "FLAT": "B",
        "HOUSE_NUM_PREFIX": 2.0,
        "STREET_NAME_ENG": "SHAU KEI WAN MAIN STREET EAST",
        "STREET_NAME_CHN": "筲箕灣東大街",
        "AREA_DESC_ENG": "HONG KONG",
        "AREA_DESC_CHN": "香港",
        "FREE_FORMAT_ADDR_ENG": "FLAT B ON 7TH FLOOR NEWTON HARBOUR VIEW TOWER 1 NO.2 SHAU KEI WAN MAIN STREET EAST HONG KONG",
        "FREE_FORMAT_ADDR_CHN": NaN,
        "DEV_NAME_ENG": "NEWTON HARBOUR VIEW TOWER 1",
        "DEV_NAME_CHN": "麗東海景豪苑第一座",
        "FIRST_REFERENCE_LOT_PRN": "C6527816"
    },
    {
        "PRN": "A2148227",
        "SEQ_NUM": 1,
        "BLOCK": "1",
        "FLOOR": "9",
        "FLAT": "B",
        "HOUSE_NUM_PREFIX": 2.0,
        "STREET_NAME_ENG": "SHAU KEI WAN MAIN STREET EAST",
        "STREET_NAME_CHN": "筲箕灣東大街",
        "AREA_DESC_ENG": "HONG KONG",
        "AREA_DESC_CHN": "香港",
        "FREE_FORMAT_ADDR_ENG": "FLAT B ON 9TH FLOOR NEWTON HARBOUR VIEW TOWER 1 NO.2 SHAU KEI WAN MAIN STREET EAST HONG KONG",
        "FREE_FORMAT_ADDR_CHN": NaN,
        "DEV_NAME_ENG": "NEWTON HARBOUR VIEW TOWER 1",
        "DEV_NAME_CHN": "麗東海景豪苑第一座",
        "FIRST_REFERENCE_LOT_PRN": "C6527816"
    },
    {
        "PRN": "A2148237",
        "SEQ_NUM": 1,
        "BLOCK": "1",
        "FLOOR": "1",
        "FLAT": "C",
        "HOUSE_NUM_PREFIX": 2.0,
        "STREET_NAME_ENG": "SHAU KEI WAN MAIN STREET EAST",
        "STREET_NAME_CHN": "筲箕灣東大街",
        "AREA_DESC_ENG": "HONG KONG",
        "AREA_DESC_CHN": "香港",
        "FREE_FORMAT_ADDR_ENG": "FLAT C ON 1ST FLOOR AND GARDEN APPERTAINING THERETO NEWTON HARBOUR VIEW TOWER 1 NO.2 SHAU KEI WAN MAIN ST. E. H.K.",
        "FREE_FORMAT_ADDR_CHN": NaN,
        "DEV_NAME_ENG": "NEWTON HARBOUR VIEW TOWER 1",
        "DEV_NAME_CHN": "麗東海景豪苑第一座",
        "FIRST_REFERENCE_LOT_PRN": "C6527816"
    },
    {
        "PRN": "A2148243",
        "SEQ_NUM": 1,
        "BLOCK": "1",
        "FLOOR": "10",
        "FLAT": "C",
        "HOUSE_NUM_PREFIX": 2.0,
        "STREET_NAME_ENG": "SHAU KEI WAN MAIN STREET EAST",
        "STREET_NAME_CHN": "筲箕灣東大街",
        "AREA_DESC_ENG": "HONG KONG",
        "AREA_DESC_CHN": "香港",
        "FREE_FORMAT_ADDR_ENG": "FLAT C ON 10TH FLOOR NEWTON HARBOUR VIEW TOWER 1 NO.2 SHAU KEI WAN MAIN STREET EAST HONG KONG",
        "FREE_FORMAT_ADDR_CHN": NaN,
        "DEV_NAME_ENG": "NEWTON HARBOUR VIEW TOWER 1",
        "DEV_NAME_CHN": "麗東海景豪苑第一座",
        "FIRST_REFERENCE_LOT_PRN": "C6527816"
    },
    {
        "PRN": "A2148257",
        "SEQ_NUM": 1,
        "BLOCK": "1",
        "FLOOR": "12",
        "FLAT": "C",
        "HOUSE_NUM_PREFIX": 2.0,
        "STREET_NAME_ENG": "SHAU KEI WAN MAIN STREET EAST",
        "STREET_NAME_CHN": "筲箕灣東大街",
        "AREA_DESC_ENG": "HONG KONG",
        "AREA_DESC_CHN": "香港",
        "FREE_FORMAT_ADDR_ENG": "FLAT C ON 12TH FLOOR NEWTON HARBOUR VIEW TOWER 1 NO.2 SHAU KEI WAN MAIN STREET EAST HONG KONG",
        "FREE_FORMAT_ADDR_CHN": NaN,
        "DEV_NAME_ENG": "NEWTON HARBOUR VIEW TOWER 1",
        "DEV_NAME_CHN": "麗東海景豪苑第一座",
        "FIRST_REFERENCE_LOT_PRN": "C6527816"
    },
    {
        "PRN": "A2148264",
        "SEQ_NUM": 1,
        "BLOCK": "1",
        "FLOOR": "17",
        "FLAT": "C",
        "HOUSE_NUM_PREFIX": 2.0,
        "STREET_NAME_ENG": "SHAU KEI WAN MAIN STREET EAST",
        "STREET_NAME_CHN": "筲箕灣東大街",
        "AREA_DESC_ENG": "HONG KONG",
        "AREA_DESC_CHN": "香港",
        "FREE_FORMAT_ADDR_ENG": "FLAT C ON 17TH FLOOR NEWTON HARBOUR VIEW TOWER 1 NO.2 SHAU KEI WAN MAIN STREET EAST HONG KONG",
        "FREE_FORMAT_ADDR_CHN": NaN,
        "DEV_NAME_ENG": "NEWTON HARBOUR VIEW TOWER 1",
        "DEV_NAME_CHN": "麗東海景豪苑第一座",
        "FIRST_REFERENCE_LOT_PRN": "C6527816"
    },
    {
        "PRN": "A2148273",
        "SEQ_NUM": 1,
        "BLOCK": "1",
        "FLOOR": "18",
        "FLAT": "C",
        "HOUSE_NUM_PREFIX": 2.0,
        "STREET_NAME_ENG": "SHAU KEI WAN MAIN STREET EAST",
        "STREET_NAME_CHN": "筲箕灣東大街",
        "AREA_DESC_ENG": "HONG KONG",
        "AREA_DESC_CHN": "香港",
        "FREE_FORMAT_ADDR_ENG": "FLAT C ON 18TH FLOOR NEWTON HARBOUR VIEW TOWER 1 NO.2 SHAU KEI WAN MAIN STREET EAST HONG KONG",
        "FREE_FORMAT_ADDR_CHN": NaN,
        "DEV_NAME_ENG": "NEWTON HARBOUR VIEW TOWER 1",
        "DEV_NAME_CHN": "麗東海景豪苑第一座",
        "FIRST_REFERENCE_LOT_PRN": "C6527816"
    },
    {
        "PRN": "A2148286",
        "SEQ_NUM": 1,
        "BLOCK": "1",
        "FLOOR": "2",
        "FLAT": "C",
        "HOUSE_NUM_PREFIX": 2.0,
        "STREET_NAME_ENG": "SHAU KEI WAN MAIN STREET EAST",
        "STREET_NAME_CHN": "筲箕灣東大街",
        "AREA_DESC_ENG": "HONG KONG",
        "AREA_DESC_CHN": "香港",
        "FREE_FORMAT_ADDR_ENG": "FLAT C ON 2ND FLOOR NEWTON HARBOUR VIEW TOWER 1 NO.2 SHAU KEI WAN MAIN STREET EAST HONG KONG",
        "FREE_FORMAT_ADDR_CHN": NaN,
        "DEV_NAME_ENG": "NEWTON HARBOUR VIEW TOWER 1",
        "DEV_NAME_CHN": "麗東海景豪苑第一座",
        "FIRST_REFERENCE_LOT_PRN": "C6527816"
    },
    {
        "PRN": "A2148299",
        "SEQ_NUM": 1,
        "BLOCK": "1",
        "FLOOR": "20",
        "FLAT": "C",
        "HOUSE_NUM_PREFIX": 2.0,
        "STREET_NAME_ENG": "SHAU KEI WAN MAIN STREET EAST",
        "STREET_NAME_CHN": "筲箕灣東大街",
        "AREA_DESC_ENG": "HONG KONG",
        "AREA_DESC_CHN": "香港",
        "FREE_FORMAT_ADDR_ENG": "FLAT C ON 20TH FLOOR NEWTON HARBOUR VIEW TOWER 1 NO.2 SHAU KEI WAN MAIN STREET EAST HONG KONG",
        "FREE_FORMAT_ADDR_CHN": NaN,
        "DEV_NAME_ENG": "NEWTON HARBOUR VIEW TOWER 1",
        "DEV_NAME_CHN": "麗東海景豪苑第一座",
        "FIRST_REFERENCE_LOT_PRN": "C6527816"
    },
    {
        "PRN": "A2148300",
        "SEQ_NUM": 1,
        "BLOCK": "1",
        "FLOOR": "22",
        "FLAT": "C",
        "HOUSE_NUM_PREFIX": 2.0,
        "STREET_NAME_ENG": "SHAU KEI WAN MAIN STREET EAST",
        "STREET_NAME_CHN": "筲箕灣東大街",
        "AREA_DESC_ENG": "HONG KONG",
        "AREA_DESC_CHN": "香港",
        "FREE_FORMAT_ADDR_ENG": "FLAT C ON 22ND FLOOR NEWTON HARBOUR VIEW TOWER 1 NO.2 SHAU KEI WAN MAIN STREET EAST HONG KONG",
        "FREE_FORMAT_ADDR_CHN": NaN,
        "DEV_NAME_ENG": "NEWTON HARBOUR VIEW TOWER 1",
        "DEV_NAME_CHN": "麗東海景豪苑第一座",
        "FIRST_REFERENCE_LOT_PRN": "C6527816"
    },
    {
        "PRN": "A2148315",
        "SEQ_NUM": 1,
        "BLOCK": "1",
        "FLOOR": "23",
        "FLAT": "C",
        "HOUSE_NUM_PREFIX": 2.0,
        "STREET_NAME_ENG": "SHAU KEI WAN MAIN STREET EAST",
        "STREET_NAME_CHN": "筲箕灣東大街",
        "AREA_DESC_ENG": "HONG KONG",
        "AREA_DESC_CHN": "香港",
        "FREE_FORMAT_ADDR_ENG": "FLAT C ON 23RD FLOOR NEWTON HARBOUR VIEW TOWER 1 NO.2 SHAU KEI WAN MAIN STREET EAST HONG KONG",
        "FREE_FORMAT_ADDR_CHN": NaN,
        "DEV_NAME_ENG": "NEWTON HARBOUR VIEW TOWER 1",
        "DEV_NAME_CHN": "麗東海景豪苑第一座",
        "FIRST_REFERENCE_LOT_PRN": "C6527816"
    },
    {
        "PRN": "A2148321",
        "SEQ_NUM": 1,
        "BLOCK": "1",
        "FLOOR": "24",
        "FLAT": "C",
        "HOUSE_NUM_PREFIX": 2.0,
        "STREET_NAME_ENG": "SHAU KEI WAN MAIN STREET EAST",
        "STREET_NAME_CHN": "筲箕灣東大街",
        "AREA_DESC_ENG": "HONG KONG",
        "AREA_DESC_CHN": "香港",
        "FREE_FORMAT_ADDR_ENG": "FLAT C ON 24TH FLOOR NEWTON HARBOUR VIEW TOWER 1 NO.2 SHAU KEI WAN MAIN STREET EAST HONG KONG",
        "FREE_FORMAT_ADDR_CHN": NaN,
        "DEV_NAME_ENG": "NEWTON HARBOUR VIEW TOWER 1",
        "DEV_NAME_CHN": "麗東海景豪苑第一座",
        "FIRST_REFERENCE_LOT_PRN": "C6527816"
    },
    {
        "PRN": "A2148334",
        "SEQ_NUM": 1,
        "BLOCK": "1",
        "FLOOR": "3",
        "FLAT": "C",
        "HOUSE_NUM_PREFIX": 2.0,
        "STREET_NAME_ENG": "SHAU KEI WAN MAIN STREET EAST",
        "STREET_NAME_CHN": "筲箕灣東大街",
        "AREA_DESC_ENG": "HONG KONG",
        "AREA_DESC_CHN": "香港",
        "FREE_FORMAT_ADDR_ENG": "FLAT C ON 3RD FLOOR NEWTON HARBOUR VIEW TOWER 1 NO.2 SHAU KEI WAN MAIN STREET EAST HONG KONG",
        "FREE_FORMAT_ADDR_CHN": NaN,
        "DEV_NAME_ENG": "NEWTON HARBOUR VIEW TOWER 1",
        "DEV_NAME_CHN": "麗東海景豪苑第一座",
        "FIRST_REFERENCE_LOT_PRN": "C6527816"
    },
    {
        "PRN": "A2148340",
        "SEQ_NUM": 1,
        "BLOCK": "1",
        "FLOOR": "7",
        "FLAT": "C",
        "HOUSE_NUM_PREFIX": 2.0,
        "STREET_NAME_ENG": "SHAU KEI WAN MAIN STREET EAST",
        "STREET_NAME_CHN": "筲箕灣東大街",
        "AREA_DESC_ENG": "HONG KONG",
        "AREA_DESC_CHN": "香港",
        "FREE_FORMAT_ADDR_ENG": "FLAT C ON 7TH FLOOR NEWTON HARBOUR VIEW TOWER 1 NO.2 SHAU KEI WAN MAIN STREET EAST HONG KONG",
        "FREE_FORMAT_ADDR_CHN": NaN,
        "DEV_NAME_ENG": "NEWTON HARBOUR VIEW TOWER 1",
        "DEV_NAME_CHN": "麗東海景豪苑第一座",
        "FIRST_REFERENCE_LOT_PRN": "C6527816"
    },
    {
        "PRN": "A2148359",
        "SEQ_NUM": 1,
        "BLOCK": "1",
        "FLOOR": "8",
        "FLAT": "C",
        "HOUSE_NUM_PREFIX": 2.0,
        "STREET_NAME_ENG": "SHAU KEI WAN MAIN STREET EAST",
        "STREET_NAME_CHN": "筲箕灣東大街",
        "AREA_DESC_ENG": "HONG KONG",
        "AREA_DESC_CHN": "香港",
        "FREE_FORMAT_ADDR_ENG": "FLAT C ON 8TH FLOOR NEWTON HARBOUR VIEW TOWER 1 NO.2 SHAU KEI WAN MAIN STREET EAST HONG KONG",
        "FREE_FORMAT_ADDR_CHN": NaN,
        "DEV_NAME_ENG": "NEWTON HARBOUR VIEW TOWER 1",
        "DEV_NAME_CHN": "麗東海景豪苑第一座",
        "FIRST_REFERENCE_LOT_PRN": "C6527816"
    },
    {
        "PRN": "A2148364",
        "SEQ_NUM": 1,
        "BLOCK": "1",
        "FLOOR": "9",
        "FLAT": "C",
        "HOUSE_NUM_PREFIX": 2.0,
        "STREET_NAME_ENG": "SHAU KEI WAN MAIN STREET EAST",
        "STREET_NAME_CHN": "筲箕灣東大街",
        "AREA_DESC_ENG": "HONG KONG",
        "AREA_DESC_CHN": "香港",
        "FREE_FORMAT_ADDR_ENG": "FLAT C ON 9TH FLOOR NEWTON HARBOUR VIEW TOWER 1 NO.2 SHAU KEI WAN MAIN STREET EAST HONG KONG",
        "FREE_FORMAT_ADDR_CHN": NaN,
        "DEV_NAME_ENG": "NEWTON HARBOUR VIEW TOWER 1",
        "DEV_NAME_CHN": "麗東海景豪苑第一座",
        "FIRST_REFERENCE_LOT_PRN": "C6527816"
    },
    {
        "PRN": "A2148375",
        "SEQ_NUM": 1,
        "BLOCK": "1",
        "FLOOR": "11",
        "FLAT": "D",
        "HOUSE_NUM_PREFIX": 2.0,
        "STREET_NAME_ENG": "SHAU KEI WAN MAIN STREET EAST",
        "STREET_NAME_CHN": "筲箕灣東大街",
        "AREA_DESC_ENG": "HONG KONG",
        "AREA_DESC_CHN": "香港",
        "FREE_FORMAT_ADDR_ENG": "FLAT D ON 11TH FLOOR NEWTON HARBOUR VIEW TOWER 1 NO.2 SHAU KEI WAN MAIN STREET EAST HONG KONG",
        "FREE_FORMAT_ADDR_CHN": NaN,
        "DEV_NAME_ENG": "NEWTON HARBOUR VIEW TOWER 1",
        "DEV_NAME_CHN": "麗東海景豪苑第一座",
        "FIRST_REFERENCE_LOT_PRN": "C6527816"
    },
    {
        "PRN": "A2148381",
        "SEQ_NUM": 1,
        "BLOCK": "1",
        "FLOOR": "12",
        "FLAT": "D",
        "HOUSE_NUM_PREFIX": 2.0,
        "STREET_NAME_ENG": "SHAU KEI WAN MAIN STREET EAST",
        "STREET_NAME_CHN": "筲箕灣東大街",
        "AREA_DESC_ENG": "HONG KONG",
        "AREA_DESC_CHN": "香港",
        "FREE_FORMAT_ADDR_ENG": "FLAT D ON 12TH FLOOR NEWTON HARBOUR VIEW TOWER 1 NO.2 SHAU KEI WAN MAIN STREET EAST HONG KONG",
        "FREE_FORMAT_ADDR_CHN": NaN,
        "DEV_NAME_ENG": "NEWTON HARBOUR VIEW TOWER 1",
        "DEV_NAME_CHN": "麗東海景豪苑第一座",
        "FIRST_REFERENCE_LOT_PRN": "C6527816"
    },
    {
        "PRN": "A2148394",
        "SEQ_NUM": 1,
        "BLOCK": "1",
        "FLOOR": "14",
        "FLAT": "D",
        "HOUSE_NUM_PREFIX": 2.0,
        "STREET_NAME_ENG": "SHAU KEI WAN MAIN STREET EAST",
        "STREET_NAME_CHN": "筲箕灣東大街",
        "AREA_DESC_ENG": "HONG KONG",
        "AREA_DESC_CHN": "香港",
        "FREE_FORMAT_ADDR_ENG": "FLAT D ON 14TH FLOOR NEWTON HARBOUR VIEW TOWER 1 NO.2 SHAU KEI WAN MAIN STREET EAST HONG KONG",
        "FREE_FORMAT_ADDR_CHN": NaN,
        "DEV_NAME_ENG": "NEWTON HARBOUR VIEW TOWER 1",
        "DEV_NAME_CHN": "麗東海景豪苑第一座",
        "FIRST_REFERENCE_LOT_PRN": "C6527816"
    },
    {
        "PRN": "A2148402",
        "SEQ_NUM": 1,
        "BLOCK": "1",
        "FLOOR": "15",
        "FLAT": "D",
        "HOUSE_NUM_PREFIX": 2.0,
        "STREET_NAME_ENG": "SHAU KEI WAN MAIN STREET EAST",
        "STREET_NAME_CHN": "筲箕灣東大街",
        "AREA_DESC_ENG": "HONG KONG",
        "AREA_DESC_CHN": "香港",
        "FREE_FORMAT_ADDR_ENG": "FLAT D ON 15TH FLOOR NEWTON HARBOUR VIEW TOWER 1 NO.2 SHAU KEI WAN MAIN STREET EAST HONG KONG",
        "FREE_FORMAT_ADDR_CHN": NaN,
        "DEV_NAME_ENG": "NEWTON HARBOUR VIEW TOWER 1",
        "DEV_NAME_CHN": "麗東海景豪苑第一座",
        "FIRST_REFERENCE_LOT_PRN": "C6527816"
    },
    {
        "PRN": "A2148415",
        "SEQ_NUM": 1,
        "BLOCK": "1",
        "FLOOR": "17",
        "FLAT": "D",
        "HOUSE_NUM_PREFIX": 2.0,
        "STREET_NAME_ENG": "SHAU KEI WAN MAIN STREET EAST",
        "STREET_NAME_CHN": "筲箕灣東大街",
        "AREA_DESC_ENG": "HONG KONG",
        "AREA_DESC_CHN": "香港",
        "FREE_FORMAT_ADDR_ENG": "FLAT D ON 17TH FLOOR NEWTON HARBOUR VIEW TOWER 1 NO.2 SHAU KEI WAN MAIN STREET EAST HONG KONG",
        "FREE_FORMAT_ADDR_CHN": NaN,
        "DEV_NAME_ENG": "NEWTON HARBOUR VIEW TOWER 1",
        "DEV_NAME_CHN": "麗東海景豪苑第一座",
        "FIRST_REFERENCE_LOT_PRN": "C6527816"
    },
    {
        "PRN": "A2148423",
        "SEQ_NUM": 1,
        "BLOCK": "1",
        "FLOOR": "19",
        "FLAT": "D",
        "HOUSE_NUM_PREFIX": 2.0,
        "STREET_NAME_ENG": "SHAU KEI WAN MAIN STREET EAST",
        "STREET_NAME_CHN": "筲箕灣東大街",
        "AREA_DESC_ENG": "HONG KONG",
        "AREA_DESC_CHN": "香港",
        "FREE_FORMAT_ADDR_ENG": "FLAT D ON 19TH FLOOR NEWTON HARBOUR VIEW TOWER 1 NO.2 SHAU KEI WAN MAIN STREET EAST HONG KONG",
        "FREE_FORMAT_ADDR_CHN": NaN,
        "DEV_NAME_ENG": "NEWTON HARBOUR VIEW TOWER 1",
        "DEV_NAME_CHN": "麗東海景豪苑第一座",
        "FIRST_REFERENCE_LOT_PRN": "C6527816"
    },
    {
        "PRN": "A2148437",
        "SEQ_NUM": 1,
        "BLOCK": "1",
        "FLOOR": "21",
        "FLAT": "D",
        "HOUSE_NUM_PREFIX": 2.0,
        "STREET_NAME_ENG": "SHAU KEI WAN MAIN STREET EAST",
        "STREET_NAME_CHN": "筲箕灣東大街",
        "AREA_DESC_ENG": "HONG KONG",
        "AREA_DESC_CHN": "香港",
        "FREE_FORMAT_ADDR_ENG": "FLAT D ON 21ST FLOOR NEWTON HARBOUR VIEW TOWER 1 NO.2 SHAU KEI WAN MAIN STREET EAST HONG KONG",
        "FREE_FORMAT_ADDR_CHN": NaN,
        "DEV_NAME_ENG": "NEWTON HARBOUR VIEW TOWER 1",
        "DEV_NAME_CHN": "麗東海景豪苑第一座",
        "FIRST_REFERENCE_LOT_PRN": "C6527816"
    },
    {
        "PRN": "A2148445",
        "SEQ_NUM": 1,
        "BLOCK": "1",
        "FLOOR": "23",
        "FLAT": "D",
        "HOUSE_NUM_PREFIX": 2.0,
        "STREET_NAME_ENG": "SHAU KEI WAN MAIN STREET EAST",
        "STREET_NAME_CHN": "筲箕灣東大街",
        "AREA_DESC_ENG": "HONG KONG",
        "AREA_DESC_CHN": "香港",
        "FREE_FORMAT_ADDR_ENG": "FLAT D ON 23RD FLOOR NEWTON HARBOUR VIEW TOWER 1 NO.2 SHAU KEI WAN MAIN STREET EAST HONG KONG",
        "FREE_FORMAT_ADDR_CHN": NaN,
        "DEV_NAME_ENG": "NEWTON HARBOUR VIEW TOWER 1",
        "DEV_NAME_CHN": "麗東海景豪苑第一座",
        "FIRST_REFERENCE_LOT_PRN": "C6527816"
    },
    {
        "PRN": "A2148456",
        "SEQ_NUM": 1,
        "BLOCK": "1",
        "FLOOR": "3",
        "FLAT": "D",
        "HOUSE_NUM_PREFIX": 2.0,
        "STREET_NAME_ENG": "SHAU KEI WAN MAIN STREET EAST",
        "STREET_NAME_CHN": "筲箕灣東大街",
        "AREA_DESC_ENG": "HONG KONG",
        "AREA_DESC_CHN": "香港",
        "FREE_FORMAT_ADDR_ENG": "FLAT D ON 3RD FLOOR NEWTON HARBOUR VIEW TOWER 1 NO.2 SHAU KEI WAN MAIN STREET EAST HONG KONG",
        "FREE_FORMAT_ADDR_CHN": NaN,
        "DEV_NAME_ENG": "NEWTON HARBOUR VIEW TOWER 1",
        "DEV_NAME_CHN": "麗東海景豪苑第一座",
        "FIRST_REFERENCE_LOT_PRN": "C6527816"
    },
    {
        "PRN": "A2148466",
        "SEQ_NUM": 1,
        "BLOCK": "1",
        "FLOOR": "4",
        "FLAT": "D",
        "HOUSE_NUM_PREFIX": 2.0,
        "STREET_NAME_ENG": "SHAU KEI WAN MAIN STREET EAST",
        "STREET_NAME_CHN": "筲箕灣東大街",
        "AREA_DESC_ENG": "HONG KONG",
        "AREA_DESC_CHN": "香港",
        "FREE_FORMAT_ADDR_ENG": "FLAT D ON 4TH FLOOR NEWTON HARBOUR VIEW TOWER 1 NO.2 SHAU KEI WAN MAIN STREET EAST HONG KONG",
        "FREE_FORMAT_ADDR_CHN": NaN,
        "DEV_NAME_ENG": "NEWTON HARBOUR VIEW TOWER 1",
        "DEV_NAME_CHN": "麗東海景豪苑第一座",
        "FIRST_REFERENCE_LOT_PRN": "C6527816"
    },
    {
        "PRN": "A2148471",
        "SEQ_NUM": 1,
        "BLOCK": "1",
        "FLOOR": "5",
        "FLAT": "D",
        "HOUSE_NUM_PREFIX": 2.0,
        "STREET_NAME_ENG": "SHAU KEI WAN MAIN STREET EAST",
        "STREET_NAME_CHN": "筲箕灣東大街",
        "AREA_DESC_ENG": "HONG KONG",
        "AREA_DESC_CHN": "香港",
        "FREE_FORMAT_ADDR_ENG": "FLAT D ON 5TH FLOOR NEWTON HARBOUR VIEW TOWER 1 NO.2 SHAU KEI WAN MAIN STREET EAST HONG KONG",
        "FREE_FORMAT_ADDR_CHN": NaN,
        "DEV_NAME_ENG": "NEWTON HARBOUR VIEW TOWER 1",
        "DEV_NAME_CHN": "麗東海景豪苑第一座",
        "FIRST_REFERENCE_LOT_PRN": "C6527816"
    },
    {
        "PRN": "A2148485",
        "SEQ_NUM": 1,
        "BLOCK": "1",
        "FLOOR": "6",
        "FLAT": "D",
        "HOUSE_NUM_PREFIX": 2.0,
        "STREET_NAME_ENG": "SHAU KEI WAN MAIN STREET EAST",
        "STREET_NAME_CHN": "筲箕灣東大街",
        "AREA_DESC_ENG": "HONG KONG",
        "AREA_DESC_CHN": "香港",
        "FREE_FORMAT_ADDR_ENG": "FLAT D ON 6TH FLOOR NEWTON HARBOUR VIEW TOWER 1 NO.2 SHAU KEI WAN MAIN STREET EAST HONG KONG",
        "FREE_FORMAT_ADDR_CHN": NaN,
        "DEV_NAME_ENG": "NEWTON HARBOUR VIEW TOWER 1",
        "DEV_NAME_CHN": "麗東海景豪苑第一座",
        "FIRST_REFERENCE_LOT_PRN": "C6527816"
    },
    {
        "PRN": "A2148492",
        "SEQ_NUM": 1,
        "BLOCK": "1",
        "FLOOR": "7",
        "FLAT": "D",
        "HOUSE_NUM_PREFIX": 2.0,
        "STREET_NAME_ENG": "SHAU KEI WAN MAIN STREET EAST",
        "STREET_NAME_CHN": "筲箕灣東大街",
        "AREA_DESC_ENG": "HONG KONG",
        "AREA_DESC_CHN": "香港",
        "FREE_FORMAT_ADDR_ENG": "FLAT D ON 7TH FLOOR NEWTON HARBOUR VIEW TOWER 1 NO.2 SHAU KEI WAN MAIN STREET EAST HONG KONG",
        "FREE_FORMAT_ADDR_CHN": NaN,
        "DEV_NAME_ENG": "NEWTON HARBOUR VIEW TOWER 1",
        "DEV_NAME_CHN": "麗東海景豪苑第一座",
        "FIRST_REFERENCE_LOT_PRN": "C6527816"
    },
    {
        "PRN": "A2148504",
        "SEQ_NUM": 1,
        "BLOCK": "1",
        "FLOOR": "8",
        "FLAT": "D",
        "HOUSE_NUM_PREFIX": 2.0,
        "STREET_NAME_ENG": "SHAU KEI WAN MAIN STREET EAST",
        "STREET_NAME_CHN": "筲箕灣東大街",
        "AREA_DESC_ENG": "HONG KONG",
        "AREA_DESC_CHN": "香港",
        "FREE_FORMAT_ADDR_ENG": "FLAT D ON 8TH FLOOR NEWTON HARBOUR VIEW TOWER 1 NO.2 SHAU KEI WAN MAIN STREET EAST HONG KONG",
        "FREE_FORMAT_ADDR_CHN": NaN,
        "DEV_NAME_ENG": "NEWTON HARBOUR VIEW TOWER 1",
        "DEV_NAME_CHN": "麗東海景豪苑第一座",
        "FIRST_REFERENCE_LOT_PRN": "C6527816"
    },
    {
        "PRN": "A2148512",
        "SEQ_NUM": 1,
        "BLOCK": "1",
        "FLOOR": NaN,
        "FLAT": "MM001",
        "HOUSE_NUM_PREFIX": 2.0,
        "STREET_NAME_ENG": "SHAU KEI WAN MAIN STREET EAST",
        "STREET_NAME_CHN": "筲箕灣東大街",
        "AREA_DESC_ENG": "HONG KONG",
        "AREA_DESC_CHN": "香港",
        "FREE_FORMAT_ADDR_ENG": "COMMUNAL AREAS NEWTON HARBOUR VIEW TOWER 1 NO.2 SHAU KEI WAN MAIN STREET EAST HONG KONG",
        "FREE_FORMAT_ADDR_CHN": NaN,
        "DEV_NAME_ENG": "NEWTON HARBOUR VIEW TOWER 1",
        "DEV_NAME_CHN": "麗東海景豪苑第一座",
        "FIRST_REFERENCE_LOT_PRN": "C6527816"
    },
    {
        "PRN": "A2148522",
        "SEQ_NUM": 1,
        "BLOCK": "1",
        "FLOOR": "G",
        "FLAT": "SH002",
        "HOUSE_NUM_PREFIX": 2.0,
        "STREET_NAME_ENG": "SHAU KEI WAN MAIN STREET EAST",
        "STREET_NAME_CHN": "筲箕灣東大街",
        "AREA_DESC_ENG": "HONG KONG",
        "AREA_DESC_CHN": "香港",
        "FREE_FORMAT_ADDR_ENG": "SHOP NO.2 ON GROUND FLOOR NEWTON HARBOUR VIEW TOWER 1 NO.2 SHAU KEI WAN MAIN STREET EAST HONG KONG",
        "FREE_FORMAT_ADDR_CHN": NaN,
        "DEV_NAME_ENG": "NEWTON HARBOUR VIEW TOWER 1",
        "DEV_NAME_CHN": "麗東海景豪苑第一座",
        "FIRST_REFERENCE_LOT_PRN": "C6527816"
    },
    {
        "PRN": "A2148534",
        "SEQ_NUM": 1,
        "BLOCK": "1",
        "FLOOR": "G",
        "FLAT": "SH003",
        "HOUSE_NUM_PREFIX": 2.0,
        "STREET_NAME_ENG": "SHAU KEI WAN MAIN STREET EAST",
        "STREET_NAME_CHN": "筲箕灣東大街",
        "AREA_DESC_ENG": "HONG KONG",
        "AREA_DESC_CHN": "香港",
        "FREE_FORMAT_ADDR_ENG": "SHOP NO.3 ON GROUND FLOOR NEWTON HARBOUR VIEW TOWER 1 NO.2 SHAU KEI WAN MAIN STREET EAST HONG KONG",
        "FREE_FORMAT_ADDR_CHN": NaN,
        "DEV_NAME_ENG": "NEWTON HARBOUR VIEW TOWER 1",
        "DEV_NAME_CHN": "麗東海景豪苑第一座",
        "FIRST_REFERENCE_LOT_PRN": "C6527816"
    },
    {
        "PRN": "A2148547",
        "SEQ_NUM": 1,
        "BLOCK": "1",
        "FLOOR": "G",
        "FLAT": "SH004",
        "HOUSE_NUM_PREFIX": 2.0,
        "STREET_NAME_ENG": "SHAU KEI WAN MAIN STREET EAST",
        "STREET_NAME_CHN": "筲箕灣東大街",
        "AREA_DESC_ENG": "HONG KONG",
        "AREA_DESC_CHN": "香港",
        "FREE_FORMAT_ADDR_ENG": "SHOP NO.4 ON GROUND FLOOR NEWTON HARBOUR VIEW TOWER 1 NO.2 SHAU KEI WAN MAIN STREET EAST HONG KONG",
        "FREE_FORMAT_ADDR_CHN": NaN,
        "DEV_NAME_ENG": "NEWTON HARBOUR VIEW TOWER 1",
        "DEV_NAME_CHN": "麗東海景豪苑第一座",
        "FIRST_REFERENCE_LOT_PRN": "C6527816"
    },
    {
        "PRN": "A2148558",
        "SEQ_NUM": 1,
        "BLOCK": "1",
        "FLOOR": "G",
        "FLAT": "SH005",
        "HOUSE_NUM_PREFIX": 2.0,
        "STREET_NAME_ENG": "SHAU KEI WAN MAIN STREET EAST",
        "STREET_NAME_CHN": "筲箕灣東大街",
        "AREA_DESC_ENG": "HONG KONG",
        "AREA_DESC_CHN": "香港",
        "FREE_FORMAT_ADDR_ENG": "SHOP NO.5 ON GROUND FLOOR NEWTON HARBOUR VIEW TOWER 1 NO.2 SHAU KEI WAN MAIN STREET EAST HONG KONG",
        "FREE_FORMAT_ADDR_CHN": NaN,
        "DEV_NAME_ENG": "NEWTON HARBOUR VIEW TOWER 1",
        "DEV_NAME_CHN": "麗東海景豪苑第一座",
        "FIRST_REFERENCE_LOT_PRN": "C6527816"
    },
    {
        "PRN": "A2148563",
        "SEQ_NUM": 1,
        "BLOCK": "1",
        "FLOOR": "G",
        "FLAT": "SH006",
        "HOUSE_NUM_PREFIX": 2.0,
        "STREET_NAME_ENG": "SHAU KEI WAN MAIN STREET EAST",
        "STREET_NAME_CHN": "筲箕灣東大街",
        "AREA_DESC_ENG": "HONG KONG",
        "AREA_DESC_CHN": "香港",
        "FREE_FORMAT_ADDR_ENG": "SHOP NO.6 ON GROUND FLOOR NEWTON HARBOUR VIEW TOWER 1 NO.2 SHAU KEI WAN MAIN STREET EAST HONG KONG",
        "FREE_FORMAT_ADDR_CHN": NaN,
        "DEV_NAME_ENG": "NEWTON HARBOUR VIEW TOWER 1",
        "DEV_NAME_CHN": "麗東海景豪苑第一座",
        "FIRST_REFERENCE_LOT_PRN": "C6527816"
    },
    {
        "PRN": "A2148571",
        "SEQ_NUM": 1,
        "BLOCK": "1",
        "FLOOR": "G",
        "FLAT": "SH007",
        "HOUSE_NUM_PREFIX": 2.0,
        "STREET_NAME_ENG": "SHAU KEI WAN MAIN STREET EAST",
        "STREET_NAME_CHN": "筲箕灣東大街",
        "AREA_DESC_ENG": "HONG KONG",
        "AREA_DESC_CHN": "香港",
        "FREE_FORMAT_ADDR_ENG": "SHOP NO.7 ON GROUND FLOOR NEWTON HARBOUR VIEW TOWER 1 NO.2 SHAU KEI WAN MAIN STREET EAST HONG KONG",
        "FREE_FORMAT_ADDR_CHN": NaN,
        "DEV_NAME_ENG": "NEWTON HARBOUR VIEW TOWER 1",
        "DEV_NAME_CHN": "麗東海景豪苑第一座",
        "FIRST_REFERENCE_LOT_PRN": "C6527816"
    },
    {
        "PRN": "A2148580",
        "SEQ_NUM": 1,
        "BLOCK": "1",
        "FLOOR": "G",
        "FLAT": "SH008",
        "HOUSE_NUM_PREFIX": 2.0,
        "STREET_NAME_ENG": "SHAU KEI WAN MAIN STREET EAST",
        "STREET_NAME_CHN": "筲箕灣東大街",
        "AREA_DESC_ENG": "HONG KONG",
        "AREA_DESC_CHN": "香港",
        "FREE_FORMAT_ADDR_ENG": "SHOP NO.8 ON GROUND FLOOR NEWTON HARBOUR VIEW TOWER 1 NO.2 SHAU KEI WAN MAIN STREET EAST HONG KONG",
        "FREE_FORMAT_ADDR_CHN": NaN,
        "DEV_NAME_ENG": "NEWTON HARBOUR VIEW TOWER 1",
        "DEV_NAME_CHN": "麗東海景豪苑第一座",
        "FIRST_REFERENCE_LOT_PRN": "C6527816"
    },
    {
        "PRN": "A2148592",
        "SEQ_NUM": 1,
        "BLOCK": "1",
        "FLOOR": "G",
        "FLAT": "SH009",
        "HOUSE_NUM_PREFIX": 2.0,
        "STREET_NAME_ENG": "SHAU KEI WAN MAIN STREET EAST",
        "STREET_NAME_CHN": "筲箕灣東大街",
        "AREA_DESC_ENG": "HONG KONG",
        "AREA_DESC_CHN": "香港",
        "FREE_FORMAT_ADDR_ENG": "SHOP NO.9 ON GROUND FLOOR NEWTON HARBOUR VIEW TOWER 1 NO.2 SHAU KEI WAN MAIN STREET EAST HONG KONG",
        "FREE_FORMAT_ADDR_CHN": NaN,
        "DEV_NAME_ENG": "NEWTON HARBOUR VIEW TOWER 1",
        "DEV_NAME_CHN": "麗東海景豪苑第一座",
        "FIRST_REFERENCE_LOT_PRN": "C6527816"
    },
    {
        "PRN": "A2148600",
        "SEQ_NUM": 1,
        "BLOCK": "1",
        "FLOOR": "G",
        "FLAT": "SH010",
        "HOUSE_NUM_PREFIX": 2.0,
        "STREET_NAME_ENG": "SHAU KEI WAN MAIN STREET EAST",
        "STREET_NAME_CHN": "筲箕灣東大街",
        "AREA_DESC_ENG": "HONG KONG",
        "AREA_DESC_CHN": "香港",
        "FREE_FORMAT_ADDR_ENG": "SHOP NO.10 ON GROUND FLOOR NEWTON HARBOUR VIEW TOWER 1 NO.2 SHAU KEI WAN MAIN STREET EAST HONG KONG",
        "FREE_FORMAT_ADDR_CHN": NaN,
        "DEV_NAME_ENG": "NEWTON HARBOUR VIEW TOWER 1",
        "DEV_NAME_CHN": "麗東海景豪苑第一座",
        "FIRST_REFERENCE_LOT_PRN": "C6527816"
    },
    {
        "PRN": "B3647111",
        "SEQ_NUM": 1,
        "BLOCK": "1",
        "FLOOR": "12",
        "FLAT": "A",
        "HOUSE_NUM_PREFIX": 2.0,
        "STREET_NAME_ENG": "SHAU KEI WAN MAIN STREET EAST",
        "STREET_NAME_CHN": "筲箕灣東大街",
        "AREA_DESC_ENG": "HONG KONG",
        "AREA_DESC_CHN": "香港",
        "FREE_FORMAT_ADDR_ENG": "FLAT A ON 12TH FLOOR NEWTON HARBOUR VIEW TOWER 1 NO.2 SHAU KEI WAN MAIN STREET EAST HONG KONG",
        "FREE_FORMAT_ADDR_CHN": NaN,
        "DEV_NAME_ENG": "NEWTON HARBOUR VIEW TOWER 1",
        "DEV_NAME_CHN": "麗東海景豪苑第一座",
        "FIRST_REFERENCE_LOT_PRN": "C6527816"
    },
    {
        "PRN": "B3647125",
        "SEQ_NUM": 1,
        "BLOCK": "1",
        "FLOOR": "4",
        "FLAT": "A",
        "HOUSE_NUM_PREFIX": 2.0,
        "STREET_NAME_ENG": "SHAU KEI WAN MAIN STREET EAST",
        "STREET_NAME_CHN": "筲箕灣東大街",
        "AREA_DESC_ENG": "HONG KONG",
        "AREA_DESC_CHN": "香港",
        "FREE_FORMAT_ADDR_ENG": "FLAT A ON 4TH FLOOR NEWTON HARBOUR VIEW TOWER 1 NO.2 SHAU KEI WAN MAIN STREET EAST HONG KONG",
        "FREE_FORMAT_ADDR_CHN": NaN,
        "DEV_NAME_ENG": "NEWTON HARBOUR VIEW TOWER 1",
        "DEV_NAME_CHN": "麗東海景豪苑第一座",
        "FIRST_REFERENCE_LOT_PRN": "C6527816"
    },
    {
        "PRN": "B3647137",
        "SEQ_NUM": 1,
        "BLOCK": "1",
        "FLOOR": "5",
        "FLAT": "A",
        "HOUSE_NUM_PREFIX": 2.0,
        "STREET_NAME_ENG": "SHAU KEI WAN MAIN STREET EAST",
        "STREET_NAME_CHN": "筲箕灣東大街",
        "AREA_DESC_ENG": "HONG KONG",
        "AREA_DESC_CHN": "香港",
        "FREE_FORMAT_ADDR_ENG": "FLAT A ON 5TH FLOOR NEWTON HARBOUR VIEW TOWER 1 NO.2 SHAU KEI WAN MAIN STREET EAST HONG KONG",
        "FREE_FORMAT_ADDR_CHN": NaN,
        "DEV_NAME_ENG": "NEWTON HARBOUR VIEW TOWER 1",
        "DEV_NAME_CHN": "麗東海景豪苑第一座",
        "FIRST_REFERENCE_LOT_PRN": "C6527816"
    },
    {
        "PRN": "B3647149",
        "SEQ_NUM": 1,
        "BLOCK": "1",
        "FLOOR": "13",
        "FLAT": "B",
        "HOUSE_NUM_PREFIX": 2.0,
        "STREET_NAME_ENG": "SHAU KEI WAN MAIN STREET EAST",
        "STREET_NAME_CHN": "筲箕灣東大街",
        "AREA_DESC_ENG": "HONG KONG",
        "AREA_DESC_CHN": "香港",
        "FREE_FORMAT_ADDR_ENG": "FLAT B ON 13TH FLOOR NEWTON HARBOUR VIEW TOWER 1 NO.2 SHAU KEI WAN MAIN STREET EAST HONG KONG",
        "FREE_FORMAT_ADDR_CHN": NaN,
        "DEV_NAME_ENG": "NEWTON HARBOUR VIEW TOWER 1",
        "DEV_NAME_CHN": "麗東海景豪苑第一座",
        "FIRST_REFERENCE_LOT_PRN": "C6527816"
    },
    {
        "PRN": "B3647155",
        "SEQ_NUM": 1,
        "BLOCK": "1",
        "FLOOR": "15",
        "FLAT": "B",
        "HOUSE_NUM_PREFIX": 2.0,
        "STREET_NAME_ENG": "SHAU KEI WAN MAIN STREET EAST",
        "STREET_NAME_CHN": "筲箕灣東大街",
        "AREA_DESC_ENG": "HONG KONG",
        "AREA_DESC_CHN": "香港",
        "FREE_FORMAT_ADDR_ENG": "FLAT B ON 15TH FLOOR NEWTON HARBOUR VIEW TOWER 1 NO.2 SHAU KEI WAN MAIN STREET EAST HONG KONG",
        "FREE_FORMAT_ADDR_CHN": NaN,
        "DEV_NAME_ENG": "NEWTON HARBOUR VIEW TOWER 1",
        "DEV_NAME_CHN": "麗東海景豪苑第一座",
        "FIRST_REFERENCE_LOT_PRN": "C6527816"
    },
    {
        "PRN": "B3647160",
        "SEQ_NUM": 1,
        "BLOCK": "1",
        "FLOOR": "15",
        "FLAT": "C",
        "HOUSE_NUM_PREFIX": 2.0,
        "STREET_NAME_ENG": "SHAU KEI WAN MAIN STREET EAST",
        "STREET_NAME_CHN": "筲箕灣東大街",
        "AREA_DESC_ENG": "HONG KONG",
        "AREA_DESC_CHN": "香港",
        "FREE_FORMAT_ADDR_ENG": "FLAT C ON 15TH FLOOR NEWTON HARBOUR VIEW TOWER 1 NO.2 SHAU KEI WAN MAIN STREET EAST HONG KONG",
        "FREE_FORMAT_ADDR_CHN": NaN,
        "DEV_NAME_ENG": "NEWTON HARBOUR VIEW TOWER 1",
        "DEV_NAME_CHN": "麗東海景豪苑第一座",
        "FIRST_REFERENCE_LOT_PRN": "C6527816"
    },
    {
        "PRN": "B3647177",
        "SEQ_NUM": 1,
        "BLOCK": "1",
        "FLOOR": "1",
        "FLAT": "D",
        "HOUSE_NUM_PREFIX": 2.0,
        "STREET_NAME_ENG": "SHAU KEI WAN MAIN STREET EAST",
        "STREET_NAME_CHN": "筲箕灣東大街",
        "AREA_DESC_ENG": "HONG KONG",
        "AREA_DESC_CHN": "香港",
        "FREE_FORMAT_ADDR_ENG": "FLAT D ON 1ST FLOOR AND GARDEN APPERTAINING THERETO NEWTON HARBOUR VIEW TOWER 1 NO.2 SHAU KEI WAN MAIN ST. E. H.K.",
        "FREE_FORMAT_ADDR_CHN": NaN,
        "DEV_NAME_ENG": "NEWTON HARBOUR VIEW TOWER 1",
        "DEV_NAME_CHN": "麗東海景豪苑第一座",
        "FIRST_REFERENCE_LOT_PRN": "C6527816"
    },
    {
        "PRN": "B3647180",
        "SEQ_NUM": 1,
        "BLOCK": "1",
        "FLOOR": "16",
        "FLAT": "D",
        "HOUSE_NUM_PREFIX": 2.0,
        "STREET_NAME_ENG": "SHAU KEI WAN MAIN STREET EAST",
        "STREET_NAME_CHN": "筲箕灣東大街",
        "AREA_DESC_ENG": "HONG KONG",
        "AREA_DESC_CHN": "香港",
        "FREE_FORMAT_ADDR_ENG": "FLAT D ON 16TH FLOOR NEWTON HARBOUR VIEW TOWER 1 NO.2 SHAU KEI WAN MAIN STREET EAST HONG KONG",
        "FREE_FORMAT_ADDR_CHN": NaN,
        "DEV_NAME_ENG": "NEWTON HARBOUR VIEW TOWER 1",
        "DEV_NAME_CHN": "麗東海景豪苑第一座",
        "FIRST_REFERENCE_LOT_PRN": "C6527816"
    },
    {
        "PRN": "B3647190",
        "SEQ_NUM": 1,
        "BLOCK": "1",
        "FLOOR": "24",
        "FLAT": "D",
        "HOUSE_NUM_PREFIX": 2.0,
        "STREET_NAME_ENG": "SHAU KEI WAN MAIN STREET EAST",
        "STREET_NAME_CHN": "筲箕灣東大街",
        "AREA_DESC_ENG": "HONG KONG",
        "AREA_DESC_CHN": "香港",
        "FREE_FORMAT_ADDR_ENG": "FLAT D ON 24TH FLOOR NEWTON HARBOUR VIEW TOWER 1 NO.2 SHAU KEI WAN MAIN STREET EAST HONG KONG",
        "FREE_FORMAT_ADDR_CHN": NaN,
        "DEV_NAME_ENG": "NEWTON HARBOUR VIEW TOWER 1",
        "DEV_NAME_CHN": "麗東海景豪苑第一座",
        "FIRST_REFERENCE_LOT_PRN": "C6527816"
    },
    {
        "PRN": "B3647204",
        "SEQ_NUM": 1,
        "BLOCK": "1",
        "FLOOR": "9",
        "FLAT": "D",
        "HOUSE_NUM_PREFIX": 2.0,
        "STREET_NAME_ENG": "SHAU KEI WAN MAIN STREET EAST",
        "STREET_NAME_CHN": "筲箕灣東大街",
        "AREA_DESC_ENG": "HONG KONG",
        "AREA_DESC_CHN": "香港",
        "FREE_FORMAT_ADDR_ENG": "FLAT D ON 9TH FLOOR NEWTON HARBOUR VIEW TOWER 1 NO.2 SHAU KEI WAN MAIN STREET EAST HONG KONG",
        "FREE_FORMAT_ADDR_CHN": NaN,
        "DEV_NAME_ENG": "NEWTON HARBOUR VIEW TOWER 1",
        "DEV_NAME_CHN": "麗東海景豪苑第一座",
        "FIRST_REFERENCE_LOT_PRN": "C6527816"
    },
    {
        "PRN": "B5436732",
        "SEQ_NUM": 1,
        "BLOCK": "1",
        "FLOOR": "24",
        "FLAT": "A",
        "HOUSE_NUM_PREFIX": 2.0,
        "STREET_NAME_ENG": "SHAU KEI WAN MAIN STREET EAST",
        "STREET_NAME_CHN": "筲箕灣東大街",
        "AREA_DESC_ENG": "HONG KONG",
        "AREA_DESC_CHN": "香港",
        "FREE_FORMAT_ADDR_ENG": "FLAT A ON 24TH FLOOR NEWTON HARBOUR VIEW TOWER 1 NO.2 SHAU KEI WAN MAIN STREET EAST HONG KONG",
        "FREE_FORMAT_ADDR_CHN": NaN,
        "DEV_NAME_ENG": "NEWTON HARBOUR VIEW TOWER 1",
        "DEV_NAME_CHN": "麗東海景豪苑第一座",
        "FIRST_REFERENCE_LOT_PRN": "C6527816"
    },
    {
        "PRN": "B5436749",
        "SEQ_NUM": 1,
        "BLOCK": "1",
        "FLOOR": "4",
        "FLAT": "C",
        "HOUSE_NUM_PREFIX": 2.0,
        "STREET_NAME_ENG": "SHAU KEI WAN MAIN STREET EAST",
        "STREET_NAME_CHN": "筲箕灣東大街",
        "AREA_DESC_ENG": "HONG KONG",
        "AREA_DESC_CHN": "香港",
        "FREE_FORMAT_ADDR_ENG": "FLAT C ON 4TH FLOOR NEWTON HARBOUR VIEW TOWER 1 NO.2 SHAU KEI WAN MAIN STREET EAST HONG KONG",
        "FREE_FORMAT_ADDR_CHN": NaN,
        "DEV_NAME_ENG": "NEWTON HARBOUR VIEW TOWER 1",
        "DEV_NAME_CHN": "麗東海景豪苑第一座",
        "FIRST_REFERENCE_LOT_PRN": "C6527816"
    },
    {
        "PRN": "B5774273",
        "SEQ_NUM": 1,
        "BLOCK": "1",
        "FLOOR": "6",
        "FLAT": "C",
        "HOUSE_NUM_PREFIX": 2.0,
        "STREET_NAME_ENG": "SHAU KEI WAN MAIN STREET EAST",
        "STREET_NAME_CHN": "筲箕灣東大街",
        "AREA_DESC_ENG": "HONG KONG",
        "AREA_DESC_CHN": "香港",
        "FREE_FORMAT_ADDR_ENG": "FLAT C ON 6TH FLOOR NEWTON HARBOUR VIEW TOWER 1 NO.2 SHAU KEI WAN MAIN STREET EAST HONG KONG",
        "FREE_FORMAT_ADDR_CHN": NaN,
        "DEV_NAME_ENG": "NEWTON HARBOUR VIEW TOWER 1",
        "DEV_NAME_CHN": "麗東海景豪苑第一座",
        "FIRST_REFERENCE_LOT_PRN": "C6527816"
    },
    {
        "PRN": "B6325812",
        "SEQ_NUM": 1,
        "BLOCK": "1",
        "FLOOR": "11",
        "FLAT": "A",
        "HOUSE_NUM_PREFIX": 2.0,
        "STREET_NAME_ENG": "SHAU KEI WAN MAIN STREET EAST",
        "STREET_NAME_CHN": "筲箕灣東大街",
        "AREA_DESC_ENG": "HONG KONG",
        "AREA_DESC_CHN": "香港",
        "FREE_FORMAT_ADDR_ENG": "FLAT A ON 11TH FLOOR NEWTON HARBOUR VIEW TOWER 1 NO.2 SHAU KEI WAN MAIN STREET EAST HONG KONG",
        "FREE_FORMAT_ADDR_CHN": NaN,
        "DEV_NAME_ENG": "NEWTON HARBOUR VIEW TOWER 1",
        "DEV_NAME_CHN": "麗東海景豪苑第一座",
        "FIRST_REFERENCE_LOT_PRN": "C6527816"
    },
    {
        "PRN": "B6325821",
        "SEQ_NUM": 1,
        "BLOCK": "1",
        "FLOOR": "14",
        "FLAT": "A",
        "HOUSE_NUM_PREFIX": 2.0,
        "STREET_NAME_ENG": "SHAU KEI WAN MAIN STREET EAST",
        "STREET_NAME_CHN": "筲箕灣東大街",
        "AREA_DESC_ENG": "HONG KONG",
        "AREA_DESC_CHN": "香港",
        "FREE_FORMAT_ADDR_ENG": "FLAT A ON 14TH FLOOR NEWTON HARBOUR VIEW TOWER 1 NO.2 SHAU KEI WAN MAIN STREET EAST HONG KONG",
        "FREE_FORMAT_ADDR_CHN": NaN,
        "DEV_NAME_ENG": "NEWTON HARBOUR VIEW TOWER 1",
        "DEV_NAME_CHN": "麗東海景豪苑第一座",
        "FIRST_REFERENCE_LOT_PRN": "C6527816"
    },
    {
        "PRN": "B6325832",
        "SEQ_NUM": 1,
        "BLOCK": "1",
        "FLOOR": "1",
        "FLAT": "B",
        "HOUSE_NUM_PREFIX": 2.0,
        "STREET_NAME_ENG": "SHAU KEI WAN MAIN STREET EAST",
        "STREET_NAME_CHN": "筲箕灣東大街",
        "AREA_DESC_ENG": "HONG KONG",
        "AREA_DESC_CHN": "香港",
        "FREE_FORMAT_ADDR_ENG": "FLAT B ON 1ST FLOOR AND GARDEN APPERTAINING THERETO NEWTON HARBOUR VIEW TOWER 1 NO.2 SHAU KEI WAN MAIN ST. E. H.K.",
        "FREE_FORMAT_ADDR_CHN": NaN,
        "DEV_NAME_ENG": "NEWTON HARBOUR VIEW TOWER 1",
        "DEV_NAME_CHN": "麗東海景豪苑第一座",
        "FIRST_REFERENCE_LOT_PRN": "C6527816"
    },
    {
        "PRN": "B6325841",
        "SEQ_NUM": 1,
        "BLOCK": "1",
        "FLOOR": "12",
        "FLAT": "B",
        "HOUSE_NUM_PREFIX": 2.0,
        "STREET_NAME_ENG": "SHAU KEI WAN MAIN STREET EAST",
        "STREET_NAME_CHN": "筲箕灣東大街",
        "AREA_DESC_ENG": "HONG KONG",
        "AREA_DESC_CHN": "香港",
        "FREE_FORMAT_ADDR_ENG": "FLAT B ON 12TH FLOOR NEWTON HARBOUR VIEW TOWER 1 NO.2 SHAU KEI WAN MAIN STREET EAST HONG KONG",
        "FREE_FORMAT_ADDR_CHN": NaN,
        "DEV_NAME_ENG": "NEWTON HARBOUR VIEW TOWER 1",
        "DEV_NAME_CHN": "麗東海景豪苑第一座",
        "FIRST_REFERENCE_LOT_PRN": "C6527816"
    },
    {
        "PRN": "B6325858",
        "SEQ_NUM": 1,
        "BLOCK": "1",
        "FLOOR": "11",
        "FLAT": "C",
        "HOUSE_NUM_PREFIX": 2.0,
        "STREET_NAME_ENG": "SHAU KEI WAN MAIN STREET EAST",
        "STREET_NAME_CHN": "筲箕灣東大街",
        "AREA_DESC_ENG": "HONG KONG",
        "AREA_DESC_CHN": "香港",
        "FREE_FORMAT_ADDR_ENG": "FLAT C ON 11TH FLOOR NEWTON HARBOUR VIEW TOWER 1 NO.2 SHAU KEI WAN MAIN STREET EAST HONG KONG",
        "FREE_FORMAT_ADDR_CHN": NaN,
        "DEV_NAME_ENG": "NEWTON HARBOUR VIEW TOWER 1",
        "DEV_NAME_CHN": "麗東海景豪苑第一座",
        "FIRST_REFERENCE_LOT_PRN": "C6527816"
    },
    {
        "PRN": "B6325860",
        "SEQ_NUM": 1,
        "BLOCK": "1",
        "FLOOR": "19",
        "FLAT": "C",
        "HOUSE_NUM_PREFIX": 2.0,
        "STREET_NAME_ENG": "SHAU KEI WAN MAIN STREET EAST",
        "STREET_NAME_CHN": "筲箕灣東大街",
        "AREA_DESC_ENG": "HONG KONG",
        "AREA_DESC_CHN": "香港",
        "FREE_FORMAT_ADDR_ENG": "FLAT C ON 19TH FLOOR NEWTON HARBOUR VIEW TOWER 1 NO.2 SHAU KEI WAN MAIN STREET EAST HONG KONG",
        "FREE_FORMAT_ADDR_CHN": NaN,
        "DEV_NAME_ENG": "NEWTON HARBOUR VIEW TOWER 1",
        "DEV_NAME_CHN": "麗東海景豪苑第一座",
        "FIRST_REFERENCE_LOT_PRN": "C6527816"
    },
    {
        "PRN": "B6325872",
        "SEQ_NUM": 1,
        "BLOCK": "1",
        "FLOOR": "5",
        "FLAT": "C",
        "HOUSE_NUM_PREFIX": 2.0,
        "STREET_NAME_ENG": "SHAU KEI WAN MAIN STREET EAST",
        "STREET_NAME_CHN": "筲箕灣東大街",
        "AREA_DESC_ENG": "HONG KONG",
        "AREA_DESC_CHN": "香港",
        "FREE_FORMAT_ADDR_ENG": "FLAT C ON 5TH FLOOR NEWTON HARBOUR VIEW TOWER 1 NO.2 SHAU KEI WAN MAIN STREET EAST HONG KONG",
        "FREE_FORMAT_ADDR_CHN": NaN,
        "DEV_NAME_ENG": "NEWTON HARBOUR VIEW TOWER 1",
        "DEV_NAME_CHN": "麗東海景豪苑第一座",
        "FIRST_REFERENCE_LOT_PRN": "C6527816"
    },
    {
        "PRN": "B6325889",
        "SEQ_NUM": 1,
        "BLOCK": "1",
        "FLOOR": "G",
        "FLAT": "SH001",
        "HOUSE_NUM_PREFIX": 2.0,
        "STREET_NAME_ENG": "SHAU KEI WAN MAIN STREET EAST",
        "STREET_NAME_CHN": "筲箕灣東大街",
        "AREA_DESC_ENG": "HONG KONG",
        "AREA_DESC_CHN": "香港",
        "FREE_FORMAT_ADDR_ENG": "SHOP NO.1 ON GROUND FLOOR NEWTON HARBOUR VIEW TOWER 1 NO.2 SHAU KEI WAN MAIN STREET EAST HONG KONG",
        "FREE_FORMAT_ADDR_CHN": NaN,
        "DEV_NAME_ENG": "NEWTON HARBOUR VIEW TOWER 1",
        "DEV_NAME_CHN": "麗東海景豪苑第一座",
        "FIRST_REFERENCE_LOT_PRN": "C6527816"
    },
    {
        "PRN": "B7788952",
        "SEQ_NUM": 1,
        "BLOCK": "1",
        "FLOOR": "1",
        "FLAT": "A",
        "HOUSE_NUM_PREFIX": 2.0,
        "STREET_NAME_ENG": "SHAU KEI WAN MAIN STREET EAST",
        "STREET_NAME_CHN": "筲箕灣東大街",
        "AREA_DESC_ENG": "HONG KONG",
        "AREA_DESC_CHN": "香港",
        "FREE_FORMAT_ADDR_ENG": "FLAT A ON 1ST FLOOR AND GARDEN APPERTAINING THERETO NEWTON HARBOUR VIEW TOWER 1 NO.2 SHAU KEI WAN MAIN ST. E. H.K.",
        "FREE_FORMAT_ADDR_CHN": NaN,
        "DEV_NAME_ENG": "NEWTON HARBOUR VIEW TOWER 1",
        "DEV_NAME_CHN": "麗東海景豪苑第一座",
        "FIRST_REFERENCE_LOT_PRN": "C6527816"
    },
    {
        "PRN": "B7788966",
        "SEQ_NUM": 1,
        "BLOCK": "1",
        "FLOOR": "18",
        "FLAT": "D",
        "HOUSE_NUM_PREFIX": 2.0,
        "STREET_NAME_ENG": "SHAU KEI WAN MAIN STREET EAST",
        "STREET_NAME_CHN": "筲箕灣東大街",
        "AREA_DESC_ENG": "HONG KONG",
        "AREA_DESC_CHN": "香港",
        "FREE_FORMAT_ADDR_ENG": "FLAT D ON 18TH FLOOR NEWTON HARBOUR VIEW TOWER 1 NO.2 SHAU KEI WAN MAIN STREET EAST HONG KONG",
        "FREE_FORMAT_ADDR_CHN": "香港 筲箕灣東大街2 號 麗東海景豪苑 1座 18樓 D室",
        "DEV_NAME_ENG": "NEWTON HARBOUR VIEW TOWER 1",
        "DEV_NAME_CHN": "麗東海景豪苑第一座",
        "FIRST_REFERENCE_LOT_PRN": "C6527816"
    },
    {
        "PRN": "B7788970",
        "SEQ_NUM": 1,
        "BLOCK": "1",
        "FLOOR": "22",
        "FLAT": "D",
        "HOUSE_NUM_PREFIX": 2.0,
        "STREET_NAME_ENG": "SHAU KEI WAN MAIN STREET EAST",
        "STREET_NAME_CHN": "筲箕灣東大街",
        "AREA_DESC_ENG": "HONG KONG",
        "AREA_DESC_CHN": "香港",
        "FREE_FORMAT_ADDR_ENG": "FLAT D ON 22ND FLOOR NEWTON HARBOUR VIEW TOWER 1 NO.2 SHAU KEI WAN MAIN STREET EAST HONG KONG",
        "FREE_FORMAT_ADDR_CHN": NaN,
        "DEV_NAME_ENG": "NEWTON HARBOUR VIEW TOWER 1",
        "DEV_NAME_CHN": "麗東海景豪苑第一座",
        "FIRST_REFERENCE_LOT_PRN": "C6527816"
    },
    {
        "PRN": "B8124838",
        "SEQ_NUM": 1,
        "BLOCK": "1",
        "FLOOR": "11",
        "FLAT": "B",
        "HOUSE_NUM_PREFIX": 2.0,
        "STREET_NAME_ENG": "SHAU KEI WAN MAIN STREET EAST",
        "STREET_NAME_CHN": "筲箕灣東大街",
        "AREA_DESC_ENG": "HONG KONG",
        "AREA_DESC_CHN": "香港",
        "FREE_FORMAT_ADDR_ENG": "FLAT B ON 11TH FLOOR NEWTON HARBOUR VIEW TOWER 1 NO.2 SHAU KEI WAN MAIN STREET EAST HONG KONG",
        "FREE_FORMAT_ADDR_CHN": NaN,
        "DEV_NAME_ENG": "NEWTON HARBOUR VIEW TOWER 1",
        "DEV_NAME_CHN": "麗東海景豪苑第一座",
        "FIRST_REFERENCE_LOT_PRN": "C6527816"
    },
    {
        "PRN": "B8124846",
        "SEQ_NUM": 1,
        "BLOCK": "1",
        "FLOOR": "8",
        "FLAT": "B",
        "HOUSE_NUM_PREFIX": 2.0,
        "STREET_NAME_ENG": "SHAU KEI WAN MAIN STREET EAST",
        "STREET_NAME_CHN": "筲箕灣東大街",
        "AREA_DESC_ENG": "HONG KONG",
        "AREA_DESC_CHN": "香港",
        "FREE_FORMAT_ADDR_ENG": "FLAT B ON 8TH FLOOR NEWTON HARBOUR VIEW TOWER 1 NO.2 SHAU KEI WAN MAIN STREET EAST HONG KONG",
        "FREE_FORMAT_ADDR_CHN": NaN,
        "DEV_NAME_ENG": "NEWTON HARBOUR VIEW TOWER 1",
        "DEV_NAME_CHN": "麗東海景豪苑第一座",
        "FIRST_REFERENCE_LOT_PRN": "C6527816"
    },
    {
        "PRN": "B8124851",
        "SEQ_NUM": 1,
        "BLOCK": "1",
        "FLOOR": "2",
        "FLAT": "D",
        "HOUSE_NUM_PREFIX": 2.0,
        "STREET_NAME_ENG": "SHAU KEI WAN MAIN STREET EAST",
        "STREET_NAME_CHN": "筲箕灣東大街",
        "AREA_DESC_ENG": "HONG KONG",
        "AREA_DESC_CHN": "香港",
        "FREE_FORMAT_ADDR_ENG": "FLAT D ON 2ND FLOOR NEWTON HARBOUR VIEW TOWER 1 NO.2 SHAU KEI WAN MAIN STREET EAST HONG KONG",
        "FREE_FORMAT_ADDR_CHN": NaN,
        "DEV_NAME_ENG": "NEWTON HARBOUR VIEW TOWER 1",
        "DEV_NAME_CHN": "麗東海景豪苑第一座",
        "FIRST_REFERENCE_LOT_PRN": "C6527816"
    },
    {
        "PRN": "B8456776",
        "SEQ_NUM": 1,
        "BLOCK": "1",
        "FLOOR": "16",
        "FLAT": "B",
        "HOUSE_NUM_PREFIX": 2.0,
        "STREET_NAME_ENG": "SHAU KEI WAN MAIN STREET EAST",
        "STREET_NAME_CHN": "筲箕灣東大街",
        "AREA_DESC_ENG": "HONG KONG",
        "AREA_DESC_CHN": "香港",
        "FREE_FORMAT_ADDR_ENG": "FLAT B ON 16TH FLOOR NEWTON HARBOUR VIEW TOWER 1 NO.2 SHAU KEI WAN MAIN STREET EAST HONG KONG",
        "FREE_FORMAT_ADDR_CHN": NaN,
        "DEV_NAME_ENG": "NEWTON HARBOUR VIEW TOWER 1",
        "DEV_NAME_CHN": "麗東海景豪苑第一座",
        "FIRST_REFERENCE_LOT_PRN": "C6527816"
    },
    {
        "PRN": "B8456787",
        "SEQ_NUM": 1,
        "BLOCK": "1",
        "FLOOR": "21",
        "FLAT": "B",
        "HOUSE_NUM_PREFIX": 2.0,
        "STREET_NAME_ENG": "SHAU KEI WAN MAIN STREET EAST",
        "STREET_NAME_CHN": "筲箕灣東大街",
        "AREA_DESC_ENG": "HONG KONG",
        "AREA_DESC_CHN": "香港",
        "FREE_FORMAT_ADDR_ENG": "FLAT B ON 21ST FLOOR NEWTON HARBOUR VIEW TOWER 1 NO.2 SHAU KEI WAN MAIN STREET EAST HONG KONG",
        "FREE_FORMAT_ADDR_CHN": NaN,
        "DEV_NAME_ENG": "NEWTON HARBOUR VIEW TOWER 1",
        "DEV_NAME_CHN": "麗東海景豪苑第一座",
        "FIRST_REFERENCE_LOT_PRN": "C6527816"
    },
    {
        "PRN": "B8456791",
        "SEQ_NUM": 1,
        "BLOCK": "1",
        "FLOOR": "21",
        "FLAT": "C",
        "HOUSE_NUM_PREFIX": 2.0,
        "STREET_NAME_ENG": "SHAU KEI WAN MAIN STREET EAST",
        "STREET_NAME_CHN": "筲箕灣東大街",
        "AREA_DESC_ENG": "HONG KONG",
        "AREA_DESC_CHN": "香港",
        "FREE_FORMAT_ADDR_ENG": "FLAT C ON 21ST FLOOR NEWTON HARBOUR VIEW TOWER 1 NO.2 SHAU KEI WAN MAIN STREET EAST HONG KONG",
        "FREE_FORMAT_ADDR_CHN": NaN,
        "DEV_NAME_ENG": "NEWTON HARBOUR VIEW TOWER 1",
        "DEV_NAME_CHN": "麗東海景豪苑第一座",
        "FIRST_REFERENCE_LOT_PRN": "C6527816"
    },
    {
        "PRN": "B9012123",
        "SEQ_NUM": 1,
        "BLOCK": "1",
        "FLOOR": "13",
        "FLAT": "C",
        "HOUSE_NUM_PREFIX": 2.0,
        "STREET_NAME_ENG": "SHAU KEI WAN MAIN STREET EAST",
        "STREET_NAME_CHN": "筲箕灣東大街",
        "AREA_DESC_ENG": "HONG KONG",
        "AREA_DESC_CHN": "香港",
        "FREE_FORMAT_ADDR_ENG": "FLAT C ON 13TH FLOOR NEWTON HARBOUR VIEW TOWER 1 NO.2 SHAU KEI WAN MAIN STREET EAST HONG KONG",
        "FREE_FORMAT_ADDR_CHN": NaN,
        "DEV_NAME_ENG": "NEWTON HARBOUR VIEW TOWER 1",
        "DEV_NAME_CHN": "麗東海景豪苑第一座",
        "FIRST_REFERENCE_LOT_PRN": "C6527816"
    },
    {
        "PRN": "B9012138",
        "SEQ_NUM": 1,
        "BLOCK": "1",
        "FLOOR": "14",
        "FLAT": "C",
        "HOUSE_NUM_PREFIX": 2.0,
        "STREET_NAME_ENG": "SHAU KEI WAN MAIN STREET EAST",
        "STREET_NAME_CHN": "筲箕灣東大街",
        "AREA_DESC_ENG": "HONG KONG",
        "AREA_DESC_CHN": "香港",
        "FREE_FORMAT_ADDR_ENG": "FLAT C ON 14TH FLOOR NEWTON HARBOUR VIEW TOWER 1 NO.2 SHAU KEI WAN MAIN STREET EAST HONG KONG",
        "FREE_FORMAT_ADDR_CHN": NaN,
        "DEV_NAME_ENG": "NEWTON HARBOUR VIEW TOWER 1",
        "DEV_NAME_CHN": "麗東海景豪苑第一座",
        "FIRST_REFERENCE_LOT_PRN": "C6527816"
    },
    {
        "PRN": "B9012142",
        "SEQ_NUM": 1,
        "BLOCK": "1",
        "FLOOR": "16",
        "FLAT": "C",
        "HOUSE_NUM_PREFIX": 2.0,
        "STREET_NAME_ENG": "SHAU KEI WAN MAIN STREET EAST",
        "STREET_NAME_CHN": "筲箕灣東大街",
        "AREA_DESC_ENG": "HONG KONG",
        "AREA_DESC_CHN": "香港",
        "FREE_FORMAT_ADDR_ENG": "FLAT C ON 16TH FLOOR NEWTON HARBOUR VIEW TOWER 1 NO.2 SHAU KEI WAN MAIN STREET EAST HONG KONG",
        "FREE_FORMAT_ADDR_CHN": NaN,
        "DEV_NAME_ENG": "NEWTON HARBOUR VIEW TOWER 1",
        "DEV_NAME_CHN": "麗東海景豪苑第一座",
        "FIRST_REFERENCE_LOT_PRN": "C6527816"
    },
    {
        "PRN": "B9012154",
        "SEQ_NUM": 1,
        "BLOCK": "1",
        "FLOOR": NaN,
        "FLAT": "CP",
        "HOUSE_NUM_PREFIX": 2.0,
        "STREET_NAME_ENG": "SHAU KEI WAN MAIN STREET EAST",
        "STREET_NAME_CHN": "筲箕灣東大街",
        "AREA_DESC_ENG": "HONG KONG",
        "AREA_DESC_CHN": "香港",
        "FREE_FORMAT_ADDR_ENG": "CAR PARK NEWTON HARBOUR VIEW TOWER 1 NO.2 SHAU KEI WAN MAIN STREET EAST HONG KONG",
        "FREE_FORMAT_ADDR_CHN": NaN,
        "DEV_NAME_ENG": "NEWTON HARBOUR VIEW TOWER 1",
        "DEV_NAME_CHN": "麗東海景豪苑第一座",
        "FIRST_REFERENCE_LOT_PRN": "C6527816"
    },
    {
        "PRN": "B9012166",
        "SEQ_NUM": 1,
        "BLOCK": "1",
        "FLOOR": "13",
        "FLAT": "D",
        "HOUSE_NUM_PREFIX": 2.0,
        "STREET_NAME_ENG": "SHAU KEI WAN MAIN STREET EAST",
        "STREET_NAME_CHN": "筲箕灣東大街",
        "AREA_DESC_ENG": "HONG KONG",
        "AREA_DESC_CHN": "香港",
        "FREE_FORMAT_ADDR_ENG": "FLAT D ON 13TH FLOOR NEWTON HARBOUR VIEW TOWER 1 NO.2 SHAU KEI WAN MAIN STREET EAST HONG KONG",
        "FREE_FORMAT_ADDR_CHN": NaN,
        "DEV_NAME_ENG": "NEWTON HARBOUR VIEW TOWER 1",
        "DEV_NAME_CHN": "麗東海景豪苑第一座",
        "FIRST_REFERENCE_LOT_PRN": "C6527816"
    },
    {
        "PRN": "B9012173",
        "SEQ_NUM": 1,
        "BLOCK": "1",
        "FLOOR": "20",
        "FLAT": "D",
        "HOUSE_NUM_PREFIX": 2.0,
        "STREET_NAME_ENG": "SHAU KEI WAN MAIN STREET EAST",
        "STREET_NAME_CHN": "筲箕灣東大街",
        "AREA_DESC_ENG": "HONG KONG",
        "AREA_DESC_CHN": "香港",
        "FREE_FORMAT_ADDR_ENG": "FLAT D ON 20TH FLOOR NEWTON HARBOUR VIEW TOWER 1 NO.2 SHAU KEI WAN MAIN STREET EAST HONG KONG",
        "FREE_FORMAT_ADDR_CHN": NaN,
        "DEV_NAME_ENG": "NEWTON HARBOUR VIEW TOWER 1",
        "DEV_NAME_CHN": "麗東海景豪苑第一座",
        "FIRST_REFERENCE_LOT_PRN": "C6527816"
    },
    {
        "PRN": "C0805332",
        "SEQ_NUM": 1,
        "BLOCK": "1",
        "FLOOR": "10",
        "FLAT": "D",
        "HOUSE_NUM_PREFIX": 2.0,
        "STREET_NAME_ENG": "SHAU KEI WAN MAIN STREET EAST",
        "STREET_NAME_CHN": "筲箕灣東大街",
        "AREA_DESC_ENG": "HONG KONG",
        "AREA_DESC_CHN": "香港",
        "FREE_FORMAT_ADDR_ENG": "FLAT D ON 10TH FLOOR NEWTON HARBOUR VIEW TOWER 1 NO.2 SHAU KEI WAN MAIN STREET EAST HONG KONG",
        "FREE_FORMAT_ADDR_CHN": NaN,
        "DEV_NAME_ENG": "NEWTON HARBOUR VIEW TOWER 1",
        "DEV_NAME_CHN": "麗東海景豪苑第一座",
        "FIRST_REFERENCE_LOT_PRN": "C6527816"
    },
    {
        "PRN": "D2556175",
        "SEQ_NUM": 1,
        "BLOCK": "1",
        "FLOOR": NaN,
        "FLAT": "CPCA",
        "HOUSE_NUM_PREFIX": 2.0,
        "STREET_NAME_ENG": "SHAU KEI WAN MAIN STREET EAST",
        "STREET_NAME_CHN": "筲箕灣東大街",
        "AREA_DESC_ENG": "HONG KONG",
        "AREA_DESC_CHN": "香港",
        "FREE_FORMAT_ADDR_ENG": "CAR PARK COMMON AREAS NEWTON HARBOUR VIEW TOWER 1 NO.2 SHAU KEI WAN MAIN STREET EAST HONG KONG",
        "FREE_FORMAT_ADDR_CHN": NaN,
        "DEV_NAME_ENG": "NEWTON HARBOUR VIEW TOWER 1",
        "DEV_NAME_CHN": "麗東海景豪苑第一座",
        "FIRST_REFERENCE_LOT_PRN": "C6527816"
    },
    {
        "PRN": "D2556185",
        "SEQ_NUM": 1,
        "BLOCK": "1",
        "FLOOR": NaN,
        "FLAT": "LP",
        "HOUSE_NUM_PREFIX": 2.0,
        "STREET_NAME_ENG": "SHAU KEI WAN MAIN STREET EAST",
        "STREET_NAME_CHN": "筲箕灣東大街",
        "AREA_DESC_ENG": "HONG KONG",
        "AREA_DESC_CHN": "香港",
        "FREE_FORMAT_ADDR_ENG": "LORRY PARKING SPACE NEWTON HARBOUR VIEW TOWER 1 NO.2 SHAU KEI WAN MAIN STREET EAST HONG KONG",
        "FREE_FORMAT_ADDR_CHN": NaN,
        "DEV_NAME_ENG": "NEWTON HARBOUR VIEW TOWER 1",
        "DEV_NAME_CHN": "麗東海景豪苑第一座",
        "FIRST_REFERENCE_LOT_PRN": "C6527816"
    },
    {
        "PRN": "D2556199",
        "SEQ_NUM": 1,
        "BLOCK": "1",
        "FLOOR": "B",
        "FLAT": "CP003",
        "HOUSE_NUM_PREFIX": 2.0,
        "STREET_NAME_ENG": "SHAU KEI WAN MAIN STREET EAST",
        "STREET_NAME_CHN": "筲箕灣東大街",
        "AREA_DESC_ENG": "HONG KONG",
        "AREA_DESC_CHN": "香港",
        "FREE_FORMAT_ADDR_ENG": "CAR PARKING SPACE NO.3 ON THE BASEMENT FLOOR NEWTON HARBOUR VIEW TOWER 1 NO.2 SHAU KEI WAN MAIN STREET EAST HONG KONG",
        "FREE_FORMAT_ADDR_CHN": NaN,
        "DEV_NAME_ENG": "NEWTON HARBOUR VIEW TOWER 1",
        "DEV_NAME_CHN": "麗東海景豪苑第一座",
        "FIRST_REFERENCE_LOT_PRN": "C6527816"
    },
    {
        "PRN": "D2556204",
        "SEQ_NUM": 1,
        "BLOCK": "1",
        "FLOOR": "B",
        "FLAT": "CP004",
        "HOUSE_NUM_PREFIX": 2.0,
        "STREET_NAME_ENG": "SHAU KEI WAN MAIN STREET EAST",
        "STREET_NAME_CHN": "筲箕灣東大街",
        "AREA_DESC_ENG": "HONG KONG",
        "AREA_DESC_CHN": "香港",
        "FREE_FORMAT_ADDR_ENG": "CAR PARKING SPACE NO.4 ON THE BASEMENT FLOOR NEWTON HARBOUR VIEW TOWER 1 NO.2 SHAU KEI WAN MAIN STREET EAST HONG KONG",
        "FREE_FORMAT_ADDR_CHN": NaN,
        "DEV_NAME_ENG": "NEWTON HARBOUR VIEW TOWER 1",
        "DEV_NAME_CHN": "麗東海景豪苑第一座",
        "FIRST_REFERENCE_LOT_PRN": "C6527816"
    },
    {
        "PRN": "D2556213",
        "SEQ_NUM": 1,
        "BLOCK": "1",
        "FLOOR": "B",
        "FLAT": "CP005",
        "HOUSE_NUM_PREFIX": 2.0,
        "STREET_NAME_ENG": "SHAU KEI WAN MAIN STREET EAST",
        "STREET_NAME_CHN": "筲箕灣東大街",
        "AREA_DESC_ENG": "HONG KONG",
        "AREA_DESC_CHN": "香港",
        "FREE_FORMAT_ADDR_ENG": "CAR PARKING SPACE NO.5 ON THE BASEMENT FLOOR NEWTON HARBOUR VIEW TOWER 1 NO.2 SHAU KEI WAN MAIN STREET EAST HONG KONG",
        "FREE_FORMAT_ADDR_CHN": NaN,
        "DEV_NAME_ENG": "NEWTON HARBOUR VIEW TOWER 1",
        "DEV_NAME_CHN": "麗東海景豪苑第一座",
        "FIRST_REFERENCE_LOT_PRN": "C6527816"
    },
    {
        "PRN": "D2556220",
        "SEQ_NUM": 1,
        "BLOCK": "1",
        "FLOOR": "B",
        "FLAT": "CP006",
        "HOUSE_NUM_PREFIX": 2.0,
        "STREET_NAME_ENG": "SHAU KEI WAN MAIN STREET EAST",
        "STREET_NAME_CHN": "筲箕灣東大街",
        "AREA_DESC_ENG": "HONG KONG",
        "AREA_DESC_CHN": "香港",
        "FREE_FORMAT_ADDR_ENG": "CAR PARKING SPACE NO.6 ON THE BASEMENT FLOOR NEWTON HARBOUR VIEW TOWER 1 NO.2 SHAU KEI WAN MAIN STREET EAST HONG KONG",
        "FREE_FORMAT_ADDR_CHN": NaN,
        "DEV_NAME_ENG": "NEWTON HARBOUR VIEW TOWER 1",
        "DEV_NAME_CHN": "麗東海景豪苑第一座",
        "FIRST_REFERENCE_LOT_PRN": "C6527816"
    },
    {
        "PRN": "D2556234",
        "SEQ_NUM": 1,
        "BLOCK": "1",
        "FLOOR": "B",
        "FLAT": "CP007",
        "HOUSE_NUM_PREFIX": 2.0,
        "STREET_NAME_ENG": "SHAU KEI WAN MAIN STREET EAST",
        "STREET_NAME_CHN": "筲箕灣東大街",
        "AREA_DESC_ENG": "HONG KONG",
        "AREA_DESC_CHN": "香港",
        "FREE_FORMAT_ADDR_ENG": "CAR PARKING SPACE NO.7 ON THE BASEMENT FLOOR NEWTON HARBOUR VIEW TOWER 1 NO.2 SHAU KEI WAN MAIN STREET EAST HONG KONG",
        "FREE_FORMAT_ADDR_CHN": NaN,
        "DEV_NAME_ENG": "NEWTON HARBOUR VIEW TOWER 1",
        "DEV_NAME_CHN": "麗東海景豪苑第一座",
        "FIRST_REFERENCE_LOT_PRN": "C6527816"
    },
    {
        "PRN": "D2556248",
        "SEQ_NUM": 1,
        "BLOCK": "1",
        "FLOOR": "B",
        "FLAT": "CP008",
        "HOUSE_NUM_PREFIX": 2.0,
        "STREET_NAME_ENG": "SHAU KEI WAN MAIN STREET EAST",
        "STREET_NAME_CHN": "筲箕灣東大街",
        "AREA_DESC_ENG": "HONG KONG",
        "AREA_DESC_CHN": "香港",
        "FREE_FORMAT_ADDR_ENG": "CAR PARKING SPACE NO.8 ON THE BASEMENT FLOOR NEWTON HARBOUR VIEW TOWER 1 NO.2 SHAU KEI WAN MAIN STREET EAST HONG KONG",
        "FREE_FORMAT_ADDR_CHN": NaN,
        "DEV_NAME_ENG": "NEWTON HARBOUR VIEW TOWER 1",
        "DEV_NAME_CHN": "麗東海景豪苑第一座",
        "FIRST_REFERENCE_LOT_PRN": "C6527816"
    },
    {
        "PRN": "D2556251",
        "SEQ_NUM": 1,
        "BLOCK": "1",
        "FLOOR": "B",
        "FLAT": "CP009",
        "HOUSE_NUM_PREFIX": 2.0,
        "STREET_NAME_ENG": "SHAU KEI WAN MAIN STREET EAST",
        "STREET_NAME_CHN": "筲箕灣東大街",
        "AREA_DESC_ENG": "HONG KONG",
        "AREA_DESC_CHN": "香港",
        "FREE_FORMAT_ADDR_ENG": "CAR PARKING SPACE NO.9 ON THE BASEMENT FLOOR NEWTON HARBOUR VIEW TOWER 1 NO.2 SHAU KEI WAN MAIN STREET EAST HONG KONG",
        "FREE_FORMAT_ADDR_CHN": NaN,
        "DEV_NAME_ENG": "NEWTON HARBOUR VIEW TOWER 1",
        "DEV_NAME_CHN": "麗東海景豪苑第一座",
        "FIRST_REFERENCE_LOT_PRN": "C6527816"
    },
    {
        "PRN": "D2556261",
        "SEQ_NUM": 1,
        "BLOCK": "1",
        "FLOOR": "B",
        "FLAT": "CP010",
        "HOUSE_NUM_PREFIX": 2.0,
        "STREET_NAME_ENG": "SHAU KEI WAN MAIN STREET EAST",
        "STREET_NAME_CHN": "筲箕灣東大街",
        "AREA_DESC_ENG": "HONG KONG",
        "AREA_DESC_CHN": "香港",
        "FREE_FORMAT_ADDR_ENG": "CAR PARKING SPACE NO.10 ON THE BASEMENT FLOOR NEWTON HARBOUR VIEW TOWER 1 NO.2 SHAU KEI WAN MAIN STREET EAST HONG KONG",
        "FREE_FORMAT_ADDR_CHN": NaN,
        "DEV_NAME_ENG": "NEWTON HARBOUR VIEW TOWER 1",
        "DEV_NAME_CHN": "麗東海景豪苑第一座",
        "FIRST_REFERENCE_LOT_PRN": "C6527816"
    },
    {
        "PRN": "D2556279",
        "SEQ_NUM": 1,
        "BLOCK": "1",
        "FLOOR": "B",
        "FLAT": "CP011",
        "HOUSE_NUM_PREFIX": 2.0,
        "STREET_NAME_ENG": "SHAU KEI WAN MAIN STREET EAST",
        "STREET_NAME_CHN": "筲箕灣東大街",
        "AREA_DESC_ENG": "HONG KONG",
        "AREA_DESC_CHN": "香港",
        "FREE_FORMAT_ADDR_ENG": "CAR PARKING SPACE NO.11 ON THE BASEMENT FLOOR NEWTON HARBOUR VIEW TOWER 1 NO.2 SHAU KEI WAN MAIN STREET EAST HONG KONG",
        "FREE_FORMAT_ADDR_CHN": NaN,
        "DEV_NAME_ENG": "NEWTON HARBOUR VIEW TOWER 1",
        "DEV_NAME_CHN": "麗東海景豪苑第一座",
        "FIRST_REFERENCE_LOT_PRN": "C6527816"
    },
    {
        "PRN": "D2556289",
        "SEQ_NUM": 1,
        "BLOCK": "1",
        "FLOOR": "B",
        "FLAT": "CP012",
        "HOUSE_NUM_PREFIX": 2.0,
        "STREET_NAME_ENG": "SHAU KEI WAN MAIN STREET EAST",
        "STREET_NAME_CHN": "筲箕灣東大街",
        "AREA_DESC_ENG": "HONG KONG",
        "AREA_DESC_CHN": "香港",
        "FREE_FORMAT_ADDR_ENG": "CAR PARKING SPACE NO.12 ON THE BASEMENT FLOOR NEWTON HARBOUR VIEW TOWER 1 NO.2 SHAU KEI WAN MAIN STREET EAST HONG KONG",
        "FREE_FORMAT_ADDR_CHN": NaN,
        "DEV_NAME_ENG": "NEWTON HARBOUR VIEW TOWER 1",
        "DEV_NAME_CHN": "麗東海景豪苑第一座",
        "FIRST_REFERENCE_LOT_PRN": "C6527816"
    },
    {
        "PRN": "D2556292",
        "SEQ_NUM": 1,
        "BLOCK": "1",
        "FLOOR": "B",
        "FLAT": "CP013",
        "HOUSE_NUM_PREFIX": 2.0,
        "STREET_NAME_ENG": "SHAU KEI WAN MAIN STREET EAST",
        "STREET_NAME_CHN": "筲箕灣東大街",
        "AREA_DESC_ENG": "HONG KONG",
        "AREA_DESC_CHN": "香港",
        "FREE_FORMAT_ADDR_ENG": "CAR PARKING SPACE NO.13 ON THE BASEMENT FLOOR NEWTON HARBOUR VIEW TOWER 1 NO.2 SHAU KEI WAN MAIN STREET EAST HONG KONG",
        "FREE_FORMAT_ADDR_CHN": NaN,
        "DEV_NAME_ENG": "NEWTON HARBOUR VIEW TOWER 1",
        "DEV_NAME_CHN": "麗東海景豪苑第一座",
        "FIRST_REFERENCE_LOT_PRN": "C6527816"
    },
    {
        "PRN": "D2556301",
        "SEQ_NUM": 1,
        "BLOCK": "1",
        "FLOOR": "B",
        "FLAT": "CP014",
        "HOUSE_NUM_PREFIX": 2.0,
        "STREET_NAME_ENG": "SHAU KEI WAN MAIN STREET EAST",
        "STREET_NAME_CHN": "筲箕灣東大街",
        "AREA_DESC_ENG": "HONG KONG",
        "AREA_DESC_CHN": "香港",
        "FREE_FORMAT_ADDR_ENG": "CAR PARKING SPACE NO.14 ON THE BASEMENT FLOOR NEWTON HARBOUR VIEW TOWER 1 NO.2 SHAU KEI WAN MAIN STREET EAST HONG KONG",
        "FREE_FORMAT_ADDR_CHN": NaN,
        "DEV_NAME_ENG": "NEWTON HARBOUR VIEW TOWER 1",
        "DEV_NAME_CHN": "麗東海景豪苑第一座",
        "FIRST_REFERENCE_LOT_PRN": "C6527816"
    },
    {
        "PRN": "D2556314",
        "SEQ_NUM": 1,
        "BLOCK": "1",
        "FLOOR": "B",
        "FLAT": "CP015",
        "HOUSE_NUM_PREFIX": 2.0,
        "STREET_NAME_ENG": "SHAU KEI WAN MAIN STREET EAST",
        "STREET_NAME_CHN": "筲箕灣東大街",
        "AREA_DESC_ENG": "HONG KONG",
        "AREA_DESC_CHN": "香港",
        "FREE_FORMAT_ADDR_ENG": "CAR PARKING SPACE NO.15 ON THE BASEMENT FLOOR NEWTON HARBOUR VIEW TOWER 1 NO.2 SHAU KEI WAN MAIN STREET EAST HONG KONG",
        "FREE_FORMAT_ADDR_CHN": NaN,
        "DEV_NAME_ENG": "NEWTON HARBOUR VIEW TOWER 1",
        "DEV_NAME_CHN": "麗東海景豪苑第一座",
        "FIRST_REFERENCE_LOT_PRN": "C6527816"
    },
    {
        "PRN": "D2556329",
        "SEQ_NUM": 1,
        "BLOCK": "1",
        "FLOOR": "B",
        "FLAT": "CP016",
        "HOUSE_NUM_PREFIX": 2.0,
        "STREET_NAME_ENG": "SHAU KEI WAN MAIN STREET EAST",
        "STREET_NAME_CHN": "筲箕灣東大街",
        "AREA_DESC_ENG": "HONG KONG",
        "AREA_DESC_CHN": "香港",
        "FREE_FORMAT_ADDR_ENG": "CAR PARKING SPACE NO.16 ON THE BASEMENT FLOOR NEWTON HARBOUR VIEW TOWER 1 NO.2 SHAU KEI WAN MAIN STREET EAST HONG KONG",
        "FREE_FORMAT_ADDR_CHN": NaN,
        "DEV_NAME_ENG": "NEWTON HARBOUR VIEW TOWER 1",
        "DEV_NAME_CHN": "麗東海景豪苑第一座",
        "FIRST_REFERENCE_LOT_PRN": "C6527816"
    },
    {
        "PRN": "D2556333",
        "SEQ_NUM": 1,
        "BLOCK": "1",
        "FLOOR": "B",
        "FLAT": "CP017",
        "HOUSE_NUM_PREFIX": 2.0,
        "STREET_NAME_ENG": "SHAU KEI WAN MAIN STREET EAST",
        "STREET_NAME_CHN": "筲箕灣東大街",
        "AREA_DESC_ENG": "HONG KONG",
        "AREA_DESC_CHN": "香港",
        "FREE_FORMAT_ADDR_ENG": "CAR PARKING SPACE NO.17 ON THE BASEMENT FLOOR NEWTON HARBOUR VIEW TOWER 1 NO.2 SHAU KEI WAN MAIN STREET EAST HONG KONG",
        "FREE_FORMAT_ADDR_CHN": NaN,
        "DEV_NAME_ENG": "NEWTON HARBOUR VIEW TOWER 1",
        "DEV_NAME_CHN": "麗東海景豪苑第一座",
        "FIRST_REFERENCE_LOT_PRN": "C6527816"
    },
    {
        "PRN": "D2556344",
        "SEQ_NUM": 1,
        "BLOCK": "1",
        "FLOOR": "B",
        "FLAT": "CP018",
        "HOUSE_NUM_PREFIX": 2.0,
        "STREET_NAME_ENG": "SHAU KEI WAN MAIN STREET EAST",
        "STREET_NAME_CHN": "筲箕灣東大街",
        "AREA_DESC_ENG": "HONG KONG",
        "AREA_DESC_CHN": "香港",
        "FREE_FORMAT_ADDR_ENG": "CAR PARKING SPACE NO.18 ON THE BASEMENT FLOOR NEWTON HARBOUR VIEW TOWER 1 NO.2 SHAU KEI WAN MAIN STREET EAST HONG KONG",
        "FREE_FORMAT_ADDR_CHN": NaN,
        "DEV_NAME_ENG": "NEWTON HARBOUR VIEW TOWER 1",
        "DEV_NAME_CHN": "麗東海景豪苑第一座",
        "FIRST_REFERENCE_LOT_PRN": "C6527816"
    },
    {
        "PRN": "D2556352",
        "SEQ_NUM": 1,
        "BLOCK": "1",
        "FLOOR": "B",
        "FLAT": "CP019",
        "HOUSE_NUM_PREFIX": 2.0,
        "STREET_NAME_ENG": "SHAU KEI WAN MAIN STREET EAST",
        "STREET_NAME_CHN": "筲箕灣東大街",
        "AREA_DESC_ENG": "HONG KONG",
        "AREA_DESC_CHN": "香港",
        "FREE_FORMAT_ADDR_ENG": "CAR PARKING SPACE NO.19 ON THE BASEMENT FLOOR NEWTON HARBOUR VIEW TOWER 1 NO.2 SHAU KEI WAN MAIN STREET EAST HONG KONG",
        "FREE_FORMAT_ADDR_CHN": NaN,
        "DEV_NAME_ENG": "NEWTON HARBOUR VIEW TOWER 1",
        "DEV_NAME_CHN": "麗東海景豪苑第一座",
        "FIRST_REFERENCE_LOT_PRN": "C6527816"
    },
    {
        "PRN": "D2556360",
        "SEQ_NUM": 1,
        "BLOCK": "1",
        "FLOOR": "B",
        "FLAT": "CP020",
        "HOUSE_NUM_PREFIX": 2.0,
        "STREET_NAME_ENG": "SHAU KEI WAN MAIN STREET EAST",
        "STREET_NAME_CHN": "筲箕灣東大街",
        "AREA_DESC_ENG": "HONG KONG",
        "AREA_DESC_CHN": "香港",
        "FREE_FORMAT_ADDR_ENG": "CAR PARKING SPACE NO.20 ON THE BASEMENT FLOOR NEWTON HARBOUR VIEW TOWER 1 NO.2 SHAU KEI WAN MAIN STREET EAST HONG KONG",
        "FREE_FORMAT_ADDR_CHN": NaN,
        "DEV_NAME_ENG": "NEWTON HARBOUR VIEW TOWER 1",
        "DEV_NAME_CHN": "麗東海景豪苑第一座",
        "FIRST_REFERENCE_LOT_PRN": "C6527816"
    },
    {
        "PRN": "D2556375",
        "SEQ_NUM": 1,
        "BLOCK": "1",
        "FLOOR": "B",
        "FLAT": "CP021",
        "HOUSE_NUM_PREFIX": 2.0,
        "STREET_NAME_ENG": "SHAU KEI WAN MAIN STREET EAST",
        "STREET_NAME_CHN": "筲箕灣東大街",
        "AREA_DESC_ENG": "HONG KONG",
        "AREA_DESC_CHN": "香港",
        "FREE_FORMAT_ADDR_ENG": "CAR PARKING SPACE NO.21 ON THE BASEMENT FLOOR NEWTON HARBOUR VIEW TOWER 1 NO.2 SHAU KEI WAN MAIN STREET EAST HONG KONG",
        "FREE_FORMAT_ADDR_CHN": NaN,
        "DEV_NAME_ENG": "NEWTON HARBOUR VIEW TOWER 1",
        "DEV_NAME_CHN": "麗東海景豪苑第一座",
        "FIRST_REFERENCE_LOT_PRN": "C6527816"
    },
    {
        "PRN": "D2556380",
        "SEQ_NUM": 1,
        "BLOCK": "1",
        "FLOOR": "G",
        "FLAT": "CP001",
        "HOUSE_NUM_PREFIX": 2.0,
        "STREET_NAME_ENG": "SHAU KEI WAN MAIN STREET EAST",
        "STREET_NAME_CHN": "筲箕灣東大街",
        "AREA_DESC_ENG": "HONG KONG",
        "AREA_DESC_CHN": "香港",
        "FREE_FORMAT_ADDR_ENG": "CAR PARKING SPACE NO.1 ON THE GROUND FLOOR NEWTON HARBOUR VIEW TOWER 1 NO.2 SHAU KEI WAN MAIN STREET EAST HONG KONG",
        "FREE_FORMAT_ADDR_CHN": NaN,
        "DEV_NAME_ENG": "NEWTON HARBOUR VIEW TOWER 1",
        "DEV_NAME_CHN": "麗東海景豪苑第一座",
        "FIRST_REFERENCE_LOT_PRN": "C6527816"
    },
    {
        "PRN": "D2556399",
        "SEQ_NUM": 1,
        "BLOCK": "1",
        "FLOOR": "G",
        "FLAT": "CP002",
        "HOUSE_NUM_PREFIX": 2.0,
        "STREET_NAME_ENG": "SHAU KEI WAN MAIN STREET EAST",
        "STREET_NAME_CHN": "筲箕灣東大街",
        "AREA_DESC_ENG": "HONG KONG",
        "AREA_DESC_CHN": "香港",
        "FREE_FORMAT_ADDR_ENG": "CAR PARKING SPACE NO.2 ON THE GROUND FLOOR NEWTON HARBOUR VIEW TOWER 1 NO.2 SHAU KEI WAN MAIN STREET EAST HONG KONG",
        "FREE_FORMAT_ADDR_CHN": NaN,
        "DEV_NAME_ENG": "NEWTON HARBOUR VIEW TOWER 1",
        "DEV_NAME_CHN": "麗東海景豪苑第一座",
        "FIRST_REFERENCE_LOT_PRN": "C6527816"
    }
]