[
    {
        "PRN": "B1963684",
        "SEQ_NUM": 1,
        "BLOCK": "55",
        "FLOOR": "5",
        "FLAT": NaN,
        "HOUSE_NUM_PREFIX": NaN,
        "STREET_NAME_ENG": NaN,
        "STREET_NAME_CHN": NaN,
        "AREA_DESC_ENG": NaN,
        "AREA_DESC_CHN": NaN,
        "FREE_FORMAT_ADDR_ENG": "5/F INCLUDING ROOF * SEE PROPERTY REMARKS NGAN FAI BUILDING NO. 55 TSING YUEN STREET TAI PO NEW TERRITORIES",
        "FREE_FORMAT_ADDR_CHN": NaN,
        "DEV_NAME_ENG": "NGAN FAI BUILDING",
        "DEV_NAME_CHN": "銀輝樓",
        "FIRST_REFERENCE_LOT_PRN": "C1935186"
    },
    {
        "PRN": "B4871316",
        "SEQ_NUM": 1,
        "BLOCK": "55",
        "FLOOR": NaN,
        "FLAT": "MM001",
        "HOUSE_NUM_PREFIX": NaN,
        "STREET_NAME_ENG": NaN,
        "STREET_NAME_CHN": NaN,
        "AREA_DESC_ENG": NaN,
        "AREA_DESC_CHN": NaN,
        "FREE_FORMAT_ADDR_ENG": "EXTERNAL WALLS NGAN FAI BUILDING NO.55 TSING YUEN STREET TAI PO NEW TERRITORIES",
        "FREE_FORMAT_ADDR_CHN": NaN,
        "DEV_NAME_ENG": "NGAN FAI BUILDING",
        "DEV_NAME_CHN": "銀輝樓",
        "FIRST_REFERENCE_LOT_PRN": "C1935186"
    },
    {
        "PRN": "B7556646",
        "SEQ_NUM": 1,
        "BLOCK": "53",
        "FLOOR": "G",
        "FLAT": NaN,
        "HOUSE_NUM_PREFIX": NaN,
        "STREET_NAME_ENG": NaN,
        "STREET_NAME_CHN": NaN,
        "AREA_DESC_ENG": NaN,
        "AREA_DESC_CHN": NaN,
        "FREE_FORMAT_ADDR_ENG": "G/F INCLUDING COCKLOFT NGAN FAI BUILDING NO.53 TSING YUEN STREET TAI PO NEW TERRITORIES",
        "FREE_FORMAT_ADDR_CHN": NaN,
        "DEV_NAME_ENG": "NGAN FAI BUILDING",
        "DEV_NAME_CHN": "銀輝樓",
        "FIRST_REFERENCE_LOT_PRN": "C1935186"
    },
    {
        "PRN": "B7556663",
        "SEQ_NUM": 1,
        "BLOCK": "53",
        "FLOOR": NaN,
        "FLAT": "MM001",
        "HOUSE_NUM_PREFIX": NaN,
        "STREET_NAME_ENG": NaN,
        "STREET_NAME_CHN": NaN,
        "AREA_DESC_ENG": NaN,
        "AREA_DESC_CHN": NaN,
        "FREE_FORMAT_ADDR_ENG": "EXTERNAL WALLS NGAN FAI BUILDING NO.53 TSING YUEN STREET TAI PO NEW TERRITORIES",
        "FREE_FORMAT_ADDR_CHN": NaN,
        "DEV_NAME_ENG": "NGAN FAI BUILDING",
        "DEV_NAME_CHN": "銀輝樓",
        "FIRST_REFERENCE_LOT_PRN": "C1935186"
    }
]