[
    {
        "PRN": "A5406130",
        "SEQ_NUM": 1,
        "BLOCK": "ONHO",
        "FLOOR": "G",
        "FLAT": "SH002",
        "HOUSE_NUM_PREFIX": 49.0,
        "STREET_NAME_ENG": "MEI KING STREET",
        "STREET_NAME_CHN": "美景街",
        "AREA_DESC_ENG": "KOWLOON",
        "AREA_DESC_CHN": "九龍",
        "FREE_FORMAT_ADDR_ENG": "SHOP NO.2 ON GROUND FLOOR ON HONG BUILDING NOS.49 51 53 57 59 & 61 MEI KING STREET KOWLOON",
        "FREE_FORMAT_ADDR_CHN": NaN,
        "DEV_NAME_ENG": "ON HONG BUILDING",
        "DEV_NAME_CHN": "安康大廈",
        "FIRST_REFERENCE_LOT_PRN": "C6525679"
    },
    {
        "PRN": "A5406146",
        "SEQ_NUM": 1,
        "BLOCK": "ONHO",
        "FLOOR": "G",
        "FLAT": "SH003",
        "HOUSE_NUM_PREFIX": 49.0,
        "STREET_NAME_ENG": "MEI KING STREET",
        "STREET_NAME_CHN": "美景街",
        "AREA_DESC_ENG": "KOWLOON",
        "AREA_DESC_CHN": "九龍",
        "FREE_FORMAT_ADDR_ENG": "SHOP NO.3 ON GROUND FLOOR ON HONG BUILDING NOS.49 51 53 57 59 & 61 MEI KING STREET KOWLOON",
        "FREE_FORMAT_ADDR_CHN": NaN,
        "DEV_NAME_ENG": "ON HONG BUILDING",
        "DEV_NAME_CHN": "安康大廈",
        "FIRST_REFERENCE_LOT_PRN": "C6525679"
    },
    {
        "PRN": "A5406156",
        "SEQ_NUM": 1,
        "BLOCK": "ONHO",
        "FLOOR": "G",
        "FLAT": "SH004",
        "HOUSE_NUM_PREFIX": 49.0,
        "STREET_NAME_ENG": "MEI KING STREET",
        "STREET_NAME_CHN": "美景街",
        "AREA_DESC_ENG": "KOWLOON",
        "AREA_DESC_CHN": "九龍",
        "FREE_FORMAT_ADDR_ENG": "SHOP NO.4 ON GROUND FLOOR ON HONG BUILDING NOS.49 51 53 57 59 & 61 MEI KING STREET KOWLOON",
        "FREE_FORMAT_ADDR_CHN": NaN,
        "DEV_NAME_ENG": "ON HONG BUILDING",
        "DEV_NAME_CHN": "安康大廈",
        "FIRST_REFERENCE_LOT_PRN": "C6525679"
    },
    {
        "PRN": "A5406162",
        "SEQ_NUM": 1,
        "BLOCK": "ONHO",
        "FLOOR": "G",
        "FLAT": "SH005",
        "HOUSE_NUM_PREFIX": 49.0,
        "STREET_NAME_ENG": "MEI KING STREET",
        "STREET_NAME_CHN": "美景街",
        "AREA_DESC_ENG": "KOWLOON",
        "AREA_DESC_CHN": "九龍",
        "FREE_FORMAT_ADDR_ENG": "SHOP NO.5 ON GROUND FLOOR ON HONG BUILDING NOS.49 51 53 57 59 & 61 MEI KING STREET KOWLOON",
        "FREE_FORMAT_ADDR_CHN": NaN,
        "DEV_NAME_ENG": "ON HONG BUILDING",
        "DEV_NAME_CHN": "安康大廈",
        "FIRST_REFERENCE_LOT_PRN": "C6525679"
    },
    {
        "PRN": "A5406174",
        "SEQ_NUM": 1,
        "BLOCK": "ONHO",
        "FLOOR": "G",
        "FLAT": "SH007",
        "HOUSE_NUM_PREFIX": 49.0,
        "STREET_NAME_ENG": "MEI KING STREET",
        "STREET_NAME_CHN": "美景街",
        "AREA_DESC_ENG": "KOWLOON",
        "AREA_DESC_CHN": "九龍",
        "FREE_FORMAT_ADDR_ENG": "SHOP NO.7 ON GROUND FLOOR ON HONG BUILDING NOS.49 51 53 57 59 & 61 MEI KING STREET KOWLOON",
        "FREE_FORMAT_ADDR_CHN": NaN,
        "DEV_NAME_ENG": "ON HONG BUILDING",
        "DEV_NAME_CHN": "安康大廈",
        "FIRST_REFERENCE_LOT_PRN": "C6525679"
    },
    {
        "PRN": "A5406793",
        "SEQ_NUM": 1,
        "BLOCK": "ONHO",
        "FLOOR": "10",
        "FLAT": "A",
        "HOUSE_NUM_PREFIX": 55.0,
        "STREET_NAME_ENG": "MEI KING STREET",
        "STREET_NAME_CHN": "美景街",
        "AREA_DESC_ENG": "KOWLOON",
        "AREA_DESC_CHN": "九龍",
        "FREE_FORMAT_ADDR_ENG": "FLAT A ON 10TH FLOOR ON HONG BUILDING NO.55 MEI KING STREET KOWLOON",
        "FREE_FORMAT_ADDR_CHN": NaN,
        "DEV_NAME_ENG": "ON HONG BUILDING",
        "DEV_NAME_CHN": "安康大廈",
        "FIRST_REFERENCE_LOT_PRN": "C6525679"
    },
    {
        "PRN": "A5406802",
        "SEQ_NUM": 1,
        "BLOCK": "ONHO",
        "FLOOR": "11",
        "FLAT": "A",
        "HOUSE_NUM_PREFIX": 55.0,
        "STREET_NAME_ENG": "MEI KING STREET",
        "STREET_NAME_CHN": "美景街",
        "AREA_DESC_ENG": "KOWLOON",
        "AREA_DESC_CHN": "九龍",
        "FREE_FORMAT_ADDR_ENG": "FLAT A ON 11TH FLOOR ON HONG BUILDING NO.55 MEI KING STREET KOWLOON",
        "FREE_FORMAT_ADDR_CHN": NaN,
        "DEV_NAME_ENG": "ON HONG BUILDING",
        "DEV_NAME_CHN": "安康大廈",
        "FIRST_REFERENCE_LOT_PRN": "C6525679"
    },
    {
        "PRN": "A5406810",
        "SEQ_NUM": 1,
        "BLOCK": "ONHO",
        "FLOOR": "12",
        "FLAT": "A",
        "HOUSE_NUM_PREFIX": 55.0,
        "STREET_NAME_ENG": "MEI KING STREET",
        "STREET_NAME_CHN": "美景街",
        "AREA_DESC_ENG": "KOWLOON",
        "AREA_DESC_CHN": "九龍",
        "FREE_FORMAT_ADDR_ENG": "FLAT A ON 12TH FLOOR ON HONG BUILDING NO.55 MEI KING STREET KOWLOON",
        "FREE_FORMAT_ADDR_CHN": NaN,
        "DEV_NAME_ENG": "ON HONG BUILDING",
        "DEV_NAME_CHN": "安康大廈",
        "FIRST_REFERENCE_LOT_PRN": "C6525679"
    },
    {
        "PRN": "A5406829",
        "SEQ_NUM": 1,
        "BLOCK": "ONHO",
        "FLOOR": "2",
        "FLAT": "A",
        "HOUSE_NUM_PREFIX": 55.0,
        "STREET_NAME_ENG": "MEI KING STREET",
        "STREET_NAME_CHN": "美景街",
        "AREA_DESC_ENG": "KOWLOON",
        "AREA_DESC_CHN": "九龍",
        "FREE_FORMAT_ADDR_ENG": "FLAT A ON 2ND FLOOR ON HONG BUILDING NO.55 MEI KING STREET KOWLOON",
        "FREE_FORMAT_ADDR_CHN": NaN,
        "DEV_NAME_ENG": "ON HONG BUILDING",
        "DEV_NAME_CHN": "安康大廈",
        "FIRST_REFERENCE_LOT_PRN": "C6525679"
    },
    {
        "PRN": "A5406839",
        "SEQ_NUM": 1,
        "BLOCK": "ONHO",
        "FLOOR": "4",
        "FLAT": "A",
        "HOUSE_NUM_PREFIX": 55.0,
        "STREET_NAME_ENG": "MEI KING STREET",
        "STREET_NAME_CHN": "美景街",
        "AREA_DESC_ENG": "KOWLOON",
        "AREA_DESC_CHN": "九龍",
        "FREE_FORMAT_ADDR_ENG": "FLAT A ON 4TH FLOOR ON HONG BUILDING NO.55 MEI KING STREET KOWLOON",
        "FREE_FORMAT_ADDR_CHN": NaN,
        "DEV_NAME_ENG": "ON HONG BUILDING",
        "DEV_NAME_CHN": "安康大廈",
        "FIRST_REFERENCE_LOT_PRN": "C6525679"
    },
    {
        "PRN": "A5406843",
        "SEQ_NUM": 1,
        "BLOCK": "ONHO",
        "FLOOR": "5",
        "FLAT": "A",
        "HOUSE_NUM_PREFIX": 55.0,
        "STREET_NAME_ENG": "MEI KING STREET",
        "STREET_NAME_CHN": "美景街",
        "AREA_DESC_ENG": "KOWLOON",
        "AREA_DESC_CHN": "九龍",
        "FREE_FORMAT_ADDR_ENG": "FLAT A ON 5TH FLOOR ON HONG BUILDING NO.55 MEI KING STREET KOWLOON",
        "FREE_FORMAT_ADDR_CHN": NaN,
        "DEV_NAME_ENG": "ON HONG BUILDING",
        "DEV_NAME_CHN": "安康大廈",
        "FIRST_REFERENCE_LOT_PRN": "C6525679"
    },
    {
        "PRN": "A5406856",
        "SEQ_NUM": 1,
        "BLOCK": "ONHO",
        "FLOOR": "6",
        "FLAT": "A",
        "HOUSE_NUM_PREFIX": 55.0,
        "STREET_NAME_ENG": "MEI KING STREET",
        "STREET_NAME_CHN": "美景街",
        "AREA_DESC_ENG": "KOWLOON",
        "AREA_DESC_CHN": "九龍",
        "FREE_FORMAT_ADDR_ENG": "FLAT A ON 6TH FLOOR ON HONG BUILDING NO.55 MEI KING STREET KOWLOON",
        "FREE_FORMAT_ADDR_CHN": NaN,
        "DEV_NAME_ENG": "ON HONG BUILDING",
        "DEV_NAME_CHN": "安康大廈",
        "FIRST_REFERENCE_LOT_PRN": "C6525679"
    },
    {
        "PRN": "A5406869",
        "SEQ_NUM": 1,
        "BLOCK": "ONHO",
        "FLOOR": "9",
        "FLAT": "A",
        "HOUSE_NUM_PREFIX": 55.0,
        "STREET_NAME_ENG": "MEI KING STREET",
        "STREET_NAME_CHN": "美景街",
        "AREA_DESC_ENG": "KOWLOON",
        "AREA_DESC_CHN": "九龍",
        "FREE_FORMAT_ADDR_ENG": "FLAT A ON 9TH FLOOR ON HONG BUILDING NO.55 MEI KING STREET KOWLOON",
        "FREE_FORMAT_ADDR_CHN": NaN,
        "DEV_NAME_ENG": "ON HONG BUILDING",
        "DEV_NAME_CHN": "安康大廈",
        "FIRST_REFERENCE_LOT_PRN": "C6525679"
    },
    {
        "PRN": "A5406870",
        "SEQ_NUM": 1,
        "BLOCK": "ONHO",
        "FLOOR": "1",
        "FLAT": "B",
        "HOUSE_NUM_PREFIX": 55.0,
        "STREET_NAME_ENG": "MEI KING STREET",
        "STREET_NAME_CHN": "美景街",
        "AREA_DESC_ENG": "KOWLOON",
        "AREA_DESC_CHN": "九龍",
        "FREE_FORMAT_ADDR_ENG": "FLAT B ON 1ST FLOOR & FLAT ROOF ON HONG BUILDING NO.55 MEI KING STREET KOWLOON",
        "FREE_FORMAT_ADDR_CHN": NaN,
        "DEV_NAME_ENG": "ON HONG BUILDING",
        "DEV_NAME_CHN": "安康大廈",
        "FIRST_REFERENCE_LOT_PRN": "C6525679"
    },
    {
        "PRN": "A5406882",
        "SEQ_NUM": 1,
        "BLOCK": "ONHO",
        "FLOOR": "11",
        "FLAT": "B",
        "HOUSE_NUM_PREFIX": 55.0,
        "STREET_NAME_ENG": "MEI KING STREET",
        "STREET_NAME_CHN": "美景街",
        "AREA_DESC_ENG": "KOWLOON",
        "AREA_DESC_CHN": "九龍",
        "FREE_FORMAT_ADDR_ENG": "FLAT B ON 11TH FLOOR ON HONG BUILDING NO.55 MEI KING STREET KOWLOON",
        "FREE_FORMAT_ADDR_CHN": NaN,
        "DEV_NAME_ENG": "ON HONG BUILDING",
        "DEV_NAME_CHN": "安康大廈",
        "FIRST_REFERENCE_LOT_PRN": "C6525679"
    },
    {
        "PRN": "A5406890",
        "SEQ_NUM": 1,
        "BLOCK": "ONHO",
        "FLOOR": "2",
        "FLAT": "B",
        "HOUSE_NUM_PREFIX": 55.0,
        "STREET_NAME_ENG": "MEI KING STREET",
        "STREET_NAME_CHN": "美景街",
        "AREA_DESC_ENG": "KOWLOON",
        "AREA_DESC_CHN": "九龍",
        "FREE_FORMAT_ADDR_ENG": "FLAT B ON 2ND FLOOR ON HONG BUILDING NO.55 MEI KING STREET KOWLOON",
        "FREE_FORMAT_ADDR_CHN": NaN,
        "DEV_NAME_ENG": "ON HONG BUILDING",
        "DEV_NAME_CHN": "安康大廈",
        "FIRST_REFERENCE_LOT_PRN": "C6525679"
    },
    {
        "PRN": "A5406902",
        "SEQ_NUM": 1,
        "BLOCK": "ONHO",
        "FLOOR": "3",
        "FLAT": "B",
        "HOUSE_NUM_PREFIX": 55.0,
        "STREET_NAME_ENG": "MEI KING STREET",
        "STREET_NAME_CHN": "美景街",
        "AREA_DESC_ENG": "KOWLOON",
        "AREA_DESC_CHN": "九龍",
        "FREE_FORMAT_ADDR_ENG": "FLAT B ON 3RD FLOOR ON HONG BUILDING NO.55 MEI KING STREET KOWLOON",
        "FREE_FORMAT_ADDR_CHN": NaN,
        "DEV_NAME_ENG": "ON HONG BUILDING",
        "DEV_NAME_CHN": "安康大廈",
        "FIRST_REFERENCE_LOT_PRN": "C6525679"
    },
    {
        "PRN": "A5406913",
        "SEQ_NUM": 1,
        "BLOCK": "ONHO",
        "FLOOR": "5",
        "FLAT": "B",
        "HOUSE_NUM_PREFIX": 55.0,
        "STREET_NAME_ENG": "MEI KING STREET",
        "STREET_NAME_CHN": "美景街",
        "AREA_DESC_ENG": "KOWLOON",
        "AREA_DESC_CHN": "九龍",
        "FREE_FORMAT_ADDR_ENG": "FLAT B ON 5TH FLOOR ON HONG BUILDING NO.55 MEI KING STREET KOWLOON",
        "FREE_FORMAT_ADDR_CHN": NaN,
        "DEV_NAME_ENG": "ON HONG BUILDING",
        "DEV_NAME_CHN": "安康大廈",
        "FIRST_REFERENCE_LOT_PRN": "C6525679"
    },
    {
        "PRN": "A5406924",
        "SEQ_NUM": 1,
        "BLOCK": "ONHO",
        "FLOOR": "6",
        "FLAT": "B",
        "HOUSE_NUM_PREFIX": 55.0,
        "STREET_NAME_ENG": "MEI KING STREET",
        "STREET_NAME_CHN": "美景街",
        "AREA_DESC_ENG": "KOWLOON",
        "AREA_DESC_CHN": "九龍",
        "FREE_FORMAT_ADDR_ENG": "FLAT B ON 6TH FLOOR ON HONG BUILDING NO.55 MEI KING STREET KOWLOON",
        "FREE_FORMAT_ADDR_CHN": NaN,
        "DEV_NAME_ENG": "ON HONG BUILDING",
        "DEV_NAME_CHN": "安康大廈",
        "FIRST_REFERENCE_LOT_PRN": "C6525679"
    },
    {
        "PRN": "A5406930",
        "SEQ_NUM": 1,
        "BLOCK": "ONHO",
        "FLOOR": "7",
        "FLAT": "B",
        "HOUSE_NUM_PREFIX": 55.0,
        "STREET_NAME_ENG": "MEI KING STREET",
        "STREET_NAME_CHN": "美景街",
        "AREA_DESC_ENG": "KOWLOON",
        "AREA_DESC_CHN": "九龍",
        "FREE_FORMAT_ADDR_ENG": "FLAT B ON 7TH FLOOR ON HONG BUILDING NO.55 MEI KING STREET KOWLOON",
        "FREE_FORMAT_ADDR_CHN": NaN,
        "DEV_NAME_ENG": "ON HONG BUILDING",
        "DEV_NAME_CHN": "安康大廈",
        "FIRST_REFERENCE_LOT_PRN": "C6525679"
    },
    {
        "PRN": "A5406941",
        "SEQ_NUM": 1,
        "BLOCK": "ONHO",
        "FLOOR": "8",
        "FLAT": "B",
        "HOUSE_NUM_PREFIX": 55.0,
        "STREET_NAME_ENG": "MEI KING STREET",
        "STREET_NAME_CHN": "美景街",
        "AREA_DESC_ENG": "KOWLOON",
        "AREA_DESC_CHN": "九龍",
        "FREE_FORMAT_ADDR_ENG": "FLAT B ON 8TH FLOOR ON HONG BUILDING NO.55 MEI KING STREET KOWLOON",
        "FREE_FORMAT_ADDR_CHN": NaN,
        "DEV_NAME_ENG": "ON HONG BUILDING",
        "DEV_NAME_CHN": "安康大廈",
        "FIRST_REFERENCE_LOT_PRN": "C6525679"
    },
    {
        "PRN": "A5406958",
        "SEQ_NUM": 1,
        "BLOCK": "ONHO",
        "FLOOR": "1",
        "FLAT": "C",
        "HOUSE_NUM_PREFIX": 55.0,
        "STREET_NAME_ENG": "MEI KING STREET",
        "STREET_NAME_CHN": "美景街",
        "AREA_DESC_ENG": "KOWLOON",
        "AREA_DESC_CHN": "九龍",
        "FREE_FORMAT_ADDR_ENG": "FLAT C ON 1ST FLOOR & FLAT ROOF ON HONG BUILDING NO.55 MEI KING STREET KOWLOON",
        "FREE_FORMAT_ADDR_CHN": NaN,
        "DEV_NAME_ENG": "ON HONG BUILDING",
        "DEV_NAME_CHN": "安康大廈",
        "FIRST_REFERENCE_LOT_PRN": "C6525679"
    },
    {
        "PRN": "A5406967",
        "SEQ_NUM": 1,
        "BLOCK": "ONHO",
        "FLOOR": "12",
        "FLAT": "C",
        "HOUSE_NUM_PREFIX": 55.0,
        "STREET_NAME_ENG": "MEI KING STREET",
        "STREET_NAME_CHN": "美景街",
        "AREA_DESC_ENG": "KOWLOON",
        "AREA_DESC_CHN": "九龍",
        "FREE_FORMAT_ADDR_ENG": "FLAT C ON 12TH FLOOR ON HONG BUILDING NO.55 MEI KING STREET KOWLOON",
        "FREE_FORMAT_ADDR_CHN": NaN,
        "DEV_NAME_ENG": "ON HONG BUILDING",
        "DEV_NAME_CHN": "安康大廈",
        "FIRST_REFERENCE_LOT_PRN": "C6525679"
    },
    {
        "PRN": "A5406971",
        "SEQ_NUM": 1,
        "BLOCK": "ONHO",
        "FLOOR": "13",
        "FLAT": "C",
        "HOUSE_NUM_PREFIX": 55.0,
        "STREET_NAME_ENG": "MEI KING STREET",
        "STREET_NAME_CHN": "美景街",
        "AREA_DESC_ENG": "KOWLOON",
        "AREA_DESC_CHN": "九龍",
        "FREE_FORMAT_ADDR_ENG": "FLAT C ON 13TH FLOOR ON HONG BUILDING NO.55 MEI KING STREET KOWLOON",
        "FREE_FORMAT_ADDR_CHN": NaN,
        "DEV_NAME_ENG": "ON HONG BUILDING",
        "DEV_NAME_CHN": "安康大廈",
        "FIRST_REFERENCE_LOT_PRN": "C6525679"
    },
    {
        "PRN": "A5406987",
        "SEQ_NUM": 1,
        "BLOCK": "ONHO",
        "FLOOR": "2",
        "FLAT": "C",
        "HOUSE_NUM_PREFIX": 55.0,
        "STREET_NAME_ENG": "MEI KING STREET",
        "STREET_NAME_CHN": "美景街",
        "AREA_DESC_ENG": "KOWLOON",
        "AREA_DESC_CHN": "九龍",
        "FREE_FORMAT_ADDR_ENG": "FLAT C ON 2ND FLOOR ON HONG BUILDING NO.55 MEI KING STREET KOWLOON",
        "FREE_FORMAT_ADDR_CHN": NaN,
        "DEV_NAME_ENG": "ON HONG BUILDING",
        "DEV_NAME_CHN": "安康大廈",
        "FIRST_REFERENCE_LOT_PRN": "C6525679"
    },
    {
        "PRN": "A5406997",
        "SEQ_NUM": 1,
        "BLOCK": "ONHO",
        "FLOOR": "6",
        "FLAT": "C",
        "HOUSE_NUM_PREFIX": 55.0,
        "STREET_NAME_ENG": "MEI KING STREET",
        "STREET_NAME_CHN": "美景街",
        "AREA_DESC_ENG": "KOWLOON",
        "AREA_DESC_CHN": "九龍",
        "FREE_FORMAT_ADDR_ENG": "FLAT C ON 6TH FLOOR ON HONG BUILDING NO.55 MEI KING STREET KOWLOON",
        "FREE_FORMAT_ADDR_CHN": NaN,
        "DEV_NAME_ENG": "ON HONG BUILDING",
        "DEV_NAME_CHN": "安康大廈",
        "FIRST_REFERENCE_LOT_PRN": "C6525679"
    },
    {
        "PRN": "A5407003",
        "SEQ_NUM": 1,
        "BLOCK": "ONHO",
        "FLOOR": "7",
        "FLAT": "C",
        "HOUSE_NUM_PREFIX": 55.0,
        "STREET_NAME_ENG": "MEI KING STREET",
        "STREET_NAME_CHN": "美景街",
        "AREA_DESC_ENG": "KOWLOON",
        "AREA_DESC_CHN": "九龍",
        "FREE_FORMAT_ADDR_ENG": "FLAT C ON 7TH FLOOR ON HONG BUILDING NO.55 MEI KING STREET KOWLOON",
        "FREE_FORMAT_ADDR_CHN": NaN,
        "DEV_NAME_ENG": "ON HONG BUILDING",
        "DEV_NAME_CHN": "安康大廈",
        "FIRST_REFERENCE_LOT_PRN": "C6525679"
    },
    {
        "PRN": "A5407018",
        "SEQ_NUM": 1,
        "BLOCK": "ONHO",
        "FLOOR": "9",
        "FLAT": "C",
        "HOUSE_NUM_PREFIX": 55.0,
        "STREET_NAME_ENG": "MEI KING STREET",
        "STREET_NAME_CHN": "美景街",
        "AREA_DESC_ENG": "KOWLOON",
        "AREA_DESC_CHN": "九龍",
        "FREE_FORMAT_ADDR_ENG": "FLAT C ON 9TH FLOOR ON HONG BUILDING NO.55 MEI KING STREET KOWLOON",
        "FREE_FORMAT_ADDR_CHN": NaN,
        "DEV_NAME_ENG": "ON HONG BUILDING",
        "DEV_NAME_CHN": "安康大廈",
        "FIRST_REFERENCE_LOT_PRN": "C6525679"
    },
    {
        "PRN": "A5407027",
        "SEQ_NUM": 1,
        "BLOCK": "ONHO",
        "FLOOR": "1",
        "FLAT": "D",
        "HOUSE_NUM_PREFIX": 55.0,
        "STREET_NAME_ENG": "MEI KING STREET",
        "STREET_NAME_CHN": "美景街",
        "AREA_DESC_ENG": "KOWLOON",
        "AREA_DESC_CHN": "九龍",
        "FREE_FORMAT_ADDR_ENG": "FLAT D ON 1ST FLOOR & FLAT ROOF ON HONG BUILDING NO.55 MEI KING STREET KOWLOON",
        "FREE_FORMAT_ADDR_CHN": NaN,
        "DEV_NAME_ENG": "ON HONG BUILDING",
        "DEV_NAME_CHN": "安康大廈",
        "FIRST_REFERENCE_LOT_PRN": "C6525679"
    },
    {
        "PRN": "A5407037",
        "SEQ_NUM": 1,
        "BLOCK": "ONHO",
        "FLOOR": "10",
        "FLAT": "D",
        "HOUSE_NUM_PREFIX": 55.0,
        "STREET_NAME_ENG": "MEI KING STREET",
        "STREET_NAME_CHN": "美景街",
        "AREA_DESC_ENG": "KOWLOON",
        "AREA_DESC_CHN": "九龍",
        "FREE_FORMAT_ADDR_ENG": "FLAT D ON 10TH FLOOR ON HONG BUILDING NO.55 MEI KING STREET KOWLOON",
        "FREE_FORMAT_ADDR_CHN": NaN,
        "DEV_NAME_ENG": "ON HONG BUILDING",
        "DEV_NAME_CHN": "安康大廈",
        "FIRST_REFERENCE_LOT_PRN": "C6525679"
    },
    {
        "PRN": "A5407043",
        "SEQ_NUM": 1,
        "BLOCK": "ONHO",
        "FLOOR": "12",
        "FLAT": "D",
        "HOUSE_NUM_PREFIX": 55.0,
        "STREET_NAME_ENG": "MEI KING STREET",
        "STREET_NAME_CHN": "美景街",
        "AREA_DESC_ENG": "KOWLOON",
        "AREA_DESC_CHN": "九龍",
        "FREE_FORMAT_ADDR_ENG": "FLAT D ON 12TH FLOOR ON HONG BUILDING NO.55 MEI KING STREET KOWLOON",
        "FREE_FORMAT_ADDR_CHN": NaN,
        "DEV_NAME_ENG": "ON HONG BUILDING",
        "DEV_NAME_CHN": "安康大廈",
        "FIRST_REFERENCE_LOT_PRN": "C6525679"
    },
    {
        "PRN": "A5407052",
        "SEQ_NUM": 1,
        "BLOCK": "ONHO",
        "FLOOR": "13",
        "FLAT": "D",
        "HOUSE_NUM_PREFIX": 55.0,
        "STREET_NAME_ENG": "MEI KING STREET",
        "STREET_NAME_CHN": "美景街",
        "AREA_DESC_ENG": "KOWLOON",
        "AREA_DESC_CHN": "九龍",
        "FREE_FORMAT_ADDR_ENG": "FLAT D ON 13TH FLOOR ON HONG BUILDING NO.55 MEI KING STREET KOWLOON",
        "FREE_FORMAT_ADDR_CHN": NaN,
        "DEV_NAME_ENG": "ON HONG BUILDING",
        "DEV_NAME_CHN": "安康大廈",
        "FIRST_REFERENCE_LOT_PRN": "C6525679"
    },
    {
        "PRN": "A5407067",
        "SEQ_NUM": 1,
        "BLOCK": "ONHO",
        "FLOOR": "3",
        "FLAT": "D",
        "HOUSE_NUM_PREFIX": 55.0,
        "STREET_NAME_ENG": "MEI KING STREET",
        "STREET_NAME_CHN": "美景街",
        "AREA_DESC_ENG": "KOWLOON",
        "AREA_DESC_CHN": "九龍",
        "FREE_FORMAT_ADDR_ENG": "FLAT D ON 3RD FLOOR ON HONG BUILDING NO.55 MEI KING STREET KOWLOON",
        "FREE_FORMAT_ADDR_CHN": NaN,
        "DEV_NAME_ENG": "ON HONG BUILDING",
        "DEV_NAME_CHN": "安康大廈",
        "FIRST_REFERENCE_LOT_PRN": "C6525679"
    },
    {
        "PRN": "A5407070",
        "SEQ_NUM": 1,
        "BLOCK": "ONHO",
        "FLOOR": "4",
        "FLAT": "D",
        "HOUSE_NUM_PREFIX": 55.0,
        "STREET_NAME_ENG": "MEI KING STREET",
        "STREET_NAME_CHN": "美景街",
        "AREA_DESC_ENG": "KOWLOON",
        "AREA_DESC_CHN": "九龍",
        "FREE_FORMAT_ADDR_ENG": "FLAT D ON 4TH FLOOR ON HONG BUILDING NO.55 MEI KING STREET KOWLOON",
        "FREE_FORMAT_ADDR_CHN": NaN,
        "DEV_NAME_ENG": "ON HONG BUILDING",
        "DEV_NAME_CHN": "安康大廈",
        "FIRST_REFERENCE_LOT_PRN": "C6525679"
    },
    {
        "PRN": "A5407086",
        "SEQ_NUM": 1,
        "BLOCK": "ONHO",
        "FLOOR": "5",
        "FLAT": "D",
        "HOUSE_NUM_PREFIX": 55.0,
        "STREET_NAME_ENG": "MEI KING STREET",
        "STREET_NAME_CHN": "美景街",
        "AREA_DESC_ENG": "KOWLOON",
        "AREA_DESC_CHN": "九龍",
        "FREE_FORMAT_ADDR_ENG": "FLAT D ON 5TH FLOOR ON HONG BUILDING NO.55 MEI KING STREET KOWLOON",
        "FREE_FORMAT_ADDR_CHN": NaN,
        "DEV_NAME_ENG": "ON HONG BUILDING",
        "DEV_NAME_CHN": "安康大廈",
        "FIRST_REFERENCE_LOT_PRN": "C6525679"
    },
    {
        "PRN": "A5407095",
        "SEQ_NUM": 1,
        "BLOCK": "ONHO",
        "FLOOR": "6",
        "FLAT": "D",
        "HOUSE_NUM_PREFIX": 55.0,
        "STREET_NAME_ENG": "MEI KING STREET",
        "STREET_NAME_CHN": "美景街",
        "AREA_DESC_ENG": "KOWLOON",
        "AREA_DESC_CHN": "九龍",
        "FREE_FORMAT_ADDR_ENG": "FLAT D ON 6TH FLOOR ON HONG BUILDING NO.55 MEI KING STREET KOWLOON",
        "FREE_FORMAT_ADDR_CHN": NaN,
        "DEV_NAME_ENG": "ON HONG BUILDING",
        "DEV_NAME_CHN": "安康大廈",
        "FIRST_REFERENCE_LOT_PRN": "C6525679"
    },
    {
        "PRN": "A5407108",
        "SEQ_NUM": 1,
        "BLOCK": "ONHO",
        "FLOOR": "9",
        "FLAT": "D",
        "HOUSE_NUM_PREFIX": 55.0,
        "STREET_NAME_ENG": "MEI KING STREET",
        "STREET_NAME_CHN": "美景街",
        "AREA_DESC_ENG": "KOWLOON",
        "AREA_DESC_CHN": "九龍",
        "FREE_FORMAT_ADDR_ENG": "FLAT D ON 9TH FLOOR ON HONG BUILDING NO.55 MEI KING STREET KOWLOON",
        "FREE_FORMAT_ADDR_CHN": NaN,
        "DEV_NAME_ENG": "ON HONG BUILDING",
        "DEV_NAME_CHN": "安康大廈",
        "FIRST_REFERENCE_LOT_PRN": "C6525679"
    },
    {
        "PRN": "A5407114",
        "SEQ_NUM": 1,
        "BLOCK": "ONHO",
        "FLOOR": "1",
        "FLAT": "E",
        "HOUSE_NUM_PREFIX": 55.0,
        "STREET_NAME_ENG": "MEI KING STREET",
        "STREET_NAME_CHN": "美景街",
        "AREA_DESC_ENG": "KOWLOON",
        "AREA_DESC_CHN": "九龍",
        "FREE_FORMAT_ADDR_ENG": "FLAT E ON 1ST FLOOR & FLAT ROOF ON HONG BUILDING NO.55 MEI KING STREET KOWLOON",
        "FREE_FORMAT_ADDR_CHN": NaN,
        "DEV_NAME_ENG": "ON HONG BUILDING",
        "DEV_NAME_CHN": "安康大廈",
        "FIRST_REFERENCE_LOT_PRN": "C6525679"
    },
    {
        "PRN": "A5407122",
        "SEQ_NUM": 1,
        "BLOCK": "ONHO",
        "FLOOR": "11",
        "FLAT": "E",
        "HOUSE_NUM_PREFIX": 55.0,
        "STREET_NAME_ENG": "MEI KING STREET",
        "STREET_NAME_CHN": "美景街",
        "AREA_DESC_ENG": "KOWLOON",
        "AREA_DESC_CHN": "九龍",
        "FREE_FORMAT_ADDR_ENG": "FLAT E ON 11TH FLOOR ON HONG BUILDING NO.55 MEI KING STREET KOWLOON",
        "FREE_FORMAT_ADDR_CHN": NaN,
        "DEV_NAME_ENG": "ON HONG BUILDING",
        "DEV_NAME_CHN": "安康大廈",
        "FIRST_REFERENCE_LOT_PRN": "C6525679"
    },
    {
        "PRN": "A5407136",
        "SEQ_NUM": 1,
        "BLOCK": "ONHO",
        "FLOOR": "12",
        "FLAT": "E",
        "HOUSE_NUM_PREFIX": 55.0,
        "STREET_NAME_ENG": "MEI KING STREET",
        "STREET_NAME_CHN": "美景街",
        "AREA_DESC_ENG": "KOWLOON",
        "AREA_DESC_CHN": "九龍",
        "FREE_FORMAT_ADDR_ENG": "FLAT E ON 12TH FLOOR ON HONG BUILDING NO.55 MEI KING STREET KOWLOON",
        "FREE_FORMAT_ADDR_CHN": NaN,
        "DEV_NAME_ENG": "ON HONG BUILDING",
        "DEV_NAME_CHN": "安康大廈",
        "FIRST_REFERENCE_LOT_PRN": "C6525679"
    },
    {
        "PRN": "A5407144",
        "SEQ_NUM": 1,
        "BLOCK": "ONHO",
        "FLOOR": "3",
        "FLAT": "E",
        "HOUSE_NUM_PREFIX": 55.0,
        "STREET_NAME_ENG": "MEI KING STREET",
        "STREET_NAME_CHN": "美景街",
        "AREA_DESC_ENG": "KOWLOON",
        "AREA_DESC_CHN": "九龍",
        "FREE_FORMAT_ADDR_ENG": "FLAT E ON 3RD FLOOR ON HONG BUILDING NO.55 MEI KING STREET KOWLOON",
        "FREE_FORMAT_ADDR_CHN": NaN,
        "DEV_NAME_ENG": "ON HONG BUILDING",
        "DEV_NAME_CHN": "安康大廈",
        "FIRST_REFERENCE_LOT_PRN": "C6525679"
    },
    {
        "PRN": "A5407153",
        "SEQ_NUM": 1,
        "BLOCK": "ONHO",
        "FLOOR": "6",
        "FLAT": "E",
        "HOUSE_NUM_PREFIX": 55.0,
        "STREET_NAME_ENG": "MEI KING STREET",
        "STREET_NAME_CHN": "美景街",
        "AREA_DESC_ENG": "KOWLOON",
        "AREA_DESC_CHN": "九龍",
        "FREE_FORMAT_ADDR_ENG": "FLAT E ON 6TH FLOOR ON HONG BUILDING NO.55 MEI KING STREET KOWLOON",
        "FREE_FORMAT_ADDR_CHN": NaN,
        "DEV_NAME_ENG": "ON HONG BUILDING",
        "DEV_NAME_CHN": "安康大廈",
        "FIRST_REFERENCE_LOT_PRN": "C6525679"
    },
    {
        "PRN": "A5407163",
        "SEQ_NUM": 1,
        "BLOCK": "ONHO",
        "FLOOR": "7",
        "FLAT": "E",
        "HOUSE_NUM_PREFIX": 55.0,
        "STREET_NAME_ENG": "MEI KING STREET",
        "STREET_NAME_CHN": "美景街",
        "AREA_DESC_ENG": "KOWLOON",
        "AREA_DESC_CHN": "九龍",
        "FREE_FORMAT_ADDR_ENG": "FLAT E ON 7TH FLOOR ON HONG BUILDING NO.55 MEI KING STREET KOWLOON",
        "FREE_FORMAT_ADDR_CHN": NaN,
        "DEV_NAME_ENG": "ON HONG BUILDING",
        "DEV_NAME_CHN": "安康大廈",
        "FIRST_REFERENCE_LOT_PRN": "C6525679"
    },
    {
        "PRN": "A5407179",
        "SEQ_NUM": 1,
        "BLOCK": "ONHO",
        "FLOOR": "8",
        "FLAT": "E",
        "HOUSE_NUM_PREFIX": 55.0,
        "STREET_NAME_ENG": "MEI KING STREET",
        "STREET_NAME_CHN": "美景街",
        "AREA_DESC_ENG": "KOWLOON",
        "AREA_DESC_CHN": "九龍",
        "FREE_FORMAT_ADDR_ENG": "FLAT E ON 8TH FLOOR ON HONG BUILDING NO.55 MEI KING STREET KOWLOON",
        "FREE_FORMAT_ADDR_CHN": NaN,
        "DEV_NAME_ENG": "ON HONG BUILDING",
        "DEV_NAME_CHN": "安康大廈",
        "FIRST_REFERENCE_LOT_PRN": "C6525679"
    },
    {
        "PRN": "A5407181",
        "SEQ_NUM": 1,
        "BLOCK": "ONHO",
        "FLOOR": "9",
        "FLAT": "E",
        "HOUSE_NUM_PREFIX": 55.0,
        "STREET_NAME_ENG": "MEI KING STREET",
        "STREET_NAME_CHN": "美景街",
        "AREA_DESC_ENG": "KOWLOON",
        "AREA_DESC_CHN": "九龍",
        "FREE_FORMAT_ADDR_ENG": "FLAT E ON 9TH FLOOR ON HONG BUILDING NO.55 MEI KING STREET KOWLOON",
        "FREE_FORMAT_ADDR_CHN": NaN,
        "DEV_NAME_ENG": "ON HONG BUILDING",
        "DEV_NAME_CHN": "安康大廈",
        "FIRST_REFERENCE_LOT_PRN": "C6525679"
    },
    {
        "PRN": "A5407191",
        "SEQ_NUM": 1,
        "BLOCK": "ONHO",
        "FLOOR": "1",
        "FLAT": "F",
        "HOUSE_NUM_PREFIX": 55.0,
        "STREET_NAME_ENG": "MEI KING STREET",
        "STREET_NAME_CHN": "美景街",
        "AREA_DESC_ENG": "KOWLOON",
        "AREA_DESC_CHN": "九龍",
        "FREE_FORMAT_ADDR_ENG": "FLAT F ON 1ST FLOOR & FLAT ROOF ON HONG BUILDING NO.55 MEI KING STREET KOWLOON",
        "FREE_FORMAT_ADDR_CHN": NaN,
        "DEV_NAME_ENG": "ON HONG BUILDING",
        "DEV_NAME_CHN": "安康大廈",
        "FIRST_REFERENCE_LOT_PRN": "C6525679"
    },
    {
        "PRN": "A5407206",
        "SEQ_NUM": 1,
        "BLOCK": "ONHO",
        "FLOOR": "12",
        "FLAT": "F",
        "HOUSE_NUM_PREFIX": 55.0,
        "STREET_NAME_ENG": "MEI KING STREET",
        "STREET_NAME_CHN": "美景街",
        "AREA_DESC_ENG": "KOWLOON",
        "AREA_DESC_CHN": "九龍",
        "FREE_FORMAT_ADDR_ENG": "FLAT F ON 12TH FLOOR ON HONG BUILDING NO.55 MEI KING STREET KOWLOON",
        "FREE_FORMAT_ADDR_CHN": NaN,
        "DEV_NAME_ENG": "ON HONG BUILDING",
        "DEV_NAME_CHN": "安康大廈",
        "FIRST_REFERENCE_LOT_PRN": "C6525679"
    },
    {
        "PRN": "A5407211",
        "SEQ_NUM": 1,
        "BLOCK": "ONHO",
        "FLOOR": "13",
        "FLAT": "F",
        "HOUSE_NUM_PREFIX": 55.0,
        "STREET_NAME_ENG": "MEI KING STREET",
        "STREET_NAME_CHN": "美景街",
        "AREA_DESC_ENG": "KOWLOON",
        "AREA_DESC_CHN": "九龍",
        "FREE_FORMAT_ADDR_ENG": "FLAT F ON 13TH FLOOR ON HONG BUILDING NO.55 MEI KING STREET KOWLOON",
        "FREE_FORMAT_ADDR_CHN": NaN,
        "DEV_NAME_ENG": "ON HONG BUILDING",
        "DEV_NAME_CHN": "安康大廈",
        "FIRST_REFERENCE_LOT_PRN": "C6525679"
    },
    {
        "PRN": "A5407227",
        "SEQ_NUM": 1,
        "BLOCK": "ONHO",
        "FLOOR": "3",
        "FLAT": "F",
        "HOUSE_NUM_PREFIX": 55.0,
        "STREET_NAME_ENG": "MEI KING STREET",
        "STREET_NAME_CHN": "美景街",
        "AREA_DESC_ENG": "KOWLOON",
        "AREA_DESC_CHN": "九龍",
        "FREE_FORMAT_ADDR_ENG": "FLAT F ON 3RD FLOOR ON HONG BUILDING NO.55 MEI KING STREET KOWLOON",
        "FREE_FORMAT_ADDR_CHN": NaN,
        "DEV_NAME_ENG": "ON HONG BUILDING",
        "DEV_NAME_CHN": "安康大廈",
        "FIRST_REFERENCE_LOT_PRN": "C6525679"
    },
    {
        "PRN": "A5407237",
        "SEQ_NUM": 1,
        "BLOCK": "ONHO",
        "FLOOR": "4",
        "FLAT": "F",
        "HOUSE_NUM_PREFIX": 55.0,
        "STREET_NAME_ENG": "MEI KING STREET",
        "STREET_NAME_CHN": "美景街",
        "AREA_DESC_ENG": "KOWLOON",
        "AREA_DESC_CHN": "九龍",
        "FREE_FORMAT_ADDR_ENG": "FLAT F ON 4TH FLOOR ON HONG BUILDING NO.55 MEI KING STREET KOWLOON",
        "FREE_FORMAT_ADDR_CHN": NaN,
        "DEV_NAME_ENG": "ON HONG BUILDING",
        "DEV_NAME_CHN": "安康大廈",
        "FIRST_REFERENCE_LOT_PRN": "C6525679"
    },
    {
        "PRN": "A5407244",
        "SEQ_NUM": 1,
        "BLOCK": "ONHO",
        "FLOOR": "5",
        "FLAT": "F",
        "HOUSE_NUM_PREFIX": 55.0,
        "STREET_NAME_ENG": "MEI KING STREET",
        "STREET_NAME_CHN": "美景街",
        "AREA_DESC_ENG": "KOWLOON",
        "AREA_DESC_CHN": "九龍",
        "FREE_FORMAT_ADDR_ENG": "FLAT F ON 5TH FLOOR ON HONG BUILDING NO.55 MEI KING STREET KOWLOON",
        "FREE_FORMAT_ADDR_CHN": NaN,
        "DEV_NAME_ENG": "ON HONG BUILDING",
        "DEV_NAME_CHN": "安康大廈",
        "FIRST_REFERENCE_LOT_PRN": "C6525679"
    },
    {
        "PRN": "A5407251",
        "SEQ_NUM": 1,
        "BLOCK": "ONHO",
        "FLOOR": "8",
        "FLAT": "F",
        "HOUSE_NUM_PREFIX": 55.0,
        "STREET_NAME_ENG": "MEI KING STREET",
        "STREET_NAME_CHN": "美景街",
        "AREA_DESC_ENG": "KOWLOON",
        "AREA_DESC_CHN": "九龍",
        "FREE_FORMAT_ADDR_ENG": "FLAT F ON 8TH FLOOR ON HONG BUILDING NO.55 MEI KING STREET KOWLOON",
        "FREE_FORMAT_ADDR_CHN": NaN,
        "DEV_NAME_ENG": "ON HONG BUILDING",
        "DEV_NAME_CHN": "安康大廈",
        "FIRST_REFERENCE_LOT_PRN": "C6525679"
    },
    {
        "PRN": "A5407269",
        "SEQ_NUM": 1,
        "BLOCK": "ONHO",
        "FLOOR": "9",
        "FLAT": "F",
        "HOUSE_NUM_PREFIX": 55.0,
        "STREET_NAME_ENG": "MEI KING STREET",
        "STREET_NAME_CHN": "美景街",
        "AREA_DESC_ENG": "KOWLOON",
        "AREA_DESC_CHN": "九龍",
        "FREE_FORMAT_ADDR_ENG": "FLAT F ON 9TH FLOOR ON HONG BUILDING NO.55 MEI KING STREET KOWLOON",
        "FREE_FORMAT_ADDR_CHN": NaN,
        "DEV_NAME_ENG": "ON HONG BUILDING",
        "DEV_NAME_CHN": "安康大廈",
        "FIRST_REFERENCE_LOT_PRN": "C6525679"
    },
    {
        "PRN": "A5407275",
        "SEQ_NUM": 1,
        "BLOCK": "ONHO",
        "FLOOR": "10",
        "FLAT": "G",
        "HOUSE_NUM_PREFIX": 55.0,
        "STREET_NAME_ENG": "MEI KING STREET",
        "STREET_NAME_CHN": "美景街",
        "AREA_DESC_ENG": "KOWLOON",
        "AREA_DESC_CHN": "九龍",
        "FREE_FORMAT_ADDR_ENG": "FLAT G ON 10TH FLOOR ON HONG BUILDING NO.55 MEI KING STREET KOWLOON",
        "FREE_FORMAT_ADDR_CHN": NaN,
        "DEV_NAME_ENG": "ON HONG BUILDING",
        "DEV_NAME_CHN": "安康大廈",
        "FIRST_REFERENCE_LOT_PRN": "C6525679"
    },
    {
        "PRN": "A5407289",
        "SEQ_NUM": 1,
        "BLOCK": "ONHO",
        "FLOOR": "11",
        "FLAT": "G",
        "HOUSE_NUM_PREFIX": 55.0,
        "STREET_NAME_ENG": "MEI KING STREET",
        "STREET_NAME_CHN": "美景街",
        "AREA_DESC_ENG": "KOWLOON",
        "AREA_DESC_CHN": "九龍",
        "FREE_FORMAT_ADDR_ENG": "FLAT G ON 11TH FLOOR ON HONG BUILDING NO.55 MEI KING STREET KOWLOON",
        "FREE_FORMAT_ADDR_CHN": NaN,
        "DEV_NAME_ENG": "ON HONG BUILDING",
        "DEV_NAME_CHN": "安康大廈",
        "FIRST_REFERENCE_LOT_PRN": "C6525679"
    },
    {
        "PRN": "A5407294",
        "SEQ_NUM": 1,
        "BLOCK": "ONHO",
        "FLOOR": "12",
        "FLAT": "G",
        "HOUSE_NUM_PREFIX": 55.0,
        "STREET_NAME_ENG": "MEI KING STREET",
        "STREET_NAME_CHN": "美景街",
        "AREA_DESC_ENG": "KOWLOON",
        "AREA_DESC_CHN": "九龍",
        "FREE_FORMAT_ADDR_ENG": "FLAT G ON 12TH FLOOR ON HONG BUILDING NO.55 MEI KING STREET KOWLOON",
        "FREE_FORMAT_ADDR_CHN": NaN,
        "DEV_NAME_ENG": "ON HONG BUILDING",
        "DEV_NAME_CHN": "安康大廈",
        "FIRST_REFERENCE_LOT_PRN": "C6525679"
    },
    {
        "PRN": "A5407309",
        "SEQ_NUM": 1,
        "BLOCK": "ONHO",
        "FLOOR": "13",
        "FLAT": "G",
        "HOUSE_NUM_PREFIX": 55.0,
        "STREET_NAME_ENG": "MEI KING STREET",
        "STREET_NAME_CHN": "美景街",
        "AREA_DESC_ENG": "KOWLOON",
        "AREA_DESC_CHN": "九龍",
        "FREE_FORMAT_ADDR_ENG": "FLAT G ON 13TH FLOOR ON HONG BUILDING NO.55 MEI KING STREET KOWLOON",
        "FREE_FORMAT_ADDR_CHN": NaN,
        "DEV_NAME_ENG": "ON HONG BUILDING",
        "DEV_NAME_CHN": "安康大廈",
        "FIRST_REFERENCE_LOT_PRN": "C6525679"
    },
    {
        "PRN": "A5407314",
        "SEQ_NUM": 1,
        "BLOCK": "ONHO",
        "FLOOR": "4",
        "FLAT": "G",
        "HOUSE_NUM_PREFIX": 55.0,
        "STREET_NAME_ENG": "MEI KING STREET",
        "STREET_NAME_CHN": "美景街",
        "AREA_DESC_ENG": "KOWLOON",
        "AREA_DESC_CHN": "九龍",
        "FREE_FORMAT_ADDR_ENG": "FLAT G ON 4TH FLOOR ON HONG BUILDING NO.55 MEI KING STREET KOWLOON",
        "FREE_FORMAT_ADDR_CHN": NaN,
        "DEV_NAME_ENG": "ON HONG BUILDING",
        "DEV_NAME_CHN": "安康大廈",
        "FIRST_REFERENCE_LOT_PRN": "C6525679"
    },
    {
        "PRN": "A5407323",
        "SEQ_NUM": 1,
        "BLOCK": "ONHO",
        "FLOOR": "5",
        "FLAT": "G",
        "HOUSE_NUM_PREFIX": 55.0,
        "STREET_NAME_ENG": "MEI KING STREET",
        "STREET_NAME_CHN": "美景街",
        "AREA_DESC_ENG": "KOWLOON",
        "AREA_DESC_CHN": "九龍",
        "FREE_FORMAT_ADDR_ENG": "FLAT G ON 5TH FLOOR ON HONG BUILDING NO.55 MEI KING STREET KOWLOON",
        "FREE_FORMAT_ADDR_CHN": NaN,
        "DEV_NAME_ENG": "ON HONG BUILDING",
        "DEV_NAME_CHN": "安康大廈",
        "FIRST_REFERENCE_LOT_PRN": "C6525679"
    },
    {
        "PRN": "A5407339",
        "SEQ_NUM": 1,
        "BLOCK": "ONHO",
        "FLOOR": "7",
        "FLAT": "G",
        "HOUSE_NUM_PREFIX": 55.0,
        "STREET_NAME_ENG": "MEI KING STREET",
        "STREET_NAME_CHN": "美景街",
        "AREA_DESC_ENG": "KOWLOON",
        "AREA_DESC_CHN": "九龍",
        "FREE_FORMAT_ADDR_ENG": "FLAT G ON 7TH FLOOR ON HONG BUILDING NO.55 MEI KING STREET KOWLOON",
        "FREE_FORMAT_ADDR_CHN": NaN,
        "DEV_NAME_ENG": "ON HONG BUILDING",
        "DEV_NAME_CHN": "安康大廈",
        "FIRST_REFERENCE_LOT_PRN": "C6525679"
    },
    {
        "PRN": "A5407348",
        "SEQ_NUM": 1,
        "BLOCK": "ONHO",
        "FLOOR": "8",
        "FLAT": "G",
        "HOUSE_NUM_PREFIX": 55.0,
        "STREET_NAME_ENG": "MEI KING STREET",
        "STREET_NAME_CHN": "美景街",
        "AREA_DESC_ENG": "KOWLOON",
        "AREA_DESC_CHN": "九龍",
        "FREE_FORMAT_ADDR_ENG": "FLAT G ON 8TH FLOOR ON HONG BUILDING NO.55 MEI KING STREET KOWLOON",
        "FREE_FORMAT_ADDR_CHN": NaN,
        "DEV_NAME_ENG": "ON HONG BUILDING",
        "DEV_NAME_CHN": "安康大廈",
        "FIRST_REFERENCE_LOT_PRN": "C6525679"
    },
    {
        "PRN": "A5407353",
        "SEQ_NUM": 1,
        "BLOCK": "ONHO",
        "FLOOR": "9",
        "FLAT": "G",
        "HOUSE_NUM_PREFIX": 55.0,
        "STREET_NAME_ENG": "MEI KING STREET",
        "STREET_NAME_CHN": "美景街",
        "AREA_DESC_ENG": "KOWLOON",
        "AREA_DESC_CHN": "九龍",
        "FREE_FORMAT_ADDR_ENG": "FLAT G ON 9TH FLOOR ON HONG BUILDING NO.55 MEI KING STREET KOWLOON",
        "FREE_FORMAT_ADDR_CHN": NaN,
        "DEV_NAME_ENG": "ON HONG BUILDING",
        "DEV_NAME_CHN": "安康大廈",
        "FIRST_REFERENCE_LOT_PRN": "C6525679"
    },
    {
        "PRN": "A5407364",
        "SEQ_NUM": 1,
        "BLOCK": "ONHO",
        "FLOOR": "11",
        "FLAT": "H",
        "HOUSE_NUM_PREFIX": 55.0,
        "STREET_NAME_ENG": "MEI KING STREET",
        "STREET_NAME_CHN": "美景街",
        "AREA_DESC_ENG": "KOWLOON",
        "AREA_DESC_CHN": "九龍",
        "FREE_FORMAT_ADDR_ENG": "FLAT H ON 11TH FLOOR ON HONG BUILDING NO.55 MEI KING STREET KOWLOON",
        "FREE_FORMAT_ADDR_CHN": NaN,
        "DEV_NAME_ENG": "ON HONG BUILDING",
        "DEV_NAME_CHN": "安康大廈",
        "FIRST_REFERENCE_LOT_PRN": "C6525679"
    },
    {
        "PRN": "A5407379",
        "SEQ_NUM": 1,
        "BLOCK": "ONHO",
        "FLOOR": "12",
        "FLAT": "H",
        "HOUSE_NUM_PREFIX": 55.0,
        "STREET_NAME_ENG": "MEI KING STREET",
        "STREET_NAME_CHN": "美景街",
        "AREA_DESC_ENG": "KOWLOON",
        "AREA_DESC_CHN": "九龍",
        "FREE_FORMAT_ADDR_ENG": "FLAT H ON 12TH FLOOR ON HONG BUILDING NO.55 MEI KING STREET KOWLOON",
        "FREE_FORMAT_ADDR_CHN": NaN,
        "DEV_NAME_ENG": "ON HONG BUILDING",
        "DEV_NAME_CHN": "安康大廈",
        "FIRST_REFERENCE_LOT_PRN": "C6525679"
    },
    {
        "PRN": "A5407389",
        "SEQ_NUM": 1,
        "BLOCK": "ONHO",
        "FLOOR": "13",
        "FLAT": "H",
        "HOUSE_NUM_PREFIX": 55.0,
        "STREET_NAME_ENG": "MEI KING STREET",
        "STREET_NAME_CHN": "美景街",
        "AREA_DESC_ENG": "KOWLOON",
        "AREA_DESC_CHN": "九龍",
        "FREE_FORMAT_ADDR_ENG": "FLAT H ON 13TH FLOOR ON HONG BUILDING NO.55 MEI KING STREET KOWLOON",
        "FREE_FORMAT_ADDR_CHN": NaN,
        "DEV_NAME_ENG": "ON HONG BUILDING",
        "DEV_NAME_CHN": "安康大廈",
        "FIRST_REFERENCE_LOT_PRN": "C6525679"
    },
    {
        "PRN": "A5407396",
        "SEQ_NUM": 1,
        "BLOCK": "ONHO",
        "FLOOR": "2",
        "FLAT": "H",
        "HOUSE_NUM_PREFIX": 55.0,
        "STREET_NAME_ENG": "MEI KING STREET",
        "STREET_NAME_CHN": "美景街",
        "AREA_DESC_ENG": "KOWLOON",
        "AREA_DESC_CHN": "九龍",
        "FREE_FORMAT_ADDR_ENG": "FLAT H ON 2ND FLOOR ON HONG BUILDING NO.55 MEI KING STREET KOWLOON",
        "FREE_FORMAT_ADDR_CHN": NaN,
        "DEV_NAME_ENG": "ON HONG BUILDING",
        "DEV_NAME_CHN": "安康大廈",
        "FIRST_REFERENCE_LOT_PRN": "C6525679"
    },
    {
        "PRN": "A5407401",
        "SEQ_NUM": 1,
        "BLOCK": "ONHO",
        "FLOOR": "3",
        "FLAT": "H",
        "HOUSE_NUM_PREFIX": 55.0,
        "STREET_NAME_ENG": "MEI KING STREET",
        "STREET_NAME_CHN": "美景街",
        "AREA_DESC_ENG": "KOWLOON",
        "AREA_DESC_CHN": "九龍",
        "FREE_FORMAT_ADDR_ENG": "FLAT H ON 3RD FLOOR ON HONG BUILDING NO.55 MEI KING STREET KOWLOON",
        "FREE_FORMAT_ADDR_CHN": NaN,
        "DEV_NAME_ENG": "ON HONG BUILDING",
        "DEV_NAME_CHN": "安康大廈",
        "FIRST_REFERENCE_LOT_PRN": "C6525679"
    },
    {
        "PRN": "A5407416",
        "SEQ_NUM": 1,
        "BLOCK": "ONHO",
        "FLOOR": "6",
        "FLAT": "H",
        "HOUSE_NUM_PREFIX": 55.0,
        "STREET_NAME_ENG": "MEI KING STREET",
        "STREET_NAME_CHN": "美景街",
        "AREA_DESC_ENG": "KOWLOON",
        "AREA_DESC_CHN": "九龍",
        "FREE_FORMAT_ADDR_ENG": "FLAT H ON 6TH FLOOR ON HONG BUILDING NO.55 MEI KING STREET KOWLOON",
        "FREE_FORMAT_ADDR_CHN": NaN,
        "DEV_NAME_ENG": "ON HONG BUILDING",
        "DEV_NAME_CHN": "安康大廈",
        "FIRST_REFERENCE_LOT_PRN": "C6525679"
    },
    {
        "PRN": "A5407421",
        "SEQ_NUM": 1,
        "BLOCK": "ONHO",
        "FLOOR": "9",
        "FLAT": "H",
        "HOUSE_NUM_PREFIX": 55.0,
        "STREET_NAME_ENG": "MEI KING STREET",
        "STREET_NAME_CHN": "美景街",
        "AREA_DESC_ENG": "KOWLOON",
        "AREA_DESC_CHN": "九龍",
        "FREE_FORMAT_ADDR_ENG": "FLAT H ON 9TH FLOOR ON HONG BUILDING NO.55 MEI KING STREET KOWLOON",
        "FREE_FORMAT_ADDR_CHN": NaN,
        "DEV_NAME_ENG": "ON HONG BUILDING",
        "DEV_NAME_CHN": "安康大廈",
        "FIRST_REFERENCE_LOT_PRN": "C6525679"
    },
    {
        "PRN": "A5407431",
        "SEQ_NUM": 1,
        "BLOCK": "ONHO",
        "FLOOR": "11",
        "FLAT": "I",
        "HOUSE_NUM_PREFIX": 55.0,
        "STREET_NAME_ENG": "MEI KING STREET",
        "STREET_NAME_CHN": "美景街",
        "AREA_DESC_ENG": "KOWLOON",
        "AREA_DESC_CHN": "九龍",
        "FREE_FORMAT_ADDR_ENG": "FLAT I ON 11TH FLOOR ON HONG BUILDING NO.55 MEI KING STREET KOWLOON",
        "FREE_FORMAT_ADDR_CHN": NaN,
        "DEV_NAME_ENG": "ON HONG BUILDING",
        "DEV_NAME_CHN": "安康大廈",
        "FIRST_REFERENCE_LOT_PRN": "C6525679"
    },
    {
        "PRN": "A5407449",
        "SEQ_NUM": 1,
        "BLOCK": "ONHO",
        "FLOOR": "12",
        "FLAT": "I",
        "HOUSE_NUM_PREFIX": 55.0,
        "STREET_NAME_ENG": "MEI KING STREET",
        "STREET_NAME_CHN": "美景街",
        "AREA_DESC_ENG": "KOWLOON",
        "AREA_DESC_CHN": "九龍",
        "FREE_FORMAT_ADDR_ENG": "FLAT I ON 12TH FLOOR ON HONG BUILDING NO.55 MEI KING STREET KOWLOON",
        "FREE_FORMAT_ADDR_CHN": NaN,
        "DEV_NAME_ENG": "ON HONG BUILDING",
        "DEV_NAME_CHN": "安康大廈",
        "FIRST_REFERENCE_LOT_PRN": "C6525679"
    },
    {
        "PRN": "A5407452",
        "SEQ_NUM": 1,
        "BLOCK": "ONHO",
        "FLOOR": "4",
        "FLAT": "I",
        "HOUSE_NUM_PREFIX": 55.0,
        "STREET_NAME_ENG": "MEI KING STREET",
        "STREET_NAME_CHN": "美景街",
        "AREA_DESC_ENG": "KOWLOON",
        "AREA_DESC_CHN": "九龍",
        "FREE_FORMAT_ADDR_ENG": "FLAT I ON 4TH FLOOR ON HONG BUILDING NO.55 MEI KING STREET KOWLOON",
        "FREE_FORMAT_ADDR_CHN": NaN,
        "DEV_NAME_ENG": "ON HONG BUILDING",
        "DEV_NAME_CHN": "安康大廈",
        "FIRST_REFERENCE_LOT_PRN": "C6525679"
    },
    {
        "PRN": "A5407466",
        "SEQ_NUM": 1,
        "BLOCK": "ONHO",
        "FLOOR": "5",
        "FLAT": "I",
        "HOUSE_NUM_PREFIX": 55.0,
        "STREET_NAME_ENG": "MEI KING STREET",
        "STREET_NAME_CHN": "美景街",
        "AREA_DESC_ENG": "KOWLOON",
        "AREA_DESC_CHN": "九龍",
        "FREE_FORMAT_ADDR_ENG": "FLAT I ON 5TH FLOOR ON HONG BUILDING NO.55 MEI KING STREET KOWLOON",
        "FREE_FORMAT_ADDR_CHN": NaN,
        "DEV_NAME_ENG": "ON HONG BUILDING",
        "DEV_NAME_CHN": "安康大廈",
        "FIRST_REFERENCE_LOT_PRN": "C6525679"
    },
    {
        "PRN": "A5407477",
        "SEQ_NUM": 1,
        "BLOCK": "ONHO",
        "FLOOR": "6",
        "FLAT": "I",
        "HOUSE_NUM_PREFIX": 55.0,
        "STREET_NAME_ENG": "MEI KING STREET",
        "STREET_NAME_CHN": "美景街",
        "AREA_DESC_ENG": "KOWLOON",
        "AREA_DESC_CHN": "九龍",
        "FREE_FORMAT_ADDR_ENG": "FLAT I ON 6TH FLOOR ON HONG BUILDING NO.55 MEI KING STREET KOWLOON",
        "FREE_FORMAT_ADDR_CHN": NaN,
        "DEV_NAME_ENG": "ON HONG BUILDING",
        "DEV_NAME_CHN": "安康大廈",
        "FIRST_REFERENCE_LOT_PRN": "C6525679"
    },
    {
        "PRN": "A5407485",
        "SEQ_NUM": 1,
        "BLOCK": "ONHO",
        "FLOOR": "8",
        "FLAT": "I",
        "HOUSE_NUM_PREFIX": 55.0,
        "STREET_NAME_ENG": "MEI KING STREET",
        "STREET_NAME_CHN": "美景街",
        "AREA_DESC_ENG": "KOWLOON",
        "AREA_DESC_CHN": "九龍",
        "FREE_FORMAT_ADDR_ENG": "FLAT I ON 8TH FLOOR ON HONG BUILDING NO.55 MEI KING STREET KOWLOON",
        "FREE_FORMAT_ADDR_CHN": NaN,
        "DEV_NAME_ENG": "ON HONG BUILDING",
        "DEV_NAME_CHN": "安康大廈",
        "FIRST_REFERENCE_LOT_PRN": "C6525679"
    },
    {
        "PRN": "A5407494",
        "SEQ_NUM": 1,
        "BLOCK": "ONHO",
        "FLOOR": "9",
        "FLAT": "I",
        "HOUSE_NUM_PREFIX": 55.0,
        "STREET_NAME_ENG": "MEI KING STREET",
        "STREET_NAME_CHN": "美景街",
        "AREA_DESC_ENG": "KOWLOON",
        "AREA_DESC_CHN": "九龍",
        "FREE_FORMAT_ADDR_ENG": "FLAT I ON 9TH FLOOR ON HONG BUILDING NO.55 MEI KING STREET KOWLOON",
        "FREE_FORMAT_ADDR_CHN": NaN,
        "DEV_NAME_ENG": "ON HONG BUILDING",
        "DEV_NAME_CHN": "安康大廈",
        "FIRST_REFERENCE_LOT_PRN": "C6525679"
    },
    {
        "PRN": "A5407504",
        "SEQ_NUM": 1,
        "BLOCK": "ONHO",
        "FLOOR": "10",
        "FLAT": "J",
        "HOUSE_NUM_PREFIX": 55.0,
        "STREET_NAME_ENG": "MEI KING STREET",
        "STREET_NAME_CHN": "美景街",
        "AREA_DESC_ENG": "KOWLOON",
        "AREA_DESC_CHN": "九龍",
        "FREE_FORMAT_ADDR_ENG": "FLAT J ON 10TH FLOOR ON HONG BUILDING NO.55 MEI KING STREET KOWLOON",
        "FREE_FORMAT_ADDR_CHN": NaN,
        "DEV_NAME_ENG": "ON HONG BUILDING",
        "DEV_NAME_CHN": "安康大廈",
        "FIRST_REFERENCE_LOT_PRN": "C6525679"
    },
    {
        "PRN": "A5407515",
        "SEQ_NUM": 1,
        "BLOCK": "ONHO",
        "FLOOR": "12",
        "FLAT": "J",
        "HOUSE_NUM_PREFIX": 55.0,
        "STREET_NAME_ENG": "MEI KING STREET",
        "STREET_NAME_CHN": "美景街",
        "AREA_DESC_ENG": "KOWLOON",
        "AREA_DESC_CHN": "九龍",
        "FREE_FORMAT_ADDR_ENG": "FLAT J ON 12TH FLOOR ON HONG BUILDING NO.55 MEI KING STREET KOWLOON",
        "FREE_FORMAT_ADDR_CHN": NaN,
        "DEV_NAME_ENG": "ON HONG BUILDING",
        "DEV_NAME_CHN": "安康大廈",
        "FIRST_REFERENCE_LOT_PRN": "C6525679"
    },
    {
        "PRN": "A5407524",
        "SEQ_NUM": 1,
        "BLOCK": "ONHO",
        "FLOOR": "13",
        "FLAT": "J",
        "HOUSE_NUM_PREFIX": 55.0,
        "STREET_NAME_ENG": "MEI KING STREET",
        "STREET_NAME_CHN": "美景街",
        "AREA_DESC_ENG": "KOWLOON",
        "AREA_DESC_CHN": "九龍",
        "FREE_FORMAT_ADDR_ENG": "FLAT J ON 13TH FLOOR ON HONG BUILDING NO.55 MEI KING STREET KOWLOON",
        "FREE_FORMAT_ADDR_CHN": NaN,
        "DEV_NAME_ENG": "ON HONG BUILDING",
        "DEV_NAME_CHN": "安康大廈",
        "FIRST_REFERENCE_LOT_PRN": "C6525679"
    },
    {
        "PRN": "A5407530",
        "SEQ_NUM": 1,
        "BLOCK": "ONHO",
        "FLOOR": "3",
        "FLAT": "J",
        "HOUSE_NUM_PREFIX": 55.0,
        "STREET_NAME_ENG": "MEI KING STREET",
        "STREET_NAME_CHN": "美景街",
        "AREA_DESC_ENG": "KOWLOON",
        "AREA_DESC_CHN": "九龍",
        "FREE_FORMAT_ADDR_ENG": "FLAT J ON 3RD FLOOR ON HONG BUILDING NO.55 MEI KING STREET KOWLOON",
        "FREE_FORMAT_ADDR_CHN": NaN,
        "DEV_NAME_ENG": "ON HONG BUILDING",
        "DEV_NAME_CHN": "安康大廈",
        "FIRST_REFERENCE_LOT_PRN": "C6525679"
    },
    {
        "PRN": "A5407543",
        "SEQ_NUM": 1,
        "BLOCK": "ONHO",
        "FLOOR": "6",
        "FLAT": "J",
        "HOUSE_NUM_PREFIX": 55.0,
        "STREET_NAME_ENG": "MEI KING STREET",
        "STREET_NAME_CHN": "美景街",
        "AREA_DESC_ENG": "KOWLOON",
        "AREA_DESC_CHN": "九龍",
        "FREE_FORMAT_ADDR_ENG": "FLAT J ON 6TH FLOOR ON HONG BUILDING NO.55 MEI KING STREET KOWLOON",
        "FREE_FORMAT_ADDR_CHN": NaN,
        "DEV_NAME_ENG": "ON HONG BUILDING",
        "DEV_NAME_CHN": "安康大廈",
        "FIRST_REFERENCE_LOT_PRN": "C6525679"
    },
    {
        "PRN": "B4053597",
        "SEQ_NUM": 1,
        "BLOCK": "ONHO",
        "FLOOR": "8",
        "FLAT": "C",
        "HOUSE_NUM_PREFIX": 55.0,
        "STREET_NAME_ENG": "MEI KING STREET",
        "STREET_NAME_CHN": "美景街",
        "AREA_DESC_ENG": "KOWLOON",
        "AREA_DESC_CHN": "九龍",
        "FREE_FORMAT_ADDR_ENG": "FLAT C ON 8TH FLOOR ON HONG BUILDING NO.55 MEI KING STREET KOWLOON",
        "FREE_FORMAT_ADDR_CHN": NaN,
        "DEV_NAME_ENG": "ON HONG BUILDING",
        "DEV_NAME_CHN": "安康大廈",
        "FIRST_REFERENCE_LOT_PRN": "C6525679"
    },
    {
        "PRN": "B4053608",
        "SEQ_NUM": 1,
        "BLOCK": "ONHO",
        "FLOOR": "11",
        "FLAT": "D",
        "HOUSE_NUM_PREFIX": 55.0,
        "STREET_NAME_ENG": "MEI KING STREET",
        "STREET_NAME_CHN": "美景街",
        "AREA_DESC_ENG": "KOWLOON",
        "AREA_DESC_CHN": "九龍",
        "FREE_FORMAT_ADDR_ENG": "FLAT D ON 11TH FLOOR ON HONG BUILDING NO.55 MEI KING STREET KOWLOON",
        "FREE_FORMAT_ADDR_CHN": NaN,
        "DEV_NAME_ENG": "ON HONG BUILDING",
        "DEV_NAME_CHN": "安康大廈",
        "FIRST_REFERENCE_LOT_PRN": "C6525679"
    },
    {
        "PRN": "B4053614",
        "SEQ_NUM": 1,
        "BLOCK": "ONHO",
        "FLOOR": "2",
        "FLAT": "D",
        "HOUSE_NUM_PREFIX": 55.0,
        "STREET_NAME_ENG": "MEI KING STREET",
        "STREET_NAME_CHN": "美景街",
        "AREA_DESC_ENG": "KOWLOON",
        "AREA_DESC_CHN": "九龍",
        "FREE_FORMAT_ADDR_ENG": "FLAT D ON 2ND FLOOR ON HONG BUILDING NO.55 MEI KING STREET KOWLOON",
        "FREE_FORMAT_ADDR_CHN": NaN,
        "DEV_NAME_ENG": "ON HONG BUILDING",
        "DEV_NAME_CHN": "安康大廈",
        "FIRST_REFERENCE_LOT_PRN": "C6525679"
    },
    {
        "PRN": "B4053627",
        "SEQ_NUM": 1,
        "BLOCK": "ONHO",
        "FLOOR": "10",
        "FLAT": "E",
        "HOUSE_NUM_PREFIX": 55.0,
        "STREET_NAME_ENG": "MEI KING STREET",
        "STREET_NAME_CHN": "美景街",
        "AREA_DESC_ENG": "KOWLOON",
        "AREA_DESC_CHN": "九龍",
        "FREE_FORMAT_ADDR_ENG": "FLAT E ON 10TH FLOOR ON HONG BUILDING NO.55 MEI KING STREET KOWLOON",
        "FREE_FORMAT_ADDR_CHN": NaN,
        "DEV_NAME_ENG": "ON HONG BUILDING",
        "DEV_NAME_CHN": "安康大廈",
        "FIRST_REFERENCE_LOT_PRN": "C6525679"
    },
    {
        "PRN": "B4053637",
        "SEQ_NUM": 1,
        "BLOCK": "ONHO",
        "FLOOR": "10",
        "FLAT": "F",
        "HOUSE_NUM_PREFIX": 55.0,
        "STREET_NAME_ENG": "MEI KING STREET",
        "STREET_NAME_CHN": "美景街",
        "AREA_DESC_ENG": "KOWLOON",
        "AREA_DESC_CHN": "九龍",
        "FREE_FORMAT_ADDR_ENG": "FLAT F ON 10TH FLOOR ON HONG BUILDING NO.55 MEI KING STREET KOWLOON",
        "FREE_FORMAT_ADDR_CHN": NaN,
        "DEV_NAME_ENG": "ON HONG BUILDING",
        "DEV_NAME_CHN": "安康大廈",
        "FIRST_REFERENCE_LOT_PRN": "C6525679"
    },
    {
        "PRN": "B4053649",
        "SEQ_NUM": 1,
        "BLOCK": "ONHO",
        "FLOOR": "11",
        "FLAT": "F",
        "HOUSE_NUM_PREFIX": 55.0,
        "STREET_NAME_ENG": "MEI KING STREET",
        "STREET_NAME_CHN": "美景街",
        "AREA_DESC_ENG": "KOWLOON",
        "AREA_DESC_CHN": "九龍",
        "FREE_FORMAT_ADDR_ENG": "FLAT F ON 11TH FLOOR ON HONG BUILDING NO.55 MEI KING STREET KOWLOON",
        "FREE_FORMAT_ADDR_CHN": NaN,
        "DEV_NAME_ENG": "ON HONG BUILDING",
        "DEV_NAME_CHN": "安康大廈",
        "FIRST_REFERENCE_LOT_PRN": "C6525679"
    },
    {
        "PRN": "B4053650",
        "SEQ_NUM": 1,
        "BLOCK": "ONHO",
        "FLOOR": "2",
        "FLAT": "F",
        "HOUSE_NUM_PREFIX": 55.0,
        "STREET_NAME_ENG": "MEI KING STREET",
        "STREET_NAME_CHN": "美景街",
        "AREA_DESC_ENG": "KOWLOON",
        "AREA_DESC_CHN": "九龍",
        "FREE_FORMAT_ADDR_ENG": "FLAT F ON 2ND FLOOR ON HONG BUILDING NO.55 MEI KING STREET KOWLOON",
        "FREE_FORMAT_ADDR_CHN": NaN,
        "DEV_NAME_ENG": "ON HONG BUILDING",
        "DEV_NAME_CHN": "安康大廈",
        "FIRST_REFERENCE_LOT_PRN": "C6525679"
    },
    {
        "PRN": "B4053661",
        "SEQ_NUM": 1,
        "BLOCK": "ONHO",
        "FLOOR": "6",
        "FLAT": "F",
        "HOUSE_NUM_PREFIX": 55.0,
        "STREET_NAME_ENG": "MEI KING STREET",
        "STREET_NAME_CHN": "美景街",
        "AREA_DESC_ENG": "KOWLOON",
        "AREA_DESC_CHN": "九龍",
        "FREE_FORMAT_ADDR_ENG": "FLAT F ON 6TH FLOOR ON HONG BUILDING NO.55 MEI KING STREET KOWLOON",
        "FREE_FORMAT_ADDR_CHN": NaN,
        "DEV_NAME_ENG": "ON HONG BUILDING",
        "DEV_NAME_CHN": "安康大廈",
        "FIRST_REFERENCE_LOT_PRN": "C6525679"
    },
    {
        "PRN": "B4053672",
        "SEQ_NUM": 1,
        "BLOCK": "ONHO",
        "FLOOR": "1",
        "FLAT": "H",
        "HOUSE_NUM_PREFIX": 55.0,
        "STREET_NAME_ENG": "MEI KING STREET",
        "STREET_NAME_CHN": "美景街",
        "AREA_DESC_ENG": "KOWLOON",
        "AREA_DESC_CHN": "九龍",
        "FREE_FORMAT_ADDR_ENG": "FLAT H ON 1ST FLOOR & FLAT ROOF ON HONG BUILDING NO.55 MEI KING STREET KOWLOON",
        "FREE_FORMAT_ADDR_CHN": NaN,
        "DEV_NAME_ENG": "ON HONG BUILDING",
        "DEV_NAME_CHN": "安康大廈",
        "FIRST_REFERENCE_LOT_PRN": "C6525679"
    },
    {
        "PRN": "B4053681",
        "SEQ_NUM": 1,
        "BLOCK": "ONHO",
        "FLOOR": "5",
        "FLAT": "H",
        "HOUSE_NUM_PREFIX": 55.0,
        "STREET_NAME_ENG": "MEI KING STREET",
        "STREET_NAME_CHN": "美景街",
        "AREA_DESC_ENG": "KOWLOON",
        "AREA_DESC_CHN": "九龍",
        "FREE_FORMAT_ADDR_ENG": "FLAT H ON 5TH FLOOR ON HONG BUILDING NO.55 MEI KING STREET KOWLOON",
        "FREE_FORMAT_ADDR_CHN": NaN,
        "DEV_NAME_ENG": "ON HONG BUILDING",
        "DEV_NAME_CHN": "安康大廈",
        "FIRST_REFERENCE_LOT_PRN": "C6525679"
    },
    {
        "PRN": "B4053692",
        "SEQ_NUM": 1,
        "BLOCK": "ONHO",
        "FLOOR": "8",
        "FLAT": "H",
        "HOUSE_NUM_PREFIX": 55.0,
        "STREET_NAME_ENG": "MEI KING STREET",
        "STREET_NAME_CHN": "美景街",
        "AREA_DESC_ENG": "KOWLOON",
        "AREA_DESC_CHN": "九龍",
        "FREE_FORMAT_ADDR_ENG": "FLAT H ON 8TH FLOOR ON HONG BUILDING NO.55 MEI KING STREET KOWLOON",
        "FREE_FORMAT_ADDR_CHN": NaN,
        "DEV_NAME_ENG": "ON HONG BUILDING",
        "DEV_NAME_CHN": "安康大廈",
        "FIRST_REFERENCE_LOT_PRN": "C6525679"
    },
    {
        "PRN": "B4053705",
        "SEQ_NUM": 1,
        "BLOCK": "ONHO",
        "FLOOR": "3",
        "FLAT": "I",
        "HOUSE_NUM_PREFIX": 55.0,
        "STREET_NAME_ENG": "MEI KING STREET",
        "STREET_NAME_CHN": "美景街",
        "AREA_DESC_ENG": "KOWLOON",
        "AREA_DESC_CHN": "九龍",
        "FREE_FORMAT_ADDR_ENG": "FLAT I ON 3RD FLOOR ON HONG BUILDING NO.55 MEI KING STREET KOWLOON",
        "FREE_FORMAT_ADDR_CHN": NaN,
        "DEV_NAME_ENG": "ON HONG BUILDING",
        "DEV_NAME_CHN": "安康大廈",
        "FIRST_REFERENCE_LOT_PRN": "C6525679"
    },
    {
        "PRN": "B4053717",
        "SEQ_NUM": 1,
        "BLOCK": "ONHO",
        "FLOOR": "5",
        "FLAT": "J",
        "HOUSE_NUM_PREFIX": 55.0,
        "STREET_NAME_ENG": "MEI KING STREET",
        "STREET_NAME_CHN": "美景街",
        "AREA_DESC_ENG": "KOWLOON",
        "AREA_DESC_CHN": "九龍",
        "FREE_FORMAT_ADDR_ENG": "FLAT J ON 5TH FLOOR ON HONG BUILDING NO.55 MEI KING STREET KOWLOON",
        "FREE_FORMAT_ADDR_CHN": NaN,
        "DEV_NAME_ENG": "ON HONG BUILDING",
        "DEV_NAME_CHN": "安康大廈",
        "FIRST_REFERENCE_LOT_PRN": "C6525679"
    },
    {
        "PRN": "B4053721",
        "SEQ_NUM": 1,
        "BLOCK": "ONHO",
        "FLOOR": "7",
        "FLAT": "J",
        "HOUSE_NUM_PREFIX": 55.0,
        "STREET_NAME_ENG": "MEI KING STREET",
        "STREET_NAME_CHN": "美景街",
        "AREA_DESC_ENG": "KOWLOON",
        "AREA_DESC_CHN": "九龍",
        "FREE_FORMAT_ADDR_ENG": "FLAT J ON 7TH FLOOR ON HONG BUILDING NO.55 MEI KING STREET KOWLOON",
        "FREE_FORMAT_ADDR_CHN": NaN,
        "DEV_NAME_ENG": "ON HONG BUILDING",
        "DEV_NAME_CHN": "安康大廈",
        "FIRST_REFERENCE_LOT_PRN": "C6525679"
    },
    {
        "PRN": "B4053735",
        "SEQ_NUM": 1,
        "BLOCK": "ONHO",
        "FLOOR": "8",
        "FLAT": "J",
        "HOUSE_NUM_PREFIX": 55.0,
        "STREET_NAME_ENG": "MEI KING STREET",
        "STREET_NAME_CHN": "美景街",
        "AREA_DESC_ENG": "KOWLOON",
        "AREA_DESC_CHN": "九龍",
        "FREE_FORMAT_ADDR_ENG": "FLAT J ON 8TH FLOOR ON HONG BUILDING NO.55 MEI KING STREET KOWLOON",
        "FREE_FORMAT_ADDR_CHN": NaN,
        "DEV_NAME_ENG": "ON HONG BUILDING",
        "DEV_NAME_CHN": "安康大廈",
        "FIRST_REFERENCE_LOT_PRN": "C6525679"
    },
    {
        "PRN": "B5185796",
        "SEQ_NUM": 1,
        "BLOCK": "ONHO",
        "FLOOR": "5",
        "FLAT": "E",
        "HOUSE_NUM_PREFIX": 55.0,
        "STREET_NAME_ENG": "MEI KING STREET",
        "STREET_NAME_CHN": "美景街",
        "AREA_DESC_ENG": "KOWLOON",
        "AREA_DESC_CHN": "九龍",
        "FREE_FORMAT_ADDR_ENG": "FLAT E ON 5TH FLOOR ON HONG BUILDING NO.55 MEI KING STREET KOWLOON",
        "FREE_FORMAT_ADDR_CHN": NaN,
        "DEV_NAME_ENG": "ON HONG BUILDING",
        "DEV_NAME_CHN": "安康大廈",
        "FIRST_REFERENCE_LOT_PRN": "C6525679"
    },
    {
        "PRN": "B5856104",
        "SEQ_NUM": 1,
        "BLOCK": "ONHO",
        "FLOOR": "5",
        "FLAT": "C",
        "HOUSE_NUM_PREFIX": 55.0,
        "STREET_NAME_ENG": "MEI KING STREET",
        "STREET_NAME_CHN": "美景街",
        "AREA_DESC_ENG": "KOWLOON",
        "AREA_DESC_CHN": "九龍",
        "FREE_FORMAT_ADDR_ENG": "FLAT C ON 5TH FLOOR ON HONG BUILDING NO.55 MEI KING STREET KOWLOON",
        "FREE_FORMAT_ADDR_CHN": NaN,
        "DEV_NAME_ENG": "ON HONG BUILDING",
        "DEV_NAME_CHN": "安康大廈",
        "FIRST_REFERENCE_LOT_PRN": "C6525679"
    },
    {
        "PRN": "B5856111",
        "SEQ_NUM": 1,
        "BLOCK": "ONHO",
        "FLOOR": "2",
        "FLAT": "E",
        "HOUSE_NUM_PREFIX": 55.0,
        "STREET_NAME_ENG": "MEI KING STREET",
        "STREET_NAME_CHN": "美景街",
        "AREA_DESC_ENG": "KOWLOON",
        "AREA_DESC_CHN": "九龍",
        "FREE_FORMAT_ADDR_ENG": "FLAT E ON 2ND FLOOR ON HONG BUILDING NO.55 MEI KING STREET KOWLOON",
        "FREE_FORMAT_ADDR_CHN": NaN,
        "DEV_NAME_ENG": "ON HONG BUILDING",
        "DEV_NAME_CHN": "安康大廈",
        "FIRST_REFERENCE_LOT_PRN": "C6525679"
    },
    {
        "PRN": "B6734929",
        "SEQ_NUM": 1,
        "BLOCK": "ONHO",
        "FLOOR": "G",
        "FLAT": "SH001",
        "HOUSE_NUM_PREFIX": 49.0,
        "STREET_NAME_ENG": "MEI KING STREET",
        "STREET_NAME_CHN": "美景街",
        "AREA_DESC_ENG": "KOWLOON",
        "AREA_DESC_CHN": "九龍",
        "FREE_FORMAT_ADDR_ENG": "SHOP NO.1 ON GROUND FLOOR ON HONG BUILDING NOS.49 51 53 57 59 & 61 MEI KING STREET KOWLOON",
        "FREE_FORMAT_ADDR_CHN": NaN,
        "DEV_NAME_ENG": "ON HONG BUILDING",
        "DEV_NAME_CHN": "安康大廈",
        "FIRST_REFERENCE_LOT_PRN": "C6525679"
    },
    {
        "PRN": "B6735025",
        "SEQ_NUM": 1,
        "BLOCK": "ONHO",
        "FLOOR": "13",
        "FLAT": "A",
        "HOUSE_NUM_PREFIX": 55.0,
        "STREET_NAME_ENG": "MEI KING STREET",
        "STREET_NAME_CHN": "美景街",
        "AREA_DESC_ENG": "KOWLOON",
        "AREA_DESC_CHN": "九龍",
        "FREE_FORMAT_ADDR_ENG": "FLAT A ON 13TH FLOOR ON HONG BUILDING NO.55 MEI KING STREET KOWLOON",
        "FREE_FORMAT_ADDR_CHN": NaN,
        "DEV_NAME_ENG": "ON HONG BUILDING",
        "DEV_NAME_CHN": "安康大廈",
        "FIRST_REFERENCE_LOT_PRN": "C6525679"
    },
    {
        "PRN": "B6735032",
        "SEQ_NUM": 1,
        "BLOCK": "ONHO",
        "FLOOR": "12",
        "FLAT": "B",
        "HOUSE_NUM_PREFIX": 55.0,
        "STREET_NAME_ENG": "MEI KING STREET",
        "STREET_NAME_CHN": "美景街",
        "AREA_DESC_ENG": "KOWLOON",
        "AREA_DESC_CHN": "九龍",
        "FREE_FORMAT_ADDR_ENG": "FLAT B ON 12TH FLOOR ON HONG BUILDING NO.55 MEI KING STREET KOWLOON",
        "FREE_FORMAT_ADDR_CHN": NaN,
        "DEV_NAME_ENG": "ON HONG BUILDING",
        "DEV_NAME_CHN": "安康大廈",
        "FIRST_REFERENCE_LOT_PRN": "C6525679"
    },
    {
        "PRN": "B6735044",
        "SEQ_NUM": 1,
        "BLOCK": "ONHO",
        "FLOOR": "13",
        "FLAT": "B",
        "HOUSE_NUM_PREFIX": 55.0,
        "STREET_NAME_ENG": "MEI KING STREET",
        "STREET_NAME_CHN": "美景街",
        "AREA_DESC_ENG": "KOWLOON",
        "AREA_DESC_CHN": "九龍",
        "FREE_FORMAT_ADDR_ENG": "FLAT B ON 13TH FLOOR ON HONG BUILDING NO.55 MEI KING STREET KOWLOON",
        "FREE_FORMAT_ADDR_CHN": NaN,
        "DEV_NAME_ENG": "ON HONG BUILDING",
        "DEV_NAME_CHN": "安康大廈",
        "FIRST_REFERENCE_LOT_PRN": "C6525679"
    },
    {
        "PRN": "B6735052",
        "SEQ_NUM": 1,
        "BLOCK": "ONHO",
        "FLOOR": "11",
        "FLAT": "C",
        "HOUSE_NUM_PREFIX": 55.0,
        "STREET_NAME_ENG": "MEI KING STREET",
        "STREET_NAME_CHN": "美景街",
        "AREA_DESC_ENG": "KOWLOON",
        "AREA_DESC_CHN": "九龍",
        "FREE_FORMAT_ADDR_ENG": "FLAT C ON 11TH FLOOR ON HONG BUILDING NO.55 MEI KING STREET KOWLOON",
        "FREE_FORMAT_ADDR_CHN": NaN,
        "DEV_NAME_ENG": "ON HONG BUILDING",
        "DEV_NAME_CHN": "安康大廈",
        "FIRST_REFERENCE_LOT_PRN": "C6525679"
    },
    {
        "PRN": "B6735062",
        "SEQ_NUM": 1,
        "BLOCK": "ONHO",
        "FLOOR": "8",
        "FLAT": "D",
        "HOUSE_NUM_PREFIX": 55.0,
        "STREET_NAME_ENG": "MEI KING STREET",
        "STREET_NAME_CHN": "美景街",
        "AREA_DESC_ENG": "KOWLOON",
        "AREA_DESC_CHN": "九龍",
        "FREE_FORMAT_ADDR_ENG": "FLAT D ON 8TH FLOOR ON HONG BUILDING NO.55 MEI KING STREET KOWLOON",
        "FREE_FORMAT_ADDR_CHN": NaN,
        "DEV_NAME_ENG": "ON HONG BUILDING",
        "DEV_NAME_CHN": "安康大廈",
        "FIRST_REFERENCE_LOT_PRN": "C6525679"
    },
    {
        "PRN": "B6735074",
        "SEQ_NUM": 1,
        "BLOCK": "ONHO",
        "FLOOR": "7",
        "FLAT": "F",
        "HOUSE_NUM_PREFIX": 55.0,
        "STREET_NAME_ENG": "MEI KING STREET",
        "STREET_NAME_CHN": "美景街",
        "AREA_DESC_ENG": "KOWLOON",
        "AREA_DESC_CHN": "九龍",
        "FREE_FORMAT_ADDR_ENG": "FLAT F ON 7TH FLOOR ON HONG BUILDING NO.55 MEI KING STREET KOWLOON",
        "FREE_FORMAT_ADDR_CHN": NaN,
        "DEV_NAME_ENG": "ON HONG BUILDING",
        "DEV_NAME_CHN": "安康大廈",
        "FIRST_REFERENCE_LOT_PRN": "C6525679"
    },
    {
        "PRN": "B6735080",
        "SEQ_NUM": 1,
        "BLOCK": "ONHO",
        "FLOOR": "1",
        "FLAT": "G",
        "HOUSE_NUM_PREFIX": 55.0,
        "STREET_NAME_ENG": "MEI KING STREET",
        "STREET_NAME_CHN": "美景街",
        "AREA_DESC_ENG": "KOWLOON",
        "AREA_DESC_CHN": "九龍",
        "FREE_FORMAT_ADDR_ENG": "FLAT G ON 1ST FLOOR & FLAT ROOF ON HONG BUILDING NO.55 MEI KING STREET KOWLOON",
        "FREE_FORMAT_ADDR_CHN": NaN,
        "DEV_NAME_ENG": "ON HONG BUILDING",
        "DEV_NAME_CHN": "安康大廈",
        "FIRST_REFERENCE_LOT_PRN": "C6525679"
    },
    {
        "PRN": "B6735092",
        "SEQ_NUM": 1,
        "BLOCK": "ONHO",
        "FLOOR": "3",
        "FLAT": "G",
        "HOUSE_NUM_PREFIX": 55.0,
        "STREET_NAME_ENG": "MEI KING STREET",
        "STREET_NAME_CHN": "美景街",
        "AREA_DESC_ENG": "KOWLOON",
        "AREA_DESC_CHN": "九龍",
        "FREE_FORMAT_ADDR_ENG": "FLAT G ON 3RD FLOOR ON HONG BUILDING NO.55 MEI KING STREET KOWLOON",
        "FREE_FORMAT_ADDR_CHN": NaN,
        "DEV_NAME_ENG": "ON HONG BUILDING",
        "DEV_NAME_CHN": "安康大廈",
        "FIRST_REFERENCE_LOT_PRN": "C6525679"
    },
    {
        "PRN": "B6735108",
        "SEQ_NUM": 1,
        "BLOCK": "ONHO",
        "FLOOR": "4",
        "FLAT": "H",
        "HOUSE_NUM_PREFIX": 55.0,
        "STREET_NAME_ENG": "MEI KING STREET",
        "STREET_NAME_CHN": "美景街",
        "AREA_DESC_ENG": "KOWLOON",
        "AREA_DESC_CHN": "九龍",
        "FREE_FORMAT_ADDR_ENG": "FLAT H ON 4TH FLOOR ON HONG BUILDING NO.55 MEI KING STREET KOWLOON",
        "FREE_FORMAT_ADDR_CHN": NaN,
        "DEV_NAME_ENG": "ON HONG BUILDING",
        "DEV_NAME_CHN": "安康大廈",
        "FIRST_REFERENCE_LOT_PRN": "C6525679"
    },
    {
        "PRN": "B6735117",
        "SEQ_NUM": 1,
        "BLOCK": "ONHO",
        "FLOOR": "13",
        "FLAT": "I",
        "HOUSE_NUM_PREFIX": 55.0,
        "STREET_NAME_ENG": "MEI KING STREET",
        "STREET_NAME_CHN": "美景街",
        "AREA_DESC_ENG": "KOWLOON",
        "AREA_DESC_CHN": "九龍",
        "FREE_FORMAT_ADDR_ENG": "FLAT I ON 13TH FLOOR ON HONG BUILDING NO.55 MEI KING STREET KOWLOON",
        "FREE_FORMAT_ADDR_CHN": NaN,
        "DEV_NAME_ENG": "ON HONG BUILDING",
        "DEV_NAME_CHN": "安康大廈",
        "FIRST_REFERENCE_LOT_PRN": "C6525679"
    },
    {
        "PRN": "B7871807",
        "SEQ_NUM": 1,
        "BLOCK": "ONHO",
        "FLOOR": "1",
        "FLAT": "A",
        "HOUSE_NUM_PREFIX": 55.0,
        "STREET_NAME_ENG": "MEI KING STREET",
        "STREET_NAME_CHN": "美景街",
        "AREA_DESC_ENG": "KOWLOON",
        "AREA_DESC_CHN": "九龍",
        "FREE_FORMAT_ADDR_ENG": "FLAT A ON 1ST FLOOR & FLAT ROOF ON HONG BUILDING NO.55 MEI KING STREET KOWLOON",
        "FREE_FORMAT_ADDR_CHN": NaN,
        "DEV_NAME_ENG": "ON HONG BUILDING",
        "DEV_NAME_CHN": "安康大廈",
        "FIRST_REFERENCE_LOT_PRN": "C6525679"
    },
    {
        "PRN": "B7871819",
        "SEQ_NUM": 1,
        "BLOCK": "ONHO",
        "FLOOR": "3",
        "FLAT": "A",
        "HOUSE_NUM_PREFIX": 55.0,
        "STREET_NAME_ENG": "MEI KING STREET",
        "STREET_NAME_CHN": "美景街",
        "AREA_DESC_ENG": "KOWLOON",
        "AREA_DESC_CHN": "九龍",
        "FREE_FORMAT_ADDR_ENG": "FLAT A ON 3RD FLOOR ON HONG BUILDING NO.55 MEI KING STREET KOWLOON",
        "FREE_FORMAT_ADDR_CHN": NaN,
        "DEV_NAME_ENG": "ON HONG BUILDING",
        "DEV_NAME_CHN": "安康大廈",
        "FIRST_REFERENCE_LOT_PRN": "C6525679"
    },
    {
        "PRN": "B8204115",
        "SEQ_NUM": 1,
        "BLOCK": "ONHO",
        "FLOOR": "G",
        "FLAT": "SH07A",
        "HOUSE_NUM_PREFIX": 49.0,
        "STREET_NAME_ENG": "MEI KING STREET",
        "STREET_NAME_CHN": "美景街",
        "AREA_DESC_ENG": "KOWLOON",
        "AREA_DESC_CHN": "九龍",
        "FREE_FORMAT_ADDR_ENG": "PORTION A OF SHOP 7 (ALSO KNOWN AS SHOP 7A) ON GROUND FLOOR ON HONG BUILDING NOS.49 51 53  57 59 & 61 MEI KING STREET KOWLOON",
        "FREE_FORMAT_ADDR_CHN": NaN,
        "DEV_NAME_ENG": "ON HONG BUILDING",
        "DEV_NAME_CHN": "安康大廈",
        "FIRST_REFERENCE_LOT_PRN": "C6525679"
    },
    {
        "PRN": "B8204128",
        "SEQ_NUM": 1,
        "BLOCK": "ONHO",
        "FLOOR": "8",
        "FLAT": "A",
        "HOUSE_NUM_PREFIX": 55.0,
        "STREET_NAME_ENG": "MEI KING STREET",
        "STREET_NAME_CHN": "美景街",
        "AREA_DESC_ENG": "KOWLOON",
        "AREA_DESC_CHN": "九龍",
        "FREE_FORMAT_ADDR_ENG": "FLAT A ON 8TH FLOOR ON HONG BUILDING NO.55 MEI KING STREET KOWLOON",
        "FREE_FORMAT_ADDR_CHN": NaN,
        "DEV_NAME_ENG": "ON HONG BUILDING",
        "DEV_NAME_CHN": "安康大廈",
        "FIRST_REFERENCE_LOT_PRN": "C6525679"
    },
    {
        "PRN": "B8540105",
        "SEQ_NUM": 1,
        "BLOCK": "ONHO",
        "FLOOR": "G",
        "FLAT": "SH07B",
        "HOUSE_NUM_PREFIX": 49.0,
        "STREET_NAME_ENG": "MEI KING STREET",
        "STREET_NAME_CHN": "美景街",
        "AREA_DESC_ENG": "KOWLOON",
        "AREA_DESC_CHN": "九龍",
        "FREE_FORMAT_ADDR_ENG": "PORTION B OF SHOP 7 (ALSO KNOWN AS SHOP 7B) ON GROUND FLOOR ON HONG BUILDING NOS.49 51 53  57 59 & 61 MEI KING STREET KOWLOON",
        "FREE_FORMAT_ADDR_CHN": NaN,
        "DEV_NAME_ENG": "ON HONG BUILDING",
        "DEV_NAME_CHN": "安康大廈",
        "FIRST_REFERENCE_LOT_PRN": "C6525679"
    },
    {
        "PRN": "B8540153",
        "SEQ_NUM": 1,
        "BLOCK": "ONHO",
        "FLOOR": "10",
        "FLAT": "B",
        "HOUSE_NUM_PREFIX": 55.0,
        "STREET_NAME_ENG": "MEI KING STREET",
        "STREET_NAME_CHN": "美景街",
        "AREA_DESC_ENG": "KOWLOON",
        "AREA_DESC_CHN": "九龍",
        "FREE_FORMAT_ADDR_ENG": "FLAT B ON 10TH FLOOR ON HONG BUILDING NO.55 MEI KING STREET KOWLOON",
        "FREE_FORMAT_ADDR_CHN": NaN,
        "DEV_NAME_ENG": "ON HONG BUILDING",
        "DEV_NAME_CHN": "安康大廈",
        "FIRST_REFERENCE_LOT_PRN": "C6525679"
    },
    {
        "PRN": "B8540166",
        "SEQ_NUM": 1,
        "BLOCK": "ONHO",
        "FLOOR": "4",
        "FLAT": "B",
        "HOUSE_NUM_PREFIX": 55.0,
        "STREET_NAME_ENG": "MEI KING STREET",
        "STREET_NAME_CHN": "美景街",
        "AREA_DESC_ENG": "KOWLOON",
        "AREA_DESC_CHN": "九龍",
        "FREE_FORMAT_ADDR_ENG": "FLAT B ON 4TH FLOOR ON HONG BUILDING NO.55 MEI KING STREET KOWLOON",
        "FREE_FORMAT_ADDR_CHN": NaN,
        "DEV_NAME_ENG": "ON HONG BUILDING",
        "DEV_NAME_CHN": "安康大廈",
        "FIRST_REFERENCE_LOT_PRN": "C6525679"
    },
    {
        "PRN": "B8540179",
        "SEQ_NUM": 1,
        "BLOCK": "ONHO",
        "FLOOR": "13",
        "FLAT": "E",
        "HOUSE_NUM_PREFIX": 55.0,
        "STREET_NAME_ENG": "MEI KING STREET",
        "STREET_NAME_CHN": "美景街",
        "AREA_DESC_ENG": "KOWLOON",
        "AREA_DESC_CHN": "九龍",
        "FREE_FORMAT_ADDR_ENG": "FLAT E ON 13TH FLOOR ON HONG BUILDING NO.55 MEI KING STREET KOWLOON",
        "FREE_FORMAT_ADDR_CHN": NaN,
        "DEV_NAME_ENG": "ON HONG BUILDING",
        "DEV_NAME_CHN": "安康大廈",
        "FIRST_REFERENCE_LOT_PRN": "C6525679"
    },
    {
        "PRN": "B8540180",
        "SEQ_NUM": 1,
        "BLOCK": "ONHO",
        "FLOOR": "6",
        "FLAT": "G",
        "HOUSE_NUM_PREFIX": 55.0,
        "STREET_NAME_ENG": "MEI KING STREET",
        "STREET_NAME_CHN": "美景街",
        "AREA_DESC_ENG": "KOWLOON",
        "AREA_DESC_CHN": "九龍",
        "FREE_FORMAT_ADDR_ENG": "FLAT G ON 6TH FLOOR ON HONG BUILDING NO.55 MEI KING STREET KOWLOON",
        "FREE_FORMAT_ADDR_CHN": NaN,
        "DEV_NAME_ENG": "ON HONG BUILDING",
        "DEV_NAME_CHN": "安康大廈",
        "FIRST_REFERENCE_LOT_PRN": "C6525679"
    },
    {
        "PRN": "B8540197",
        "SEQ_NUM": 1,
        "BLOCK": "ONHO",
        "FLOOR": "7",
        "FLAT": "H",
        "HOUSE_NUM_PREFIX": 55.0,
        "STREET_NAME_ENG": "MEI KING STREET",
        "STREET_NAME_CHN": "美景街",
        "AREA_DESC_ENG": "KOWLOON",
        "AREA_DESC_CHN": "九龍",
        "FREE_FORMAT_ADDR_ENG": "FLAT H ON 7TH FLOOR ON HONG BUILDING NO.55 MEI KING STREET KOWLOON",
        "FREE_FORMAT_ADDR_CHN": NaN,
        "DEV_NAME_ENG": "ON HONG BUILDING",
        "DEV_NAME_CHN": "安康大廈",
        "FIRST_REFERENCE_LOT_PRN": "C6525679"
    },
    {
        "PRN": "B8540203",
        "SEQ_NUM": 1,
        "BLOCK": "ONHO",
        "FLOOR": "11",
        "FLAT": "J",
        "HOUSE_NUM_PREFIX": 55.0,
        "STREET_NAME_ENG": "MEI KING STREET",
        "STREET_NAME_CHN": "美景街",
        "AREA_DESC_ENG": "KOWLOON",
        "AREA_DESC_CHN": "九龍",
        "FREE_FORMAT_ADDR_ENG": "FLAT J ON 11TH FLOOR ON HONG BUILDING NO.55 MEI KING STREET KOWLOON",
        "FREE_FORMAT_ADDR_CHN": NaN,
        "DEV_NAME_ENG": "ON HONG BUILDING",
        "DEV_NAME_CHN": "安康大廈",
        "FIRST_REFERENCE_LOT_PRN": "C6525679"
    },
    {
        "PRN": "B9419899",
        "SEQ_NUM": 1,
        "BLOCK": "ONHO",
        "FLOOR": "G",
        "FLAT": "SH006",
        "HOUSE_NUM_PREFIX": 49.0,
        "STREET_NAME_ENG": "MEI KING STREET",
        "STREET_NAME_CHN": "美景街",
        "AREA_DESC_ENG": "KOWLOON",
        "AREA_DESC_CHN": "九龍",
        "FREE_FORMAT_ADDR_ENG": "SHOP NO.6 ON GROUND FLOOR ON HONG BUILDING NOS.49 51 53 57 59 & 61 MEI KING STREET KOWLOON",
        "FREE_FORMAT_ADDR_CHN": NaN,
        "DEV_NAME_ENG": "ON HONG BUILDING",
        "DEV_NAME_CHN": "安康大廈",
        "FIRST_REFERENCE_LOT_PRN": "C6525679"
    },
    {
        "PRN": "B9420002",
        "SEQ_NUM": 1,
        "BLOCK": "ONHO",
        "FLOOR": "9",
        "FLAT": "B",
        "HOUSE_NUM_PREFIX": 55.0,
        "STREET_NAME_ENG": "MEI KING STREET",
        "STREET_NAME_CHN": "美景街",
        "AREA_DESC_ENG": "KOWLOON",
        "AREA_DESC_CHN": "九龍",
        "FREE_FORMAT_ADDR_ENG": "FLAT B ON 9TH FLOOR ON HONG BUILDING NO.55 MEI KING STREET KOWLOON",
        "FREE_FORMAT_ADDR_CHN": NaN,
        "DEV_NAME_ENG": "ON HONG BUILDING",
        "DEV_NAME_CHN": "安康大廈",
        "FIRST_REFERENCE_LOT_PRN": "C6525679"
    },
    {
        "PRN": "B9420010",
        "SEQ_NUM": 1,
        "BLOCK": "ONHO",
        "FLOOR": "10",
        "FLAT": "C",
        "HOUSE_NUM_PREFIX": 55.0,
        "STREET_NAME_ENG": "MEI KING STREET",
        "STREET_NAME_CHN": "美景街",
        "AREA_DESC_ENG": "KOWLOON",
        "AREA_DESC_CHN": "九龍",
        "FREE_FORMAT_ADDR_ENG": "FLAT C ON 10TH FLOOR ON HONG BUILDING NO.55 MEI KING STREET KOWLOON",
        "FREE_FORMAT_ADDR_CHN": NaN,
        "DEV_NAME_ENG": "ON HONG BUILDING",
        "DEV_NAME_CHN": "安康大廈",
        "FIRST_REFERENCE_LOT_PRN": "C6525679"
    },
    {
        "PRN": "B9420022",
        "SEQ_NUM": 1,
        "BLOCK": "ONHO",
        "FLOOR": "7",
        "FLAT": "D",
        "HOUSE_NUM_PREFIX": 55.0,
        "STREET_NAME_ENG": "MEI KING STREET",
        "STREET_NAME_CHN": "美景街",
        "AREA_DESC_ENG": "KOWLOON",
        "AREA_DESC_CHN": "九龍",
        "FREE_FORMAT_ADDR_ENG": "FLAT D ON 7TH FLOOR ON HONG BUILDING NO.55 MEI KING STREET KOWLOON",
        "FREE_FORMAT_ADDR_CHN": NaN,
        "DEV_NAME_ENG": "ON HONG BUILDING",
        "DEV_NAME_CHN": "安康大廈",
        "FIRST_REFERENCE_LOT_PRN": "C6525679"
    },
    {
        "PRN": "B9420033",
        "SEQ_NUM": 1,
        "BLOCK": "ONHO",
        "FLOOR": "2",
        "FLAT": "G",
        "HOUSE_NUM_PREFIX": 55.0,
        "STREET_NAME_ENG": "MEI KING STREET",
        "STREET_NAME_CHN": "美景街",
        "AREA_DESC_ENG": "KOWLOON",
        "AREA_DESC_CHN": "九龍",
        "FREE_FORMAT_ADDR_ENG": "FLAT G ON 2ND FLOOR ON HONG BUILDING NO.55 MEI KING STREET KOWLOON",
        "FREE_FORMAT_ADDR_CHN": NaN,
        "DEV_NAME_ENG": "ON HONG BUILDING",
        "DEV_NAME_CHN": "安康大廈",
        "FIRST_REFERENCE_LOT_PRN": "C6525679"
    },
    {
        "PRN": "B9420049",
        "SEQ_NUM": 1,
        "BLOCK": "ONHO",
        "FLOOR": "10",
        "FLAT": "H",
        "HOUSE_NUM_PREFIX": 55.0,
        "STREET_NAME_ENG": "MEI KING STREET",
        "STREET_NAME_CHN": "美景街",
        "AREA_DESC_ENG": "KOWLOON",
        "AREA_DESC_CHN": "九龍",
        "FREE_FORMAT_ADDR_ENG": "FLAT H ON 10TH FLOOR ON HONG BUILDING NO.55 MEI KING STREET KOWLOON",
        "FREE_FORMAT_ADDR_CHN": NaN,
        "DEV_NAME_ENG": "ON HONG BUILDING",
        "DEV_NAME_CHN": "安康大廈",
        "FIRST_REFERENCE_LOT_PRN": "C6525679"
    },
    {
        "PRN": "B9420054",
        "SEQ_NUM": 1,
        "BLOCK": "ONHO",
        "FLOOR": "10",
        "FLAT": "I",
        "HOUSE_NUM_PREFIX": 55.0,
        "STREET_NAME_ENG": "MEI KING STREET",
        "STREET_NAME_CHN": "美景街",
        "AREA_DESC_ENG": "KOWLOON",
        "AREA_DESC_CHN": "九龍",
        "FREE_FORMAT_ADDR_ENG": "FLAT I ON 10TH FLOOR ON HONG BUILDING NO.55 MEI KING STREET KOWLOON",
        "FREE_FORMAT_ADDR_CHN": NaN,
        "DEV_NAME_ENG": "ON HONG BUILDING",
        "DEV_NAME_CHN": "安康大廈",
        "FIRST_REFERENCE_LOT_PRN": "C6525679"
    },
    {
        "PRN": "B9420060",
        "SEQ_NUM": 1,
        "BLOCK": "ONHO",
        "FLOOR": "7",
        "FLAT": "I",
        "HOUSE_NUM_PREFIX": 55.0,
        "STREET_NAME_ENG": "MEI KING STREET",
        "STREET_NAME_CHN": "美景街",
        "AREA_DESC_ENG": "KOWLOON",
        "AREA_DESC_CHN": "九龍",
        "FREE_FORMAT_ADDR_ENG": "FLAT I ON 7TH FLOOR ON HONG BUILDING NO.55 MEI KING STREET KOWLOON",
        "FREE_FORMAT_ADDR_CHN": NaN,
        "DEV_NAME_ENG": "ON HONG BUILDING",
        "DEV_NAME_CHN": "安康大廈",
        "FIRST_REFERENCE_LOT_PRN": "C6525679"
    },
    {
        "PRN": "B9420071",
        "SEQ_NUM": 1,
        "BLOCK": "ONHO",
        "FLOOR": "9",
        "FLAT": "J",
        "HOUSE_NUM_PREFIX": 55.0,
        "STREET_NAME_ENG": "MEI KING STREET",
        "STREET_NAME_CHN": "美景街",
        "AREA_DESC_ENG": "KOWLOON",
        "AREA_DESC_CHN": "九龍",
        "FREE_FORMAT_ADDR_ENG": "FLAT J ON 9TH FLOOR ON HONG BUILDING NO.55 MEI KING STREET KOWLOON",
        "FREE_FORMAT_ADDR_CHN": NaN,
        "DEV_NAME_ENG": "ON HONG BUILDING",
        "DEV_NAME_CHN": "安康大廈",
        "FIRST_REFERENCE_LOT_PRN": "C6525679"
    },
    {
        "PRN": "C0552222",
        "SEQ_NUM": 1,
        "BLOCK": "ONHO",
        "FLOOR": "4",
        "FLAT": "C",
        "HOUSE_NUM_PREFIX": 55.0,
        "STREET_NAME_ENG": "MEI KING STREET",
        "STREET_NAME_CHN": "美景街",
        "AREA_DESC_ENG": "KOWLOON",
        "AREA_DESC_CHN": "九龍",
        "FREE_FORMAT_ADDR_ENG": "FLAT C ON 4TH FLOOR ON HONG BUILDING NO.55 MEI KING STREET KOWLOON",
        "FREE_FORMAT_ADDR_CHN": NaN,
        "DEV_NAME_ENG": "ON HONG BUILDING",
        "DEV_NAME_CHN": "安康大廈",
        "FIRST_REFERENCE_LOT_PRN": "C6525679"
    },
    {
        "PRN": "C0552230",
        "SEQ_NUM": 1,
        "BLOCK": "ONHO",
        "FLOOR": "4",
        "FLAT": "J",
        "HOUSE_NUM_PREFIX": 55.0,
        "STREET_NAME_ENG": "MEI KING STREET",
        "STREET_NAME_CHN": "美景街",
        "AREA_DESC_ENG": "KOWLOON",
        "AREA_DESC_CHN": "九龍",
        "FREE_FORMAT_ADDR_ENG": "FLAT J ON 4TH FLOOR ON HONG BUILDING NO.55 MEI KING STREET KOWLOON",
        "FREE_FORMAT_ADDR_CHN": NaN,
        "DEV_NAME_ENG": "ON HONG BUILDING",
        "DEV_NAME_CHN": "安康大廈",
        "FIRST_REFERENCE_LOT_PRN": "C6525679"
    },
    {
        "PRN": "C0886848",
        "SEQ_NUM": 1,
        "BLOCK": "ONHO",
        "FLOOR": "7",
        "FLAT": "A",
        "HOUSE_NUM_PREFIX": 55.0,
        "STREET_NAME_ENG": "MEI KING STREET",
        "STREET_NAME_CHN": "美景街",
        "AREA_DESC_ENG": "KOWLOON",
        "AREA_DESC_CHN": "九龍",
        "FREE_FORMAT_ADDR_ENG": "FLAT A ON 7TH FLOOR ON HONG BUILDING NO.55 MEI KING STREET KOWLOON",
        "FREE_FORMAT_ADDR_CHN": NaN,
        "DEV_NAME_ENG": "ON HONG BUILDING",
        "DEV_NAME_CHN": "安康大廈",
        "FIRST_REFERENCE_LOT_PRN": "C6525679"
    },
    {
        "PRN": "C0886857",
        "SEQ_NUM": 1,
        "BLOCK": "ONHO",
        "FLOOR": "3",
        "FLAT": "C",
        "HOUSE_NUM_PREFIX": 55.0,
        "STREET_NAME_ENG": "MEI KING STREET",
        "STREET_NAME_CHN": "美景街",
        "AREA_DESC_ENG": "KOWLOON",
        "AREA_DESC_CHN": "九龍",
        "FREE_FORMAT_ADDR_ENG": "FLAT C ON 3RD FLOOR ON HONG BUILDING NO.55 MEI KING STREET KOWLOON",
        "FREE_FORMAT_ADDR_CHN": NaN,
        "DEV_NAME_ENG": "ON HONG BUILDING",
        "DEV_NAME_CHN": "安康大廈",
        "FIRST_REFERENCE_LOT_PRN": "C6525679"
    },
    {
        "PRN": "C1219895",
        "SEQ_NUM": 1,
        "BLOCK": "ONHO",
        "FLOOR": "4",
        "FLAT": "E",
        "HOUSE_NUM_PREFIX": 55.0,
        "STREET_NAME_ENG": "MEI KING STREET",
        "STREET_NAME_CHN": "美景街",
        "AREA_DESC_ENG": "KOWLOON",
        "AREA_DESC_CHN": "九龍",
        "FREE_FORMAT_ADDR_ENG": "FLAT E ON 4TH FLOOR ON HONG BUILDING NO.55 MEI KING STREET KOWLOON",
        "FREE_FORMAT_ADDR_CHN": NaN,
        "DEV_NAME_ENG": "ON HONG BUILDING",
        "DEV_NAME_CHN": "安康大廈",
        "FIRST_REFERENCE_LOT_PRN": "C6525679"
    }
]