[
    {
        "PRN": "D3229256",
        "SEQ_NUM": 1,
        "BLOCK": "9A",
        "FLOOR": "1",
        "FLAT": "A",
        "HOUSE_NUM_PREFIX": NaN,
        "STREET_NAME_ENG": NaN,
        "STREET_NAME_CHN": NaN,
        "AREA_DESC_ENG": NaN,
        "AREA_DESC_CHN": NaN,
        "FREE_FORMAT_ADDR_ENG": "FLAT A ON 1ST FLOOR (INCLUDING THE FLAT ROOF ADJACENT THERETO) OF TOWER 9A PARK VISTA 1A PHASE 1A OF PARK VISTA DEVELOPMENT NO. 18 CASTLE PEAK ROAD TAM MI YUEN LONG NEW TERRITORIES",
        "FREE_FORMAT_ADDR_CHN": NaN,
        "DEV_NAME_ENG": "PARK VISTA 1A",
        "DEV_NAME_CHN": "峻巒1A",
        "FIRST_REFERENCE_LOT_PRN": "D2945373"
    },
    {
        "PRN": "D3229263",
        "SEQ_NUM": 1,
        "BLOCK": "9A",
        "FLOOR": "1",
        "FLAT": "B",
        "HOUSE_NUM_PREFIX": NaN,
        "STREET_NAME_ENG": NaN,
        "STREET_NAME_CHN": NaN,
        "AREA_DESC_ENG": NaN,
        "AREA_DESC_CHN": NaN,
        "FREE_FORMAT_ADDR_ENG": "FLAT B ON 1ST FLOOR (INCLUDING THE FLAT ROOF ADJACENT THERETO) OF TOWER 9A PARK VISTA 1A PHASE 1A OF PARK VISTA DEVELOPMENT NO. 18 CASTLE PEAK ROAD TAM MI YUEN LONG NEW TERRITORIES",
        "FREE_FORMAT_ADDR_CHN": NaN,
        "DEV_NAME_ENG": "PARK VISTA 1A",
        "DEV_NAME_CHN": "峻巒1A",
        "FIRST_REFERENCE_LOT_PRN": "D2945373"
    },
    {
        "PRN": "D3229275",
        "SEQ_NUM": 1,
        "BLOCK": "9A",
        "FLOOR": "1",
        "FLAT": "C",
        "HOUSE_NUM_PREFIX": NaN,
        "STREET_NAME_ENG": NaN,
        "STREET_NAME_CHN": NaN,
        "AREA_DESC_ENG": NaN,
        "AREA_DESC_CHN": NaN,
        "FREE_FORMAT_ADDR_ENG": "FLAT C ON 1ST FLOOR (INCLUDING THE FLAT ROOF ADJACENT THERETO) OF TOWER 9A PARK VISTA 1A PHASE 1A OF PARK VISTA DEVELOPMENT NO. 18 CASTLE PEAK ROAD TAM MI YUEN LONG NEW TERRITORIES",
        "FREE_FORMAT_ADDR_CHN": NaN,
        "DEV_NAME_ENG": "PARK VISTA 1A",
        "DEV_NAME_CHN": "峻巒1A",
        "FIRST_REFERENCE_LOT_PRN": "D2945373"
    },
    {
        "PRN": "D3229281",
        "SEQ_NUM": 1,
        "BLOCK": "9A",
        "FLOOR": "1",
        "FLAT": "D",
        "HOUSE_NUM_PREFIX": NaN,
        "STREET_NAME_ENG": NaN,
        "STREET_NAME_CHN": NaN,
        "AREA_DESC_ENG": NaN,
        "AREA_DESC_CHN": NaN,
        "FREE_FORMAT_ADDR_ENG": "FLAT D ON 1ST FLOOR (INCLUDING THE FLAT ROOF ADJACENT THERETO) OF TOWER 9A PARK VISTA 1A PHASE 1A OF PARK VISTA DEVELOPMENT NO. 18 CASTLE PEAK ROAD TAM MI YUEN LONG NEW TERRITORIES",
        "FREE_FORMAT_ADDR_CHN": NaN,
        "DEV_NAME_ENG": "PARK VISTA 1A",
        "DEV_NAME_CHN": "峻巒1A",
        "FIRST_REFERENCE_LOT_PRN": "D2945373"
    },
    {
        "PRN": "D3229292",
        "SEQ_NUM": 1,
        "BLOCK": "9A",
        "FLOOR": "2",
        "FLAT": "A",
        "HOUSE_NUM_PREFIX": NaN,
        "STREET_NAME_ENG": NaN,
        "STREET_NAME_CHN": NaN,
        "AREA_DESC_ENG": NaN,
        "AREA_DESC_CHN": NaN,
        "FREE_FORMAT_ADDR_ENG": "FLAT A ON 2ND FLOOR (INCLUDING THE BALCONY THEREOF) OF TOWER 9A PARK VISTA 1A PHASE 1A OF PARK VISTA DEVELOPMENT NO. 18 CASTLE PEAK ROAD TAM MI YUEN LONG NEW TERRITORIES",
        "FREE_FORMAT_ADDR_CHN": NaN,
        "DEV_NAME_ENG": "PARK VISTA 1A",
        "DEV_NAME_CHN": "峻巒1A",
        "FIRST_REFERENCE_LOT_PRN": "D2945373"
    },
    {
        "PRN": "D3229300",
        "SEQ_NUM": 1,
        "BLOCK": "9A",
        "FLOOR": "2",
        "FLAT": "B",
        "HOUSE_NUM_PREFIX": NaN,
        "STREET_NAME_ENG": NaN,
        "STREET_NAME_CHN": NaN,
        "AREA_DESC_ENG": NaN,
        "AREA_DESC_CHN": NaN,
        "FREE_FORMAT_ADDR_ENG": "FLAT B ON 2ND FLOOR (INCLUDING THE BALCONY THEREOF) OF TOWER 9A PARK VISTA 1A PHASE 1A OF PARK VISTA DEVELOPMENT NO. 18 CASTLE PEAK ROAD TAM MI YUEN LONG NEW TERRITORIES",
        "FREE_FORMAT_ADDR_CHN": NaN,
        "DEV_NAME_ENG": "PARK VISTA 1A",
        "DEV_NAME_CHN": "峻巒1A",
        "FIRST_REFERENCE_LOT_PRN": "D2945373"
    },
    {
        "PRN": "D3229312",
        "SEQ_NUM": 1,
        "BLOCK": "9A",
        "FLOOR": "2",
        "FLAT": "C",
        "HOUSE_NUM_PREFIX": NaN,
        "STREET_NAME_ENG": NaN,
        "STREET_NAME_CHN": NaN,
        "AREA_DESC_ENG": NaN,
        "AREA_DESC_CHN": NaN,
        "FREE_FORMAT_ADDR_ENG": "FLAT C ON 2ND FLOOR (INCLUDING THE BALCONY AND UTILITY PLATFORM THEREOF) OF TOWER 9A PARK VISTA 1A PHASE 1A OF PARK VISTA DEVELOPMENT NO. 18 CASTLE PEAK ROAD TAM MI YUEN LONG NEW TERRITORIES",
        "FREE_FORMAT_ADDR_CHN": NaN,
        "DEV_NAME_ENG": "PARK VISTA 1A",
        "DEV_NAME_CHN": "峻巒1A",
        "FIRST_REFERENCE_LOT_PRN": "D2945373"
    },
    {
        "PRN": "D3229324",
        "SEQ_NUM": 1,
        "BLOCK": "9A",
        "FLOOR": "2",
        "FLAT": "D",
        "HOUSE_NUM_PREFIX": NaN,
        "STREET_NAME_ENG": NaN,
        "STREET_NAME_CHN": NaN,
        "AREA_DESC_ENG": NaN,
        "AREA_DESC_CHN": NaN,
        "FREE_FORMAT_ADDR_ENG": "FLAT D ON 2ND FLOOR (INCLUDING THE BALCONY AND UTILITY PLATFORM THEREOF) OF TOWER 9A PARK VISTA 1A PHASE 1A OF PARK VISTA DEVELOPMENT NO. 18 CASTLE PEAK ROAD TAM MI YUEN LONG NEW TERRITORIES",
        "FREE_FORMAT_ADDR_CHN": NaN,
        "DEV_NAME_ENG": "PARK VISTA 1A",
        "DEV_NAME_CHN": "峻巒1A",
        "FIRST_REFERENCE_LOT_PRN": "D2945373"
    },
    {
        "PRN": "D3229332",
        "SEQ_NUM": 1,
        "BLOCK": "9A",
        "FLOOR": "3",
        "FLAT": "A",
        "HOUSE_NUM_PREFIX": NaN,
        "STREET_NAME_ENG": NaN,
        "STREET_NAME_CHN": NaN,
        "AREA_DESC_ENG": NaN,
        "AREA_DESC_CHN": NaN,
        "FREE_FORMAT_ADDR_ENG": "FLAT A ON 3RD FLOOR (INCLUDING THE BALCONY THEREOF) OF TOWER 9A PARK VISTA 1A PHASE 1A OF PARK VISTA DEVELOPMENT NO. 18 CASTLE PEAK ROAD TAM MI YUEN LONG NEW TERRITORIES",
        "FREE_FORMAT_ADDR_CHN": NaN,
        "DEV_NAME_ENG": "PARK VISTA 1A",
        "DEV_NAME_CHN": "峻巒1A",
        "FIRST_REFERENCE_LOT_PRN": "D2945373"
    },
    {
        "PRN": "D3229344",
        "SEQ_NUM": 1,
        "BLOCK": "9A",
        "FLOOR": "3",
        "FLAT": "B",
        "HOUSE_NUM_PREFIX": NaN,
        "STREET_NAME_ENG": NaN,
        "STREET_NAME_CHN": NaN,
        "AREA_DESC_ENG": NaN,
        "AREA_DESC_CHN": NaN,
        "FREE_FORMAT_ADDR_ENG": "FLAT B ON 3RD FLOOR (INCLUDING THE BALCONY THEREOF) OF TOWER 9A PARK VISTA 1A PHASE 1A OF PARK VISTA DEVELOPMENT NO. 18 CASTLE PEAK ROAD TAM MI YUEN LONG NEW TERRITORIES",
        "FREE_FORMAT_ADDR_CHN": NaN,
        "DEV_NAME_ENG": "PARK VISTA 1A",
        "DEV_NAME_CHN": "峻巒1A",
        "FIRST_REFERENCE_LOT_PRN": "D2945373"
    },
    {
        "PRN": "D3229359",
        "SEQ_NUM": 1,
        "BLOCK": "9A",
        "FLOOR": "3",
        "FLAT": "C",
        "HOUSE_NUM_PREFIX": NaN,
        "STREET_NAME_ENG": NaN,
        "STREET_NAME_CHN": NaN,
        "AREA_DESC_ENG": NaN,
        "AREA_DESC_CHN": NaN,
        "FREE_FORMAT_ADDR_ENG": "FLAT C ON 3RD FLOOR (INCLUDING THE BALCONY AND UTILITY PLATFORM THEREOF) OF TOWER 9A PARK VISTA 1A PHASE 1A OF PARK VISTA DEVELOPMENT NO. 18 CASTLE PEAK ROAD TAM MI YUEN LONG NEW TERRITORIES",
        "FREE_FORMAT_ADDR_CHN": NaN,
        "DEV_NAME_ENG": "PARK VISTA 1A",
        "DEV_NAME_CHN": "峻巒1A",
        "FIRST_REFERENCE_LOT_PRN": "D2945373"
    },
    {
        "PRN": "D3229364",
        "SEQ_NUM": 1,
        "BLOCK": "9A",
        "FLOOR": "3",
        "FLAT": "D",
        "HOUSE_NUM_PREFIX": NaN,
        "STREET_NAME_ENG": NaN,
        "STREET_NAME_CHN": NaN,
        "AREA_DESC_ENG": NaN,
        "AREA_DESC_CHN": NaN,
        "FREE_FORMAT_ADDR_ENG": "FLAT D ON 3RD FLOOR (INCLUDING THE BALCONY AND UTILITY PLATFORM THEREOF) OF TOWER 9A PARK VISTA 1A PHASE 1A OF PARK VISTA DEVELOPMENT NO. 18 CASTLE PEAK ROAD TAM MI YUEN LONG NEW TERRITORIES",
        "FREE_FORMAT_ADDR_CHN": NaN,
        "DEV_NAME_ENG": "PARK VISTA 1A",
        "DEV_NAME_CHN": "峻巒1A",
        "FIRST_REFERENCE_LOT_PRN": "D2945373"
    },
    {
        "PRN": "D3229373",
        "SEQ_NUM": 1,
        "BLOCK": "9A",
        "FLOOR": "5",
        "FLAT": "A",
        "HOUSE_NUM_PREFIX": NaN,
        "STREET_NAME_ENG": NaN,
        "STREET_NAME_CHN": NaN,
        "AREA_DESC_ENG": NaN,
        "AREA_DESC_CHN": NaN,
        "FREE_FORMAT_ADDR_ENG": "FLAT A ON 5TH FLOOR (INCLUDING THE BALCONY THEREOF) OF TOWER 9A PARK VISTA 1A PHASE 1A OF PARK VISTA DEVELOPMENT NO. 18 CASTLE PEAK ROAD TAM MI YUEN LONG NEW TERRITORIES",
        "FREE_FORMAT_ADDR_CHN": NaN,
        "DEV_NAME_ENG": "PARK VISTA 1A",
        "DEV_NAME_CHN": "峻巒1A",
        "FIRST_REFERENCE_LOT_PRN": "D2945373"
    },
    {
        "PRN": "D3229381",
        "SEQ_NUM": 1,
        "BLOCK": "9A",
        "FLOOR": "5",
        "FLAT": "B",
        "HOUSE_NUM_PREFIX": NaN,
        "STREET_NAME_ENG": NaN,
        "STREET_NAME_CHN": NaN,
        "AREA_DESC_ENG": NaN,
        "AREA_DESC_CHN": NaN,
        "FREE_FORMAT_ADDR_ENG": "FLAT B ON 5TH FLOOR (INCLUDING THE BALCONY THEREOF) OF TOWER 9A PARK VISTA 1A PHASE 1A OF PARK VISTA DEVELOPMENT NO. 18 CASTLE PEAK ROAD TAM MI YUEN LONG NEW TERRITORIES",
        "FREE_FORMAT_ADDR_CHN": NaN,
        "DEV_NAME_ENG": "PARK VISTA 1A",
        "DEV_NAME_CHN": "峻巒1A",
        "FIRST_REFERENCE_LOT_PRN": "D2945373"
    },
    {
        "PRN": "D3229391",
        "SEQ_NUM": 1,
        "BLOCK": "9A",
        "FLOOR": "5",
        "FLAT": "C",
        "HOUSE_NUM_PREFIX": NaN,
        "STREET_NAME_ENG": NaN,
        "STREET_NAME_CHN": NaN,
        "AREA_DESC_ENG": NaN,
        "AREA_DESC_CHN": NaN,
        "FREE_FORMAT_ADDR_ENG": "FLAT C ON 5TH FLOOR (INCLUDING THE BALCONY AND UTILITY PLATFORM THEREOF) OF TOWER 9A PARK VISTA 1A PHASE 1A OF PARK VISTA DEVELOPMENT NO. 18 CASTLE PEAK ROAD TAM MI YUEN LONG NEW TERRITORIES",
        "FREE_FORMAT_ADDR_CHN": NaN,
        "DEV_NAME_ENG": "PARK VISTA 1A",
        "DEV_NAME_CHN": "峻巒1A",
        "FIRST_REFERENCE_LOT_PRN": "D2945373"
    },
    {
        "PRN": "D3229408",
        "SEQ_NUM": 1,
        "BLOCK": "9A",
        "FLOOR": "5",
        "FLAT": "D",
        "HOUSE_NUM_PREFIX": NaN,
        "STREET_NAME_ENG": NaN,
        "STREET_NAME_CHN": NaN,
        "AREA_DESC_ENG": NaN,
        "AREA_DESC_CHN": NaN,
        "FREE_FORMAT_ADDR_ENG": "FLAT D ON 5TH FLOOR (INCLUDING THE BALCONY AND UTILITY PLATFORM THEREOF) OF TOWER 9A PARK VISTA 1A PHASE 1A OF PARK VISTA DEVELOPMENT NO. 18 CASTLE PEAK ROAD TAM MI YUEN LONG NEW TERRITORIES",
        "FREE_FORMAT_ADDR_CHN": NaN,
        "DEV_NAME_ENG": "PARK VISTA 1A",
        "DEV_NAME_CHN": "峻巒1A",
        "FIRST_REFERENCE_LOT_PRN": "D2945373"
    },
    {
        "PRN": "D3229414",
        "SEQ_NUM": 1,
        "BLOCK": "9A",
        "FLOOR": "6",
        "FLAT": "A",
        "HOUSE_NUM_PREFIX": NaN,
        "STREET_NAME_ENG": NaN,
        "STREET_NAME_CHN": NaN,
        "AREA_DESC_ENG": NaN,
        "AREA_DESC_CHN": NaN,
        "FREE_FORMAT_ADDR_ENG": "FLAT A ON 6TH FLOOR (INCLUDING THE BALCONY THEREOF) OF TOWER 9A PARK VISTA 1A PHASE 1A OF PARK VISTA DEVELOPMENT NO. 18 CASTLE PEAK ROAD TAM MI YUEN LONG NEW TERRITORIES",
        "FREE_FORMAT_ADDR_CHN": NaN,
        "DEV_NAME_ENG": "PARK VISTA 1A",
        "DEV_NAME_CHN": "峻巒1A",
        "FIRST_REFERENCE_LOT_PRN": "D2945373"
    },
    {
        "PRN": "D3229420",
        "SEQ_NUM": 1,
        "BLOCK": "9A",
        "FLOOR": "6",
        "FLAT": "B",
        "HOUSE_NUM_PREFIX": NaN,
        "STREET_NAME_ENG": NaN,
        "STREET_NAME_CHN": NaN,
        "AREA_DESC_ENG": NaN,
        "AREA_DESC_CHN": NaN,
        "FREE_FORMAT_ADDR_ENG": "FLAT B ON 6TH FLOOR (INCLUDING THE BALCONY THEREOF) OF TOWER 9A PARK VISTA 1A PHASE 1A OF PARK VISTA DEVELOPMENT NO. 18 CASTLE PEAK ROAD TAM MI YUEN LONG NEW TERRITORIES",
        "FREE_FORMAT_ADDR_CHN": NaN,
        "DEV_NAME_ENG": "PARK VISTA 1A",
        "DEV_NAME_CHN": "峻巒1A",
        "FIRST_REFERENCE_LOT_PRN": "D2945373"
    },
    {
        "PRN": "D3229433",
        "SEQ_NUM": 1,
        "BLOCK": "9A",
        "FLOOR": "6",
        "FLAT": "C",
        "HOUSE_NUM_PREFIX": NaN,
        "STREET_NAME_ENG": NaN,
        "STREET_NAME_CHN": NaN,
        "AREA_DESC_ENG": NaN,
        "AREA_DESC_CHN": NaN,
        "FREE_FORMAT_ADDR_ENG": "FLAT C ON 6TH FLOOR (INCLUDING THE BALCONY AND UTILITY PLATFORM THEREOF) OF TOWER 9A PARK VISTA 1A PHASE 1A OF PARK VISTA DEVELOPMENT NO. 18 CASTLE PEAK ROAD TAM MI YUEN LONG NEW TERRITORIES",
        "FREE_FORMAT_ADDR_CHN": NaN,
        "DEV_NAME_ENG": "PARK VISTA 1A",
        "DEV_NAME_CHN": "峻巒1A",
        "FIRST_REFERENCE_LOT_PRN": "D2945373"
    },
    {
        "PRN": "D3229448",
        "SEQ_NUM": 1,
        "BLOCK": "9A",
        "FLOOR": "6",
        "FLAT": "D",
        "HOUSE_NUM_PREFIX": NaN,
        "STREET_NAME_ENG": NaN,
        "STREET_NAME_CHN": NaN,
        "AREA_DESC_ENG": NaN,
        "AREA_DESC_CHN": NaN,
        "FREE_FORMAT_ADDR_ENG": "FLAT D ON 6TH FLOOR (INCLUDING THE BALCONY AND UTILITY PLATFORM THEREOF) OF TOWER 9A PARK VISTA 1A PHASE 1A OF PARK VISTA DEVELOPMENT NO. 18 CASTLE PEAK ROAD TAM MI YUEN LONG NEW TERRITORIES",
        "FREE_FORMAT_ADDR_CHN": NaN,
        "DEV_NAME_ENG": "PARK VISTA 1A",
        "DEV_NAME_CHN": "峻巒1A",
        "FIRST_REFERENCE_LOT_PRN": "D2945373"
    },
    {
        "PRN": "D3229457",
        "SEQ_NUM": 1,
        "BLOCK": "9A",
        "FLOOR": "7",
        "FLAT": "A",
        "HOUSE_NUM_PREFIX": NaN,
        "STREET_NAME_ENG": NaN,
        "STREET_NAME_CHN": NaN,
        "AREA_DESC_ENG": NaN,
        "AREA_DESC_CHN": NaN,
        "FREE_FORMAT_ADDR_ENG": "FLAT A ON 7TH FLOOR (INCLUDING THE BALCONY THEREOF) OF TOWER 9A PARK VISTA 1A PHASE 1A OF PARK VISTA DEVELOPMENT NO. 18 CASTLE PEAK ROAD TAM MI YUEN LONG NEW TERRITORIES",
        "FREE_FORMAT_ADDR_CHN": NaN,
        "DEV_NAME_ENG": "PARK VISTA 1A",
        "DEV_NAME_CHN": "峻巒1A",
        "FIRST_REFERENCE_LOT_PRN": "D2945373"
    },
    {
        "PRN": "D3229465",
        "SEQ_NUM": 1,
        "BLOCK": "9A",
        "FLOOR": "7",
        "FLAT": "B",
        "HOUSE_NUM_PREFIX": NaN,
        "STREET_NAME_ENG": NaN,
        "STREET_NAME_CHN": NaN,
        "AREA_DESC_ENG": NaN,
        "AREA_DESC_CHN": NaN,
        "FREE_FORMAT_ADDR_ENG": "FLAT B ON 7TH FLOOR (INCLUDING THE BALCONY THEREOF) OF TOWER 9A PARK VISTA 1A PHASE 1A OF PARK VISTA DEVELOPMENT NO. 18 CASTLE PEAK ROAD TAM MI YUEN LONG NEW TERRITORIES",
        "FREE_FORMAT_ADDR_CHN": NaN,
        "DEV_NAME_ENG": "PARK VISTA 1A",
        "DEV_NAME_CHN": "峻巒1A",
        "FIRST_REFERENCE_LOT_PRN": "D2945373"
    },
    {
        "PRN": "D3229471",
        "SEQ_NUM": 1,
        "BLOCK": "9A",
        "FLOOR": "7",
        "FLAT": "C",
        "HOUSE_NUM_PREFIX": NaN,
        "STREET_NAME_ENG": NaN,
        "STREET_NAME_CHN": NaN,
        "AREA_DESC_ENG": NaN,
        "AREA_DESC_CHN": NaN,
        "FREE_FORMAT_ADDR_ENG": "FLAT C ON 7TH FLOOR (INCLUDING THE BALCONY AND UTILITY PLATFORM THEREOF) OF TOWER 9A PARK VISTA 1A PHASE 1A OF PARK VISTA DEVELOPMENT NO. 18 CASTLE PEAK ROAD TAM MI YUEN LONG NEW TERRITORIES",
        "FREE_FORMAT_ADDR_CHN": NaN,
        "DEV_NAME_ENG": "PARK VISTA 1A",
        "DEV_NAME_CHN": "峻巒1A",
        "FIRST_REFERENCE_LOT_PRN": "D2945373"
    },
    {
        "PRN": "D3229485",
        "SEQ_NUM": 1,
        "BLOCK": "9A",
        "FLOOR": "7",
        "FLAT": "D",
        "HOUSE_NUM_PREFIX": NaN,
        "STREET_NAME_ENG": NaN,
        "STREET_NAME_CHN": NaN,
        "AREA_DESC_ENG": NaN,
        "AREA_DESC_CHN": NaN,
        "FREE_FORMAT_ADDR_ENG": "FLAT D ON 7TH FLOOR (INCLUDING THE BALCONY AND UTILITY PLATFORM THEREOF) OF TOWER 9A PARK VISTA 1A PHASE 1A OF PARK VISTA DEVELOPMENT NO. 18 CASTLE PEAK ROAD TAM MI YUEN LONG NEW TERRITORIES",
        "FREE_FORMAT_ADDR_CHN": NaN,
        "DEV_NAME_ENG": "PARK VISTA 1A",
        "DEV_NAME_CHN": "峻巒1A",
        "FIRST_REFERENCE_LOT_PRN": "D2945373"
    },
    {
        "PRN": "D3229492",
        "SEQ_NUM": 1,
        "BLOCK": "9A",
        "FLOOR": "8",
        "FLAT": "A",
        "HOUSE_NUM_PREFIX": NaN,
        "STREET_NAME_ENG": NaN,
        "STREET_NAME_CHN": NaN,
        "AREA_DESC_ENG": NaN,
        "AREA_DESC_CHN": NaN,
        "FREE_FORMAT_ADDR_ENG": "FLAT A ON 8TH FLOOR (INCLUDING THE BALCONY THEREOF) OF TOWER 9A PARK VISTA 1A PHASE 1A OF PARK VISTA DEVELOPMENT NO. 18 CASTLE PEAK ROAD TAM MI YUEN LONG NEW TERRITORIES",
        "FREE_FORMAT_ADDR_CHN": NaN,
        "DEV_NAME_ENG": "PARK VISTA 1A",
        "DEV_NAME_CHN": "峻巒1A",
        "FIRST_REFERENCE_LOT_PRN": "D2945373"
    },
    {
        "PRN": "D3229501",
        "SEQ_NUM": 1,
        "BLOCK": "9A",
        "FLOOR": "8",
        "FLAT": "B",
        "HOUSE_NUM_PREFIX": NaN,
        "STREET_NAME_ENG": NaN,
        "STREET_NAME_CHN": NaN,
        "AREA_DESC_ENG": NaN,
        "AREA_DESC_CHN": NaN,
        "FREE_FORMAT_ADDR_ENG": "FLAT B ON 8TH FLOOR (INCLUDING THE BALCONY THEREOF) OF TOWER 9A PARK VISTA 1A PHASE 1A OF PARK VISTA DEVELOPMENT NO. 18 CASTLE PEAK ROAD TAM MI YUEN LONG NEW TERRITORIES",
        "FREE_FORMAT_ADDR_CHN": NaN,
        "DEV_NAME_ENG": "PARK VISTA 1A",
        "DEV_NAME_CHN": "峻巒1A",
        "FIRST_REFERENCE_LOT_PRN": "D2945373"
    },
    {
        "PRN": "D3229518",
        "SEQ_NUM": 1,
        "BLOCK": "9A",
        "FLOOR": "8",
        "FLAT": "C",
        "HOUSE_NUM_PREFIX": NaN,
        "STREET_NAME_ENG": NaN,
        "STREET_NAME_CHN": NaN,
        "AREA_DESC_ENG": NaN,
        "AREA_DESC_CHN": NaN,
        "FREE_FORMAT_ADDR_ENG": "FLAT C ON 8TH FLOOR (INCLUDING THE BALCONY AND UTILITY PLATFORM THEREOF) OF TOWER 9A PARK VISTA 1A PHASE 1A OF PARK VISTA DEVELOPMENT NO. 18 CASTLE PEAK ROAD TAM MI YUEN LONG NEW TERRITORIES",
        "FREE_FORMAT_ADDR_CHN": NaN,
        "DEV_NAME_ENG": "PARK VISTA 1A",
        "DEV_NAME_CHN": "峻巒1A",
        "FIRST_REFERENCE_LOT_PRN": "D2945373"
    },
    {
        "PRN": "D3229523",
        "SEQ_NUM": 1,
        "BLOCK": "9A",
        "FLOOR": "8",
        "FLAT": "D",
        "HOUSE_NUM_PREFIX": NaN,
        "STREET_NAME_ENG": NaN,
        "STREET_NAME_CHN": NaN,
        "AREA_DESC_ENG": NaN,
        "AREA_DESC_CHN": NaN,
        "FREE_FORMAT_ADDR_ENG": "FLAT D ON 8TH FLOOR (INCLUDING THE BALCONY AND UTILITY PLATFORM THEREOF) OF TOWER 9A PARK VISTA 1A PHASE 1A OF PARK VISTA DEVELOPMENT NO. 18 CASTLE PEAK ROAD TAM MI YUEN LONG NEW TERRITORIES",
        "FREE_FORMAT_ADDR_CHN": NaN,
        "DEV_NAME_ENG": "PARK VISTA 1A",
        "DEV_NAME_CHN": "峻巒1A",
        "FIRST_REFERENCE_LOT_PRN": "D2945373"
    },
    {
        "PRN": "D3229532",
        "SEQ_NUM": 1,
        "BLOCK": "9A",
        "FLOOR": "9",
        "FLAT": "A",
        "HOUSE_NUM_PREFIX": NaN,
        "STREET_NAME_ENG": NaN,
        "STREET_NAME_CHN": NaN,
        "AREA_DESC_ENG": NaN,
        "AREA_DESC_CHN": NaN,
        "FREE_FORMAT_ADDR_ENG": "FLAT A ON 9TH FLOOR (INCLUDING THE BALCONY THEREOF) OF TOWER 9A PARK VISTA 1A PHASE 1A OF PARK VISTA DEVELOPMENT NO. 18 CASTLE PEAK ROAD TAM MI YUEN LONG NEW TERRITORIES",
        "FREE_FORMAT_ADDR_CHN": NaN,
        "DEV_NAME_ENG": "PARK VISTA 1A",
        "DEV_NAME_CHN": "峻巒1A",
        "FIRST_REFERENCE_LOT_PRN": "D2945373"
    },
    {
        "PRN": "D3229544",
        "SEQ_NUM": 1,
        "BLOCK": "9A",
        "FLOOR": "9",
        "FLAT": "B",
        "HOUSE_NUM_PREFIX": NaN,
        "STREET_NAME_ENG": NaN,
        "STREET_NAME_CHN": NaN,
        "AREA_DESC_ENG": NaN,
        "AREA_DESC_CHN": NaN,
        "FREE_FORMAT_ADDR_ENG": "FLAT B ON 9TH FLOOR (INCLUDING THE BALCONY THEREOF) OF TOWER 9A PARK VISTA 1A PHASE 1A OF PARK VISTA DEVELOPMENT NO. 18 CASTLE PEAK ROAD TAM MI YUEN LONG NEW TERRITORIES",
        "FREE_FORMAT_ADDR_CHN": NaN,
        "DEV_NAME_ENG": "PARK VISTA 1A",
        "DEV_NAME_CHN": "峻巒1A",
        "FIRST_REFERENCE_LOT_PRN": "D2945373"
    },
    {
        "PRN": "D3229559",
        "SEQ_NUM": 1,
        "BLOCK": "9A",
        "FLOOR": "9",
        "FLAT": "C",
        "HOUSE_NUM_PREFIX": NaN,
        "STREET_NAME_ENG": NaN,
        "STREET_NAME_CHN": NaN,
        "AREA_DESC_ENG": NaN,
        "AREA_DESC_CHN": NaN,
        "FREE_FORMAT_ADDR_ENG": "FLAT C ON 9TH FLOOR (INCLUDING THE BALCONY AND UTILITY PLATFORM THEREOF) OF TOWER 9A PARK VISTA 1A PHASE 1A OF PARK VISTA DEVELOPMENT NO. 18 CASTLE PEAK ROAD TAM MI YUEN LONG NEW TERRITORIES",
        "FREE_FORMAT_ADDR_CHN": NaN,
        "DEV_NAME_ENG": "PARK VISTA 1A",
        "DEV_NAME_CHN": "峻巒1A",
        "FIRST_REFERENCE_LOT_PRN": "D2945373"
    },
    {
        "PRN": "D3229565",
        "SEQ_NUM": 1,
        "BLOCK": "9A",
        "FLOOR": "9",
        "FLAT": "D",
        "HOUSE_NUM_PREFIX": NaN,
        "STREET_NAME_ENG": NaN,
        "STREET_NAME_CHN": NaN,
        "AREA_DESC_ENG": NaN,
        "AREA_DESC_CHN": NaN,
        "FREE_FORMAT_ADDR_ENG": "FLAT D ON 9TH FLOOR (INCLUDING THE BALCONY AND UTILITY PLATFORM THEREOF) OF TOWER 9A PARK VISTA 1A PHASE 1A OF PARK VISTA DEVELOPMENT NO. 18 CASTLE PEAK ROAD TAM MI YUEN LONG NEW TERRITORIES",
        "FREE_FORMAT_ADDR_CHN": NaN,
        "DEV_NAME_ENG": "PARK VISTA 1A",
        "DEV_NAME_CHN": "峻巒1A",
        "FIRST_REFERENCE_LOT_PRN": "D2945373"
    },
    {
        "PRN": "D3229572",
        "SEQ_NUM": 1,
        "BLOCK": "9A",
        "FLOOR": "10",
        "FLAT": "A",
        "HOUSE_NUM_PREFIX": NaN,
        "STREET_NAME_ENG": NaN,
        "STREET_NAME_CHN": NaN,
        "AREA_DESC_ENG": NaN,
        "AREA_DESC_CHN": NaN,
        "FREE_FORMAT_ADDR_ENG": "FLAT A ON 10TH FLOOR (INCLUDING THE BALCONY THEREOF) OF TOWER 9A PARK VISTA 1A PHASE 1A OF PARK VISTA DEVELOPMENT NO. 18 CASTLE PEAK ROAD TAM MI YUEN LONG NEW TERRITORIES",
        "FREE_FORMAT_ADDR_CHN": NaN,
        "DEV_NAME_ENG": "PARK VISTA 1A",
        "DEV_NAME_CHN": "峻巒1A",
        "FIRST_REFERENCE_LOT_PRN": "D2945373"
    },
    {
        "PRN": "D3229580",
        "SEQ_NUM": 1,
        "BLOCK": "9A",
        "FLOOR": "10",
        "FLAT": "B",
        "HOUSE_NUM_PREFIX": NaN,
        "STREET_NAME_ENG": NaN,
        "STREET_NAME_CHN": NaN,
        "AREA_DESC_ENG": NaN,
        "AREA_DESC_CHN": NaN,
        "FREE_FORMAT_ADDR_ENG": "FLAT B ON 10TH FLOOR (INCLUDING THE BALCONY THEREOF) OF TOWER 9A PARK VISTA 1A PHASE 1A OF PARK VISTA DEVELOPMENT NO. 18 CASTLE PEAK ROAD TAM MI YUEN LONG NEW TERRITORIES",
        "FREE_FORMAT_ADDR_CHN": NaN,
        "DEV_NAME_ENG": "PARK VISTA 1A",
        "DEV_NAME_CHN": "峻巒1A",
        "FIRST_REFERENCE_LOT_PRN": "D2945373"
    },
    {
        "PRN": "D3229591",
        "SEQ_NUM": 1,
        "BLOCK": "9A",
        "FLOOR": "10",
        "FLAT": "C",
        "HOUSE_NUM_PREFIX": NaN,
        "STREET_NAME_ENG": NaN,
        "STREET_NAME_CHN": NaN,
        "AREA_DESC_ENG": NaN,
        "AREA_DESC_CHN": NaN,
        "FREE_FORMAT_ADDR_ENG": "FLAT C ON 10TH FLOOR (INCLUDING THE BALCONY AND UTILITY PLATFORM THEREOF) OF TOWER 9A PARK VISTA 1A PHASE 1A OF PARK VISTA DEVELOPMENT NO. 18 CASTLE PEAK ROAD TAM MI YUEN LONG NEW TERRITORIES",
        "FREE_FORMAT_ADDR_CHN": NaN,
        "DEV_NAME_ENG": "PARK VISTA 1A",
        "DEV_NAME_CHN": "峻巒1A",
        "FIRST_REFERENCE_LOT_PRN": "D2945373"
    },
    {
        "PRN": "D3229600",
        "SEQ_NUM": 1,
        "BLOCK": "9A",
        "FLOOR": "10",
        "FLAT": "D",
        "HOUSE_NUM_PREFIX": NaN,
        "STREET_NAME_ENG": NaN,
        "STREET_NAME_CHN": NaN,
        "AREA_DESC_ENG": NaN,
        "AREA_DESC_CHN": NaN,
        "FREE_FORMAT_ADDR_ENG": "FLAT D ON 10TH FLOOR (INCLUDING THE BALCONY AND UTILITY PLATFORM THEREOF) OF TOWER 9A PARK VISTA 1A PHASE 1A OF PARK VISTA DEVELOPMENT NO. 18 CASTLE PEAK ROAD TAM MI YUEN LONG NEW TERRITORIES",
        "FREE_FORMAT_ADDR_CHN": NaN,
        "DEV_NAME_ENG": "PARK VISTA 1A",
        "DEV_NAME_CHN": "峻巒1A",
        "FIRST_REFERENCE_LOT_PRN": "D2945373"
    },
    {
        "PRN": "D3229618",
        "SEQ_NUM": 1,
        "BLOCK": "9A",
        "FLOOR": "11",
        "FLAT": "A",
        "HOUSE_NUM_PREFIX": NaN,
        "STREET_NAME_ENG": NaN,
        "STREET_NAME_CHN": NaN,
        "AREA_DESC_ENG": NaN,
        "AREA_DESC_CHN": NaN,
        "FREE_FORMAT_ADDR_ENG": "FLAT A ON 11TH FLOOR (INCLUDING THE BALCONY THEREOF) OF TOWER 9A PARK VISTA 1A PHASE 1A OF PARK VISTA DEVELOPMENT NO. 18 CASTLE PEAK ROAD TAM MI YUEN LONG NEW TERRITORIES",
        "FREE_FORMAT_ADDR_CHN": NaN,
        "DEV_NAME_ENG": "PARK VISTA 1A",
        "DEV_NAME_CHN": "峻巒1A",
        "FIRST_REFERENCE_LOT_PRN": "D2945373"
    },
    {
        "PRN": "D3229624",
        "SEQ_NUM": 1,
        "BLOCK": "9A",
        "FLOOR": "11",
        "FLAT": "B",
        "HOUSE_NUM_PREFIX": NaN,
        "STREET_NAME_ENG": NaN,
        "STREET_NAME_CHN": NaN,
        "AREA_DESC_ENG": NaN,
        "AREA_DESC_CHN": NaN,
        "FREE_FORMAT_ADDR_ENG": "FLAT B ON 11TH FLOOR (INCLUDING THE BALCONY THEREOF) OF TOWER 9A PARK VISTA 1A PHASE 1A OF PARK VISTA DEVELOPMENT NO. 18 CASTLE PEAK ROAD TAM MI YUEN LONG NEW TERRITORIES",
        "FREE_FORMAT_ADDR_CHN": NaN,
        "DEV_NAME_ENG": "PARK VISTA 1A",
        "DEV_NAME_CHN": "峻巒1A",
        "FIRST_REFERENCE_LOT_PRN": "D2945373"
    },
    {
        "PRN": "D3229631",
        "SEQ_NUM": 1,
        "BLOCK": "9A",
        "FLOOR": "11",
        "FLAT": "C",
        "HOUSE_NUM_PREFIX": NaN,
        "STREET_NAME_ENG": NaN,
        "STREET_NAME_CHN": NaN,
        "AREA_DESC_ENG": NaN,
        "AREA_DESC_CHN": NaN,
        "FREE_FORMAT_ADDR_ENG": "FLAT C ON 11TH FLOOR (INCLUDING THE BALCONY AND UTILITY PLATFORM THEREOF) OF TOWER 9A PARK VISTA 1A PHASE 1A OF PARK VISTA DEVELOPMENT NO. 18 CASTLE PEAK ROAD TAM MI YUEN LONG NEW TERRITORIES",
        "FREE_FORMAT_ADDR_CHN": NaN,
        "DEV_NAME_ENG": "PARK VISTA 1A",
        "DEV_NAME_CHN": "峻巒1A",
        "FIRST_REFERENCE_LOT_PRN": "D2945373"
    },
    {
        "PRN": "D3229647",
        "SEQ_NUM": 1,
        "BLOCK": "9A",
        "FLOOR": "11",
        "FLAT": "D",
        "HOUSE_NUM_PREFIX": NaN,
        "STREET_NAME_ENG": NaN,
        "STREET_NAME_CHN": NaN,
        "AREA_DESC_ENG": NaN,
        "AREA_DESC_CHN": NaN,
        "FREE_FORMAT_ADDR_ENG": "FLAT D ON 11TH FLOOR (INCLUDING THE BALCONY AND UTILITY PLATFORM THEREOF) OF TOWER 9A PARK VISTA 1A PHASE 1A OF PARK VISTA DEVELOPMENT NO. 18 CASTLE PEAK ROAD TAM MI YUEN LONG NEW TERRITORIES",
        "FREE_FORMAT_ADDR_CHN": NaN,
        "DEV_NAME_ENG": "PARK VISTA 1A",
        "DEV_NAME_CHN": "峻巒1A",
        "FIRST_REFERENCE_LOT_PRN": "D2945373"
    },
    {
        "PRN": "D3229657",
        "SEQ_NUM": 1,
        "BLOCK": "9A",
        "FLOOR": "12",
        "FLAT": "A",
        "HOUSE_NUM_PREFIX": NaN,
        "STREET_NAME_ENG": NaN,
        "STREET_NAME_CHN": NaN,
        "AREA_DESC_ENG": NaN,
        "AREA_DESC_CHN": NaN,
        "FREE_FORMAT_ADDR_ENG": "FLAT A ON 12TH FLOOR (INCLUDING THE BALCONY THEREOF) OF TOWER 9A PARK VISTA 1A PHASE 1A OF PARK VISTA DEVELOPMENT NO. 18 CASTLE PEAK ROAD TAM MI YUEN LONG NEW TERRITORIES",
        "FREE_FORMAT_ADDR_CHN": NaN,
        "DEV_NAME_ENG": "PARK VISTA 1A",
        "DEV_NAME_CHN": "峻巒1A",
        "FIRST_REFERENCE_LOT_PRN": "D2945373"
    },
    {
        "PRN": "D3229665",
        "SEQ_NUM": 1,
        "BLOCK": "9A",
        "FLOOR": "12",
        "FLAT": "B",
        "HOUSE_NUM_PREFIX": NaN,
        "STREET_NAME_ENG": NaN,
        "STREET_NAME_CHN": NaN,
        "AREA_DESC_ENG": NaN,
        "AREA_DESC_CHN": NaN,
        "FREE_FORMAT_ADDR_ENG": "FLAT B ON 12TH FLOOR (INCLUDING THE BALCONY THEREOF) OF TOWER 9A PARK VISTA 1A PHASE 1A OF PARK VISTA DEVELOPMENT NO. 18 CASTLE PEAK ROAD TAM MI YUEN LONG NEW TERRITORIES",
        "FREE_FORMAT_ADDR_CHN": NaN,
        "DEV_NAME_ENG": "PARK VISTA 1A",
        "DEV_NAME_CHN": "峻巒1A",
        "FIRST_REFERENCE_LOT_PRN": "D2945373"
    },
    {
        "PRN": "D3229679",
        "SEQ_NUM": 1,
        "BLOCK": "9A",
        "FLOOR": "12",
        "FLAT": "C",
        "HOUSE_NUM_PREFIX": NaN,
        "STREET_NAME_ENG": NaN,
        "STREET_NAME_CHN": NaN,
        "AREA_DESC_ENG": NaN,
        "AREA_DESC_CHN": NaN,
        "FREE_FORMAT_ADDR_ENG": "FLAT C ON 12TH FLOOR (INCLUDING THE BALCONY AND UTILITY PLATFORM THEREOF) OF TOWER 9A PARK VISTA 1A PHASE 1A OF PARK VISTA DEVELOPMENT NO. 18 CASTLE PEAK ROAD TAM MI YUEN LONG NEW TERRITORIES",
        "FREE_FORMAT_ADDR_CHN": NaN,
        "DEV_NAME_ENG": "PARK VISTA 1A",
        "DEV_NAME_CHN": "峻巒1A",
        "FIRST_REFERENCE_LOT_PRN": "D2945373"
    },
    {
        "PRN": "D3229686",
        "SEQ_NUM": 1,
        "BLOCK": "9A",
        "FLOOR": "12",
        "FLAT": "D",
        "HOUSE_NUM_PREFIX": NaN,
        "STREET_NAME_ENG": NaN,
        "STREET_NAME_CHN": NaN,
        "AREA_DESC_ENG": NaN,
        "AREA_DESC_CHN": NaN,
        "FREE_FORMAT_ADDR_ENG": "FLAT D ON 12TH FLOOR (INCLUDING THE BALCONY AND UTILITY PLATFORM THEREOF) OF TOWER 9A PARK VISTA 1A PHASE 1A OF PARK VISTA DEVELOPMENT NO. 18 CASTLE PEAK ROAD TAM MI YUEN LONG NEW TERRITORIES",
        "FREE_FORMAT_ADDR_CHN": NaN,
        "DEV_NAME_ENG": "PARK VISTA 1A",
        "DEV_NAME_CHN": "峻巒1A",
        "FIRST_REFERENCE_LOT_PRN": "D2945373"
    },
    {
        "PRN": "D3229690",
        "SEQ_NUM": 1,
        "BLOCK": "9A",
        "FLOOR": "15",
        "FLAT": "A",
        "HOUSE_NUM_PREFIX": NaN,
        "STREET_NAME_ENG": NaN,
        "STREET_NAME_CHN": NaN,
        "AREA_DESC_ENG": NaN,
        "AREA_DESC_CHN": NaN,
        "FREE_FORMAT_ADDR_ENG": "FLAT A ON 15TH FLOOR (INCLUDING THE BALCONY THEREOF) OF TOWER 9A PARK VISTA 1A PHASE 1A OF PARK VISTA DEVELOPMENT NO. 18 CASTLE PEAK ROAD TAM MI YUEN LONG NEW TERRITORIES",
        "FREE_FORMAT_ADDR_CHN": NaN,
        "DEV_NAME_ENG": "PARK VISTA 1A",
        "DEV_NAME_CHN": "峻巒1A",
        "FIRST_REFERENCE_LOT_PRN": "D2945373"
    },
    {
        "PRN": "D3229702",
        "SEQ_NUM": 1,
        "BLOCK": "9A",
        "FLOOR": "15",
        "FLAT": "B",
        "HOUSE_NUM_PREFIX": NaN,
        "STREET_NAME_ENG": NaN,
        "STREET_NAME_CHN": NaN,
        "AREA_DESC_ENG": NaN,
        "AREA_DESC_CHN": NaN,
        "FREE_FORMAT_ADDR_ENG": "FLAT B ON 15TH FLOOR (INCLUDING THE BALCONY THEREOF) OF TOWER 9A PARK VISTA 1A PHASE 1A OF PARK VISTA DEVELOPMENT NO. 18 CASTLE PEAK ROAD TAM MI YUEN LONG NEW TERRITORIES",
        "FREE_FORMAT_ADDR_CHN": NaN,
        "DEV_NAME_ENG": "PARK VISTA 1A",
        "DEV_NAME_CHN": "峻巒1A",
        "FIRST_REFERENCE_LOT_PRN": "D2945373"
    },
    {
        "PRN": "D3229714",
        "SEQ_NUM": 1,
        "BLOCK": "9A",
        "FLOOR": "15",
        "FLAT": "C",
        "HOUSE_NUM_PREFIX": NaN,
        "STREET_NAME_ENG": NaN,
        "STREET_NAME_CHN": NaN,
        "AREA_DESC_ENG": NaN,
        "AREA_DESC_CHN": NaN,
        "FREE_FORMAT_ADDR_ENG": "FLAT C ON 15TH FLOOR (INCLUDING THE BALCONY AND UTILITY PLATFORM THEREOF) OF TOWER 9A PARK VISTA 1A PHASE 1A OF PARK VISTA DEVELOPMENT NO. 18 CASTLE PEAK ROAD TAM MI YUEN LONG NEW TERRITORIES",
        "FREE_FORMAT_ADDR_CHN": NaN,
        "DEV_NAME_ENG": "PARK VISTA 1A",
        "DEV_NAME_CHN": "峻巒1A",
        "FIRST_REFERENCE_LOT_PRN": "D2945373"
    },
    {
        "PRN": "D3229723",
        "SEQ_NUM": 1,
        "BLOCK": "9A",
        "FLOOR": "15",
        "FLAT": "D",
        "HOUSE_NUM_PREFIX": NaN,
        "STREET_NAME_ENG": NaN,
        "STREET_NAME_CHN": NaN,
        "AREA_DESC_ENG": NaN,
        "AREA_DESC_CHN": NaN,
        "FREE_FORMAT_ADDR_ENG": "FLAT D ON 15TH FLOOR (INCLUDING THE BALCONY AND UTILITY PLATFORM THEREOF) OF TOWER 9A PARK VISTA 1A PHASE 1A OF PARK VISTA DEVELOPMENT NO. 18 CASTLE PEAK ROAD TAM MI YUEN LONG NEW TERRITORIES",
        "FREE_FORMAT_ADDR_CHN": NaN,
        "DEV_NAME_ENG": "PARK VISTA 1A",
        "DEV_NAME_CHN": "峻巒1A",
        "FIRST_REFERENCE_LOT_PRN": "D2945373"
    },
    {
        "PRN": "D3229731",
        "SEQ_NUM": 1,
        "BLOCK": "9A",
        "FLOOR": "16",
        "FLAT": "A",
        "HOUSE_NUM_PREFIX": NaN,
        "STREET_NAME_ENG": NaN,
        "STREET_NAME_CHN": NaN,
        "AREA_DESC_ENG": NaN,
        "AREA_DESC_CHN": NaN,
        "FREE_FORMAT_ADDR_ENG": "FLAT A ON 16TH FLOOR (INCLUDING THE BALCONY THEREOF) OF TOWER 9A PARK VISTA 1A PHASE 1A OF PARK VISTA DEVELOPMENT NO. 18 CASTLE PEAK ROAD TAM MI YUEN LONG NEW TERRITORIES",
        "FREE_FORMAT_ADDR_CHN": NaN,
        "DEV_NAME_ENG": "PARK VISTA 1A",
        "DEV_NAME_CHN": "峻巒1A",
        "FIRST_REFERENCE_LOT_PRN": "D2945373"
    },
    {
        "PRN": "D3229745",
        "SEQ_NUM": 1,
        "BLOCK": "9A",
        "FLOOR": "16",
        "FLAT": "B",
        "HOUSE_NUM_PREFIX": NaN,
        "STREET_NAME_ENG": NaN,
        "STREET_NAME_CHN": NaN,
        "AREA_DESC_ENG": NaN,
        "AREA_DESC_CHN": NaN,
        "FREE_FORMAT_ADDR_ENG": "FLAT B ON 16TH FLOOR (INCLUDING THE BALCONY THEREOF) OF TOWER 9A PARK VISTA 1A PHASE 1A OF PARK VISTA DEVELOPMENT NO. 18 CASTLE PEAK ROAD TAM MI YUEN LONG NEW TERRITORIES",
        "FREE_FORMAT_ADDR_CHN": NaN,
        "DEV_NAME_ENG": "PARK VISTA 1A",
        "DEV_NAME_CHN": "峻巒1A",
        "FIRST_REFERENCE_LOT_PRN": "D2945373"
    },
    {
        "PRN": "D3229758",
        "SEQ_NUM": 1,
        "BLOCK": "9A",
        "FLOOR": "16",
        "FLAT": "C",
        "HOUSE_NUM_PREFIX": NaN,
        "STREET_NAME_ENG": NaN,
        "STREET_NAME_CHN": NaN,
        "AREA_DESC_ENG": NaN,
        "AREA_DESC_CHN": NaN,
        "FREE_FORMAT_ADDR_ENG": "FLAT C ON 16TH FLOOR (INCLUDING THE BALCONY AND UTILITY PLATFORM THEREOF) OF TOWER 9A PARK VISTA 1A PHASE 1A OF PARK VISTA DEVELOPMENT NO. 18 CASTLE PEAK ROAD TAM MI YUEN LONG NEW TERRITORIES",
        "FREE_FORMAT_ADDR_CHN": NaN,
        "DEV_NAME_ENG": "PARK VISTA 1A",
        "DEV_NAME_CHN": "峻巒1A",
        "FIRST_REFERENCE_LOT_PRN": "D2945373"
    },
    {
        "PRN": "D3229765",
        "SEQ_NUM": 1,
        "BLOCK": "9A",
        "FLOOR": "16",
        "FLAT": "D",
        "HOUSE_NUM_PREFIX": NaN,
        "STREET_NAME_ENG": NaN,
        "STREET_NAME_CHN": NaN,
        "AREA_DESC_ENG": NaN,
        "AREA_DESC_CHN": NaN,
        "FREE_FORMAT_ADDR_ENG": "FLAT D ON 16TH FLOOR (INCLUDING THE BALCONY AND UTILITY PLATFORM THEREOF) OF TOWER 9A PARK VISTA 1A PHASE 1A OF PARK VISTA DEVELOPMENT NO. 18 CASTLE PEAK ROAD TAM MI YUEN LONG NEW TERRITORIES",
        "FREE_FORMAT_ADDR_CHN": NaN,
        "DEV_NAME_ENG": "PARK VISTA 1A",
        "DEV_NAME_CHN": "峻巒1A",
        "FIRST_REFERENCE_LOT_PRN": "D2945373"
    },
    {
        "PRN": "D3229778",
        "SEQ_NUM": 1,
        "BLOCK": "9A",
        "FLOOR": "17",
        "FLAT": "A",
        "HOUSE_NUM_PREFIX": NaN,
        "STREET_NAME_ENG": NaN,
        "STREET_NAME_CHN": NaN,
        "AREA_DESC_ENG": NaN,
        "AREA_DESC_CHN": NaN,
        "FREE_FORMAT_ADDR_ENG": "FLAT A ON 17TH FLOOR (INCLUDING THE BALCONY THEREOF) OF TOWER 9A PARK VISTA 1A PHASE 1A OF PARK VISTA DEVELOPMENT NO. 18 CASTLE PEAK ROAD TAM MI YUEN LONG NEW TERRITORIES",
        "FREE_FORMAT_ADDR_CHN": NaN,
        "DEV_NAME_ENG": "PARK VISTA 1A",
        "DEV_NAME_CHN": "峻巒1A",
        "FIRST_REFERENCE_LOT_PRN": "D2945373"
    },
    {
        "PRN": "D3229781",
        "SEQ_NUM": 1,
        "BLOCK": "9A",
        "FLOOR": "17",
        "FLAT": "B",
        "HOUSE_NUM_PREFIX": NaN,
        "STREET_NAME_ENG": NaN,
        "STREET_NAME_CHN": NaN,
        "AREA_DESC_ENG": NaN,
        "AREA_DESC_CHN": NaN,
        "FREE_FORMAT_ADDR_ENG": "FLAT B ON 17TH FLOOR (INCLUDING THE BALCONY THEREOF) OF TOWER 9A PARK VISTA 1A PHASE 1A OF PARK VISTA DEVELOPMENT NO. 18 CASTLE PEAK ROAD TAM MI YUEN LONG NEW TERRITORIES",
        "FREE_FORMAT_ADDR_CHN": NaN,
        "DEV_NAME_ENG": "PARK VISTA 1A",
        "DEV_NAME_CHN": "峻巒1A",
        "FIRST_REFERENCE_LOT_PRN": "D2945373"
    },
    {
        "PRN": "D3229795",
        "SEQ_NUM": 1,
        "BLOCK": "9A",
        "FLOOR": "17",
        "FLAT": "C",
        "HOUSE_NUM_PREFIX": NaN,
        "STREET_NAME_ENG": NaN,
        "STREET_NAME_CHN": NaN,
        "AREA_DESC_ENG": NaN,
        "AREA_DESC_CHN": NaN,
        "FREE_FORMAT_ADDR_ENG": "FLAT C ON 17TH FLOOR (INCLUDING THE BALCONY AND UTILITY PLATFORM THEREOF) OF TOWER 9A PARK VISTA 1A PHASE 1A OF PARK VISTA DEVELOPMENT NO. 18 CASTLE PEAK ROAD TAM MI YUEN LONG NEW TERRITORIES",
        "FREE_FORMAT_ADDR_CHN": NaN,
        "DEV_NAME_ENG": "PARK VISTA 1A",
        "DEV_NAME_CHN": "峻巒1A",
        "FIRST_REFERENCE_LOT_PRN": "D2945373"
    },
    {
        "PRN": "D3229802",
        "SEQ_NUM": 1,
        "BLOCK": "9A",
        "FLOOR": "17",
        "FLAT": "D",
        "HOUSE_NUM_PREFIX": NaN,
        "STREET_NAME_ENG": NaN,
        "STREET_NAME_CHN": NaN,
        "AREA_DESC_ENG": NaN,
        "AREA_DESC_CHN": NaN,
        "FREE_FORMAT_ADDR_ENG": "FLAT D ON 17TH FLOOR (INCLUDING THE BALCONY AND UTILITY PLATFORM THEREOF) OF TOWER 9A PARK VISTA 1A PHASE 1A OF PARK VISTA DEVELOPMENT NO. 18 CASTLE PEAK ROAD TAM MI YUEN LONG NEW TERRITORIES",
        "FREE_FORMAT_ADDR_CHN": NaN,
        "DEV_NAME_ENG": "PARK VISTA 1A",
        "DEV_NAME_CHN": "峻巒1A",
        "FIRST_REFERENCE_LOT_PRN": "D2945373"
    },
    {
        "PRN": "D3229815",
        "SEQ_NUM": 1,
        "BLOCK": "9A",
        "FLOOR": "18",
        "FLAT": "A",
        "HOUSE_NUM_PREFIX": NaN,
        "STREET_NAME_ENG": NaN,
        "STREET_NAME_CHN": NaN,
        "AREA_DESC_ENG": NaN,
        "AREA_DESC_CHN": NaN,
        "FREE_FORMAT_ADDR_ENG": "FLAT A ON 18TH FLOOR (INCLUDING THE BALCONY THEREOF) OF TOWER 9A PARK VISTA 1A PHASE 1A OF PARK VISTA DEVELOPMENT NO. 18 CASTLE PEAK ROAD TAM MI YUEN LONG NEW TERRITORIES",
        "FREE_FORMAT_ADDR_CHN": NaN,
        "DEV_NAME_ENG": "PARK VISTA 1A",
        "DEV_NAME_CHN": "峻巒1A",
        "FIRST_REFERENCE_LOT_PRN": "D2945373"
    },
    {
        "PRN": "D3229826",
        "SEQ_NUM": 1,
        "BLOCK": "9A",
        "FLOOR": "18",
        "FLAT": "B",
        "HOUSE_NUM_PREFIX": NaN,
        "STREET_NAME_ENG": NaN,
        "STREET_NAME_CHN": NaN,
        "AREA_DESC_ENG": NaN,
        "AREA_DESC_CHN": NaN,
        "FREE_FORMAT_ADDR_ENG": "FLAT B ON 18TH FLOOR (INCLUDING THE BALCONY THEREOF) OF TOWER 9A PARK VISTA 1A PHASE 1A OF PARK VISTA DEVELOPMENT NO. 18 CASTLE PEAK ROAD TAM MI YUEN LONG NEW TERRITORIES",
        "FREE_FORMAT_ADDR_CHN": NaN,
        "DEV_NAME_ENG": "PARK VISTA 1A",
        "DEV_NAME_CHN": "峻巒1A",
        "FIRST_REFERENCE_LOT_PRN": "D2945373"
    },
    {
        "PRN": "D3229836",
        "SEQ_NUM": 1,
        "BLOCK": "9A",
        "FLOOR": "18",
        "FLAT": "C",
        "HOUSE_NUM_PREFIX": NaN,
        "STREET_NAME_ENG": NaN,
        "STREET_NAME_CHN": NaN,
        "AREA_DESC_ENG": NaN,
        "AREA_DESC_CHN": NaN,
        "FREE_FORMAT_ADDR_ENG": "FLAT C ON 18TH FLOOR (INCLUDING THE BALCONY AND UTILITY PLATFORM THEREOF) OF TOWER 9A PARK VISTA 1A PHASE 1A OF PARK VISTA DEVELOPMENT NO. 18 CASTLE PEAK ROAD TAM MI YUEN LONG NEW TERRITORIES",
        "FREE_FORMAT_ADDR_CHN": NaN,
        "DEV_NAME_ENG": "PARK VISTA 1A",
        "DEV_NAME_CHN": "峻巒1A",
        "FIRST_REFERENCE_LOT_PRN": "D2945373"
    },
    {
        "PRN": "D3229845",
        "SEQ_NUM": 1,
        "BLOCK": "9A",
        "FLOOR": "18",
        "FLAT": "D",
        "HOUSE_NUM_PREFIX": NaN,
        "STREET_NAME_ENG": NaN,
        "STREET_NAME_CHN": NaN,
        "AREA_DESC_ENG": NaN,
        "AREA_DESC_CHN": NaN,
        "FREE_FORMAT_ADDR_ENG": "FLAT D ON 18TH FLOOR (INCLUDING THE BALCONY AND UTILITY PLATFORM THEREOF) OF TOWER 9A PARK VISTA 1A PHASE 1A OF PARK VISTA DEVELOPMENT NO. 18 CASTLE PEAK ROAD TAM MI YUEN LONG NEW TERRITORIES",
        "FREE_FORMAT_ADDR_CHN": NaN,
        "DEV_NAME_ENG": "PARK VISTA 1A",
        "DEV_NAME_CHN": "峻巒1A",
        "FIRST_REFERENCE_LOT_PRN": "D2945373"
    },
    {
        "PRN": "D3229858",
        "SEQ_NUM": 1,
        "BLOCK": "9A",
        "FLOOR": "19",
        "FLAT": "A",
        "HOUSE_NUM_PREFIX": NaN,
        "STREET_NAME_ENG": NaN,
        "STREET_NAME_CHN": NaN,
        "AREA_DESC_ENG": NaN,
        "AREA_DESC_CHN": NaN,
        "FREE_FORMAT_ADDR_ENG": "FLAT A ON 19TH FLOOR (INCLUDING THE FLAT ROOF ADJACENT THERETO THE STAIRHOOD APPERTAINING THERETO AND THE ROOF(S) THEREABOVE) OF TOWER 9A PARK VISTA 1A PHASE 1A OF PARK VISTA DEVELOPMENT NO. 18 CASTLE PEAK ROAD TAM MI YUEN LONG NEW TERRITORIES",
        "FREE_FORMAT_ADDR_CHN": NaN,
        "DEV_NAME_ENG": "PARK VISTA 1A",
        "DEV_NAME_CHN": "峻巒1A",
        "FIRST_REFERENCE_LOT_PRN": "D2945373"
    },
    {
        "PRN": "D3229869",
        "SEQ_NUM": 1,
        "BLOCK": "9A",
        "FLOOR": "19",
        "FLAT": "B",
        "HOUSE_NUM_PREFIX": NaN,
        "STREET_NAME_ENG": NaN,
        "STREET_NAME_CHN": NaN,
        "AREA_DESC_ENG": NaN,
        "AREA_DESC_CHN": NaN,
        "FREE_FORMAT_ADDR_ENG": "FLAT B ON 19TH FLOOR (INCLUDING THE BALCONY THEREOF THE STAIRHOOD APPERTAINING THERETO AND THE ROOF(S) THEREABOVE) OF TOWER 9A PARK VISTA 1A PHASE 1A OF PARK VISTA DEVELOPMENT NO. 18 CASTLE PEAK ROAD TAM MI YUEN LONG NEW TERRITORIES",
        "FREE_FORMAT_ADDR_CHN": NaN,
        "DEV_NAME_ENG": "PARK VISTA 1A",
        "DEV_NAME_CHN": "峻巒1A",
        "FIRST_REFERENCE_LOT_PRN": "D2945373"
    },
    {
        "PRN": "D3229874",
        "SEQ_NUM": 1,
        "BLOCK": "9A",
        "FLOOR": "19",
        "FLAT": "C",
        "HOUSE_NUM_PREFIX": NaN,
        "STREET_NAME_ENG": NaN,
        "STREET_NAME_CHN": NaN,
        "AREA_DESC_ENG": NaN,
        "AREA_DESC_CHN": NaN,
        "FREE_FORMAT_ADDR_ENG": "FLAT C ON 19TH FLOOR (INCLUDING THE BALCONY THEREOF THE STAIRHOOD APPERTAINING THERETO AND THE ROOF(S) THEREABOVE) OF TOWER 9A PARK VISTA 1A PHASE 1A OF PARK VISTA DEVELOPMENT NO. 18 CASTLE PEAK ROAD TAM MI YUEN LONG NEW TERRITORIES",
        "FREE_FORMAT_ADDR_CHN": NaN,
        "DEV_NAME_ENG": "PARK VISTA 1A",
        "DEV_NAME_CHN": "峻巒1A",
        "FIRST_REFERENCE_LOT_PRN": "D2945373"
    },
    {
        "PRN": "D3229883",
        "SEQ_NUM": 1,
        "BLOCK": "9B",
        "FLOOR": "1",
        "FLAT": "A",
        "HOUSE_NUM_PREFIX": NaN,
        "STREET_NAME_ENG": NaN,
        "STREET_NAME_CHN": NaN,
        "AREA_DESC_ENG": NaN,
        "AREA_DESC_CHN": NaN,
        "FREE_FORMAT_ADDR_ENG": "FLAT A ON 1ST FLOOR (INCLUDING THE FLAT ROOF ADJACENT THERETO) OF TOWER 9B PARK VISTA 1A PHASE 1A OF PARK VISTA DEVELOPMENT NO. 18 CASTLE PEAK ROAD TAM MI YUEN LONG NEW TERRITORIES",
        "FREE_FORMAT_ADDR_CHN": NaN,
        "DEV_NAME_ENG": "PARK VISTA 1A",
        "DEV_NAME_CHN": "峻巒1A",
        "FIRST_REFERENCE_LOT_PRN": "D2945373"
    },
    {
        "PRN": "D3229894",
        "SEQ_NUM": 1,
        "BLOCK": "9B",
        "FLOOR": "1",
        "FLAT": "B",
        "HOUSE_NUM_PREFIX": NaN,
        "STREET_NAME_ENG": NaN,
        "STREET_NAME_CHN": NaN,
        "AREA_DESC_ENG": NaN,
        "AREA_DESC_CHN": NaN,
        "FREE_FORMAT_ADDR_ENG": "FLAT B ON 1ST FLOOR (INCLUDING THE FLAT ROOF ADJACENT THERETO) OF TOWER 9B PARK VISTA 1A PHASE 1A OF PARK VISTA DEVELOPMENT NO. 18 CASTLE PEAK ROAD TAM MI YUEN LONG NEW TERRITORIES",
        "FREE_FORMAT_ADDR_CHN": NaN,
        "DEV_NAME_ENG": "PARK VISTA 1A",
        "DEV_NAME_CHN": "峻巒1A",
        "FIRST_REFERENCE_LOT_PRN": "D2945373"
    },
    {
        "PRN": "D3229905",
        "SEQ_NUM": 1,
        "BLOCK": "9B",
        "FLOOR": "1",
        "FLAT": "C",
        "HOUSE_NUM_PREFIX": NaN,
        "STREET_NAME_ENG": NaN,
        "STREET_NAME_CHN": NaN,
        "AREA_DESC_ENG": NaN,
        "AREA_DESC_CHN": NaN,
        "FREE_FORMAT_ADDR_ENG": "FLAT C ON 1ST FLOOR (INCLUDING THE FLAT ROOF ADJACENT THERETO) OF TOWER 9B PARK VISTA 1A PHASE 1A OF PARK VISTA DEVELOPMENT NO. 18 CASTLE PEAK ROAD TAM MI YUEN LONG NEW TERRITORIES",
        "FREE_FORMAT_ADDR_CHN": NaN,
        "DEV_NAME_ENG": "PARK VISTA 1A",
        "DEV_NAME_CHN": "峻巒1A",
        "FIRST_REFERENCE_LOT_PRN": "D2945373"
    },
    {
        "PRN": "D3229919",
        "SEQ_NUM": 1,
        "BLOCK": "9B",
        "FLOOR": "1",
        "FLAT": "D",
        "HOUSE_NUM_PREFIX": NaN,
        "STREET_NAME_ENG": NaN,
        "STREET_NAME_CHN": NaN,
        "AREA_DESC_ENG": NaN,
        "AREA_DESC_CHN": NaN,
        "FREE_FORMAT_ADDR_ENG": "FLAT D ON 1ST FLOOR (INCLUDING THE FLAT ROOF ADJACENT THERETO) OF TOWER 9B PARK VISTA 1A PHASE 1A OF PARK VISTA DEVELOPMENT NO. 18 CASTLE PEAK ROAD TAM MI YUEN LONG NEW TERRITORIES",
        "FREE_FORMAT_ADDR_CHN": NaN,
        "DEV_NAME_ENG": "PARK VISTA 1A",
        "DEV_NAME_CHN": "峻巒1A",
        "FIRST_REFERENCE_LOT_PRN": "D2945373"
    },
    {
        "PRN": "D3229928",
        "SEQ_NUM": 1,
        "BLOCK": "9B",
        "FLOOR": "2",
        "FLAT": "A",
        "HOUSE_NUM_PREFIX": NaN,
        "STREET_NAME_ENG": NaN,
        "STREET_NAME_CHN": NaN,
        "AREA_DESC_ENG": NaN,
        "AREA_DESC_CHN": NaN,
        "FREE_FORMAT_ADDR_ENG": "FLAT A ON 2ND FLOOR (INCLUDING THE BALCONY AND UTILITY PLATFORM THEREOF) OF TOWER 9B PARK VISTA 1A PHASE 1A OF PARK VISTA DEVELOPMENT NO. 18 CASTLE PEAK ROAD TAM MI YUEN LONG NEW TERRITORIES",
        "FREE_FORMAT_ADDR_CHN": NaN,
        "DEV_NAME_ENG": "PARK VISTA 1A",
        "DEV_NAME_CHN": "峻巒1A",
        "FIRST_REFERENCE_LOT_PRN": "D2945373"
    },
    {
        "PRN": "D3229937",
        "SEQ_NUM": 1,
        "BLOCK": "9B",
        "FLOOR": "2",
        "FLAT": "B",
        "HOUSE_NUM_PREFIX": NaN,
        "STREET_NAME_ENG": NaN,
        "STREET_NAME_CHN": NaN,
        "AREA_DESC_ENG": NaN,
        "AREA_DESC_CHN": NaN,
        "FREE_FORMAT_ADDR_ENG": "FLAT B ON 2ND FLOOR (INCLUDING THE BALCONY AND UTILITY PLATFORM THEREOF) OF TOWER 9B PARK VISTA 1A PHASE 1A OF PARK VISTA DEVELOPMENT NO. 18 CASTLE PEAK ROAD TAM MI YUEN LONG NEW TERRITORIES",
        "FREE_FORMAT_ADDR_CHN": NaN,
        "DEV_NAME_ENG": "PARK VISTA 1A",
        "DEV_NAME_CHN": "峻巒1A",
        "FIRST_REFERENCE_LOT_PRN": "D2945373"
    },
    {
        "PRN": "D3229945",
        "SEQ_NUM": 1,
        "BLOCK": "9B",
        "FLOOR": "2",
        "FLAT": "C",
        "HOUSE_NUM_PREFIX": NaN,
        "STREET_NAME_ENG": NaN,
        "STREET_NAME_CHN": NaN,
        "AREA_DESC_ENG": NaN,
        "AREA_DESC_CHN": NaN,
        "FREE_FORMAT_ADDR_ENG": "FLAT C ON 2ND FLOOR (INCLUDING THE BALCONY AND UTILITY PLATFORM THEREOF) OF TOWER 9B PARK VISTA 1A PHASE 1A OF PARK VISTA DEVELOPMENT NO. 18 CASTLE PEAK ROAD TAM MI YUEN LONG NEW TERRITORIES",
        "FREE_FORMAT_ADDR_CHN": NaN,
        "DEV_NAME_ENG": "PARK VISTA 1A",
        "DEV_NAME_CHN": "峻巒1A",
        "FIRST_REFERENCE_LOT_PRN": "D2945373"
    },
    {
        "PRN": "D3229950",
        "SEQ_NUM": 1,
        "BLOCK": "9B",
        "FLOOR": "2",
        "FLAT": "D",
        "HOUSE_NUM_PREFIX": NaN,
        "STREET_NAME_ENG": NaN,
        "STREET_NAME_CHN": NaN,
        "AREA_DESC_ENG": NaN,
        "AREA_DESC_CHN": NaN,
        "FREE_FORMAT_ADDR_ENG": "FLAT D ON 2ND FLOOR (INCLUDING THE BALCONY AND UTILITY PLATFORM THEREOF) OF TOWER 9B PARK VISTA 1A PHASE 1A OF PARK VISTA DEVELOPMENT NO. 18 CASTLE PEAK ROAD TAM MI YUEN LONG NEW TERRITORIES",
        "FREE_FORMAT_ADDR_CHN": NaN,
        "DEV_NAME_ENG": "PARK VISTA 1A",
        "DEV_NAME_CHN": "峻巒1A",
        "FIRST_REFERENCE_LOT_PRN": "D2945373"
    },
    {
        "PRN": "D3229964",
        "SEQ_NUM": 1,
        "BLOCK": "9B",
        "FLOOR": "3",
        "FLAT": "A",
        "HOUSE_NUM_PREFIX": NaN,
        "STREET_NAME_ENG": NaN,
        "STREET_NAME_CHN": NaN,
        "AREA_DESC_ENG": NaN,
        "AREA_DESC_CHN": NaN,
        "FREE_FORMAT_ADDR_ENG": "FLAT A ON 3RD FLOOR (INCLUDING THE BALCONY AND UTILITY PLATFORM THEREOF) OF TOWER 9B PARK VISTA 1A PHASE 1A OF PARK VISTA DEVELOPMENT NO. 18 CASTLE PEAK ROAD TAM MI YUEN LONG NEW TERRITORIES",
        "FREE_FORMAT_ADDR_CHN": NaN,
        "DEV_NAME_ENG": "PARK VISTA 1A",
        "DEV_NAME_CHN": "峻巒1A",
        "FIRST_REFERENCE_LOT_PRN": "D2945373"
    },
    {
        "PRN": "D3229971",
        "SEQ_NUM": 1,
        "BLOCK": "9B",
        "FLOOR": "3",
        "FLAT": "B",
        "HOUSE_NUM_PREFIX": NaN,
        "STREET_NAME_ENG": NaN,
        "STREET_NAME_CHN": NaN,
        "AREA_DESC_ENG": NaN,
        "AREA_DESC_CHN": NaN,
        "FREE_FORMAT_ADDR_ENG": "FLAT B ON 3RD FLOOR (INCLUDING THE BALCONY AND UTILITY PLATFORM THEREOF) OF TOWER 9B PARK VISTA 1A PHASE 1A OF PARK VISTA DEVELOPMENT NO. 18 CASTLE PEAK ROAD TAM MI YUEN LONG NEW TERRITORIES",
        "FREE_FORMAT_ADDR_CHN": NaN,
        "DEV_NAME_ENG": "PARK VISTA 1A",
        "DEV_NAME_CHN": "峻巒1A",
        "FIRST_REFERENCE_LOT_PRN": "D2945373"
    },
    {
        "PRN": "D3229984",
        "SEQ_NUM": 1,
        "BLOCK": "9B",
        "FLOOR": "3",
        "FLAT": "C",
        "HOUSE_NUM_PREFIX": NaN,
        "STREET_NAME_ENG": NaN,
        "STREET_NAME_CHN": NaN,
        "AREA_DESC_ENG": NaN,
        "AREA_DESC_CHN": NaN,
        "FREE_FORMAT_ADDR_ENG": "FLAT C ON 3RD FLOOR (INCLUDING THE BALCONY AND UTILITY PLATFORM THEREOF) OF TOWER 9B PARK VISTA 1A PHASE 1A OF PARK VISTA DEVELOPMENT NO. 18 CASTLE PEAK ROAD TAM MI YUEN LONG NEW TERRITORIES",
        "FREE_FORMAT_ADDR_CHN": NaN,
        "DEV_NAME_ENG": "PARK VISTA 1A",
        "DEV_NAME_CHN": "峻巒1A",
        "FIRST_REFERENCE_LOT_PRN": "D2945373"
    },
    {
        "PRN": "D3229992",
        "SEQ_NUM": 1,
        "BLOCK": "9B",
        "FLOOR": "3",
        "FLAT": "D",
        "HOUSE_NUM_PREFIX": NaN,
        "STREET_NAME_ENG": NaN,
        "STREET_NAME_CHN": NaN,
        "AREA_DESC_ENG": NaN,
        "AREA_DESC_CHN": NaN,
        "FREE_FORMAT_ADDR_ENG": "FLAT D ON 3RD FLOOR (INCLUDING THE BALCONY AND UTILITY PLATFORM THEREOF) OF TOWER 9B PARK VISTA 1A PHASE 1A OF PARK VISTA DEVELOPMENT NO. 18 CASTLE PEAK ROAD TAM MI YUEN LONG NEW TERRITORIES",
        "FREE_FORMAT_ADDR_CHN": NaN,
        "DEV_NAME_ENG": "PARK VISTA 1A",
        "DEV_NAME_CHN": "峻巒1A",
        "FIRST_REFERENCE_LOT_PRN": "D2945373"
    },
    {
        "PRN": "D3230004",
        "SEQ_NUM": 1,
        "BLOCK": "9B",
        "FLOOR": "5",
        "FLAT": "A",
        "HOUSE_NUM_PREFIX": NaN,
        "STREET_NAME_ENG": NaN,
        "STREET_NAME_CHN": NaN,
        "AREA_DESC_ENG": NaN,
        "AREA_DESC_CHN": NaN,
        "FREE_FORMAT_ADDR_ENG": "FLAT A ON 5TH FLOOR (INCLUDING THE BALCONY AND UTILITY PLATFORM THEREOF) OF TOWER 9B PARK VISTA 1A PHASE 1A OF PARK VISTA DEVELOPMENT NO. 18 CASTLE PEAK ROAD TAM MI YUEN LONG NEW TERRITORIES",
        "FREE_FORMAT_ADDR_CHN": NaN,
        "DEV_NAME_ENG": "PARK VISTA 1A",
        "DEV_NAME_CHN": "峻巒1A",
        "FIRST_REFERENCE_LOT_PRN": "D2945373"
    },
    {
        "PRN": "D3230019",
        "SEQ_NUM": 1,
        "BLOCK": "9B",
        "FLOOR": "5",
        "FLAT": "B",
        "HOUSE_NUM_PREFIX": NaN,
        "STREET_NAME_ENG": NaN,
        "STREET_NAME_CHN": NaN,
        "AREA_DESC_ENG": NaN,
        "AREA_DESC_CHN": NaN,
        "FREE_FORMAT_ADDR_ENG": "FLAT B ON 5TH FLOOR (INCLUDING THE BALCONY AND UTILITY PLATFORM THEREOF) OF TOWER 9B PARK VISTA 1A PHASE 1A OF PARK VISTA DEVELOPMENT NO. 18 CASTLE PEAK ROAD TAM MI YUEN LONG NEW TERRITORIES",
        "FREE_FORMAT_ADDR_CHN": NaN,
        "DEV_NAME_ENG": "PARK VISTA 1A",
        "DEV_NAME_CHN": "峻巒1A",
        "FIRST_REFERENCE_LOT_PRN": "D2945373"
    },
    {
        "PRN": "D3230025",
        "SEQ_NUM": 1,
        "BLOCK": "9B",
        "FLOOR": "5",
        "FLAT": "C",
        "HOUSE_NUM_PREFIX": NaN,
        "STREET_NAME_ENG": NaN,
        "STREET_NAME_CHN": NaN,
        "AREA_DESC_ENG": NaN,
        "AREA_DESC_CHN": NaN,
        "FREE_FORMAT_ADDR_ENG": "FLAT C ON 5TH FLOOR (INCLUDING THE BALCONY AND UTILITY PLATFORM THEREOF) OF TOWER 9B PARK VISTA 1A PHASE 1A OF PARK VISTA DEVELOPMENT NO. 18 CASTLE PEAK ROAD TAM MI YUEN LONG NEW TERRITORIES",
        "FREE_FORMAT_ADDR_CHN": NaN,
        "DEV_NAME_ENG": "PARK VISTA 1A",
        "DEV_NAME_CHN": "峻巒1A",
        "FIRST_REFERENCE_LOT_PRN": "D2945373"
    },
    {
        "PRN": "D3230030",
        "SEQ_NUM": 1,
        "BLOCK": "9B",
        "FLOOR": "5",
        "FLAT": "D",
        "HOUSE_NUM_PREFIX": NaN,
        "STREET_NAME_ENG": NaN,
        "STREET_NAME_CHN": NaN,
        "AREA_DESC_ENG": NaN,
        "AREA_DESC_CHN": NaN,
        "FREE_FORMAT_ADDR_ENG": "FLAT D ON 5TH FLOOR (INCLUDING THE BALCONY AND UTILITY PLATFORM THEREOF) OF TOWER 9B PARK VISTA 1A PHASE 1A OF PARK VISTA DEVELOPMENT NO. 18 CASTLE PEAK ROAD TAM MI YUEN LONG NEW TERRITORIES",
        "FREE_FORMAT_ADDR_CHN": NaN,
        "DEV_NAME_ENG": "PARK VISTA 1A",
        "DEV_NAME_CHN": "峻巒1A",
        "FIRST_REFERENCE_LOT_PRN": "D2945373"
    },
    {
        "PRN": "D3230041",
        "SEQ_NUM": 1,
        "BLOCK": "9B",
        "FLOOR": "6",
        "FLAT": "A",
        "HOUSE_NUM_PREFIX": NaN,
        "STREET_NAME_ENG": NaN,
        "STREET_NAME_CHN": NaN,
        "AREA_DESC_ENG": NaN,
        "AREA_DESC_CHN": NaN,
        "FREE_FORMAT_ADDR_ENG": "FLAT A ON 6TH FLOOR (INCLUDING THE BALCONY AND UTILITY PLATFORM THEREOF) OF TOWER 9B PARK VISTA 1A PHASE 1A OF PARK VISTA DEVELOPMENT NO. 18 CASTLE PEAK ROAD TAM MI YUEN LONG NEW TERRITORIES",
        "FREE_FORMAT_ADDR_CHN": NaN,
        "DEV_NAME_ENG": "PARK VISTA 1A",
        "DEV_NAME_CHN": "峻巒1A",
        "FIRST_REFERENCE_LOT_PRN": "D2945373"
    },
    {
        "PRN": "D3230051",
        "SEQ_NUM": 1,
        "BLOCK": "9B",
        "FLOOR": "6",
        "FLAT": "B",
        "HOUSE_NUM_PREFIX": NaN,
        "STREET_NAME_ENG": NaN,
        "STREET_NAME_CHN": NaN,
        "AREA_DESC_ENG": NaN,
        "AREA_DESC_CHN": NaN,
        "FREE_FORMAT_ADDR_ENG": "FLAT B ON 6TH FLOOR (INCLUDING THE BALCONY AND UTILITY PLATFORM THEREOF) OF TOWER 9B PARK VISTA 1A PHASE 1A OF PARK VISTA DEVELOPMENT NO. 18 CASTLE PEAK ROAD TAM MI YUEN LONG NEW TERRITORIES",
        "FREE_FORMAT_ADDR_CHN": NaN,
        "DEV_NAME_ENG": "PARK VISTA 1A",
        "DEV_NAME_CHN": "峻巒1A",
        "FIRST_REFERENCE_LOT_PRN": "D2945373"
    },
    {
        "PRN": "D3230065",
        "SEQ_NUM": 1,
        "BLOCK": "9B",
        "FLOOR": "6",
        "FLAT": "C",
        "HOUSE_NUM_PREFIX": NaN,
        "STREET_NAME_ENG": NaN,
        "STREET_NAME_CHN": NaN,
        "AREA_DESC_ENG": NaN,
        "AREA_DESC_CHN": NaN,
        "FREE_FORMAT_ADDR_ENG": "FLAT C ON 6TH FLOOR (INCLUDING THE BALCONY AND UTILITY PLATFORM THEREOF) OF TOWER 9B PARK VISTA 1A PHASE 1A OF PARK VISTA DEVELOPMENT NO. 18 CASTLE PEAK ROAD TAM MI YUEN LONG NEW TERRITORIES",
        "FREE_FORMAT_ADDR_CHN": NaN,
        "DEV_NAME_ENG": "PARK VISTA 1A",
        "DEV_NAME_CHN": "峻巒1A",
        "FIRST_REFERENCE_LOT_PRN": "D2945373"
    },
    {
        "PRN": "D3230071",
        "SEQ_NUM": 1,
        "BLOCK": "9B",
        "FLOOR": "6",
        "FLAT": "D",
        "HOUSE_NUM_PREFIX": NaN,
        "STREET_NAME_ENG": NaN,
        "STREET_NAME_CHN": NaN,
        "AREA_DESC_ENG": NaN,
        "AREA_DESC_CHN": NaN,
        "FREE_FORMAT_ADDR_ENG": "FLAT D ON 6TH FLOOR (INCLUDING THE BALCONY AND UTILITY PLATFORM THEREOF) OF TOWER 9B PARK VISTA 1A PHASE 1A OF PARK VISTA DEVELOPMENT NO. 18 CASTLE PEAK ROAD TAM MI YUEN LONG NEW TERRITORIES",
        "FREE_FORMAT_ADDR_CHN": NaN,
        "DEV_NAME_ENG": "PARK VISTA 1A",
        "DEV_NAME_CHN": "峻巒1A",
        "FIRST_REFERENCE_LOT_PRN": "D2945373"
    },
    {
        "PRN": "D3230086",
        "SEQ_NUM": 1,
        "BLOCK": "9B",
        "FLOOR": "7",
        "FLAT": "A",
        "HOUSE_NUM_PREFIX": NaN,
        "STREET_NAME_ENG": NaN,
        "STREET_NAME_CHN": NaN,
        "AREA_DESC_ENG": NaN,
        "AREA_DESC_CHN": NaN,
        "FREE_FORMAT_ADDR_ENG": "FLAT A ON 7TH FLOOR (INCLUDING THE BALCONY AND UTILITY PLATFORM THEREOF) OF TOWER 9B PARK VISTA 1A PHASE 1A OF PARK VISTA DEVELOPMENT NO. 18 CASTLE PEAK ROAD TAM MI YUEN LONG NEW TERRITORIES",
        "FREE_FORMAT_ADDR_CHN": NaN,
        "DEV_NAME_ENG": "PARK VISTA 1A",
        "DEV_NAME_CHN": "峻巒1A",
        "FIRST_REFERENCE_LOT_PRN": "D2945373"
    },
    {
        "PRN": "D3230093",
        "SEQ_NUM": 1,
        "BLOCK": "9B",
        "FLOOR": "7",
        "FLAT": "B",
        "HOUSE_NUM_PREFIX": NaN,
        "STREET_NAME_ENG": NaN,
        "STREET_NAME_CHN": NaN,
        "AREA_DESC_ENG": NaN,
        "AREA_DESC_CHN": NaN,
        "FREE_FORMAT_ADDR_ENG": "FLAT B ON 7TH FLOOR (INCLUDING THE BALCONY AND UTILITY PLATFORM THEREOF) OF TOWER 9B PARK VISTA 1A PHASE 1A OF PARK VISTA DEVELOPMENT NO. 18 CASTLE PEAK ROAD TAM MI YUEN LONG NEW TERRITORIES",
        "FREE_FORMAT_ADDR_CHN": NaN,
        "DEV_NAME_ENG": "PARK VISTA 1A",
        "DEV_NAME_CHN": "峻巒1A",
        "FIRST_REFERENCE_LOT_PRN": "D2945373"
    },
    {
        "PRN": "D3230103",
        "SEQ_NUM": 1,
        "BLOCK": "9B",
        "FLOOR": "7",
        "FLAT": "C",
        "HOUSE_NUM_PREFIX": NaN,
        "STREET_NAME_ENG": NaN,
        "STREET_NAME_CHN": NaN,
        "AREA_DESC_ENG": NaN,
        "AREA_DESC_CHN": NaN,
        "FREE_FORMAT_ADDR_ENG": "FLAT C ON 7TH FLOOR (INCLUDING THE BALCONY AND UTILITY PLATFORM THEREOF) OF TOWER 9B PARK VISTA 1A PHASE 1A OF PARK VISTA DEVELOPMENT NO. 18 CASTLE PEAK ROAD TAM MI YUEN LONG NEW TERRITORIES",
        "FREE_FORMAT_ADDR_CHN": NaN,
        "DEV_NAME_ENG": "PARK VISTA 1A",
        "DEV_NAME_CHN": "峻巒1A",
        "FIRST_REFERENCE_LOT_PRN": "D2945373"
    },
    {
        "PRN": "D3230117",
        "SEQ_NUM": 1,
        "BLOCK": "9B",
        "FLOOR": "7",
        "FLAT": "D",
        "HOUSE_NUM_PREFIX": NaN,
        "STREET_NAME_ENG": NaN,
        "STREET_NAME_CHN": NaN,
        "AREA_DESC_ENG": NaN,
        "AREA_DESC_CHN": NaN,
        "FREE_FORMAT_ADDR_ENG": "FLAT D ON 7TH FLOOR (INCLUDING THE BALCONY AND UTILITY PLATFORM THEREOF) OF TOWER 9B PARK VISTA 1A PHASE 1A OF PARK VISTA DEVELOPMENT NO. 18 CASTLE PEAK ROAD TAM MI YUEN LONG NEW TERRITORIES",
        "FREE_FORMAT_ADDR_CHN": NaN,
        "DEV_NAME_ENG": "PARK VISTA 1A",
        "DEV_NAME_CHN": "峻巒1A",
        "FIRST_REFERENCE_LOT_PRN": "D2945373"
    },
    {
        "PRN": "D3230128",
        "SEQ_NUM": 1,
        "BLOCK": "9B",
        "FLOOR": "8",
        "FLAT": "A",
        "HOUSE_NUM_PREFIX": NaN,
        "STREET_NAME_ENG": NaN,
        "STREET_NAME_CHN": NaN,
        "AREA_DESC_ENG": NaN,
        "AREA_DESC_CHN": NaN,
        "FREE_FORMAT_ADDR_ENG": "FLAT A ON 8TH FLOOR (INCLUDING THE BALCONY AND UTILITY PLATFORM THEREOF) OF TOWER 9B PARK VISTA 1A PHASE 1A OF PARK VISTA DEVELOPMENT NO. 18 CASTLE PEAK ROAD TAM MI YUEN LONG NEW TERRITORIES",
        "FREE_FORMAT_ADDR_CHN": NaN,
        "DEV_NAME_ENG": "PARK VISTA 1A",
        "DEV_NAME_CHN": "峻巒1A",
        "FIRST_REFERENCE_LOT_PRN": "D2945373"
    },
    {
        "PRN": "D3230137",
        "SEQ_NUM": 1,
        "BLOCK": "9B",
        "FLOOR": "8",
        "FLAT": "B",
        "HOUSE_NUM_PREFIX": NaN,
        "STREET_NAME_ENG": NaN,
        "STREET_NAME_CHN": NaN,
        "AREA_DESC_ENG": NaN,
        "AREA_DESC_CHN": NaN,
        "FREE_FORMAT_ADDR_ENG": "FLAT B ON 8TH FLOOR (INCLUDING THE BALCONY AND UTILITY PLATFORM THEREOF) OF TOWER 9B PARK VISTA 1A PHASE 1A OF PARK VISTA DEVELOPMENT NO. 18 CASTLE PEAK ROAD TAM MI YUEN LONG NEW TERRITORIES",
        "FREE_FORMAT_ADDR_CHN": NaN,
        "DEV_NAME_ENG": "PARK VISTA 1A",
        "DEV_NAME_CHN": "峻巒1A",
        "FIRST_REFERENCE_LOT_PRN": "D2945373"
    },
    {
        "PRN": "D3230142",
        "SEQ_NUM": 1,
        "BLOCK": "9B",
        "FLOOR": "8",
        "FLAT": "C",
        "HOUSE_NUM_PREFIX": NaN,
        "STREET_NAME_ENG": NaN,
        "STREET_NAME_CHN": NaN,
        "AREA_DESC_ENG": NaN,
        "AREA_DESC_CHN": NaN,
        "FREE_FORMAT_ADDR_ENG": "FLAT C ON 8TH FLOOR (INCLUDING THE BALCONY AND UTILITY PLATFORM THEREOF) OF TOWER 9B PARK VISTA 1A PHASE 1A OF PARK VISTA DEVELOPMENT NO. 18 CASTLE PEAK ROAD TAM MI YUEN LONG NEW TERRITORIES",
        "FREE_FORMAT_ADDR_CHN": NaN,
        "DEV_NAME_ENG": "PARK VISTA 1A",
        "DEV_NAME_CHN": "峻巒1A",
        "FIRST_REFERENCE_LOT_PRN": "D2945373"
    },
    {
        "PRN": "D3230150",
        "SEQ_NUM": 1,
        "BLOCK": "9B",
        "FLOOR": "8",
        "FLAT": "D",
        "HOUSE_NUM_PREFIX": NaN,
        "STREET_NAME_ENG": NaN,
        "STREET_NAME_CHN": NaN,
        "AREA_DESC_ENG": NaN,
        "AREA_DESC_CHN": NaN,
        "FREE_FORMAT_ADDR_ENG": "FLAT D ON 8TH FLOOR (INCLUDING THE BALCONY AND UTILITY PLATFORM THEREOF) OF TOWER 9B PARK VISTA 1A PHASE 1A OF PARK VISTA DEVELOPMENT NO. 18 CASTLE PEAK ROAD TAM MI YUEN LONG NEW TERRITORIES",
        "FREE_FORMAT_ADDR_CHN": NaN,
        "DEV_NAME_ENG": "PARK VISTA 1A",
        "DEV_NAME_CHN": "峻巒1A",
        "FIRST_REFERENCE_LOT_PRN": "D2945373"
    },
    {
        "PRN": "D3230160",
        "SEQ_NUM": 1,
        "BLOCK": "9B",
        "FLOOR": "9",
        "FLAT": "A",
        "HOUSE_NUM_PREFIX": NaN,
        "STREET_NAME_ENG": NaN,
        "STREET_NAME_CHN": NaN,
        "AREA_DESC_ENG": NaN,
        "AREA_DESC_CHN": NaN,
        "FREE_FORMAT_ADDR_ENG": "FLAT A ON 9TH FLOOR (INCLUDING THE BALCONY AND UTILITY PLATFORM THEREOF) OF TOWER 9B PARK VISTA 1A PHASE 1A OF PARK VISTA DEVELOPMENT NO. 18 CASTLE PEAK ROAD TAM MI YUEN LONG NEW TERRITORIES",
        "FREE_FORMAT_ADDR_CHN": NaN,
        "DEV_NAME_ENG": "PARK VISTA 1A",
        "DEV_NAME_CHN": "峻巒1A",
        "FIRST_REFERENCE_LOT_PRN": "D2945373"
    },
    {
        "PRN": "D3230175",
        "SEQ_NUM": 1,
        "BLOCK": "9B",
        "FLOOR": "9",
        "FLAT": "B",
        "HOUSE_NUM_PREFIX": NaN,
        "STREET_NAME_ENG": NaN,
        "STREET_NAME_CHN": NaN,
        "AREA_DESC_ENG": NaN,
        "AREA_DESC_CHN": NaN,
        "FREE_FORMAT_ADDR_ENG": "FLAT B ON 9TH FLOOR (INCLUDING THE BALCONY AND UTILITY PLATFORM THEREOF) OF TOWER 9B PARK VISTA 1A PHASE 1A OF PARK VISTA DEVELOPMENT NO. 18 CASTLE PEAK ROAD TAM MI YUEN LONG NEW TERRITORIES",
        "FREE_FORMAT_ADDR_CHN": NaN,
        "DEV_NAME_ENG": "PARK VISTA 1A",
        "DEV_NAME_CHN": "峻巒1A",
        "FIRST_REFERENCE_LOT_PRN": "D2945373"
    },
    {
        "PRN": "D3230188",
        "SEQ_NUM": 1,
        "BLOCK": "9B",
        "FLOOR": "9",
        "FLAT": "C",
        "HOUSE_NUM_PREFIX": NaN,
        "STREET_NAME_ENG": NaN,
        "STREET_NAME_CHN": NaN,
        "AREA_DESC_ENG": NaN,
        "AREA_DESC_CHN": NaN,
        "FREE_FORMAT_ADDR_ENG": "FLAT C ON 9TH FLOOR (INCLUDING THE BALCONY AND UTILITY PLATFORM THEREOF) OF TOWER 9B PARK VISTA 1A PHASE 1A OF PARK VISTA DEVELOPMENT NO. 18 CASTLE PEAK ROAD TAM MI YUEN LONG NEW TERRITORIES",
        "FREE_FORMAT_ADDR_CHN": NaN,
        "DEV_NAME_ENG": "PARK VISTA 1A",
        "DEV_NAME_CHN": "峻巒1A",
        "FIRST_REFERENCE_LOT_PRN": "D2945373"
    },
    {
        "PRN": "D3230195",
        "SEQ_NUM": 1,
        "BLOCK": "9B",
        "FLOOR": "9",
        "FLAT": "D",
        "HOUSE_NUM_PREFIX": NaN,
        "STREET_NAME_ENG": NaN,
        "STREET_NAME_CHN": NaN,
        "AREA_DESC_ENG": NaN,
        "AREA_DESC_CHN": NaN,
        "FREE_FORMAT_ADDR_ENG": "FLAT D ON 9TH FLOOR (INCLUDING THE BALCONY AND UTILITY PLATFORM THEREOF) OF TOWER 9B PARK VISTA 1A PHASE 1A OF PARK VISTA DEVELOPMENT NO. 18 CASTLE PEAK ROAD TAM MI YUEN LONG NEW TERRITORIES",
        "FREE_FORMAT_ADDR_CHN": NaN,
        "DEV_NAME_ENG": "PARK VISTA 1A",
        "DEV_NAME_CHN": "峻巒1A",
        "FIRST_REFERENCE_LOT_PRN": "D2945373"
    },
    {
        "PRN": "D3230202",
        "SEQ_NUM": 1,
        "BLOCK": "9B",
        "FLOOR": "10",
        "FLAT": "A",
        "HOUSE_NUM_PREFIX": NaN,
        "STREET_NAME_ENG": NaN,
        "STREET_NAME_CHN": NaN,
        "AREA_DESC_ENG": NaN,
        "AREA_DESC_CHN": NaN,
        "FREE_FORMAT_ADDR_ENG": "FLAT A ON 10TH FLOOR (INCLUDING THE BALCONY AND UTILITY PLATFORM THEREOF) OF TOWER 9B PARK VISTA 1A PHASE 1A OF PARK VISTA DEVELOPMENT NO. 18 CASTLE PEAK ROAD TAM MI YUEN LONG NEW TERRITORIES",
        "FREE_FORMAT_ADDR_CHN": NaN,
        "DEV_NAME_ENG": "PARK VISTA 1A",
        "DEV_NAME_CHN": "峻巒1A",
        "FIRST_REFERENCE_LOT_PRN": "D2945373"
    },
    {
        "PRN": "D3230213",
        "SEQ_NUM": 1,
        "BLOCK": "9B",
        "FLOOR": "10",
        "FLAT": "B",
        "HOUSE_NUM_PREFIX": NaN,
        "STREET_NAME_ENG": NaN,
        "STREET_NAME_CHN": NaN,
        "AREA_DESC_ENG": NaN,
        "AREA_DESC_CHN": NaN,
        "FREE_FORMAT_ADDR_ENG": "FLAT B ON 10TH FLOOR (INCLUDING THE BALCONY AND UTILITY PLATFORM THEREOF) OF TOWER 9B PARK VISTA 1A PHASE 1A OF PARK VISTA DEVELOPMENT NO. 18 CASTLE PEAK ROAD TAM MI YUEN LONG NEW TERRITORIES",
        "FREE_FORMAT_ADDR_CHN": NaN,
        "DEV_NAME_ENG": "PARK VISTA 1A",
        "DEV_NAME_CHN": "峻巒1A",
        "FIRST_REFERENCE_LOT_PRN": "D2945373"
    },
    {
        "PRN": "D3230226",
        "SEQ_NUM": 1,
        "BLOCK": "9B",
        "FLOOR": "10",
        "FLAT": "C",
        "HOUSE_NUM_PREFIX": NaN,
        "STREET_NAME_ENG": NaN,
        "STREET_NAME_CHN": NaN,
        "AREA_DESC_ENG": NaN,
        "AREA_DESC_CHN": NaN,
        "FREE_FORMAT_ADDR_ENG": "FLAT C ON 10TH FLOOR (INCLUDING THE BALCONY AND UTILITY PLATFORM THEREOF) OF TOWER 9B PARK VISTA 1A PHASE 1A OF PARK VISTA DEVELOPMENT NO. 18 CASTLE PEAK ROAD TAM MI YUEN LONG NEW TERRITORIES",
        "FREE_FORMAT_ADDR_CHN": NaN,
        "DEV_NAME_ENG": "PARK VISTA 1A",
        "DEV_NAME_CHN": "峻巒1A",
        "FIRST_REFERENCE_LOT_PRN": "D2945373"
    },
    {
        "PRN": "D3230231",
        "SEQ_NUM": 1,
        "BLOCK": "9B",
        "FLOOR": "10",
        "FLAT": "D",
        "HOUSE_NUM_PREFIX": NaN,
        "STREET_NAME_ENG": NaN,
        "STREET_NAME_CHN": NaN,
        "AREA_DESC_ENG": NaN,
        "AREA_DESC_CHN": NaN,
        "FREE_FORMAT_ADDR_ENG": "FLAT D ON 10TH FLOOR (INCLUDING THE BALCONY AND UTILITY PLATFORM THEREOF) OF TOWER 9B PARK VISTA 1A PHASE 1A OF PARK VISTA DEVELOPMENT NO. 18 CASTLE PEAK ROAD TAM MI YUEN LONG NEW TERRITORIES",
        "FREE_FORMAT_ADDR_CHN": NaN,
        "DEV_NAME_ENG": "PARK VISTA 1A",
        "DEV_NAME_CHN": "峻巒1A",
        "FIRST_REFERENCE_LOT_PRN": "D2945373"
    },
    {
        "PRN": "D3230243",
        "SEQ_NUM": 1,
        "BLOCK": "9B",
        "FLOOR": "11",
        "FLAT": "A",
        "HOUSE_NUM_PREFIX": NaN,
        "STREET_NAME_ENG": NaN,
        "STREET_NAME_CHN": NaN,
        "AREA_DESC_ENG": NaN,
        "AREA_DESC_CHN": NaN,
        "FREE_FORMAT_ADDR_ENG": "FLAT A ON 11TH FLOOR (INCLUDING THE BALCONY AND UTILITY PLATFORM THEREOF) OF TOWER 9B PARK VISTA 1A PHASE 1A OF PARK VISTA DEVELOPMENT NO. 18 CASTLE PEAK ROAD TAM MI YUEN LONG NEW TERRITORIES",
        "FREE_FORMAT_ADDR_CHN": NaN,
        "DEV_NAME_ENG": "PARK VISTA 1A",
        "DEV_NAME_CHN": "峻巒1A",
        "FIRST_REFERENCE_LOT_PRN": "D2945373"
    },
    {
        "PRN": "D3230253",
        "SEQ_NUM": 1,
        "BLOCK": "9B",
        "FLOOR": "11",
        "FLAT": "B",
        "HOUSE_NUM_PREFIX": NaN,
        "STREET_NAME_ENG": NaN,
        "STREET_NAME_CHN": NaN,
        "AREA_DESC_ENG": NaN,
        "AREA_DESC_CHN": NaN,
        "FREE_FORMAT_ADDR_ENG": "FLAT B ON 11TH FLOOR (INCLUDING THE BALCONY AND UTILITY PLATFORM THEREOF) OF TOWER 9B PARK VISTA 1A PHASE 1A OF PARK VISTA DEVELOPMENT NO. 18 CASTLE PEAK ROAD TAM MI YUEN LONG NEW TERRITORIES",
        "FREE_FORMAT_ADDR_CHN": NaN,
        "DEV_NAME_ENG": "PARK VISTA 1A",
        "DEV_NAME_CHN": "峻巒1A",
        "FIRST_REFERENCE_LOT_PRN": "D2945373"
    },
    {
        "PRN": "D3230264",
        "SEQ_NUM": 1,
        "BLOCK": "9B",
        "FLOOR": "11",
        "FLAT": "C",
        "HOUSE_NUM_PREFIX": NaN,
        "STREET_NAME_ENG": NaN,
        "STREET_NAME_CHN": NaN,
        "AREA_DESC_ENG": NaN,
        "AREA_DESC_CHN": NaN,
        "FREE_FORMAT_ADDR_ENG": "FLAT C ON 11TH FLOOR (INCLUDING THE BALCONY AND UTILITY PLATFORM THEREOF) OF TOWER 9B PARK VISTA 1A PHASE 1A OF PARK VISTA DEVELOPMENT NO. 18 CASTLE PEAK ROAD TAM MI YUEN LONG NEW TERRITORIES",
        "FREE_FORMAT_ADDR_CHN": NaN,
        "DEV_NAME_ENG": "PARK VISTA 1A",
        "DEV_NAME_CHN": "峻巒1A",
        "FIRST_REFERENCE_LOT_PRN": "D2945373"
    },
    {
        "PRN": "D3230277",
        "SEQ_NUM": 1,
        "BLOCK": "9B",
        "FLOOR": "11",
        "FLAT": "D",
        "HOUSE_NUM_PREFIX": NaN,
        "STREET_NAME_ENG": NaN,
        "STREET_NAME_CHN": NaN,
        "AREA_DESC_ENG": NaN,
        "AREA_DESC_CHN": NaN,
        "FREE_FORMAT_ADDR_ENG": "FLAT D ON 11TH FLOOR (INCLUDING THE BALCONY AND UTILITY PLATFORM THEREOF) OF TOWER 9B PARK VISTA 1A PHASE 1A OF PARK VISTA DEVELOPMENT NO. 18 CASTLE PEAK ROAD TAM MI YUEN LONG NEW TERRITORIES",
        "FREE_FORMAT_ADDR_CHN": NaN,
        "DEV_NAME_ENG": "PARK VISTA 1A",
        "DEV_NAME_CHN": "峻巒1A",
        "FIRST_REFERENCE_LOT_PRN": "D2945373"
    },
    {
        "PRN": "D3230280",
        "SEQ_NUM": 1,
        "BLOCK": "9B",
        "FLOOR": "12",
        "FLAT": "A",
        "HOUSE_NUM_PREFIX": NaN,
        "STREET_NAME_ENG": NaN,
        "STREET_NAME_CHN": NaN,
        "AREA_DESC_ENG": NaN,
        "AREA_DESC_CHN": NaN,
        "FREE_FORMAT_ADDR_ENG": "FLAT A ON 12TH FLOOR (INCLUDING THE BALCONY AND UTILITY PLATFORM THEREOF) OF TOWER 9B PARK VISTA 1A PHASE 1A OF PARK VISTA DEVELOPMENT NO. 18 CASTLE PEAK ROAD TAM MI YUEN LONG NEW TERRITORIES",
        "FREE_FORMAT_ADDR_CHN": NaN,
        "DEV_NAME_ENG": "PARK VISTA 1A",
        "DEV_NAME_CHN": "峻巒1A",
        "FIRST_REFERENCE_LOT_PRN": "D2945373"
    },
    {
        "PRN": "D3230296",
        "SEQ_NUM": 1,
        "BLOCK": "9B",
        "FLOOR": "12",
        "FLAT": "B",
        "HOUSE_NUM_PREFIX": NaN,
        "STREET_NAME_ENG": NaN,
        "STREET_NAME_CHN": NaN,
        "AREA_DESC_ENG": NaN,
        "AREA_DESC_CHN": NaN,
        "FREE_FORMAT_ADDR_ENG": "FLAT B ON 12TH FLOOR (INCLUDING THE BALCONY AND UTILITY PLATFORM THEREOF) OF TOWER 9B PARK VISTA 1A PHASE 1A OF PARK VISTA DEVELOPMENT NO. 18 CASTLE PEAK ROAD TAM MI YUEN LONG NEW TERRITORIES",
        "FREE_FORMAT_ADDR_CHN": NaN,
        "DEV_NAME_ENG": "PARK VISTA 1A",
        "DEV_NAME_CHN": "峻巒1A",
        "FIRST_REFERENCE_LOT_PRN": "D2945373"
    },
    {
        "PRN": "D3230303",
        "SEQ_NUM": 1,
        "BLOCK": "9B",
        "FLOOR": "12",
        "FLAT": "C",
        "HOUSE_NUM_PREFIX": NaN,
        "STREET_NAME_ENG": NaN,
        "STREET_NAME_CHN": NaN,
        "AREA_DESC_ENG": NaN,
        "AREA_DESC_CHN": NaN,
        "FREE_FORMAT_ADDR_ENG": "FLAT C ON 12TH FLOOR (INCLUDING THE BALCONY AND UTILITY PLATFORM THEREOF) OF TOWER 9B PARK VISTA 1A PHASE 1A OF PARK VISTA DEVELOPMENT NO. 18 CASTLE PEAK ROAD TAM MI YUEN LONG NEW TERRITORIES",
        "FREE_FORMAT_ADDR_CHN": NaN,
        "DEV_NAME_ENG": "PARK VISTA 1A",
        "DEV_NAME_CHN": "峻巒1A",
        "FIRST_REFERENCE_LOT_PRN": "D2945373"
    },
    {
        "PRN": "D3230317",
        "SEQ_NUM": 1,
        "BLOCK": "9B",
        "FLOOR": "12",
        "FLAT": "D",
        "HOUSE_NUM_PREFIX": NaN,
        "STREET_NAME_ENG": NaN,
        "STREET_NAME_CHN": NaN,
        "AREA_DESC_ENG": NaN,
        "AREA_DESC_CHN": NaN,
        "FREE_FORMAT_ADDR_ENG": "FLAT D ON 12TH FLOOR (INCLUDING THE BALCONY AND UTILITY PLATFORM THEREOF) OF TOWER 9B PARK VISTA 1A PHASE 1A OF PARK VISTA DEVELOPMENT NO. 18 CASTLE PEAK ROAD TAM MI YUEN LONG NEW TERRITORIES",
        "FREE_FORMAT_ADDR_CHN": NaN,
        "DEV_NAME_ENG": "PARK VISTA 1A",
        "DEV_NAME_CHN": "峻巒1A",
        "FIRST_REFERENCE_LOT_PRN": "D2945373"
    },
    {
        "PRN": "D3230327",
        "SEQ_NUM": 1,
        "BLOCK": "9B",
        "FLOOR": "15",
        "FLAT": "A",
        "HOUSE_NUM_PREFIX": NaN,
        "STREET_NAME_ENG": NaN,
        "STREET_NAME_CHN": NaN,
        "AREA_DESC_ENG": NaN,
        "AREA_DESC_CHN": NaN,
        "FREE_FORMAT_ADDR_ENG": "FLAT A ON 15TH FLOOR (INCLUDING THE BALCONY AND UTILITY PLATFORM THEREOF) OF TOWER 9B PARK VISTA 1A PHASE 1A OF PARK VISTA DEVELOPMENT NO. 18 CASTLE PEAK ROAD TAM MI YUEN LONG NEW TERRITORIES",
        "FREE_FORMAT_ADDR_CHN": NaN,
        "DEV_NAME_ENG": "PARK VISTA 1A",
        "DEV_NAME_CHN": "峻巒1A",
        "FIRST_REFERENCE_LOT_PRN": "D2945373"
    },
    {
        "PRN": "D3230339",
        "SEQ_NUM": 1,
        "BLOCK": "9B",
        "FLOOR": "15",
        "FLAT": "B",
        "HOUSE_NUM_PREFIX": NaN,
        "STREET_NAME_ENG": NaN,
        "STREET_NAME_CHN": NaN,
        "AREA_DESC_ENG": NaN,
        "AREA_DESC_CHN": NaN,
        "FREE_FORMAT_ADDR_ENG": "FLAT B ON 15TH FLOOR (INCLUDING THE BALCONY AND UTILITY PLATFORM THEREOF) OF TOWER 9B PARK VISTA 1A PHASE 1A OF PARK VISTA DEVELOPMENT NO. 18 CASTLE PEAK ROAD TAM MI YUEN LONG NEW TERRITORIES",
        "FREE_FORMAT_ADDR_CHN": NaN,
        "DEV_NAME_ENG": "PARK VISTA 1A",
        "DEV_NAME_CHN": "峻巒1A",
        "FIRST_REFERENCE_LOT_PRN": "D2945373"
    },
    {
        "PRN": "D3230345",
        "SEQ_NUM": 1,
        "BLOCK": "9B",
        "FLOOR": "15",
        "FLAT": "C",
        "HOUSE_NUM_PREFIX": NaN,
        "STREET_NAME_ENG": NaN,
        "STREET_NAME_CHN": NaN,
        "AREA_DESC_ENG": NaN,
        "AREA_DESC_CHN": NaN,
        "FREE_FORMAT_ADDR_ENG": "FLAT C ON 15TH FLOOR (INCLUDING THE BALCONY AND UTILITY PLATFORM THEREOF) OF TOWER 9B PARK VISTA 1A PHASE 1A OF PARK VISTA DEVELOPMENT NO. 18 CASTLE PEAK ROAD TAM MI YUEN LONG NEW TERRITORIES",
        "FREE_FORMAT_ADDR_CHN": NaN,
        "DEV_NAME_ENG": "PARK VISTA 1A",
        "DEV_NAME_CHN": "峻巒1A",
        "FIRST_REFERENCE_LOT_PRN": "D2945373"
    },
    {
        "PRN": "D3230359",
        "SEQ_NUM": 1,
        "BLOCK": "9B",
        "FLOOR": "15",
        "FLAT": "D",
        "HOUSE_NUM_PREFIX": NaN,
        "STREET_NAME_ENG": NaN,
        "STREET_NAME_CHN": NaN,
        "AREA_DESC_ENG": NaN,
        "AREA_DESC_CHN": NaN,
        "FREE_FORMAT_ADDR_ENG": "FLAT D ON 15TH FLOOR (INCLUDING THE BALCONY AND UTILITY PLATFORM THEREOF) OF TOWER 9B PARK VISTA 1A PHASE 1A OF PARK VISTA DEVELOPMENT NO. 18 CASTLE PEAK ROAD TAM MI YUEN LONG NEW TERRITORIES",
        "FREE_FORMAT_ADDR_CHN": NaN,
        "DEV_NAME_ENG": "PARK VISTA 1A",
        "DEV_NAME_CHN": "峻巒1A",
        "FIRST_REFERENCE_LOT_PRN": "D2945373"
    },
    {
        "PRN": "D3230361",
        "SEQ_NUM": 1,
        "BLOCK": "9B",
        "FLOOR": "16",
        "FLAT": "A",
        "HOUSE_NUM_PREFIX": NaN,
        "STREET_NAME_ENG": NaN,
        "STREET_NAME_CHN": NaN,
        "AREA_DESC_ENG": NaN,
        "AREA_DESC_CHN": NaN,
        "FREE_FORMAT_ADDR_ENG": "FLAT A ON 16TH FLOOR (INCLUDING THE BALCONY AND UTILITY PLATFORM THEREOF) OF TOWER 9B PARK VISTA 1A PHASE 1A OF PARK VISTA DEVELOPMENT NO. 18 CASTLE PEAK ROAD TAM MI YUEN LONG NEW TERRITORIES",
        "FREE_FORMAT_ADDR_CHN": NaN,
        "DEV_NAME_ENG": "PARK VISTA 1A",
        "DEV_NAME_CHN": "峻巒1A",
        "FIRST_REFERENCE_LOT_PRN": "D2945373"
    },
    {
        "PRN": "D3230373",
        "SEQ_NUM": 1,
        "BLOCK": "9B",
        "FLOOR": "16",
        "FLAT": "B",
        "HOUSE_NUM_PREFIX": NaN,
        "STREET_NAME_ENG": NaN,
        "STREET_NAME_CHN": NaN,
        "AREA_DESC_ENG": NaN,
        "AREA_DESC_CHN": NaN,
        "FREE_FORMAT_ADDR_ENG": "FLAT B ON 16TH FLOOR (INCLUDING THE BALCONY AND UTILITY PLATFORM THEREOF) OF TOWER 9B PARK VISTA 1A PHASE 1A OF PARK VISTA DEVELOPMENT NO. 18 CASTLE PEAK ROAD TAM MI YUEN LONG NEW TERRITORIES",
        "FREE_FORMAT_ADDR_CHN": NaN,
        "DEV_NAME_ENG": "PARK VISTA 1A",
        "DEV_NAME_CHN": "峻巒1A",
        "FIRST_REFERENCE_LOT_PRN": "D2945373"
    },
    {
        "PRN": "D3230386",
        "SEQ_NUM": 1,
        "BLOCK": "9B",
        "FLOOR": "16",
        "FLAT": "C",
        "HOUSE_NUM_PREFIX": NaN,
        "STREET_NAME_ENG": NaN,
        "STREET_NAME_CHN": NaN,
        "AREA_DESC_ENG": NaN,
        "AREA_DESC_CHN": NaN,
        "FREE_FORMAT_ADDR_ENG": "FLAT C ON 16TH FLOOR (INCLUDING THE BALCONY AND UTILITY PLATFORM THEREOF) OF TOWER 9B PARK VISTA 1A PHASE 1A OF PARK VISTA DEVELOPMENT NO. 18 CASTLE PEAK ROAD TAM MI YUEN LONG NEW TERRITORIES",
        "FREE_FORMAT_ADDR_CHN": NaN,
        "DEV_NAME_ENG": "PARK VISTA 1A",
        "DEV_NAME_CHN": "峻巒1A",
        "FIRST_REFERENCE_LOT_PRN": "D2945373"
    },
    {
        "PRN": "D3230393",
        "SEQ_NUM": 1,
        "BLOCK": "9B",
        "FLOOR": "16",
        "FLAT": "D",
        "HOUSE_NUM_PREFIX": NaN,
        "STREET_NAME_ENG": NaN,
        "STREET_NAME_CHN": NaN,
        "AREA_DESC_ENG": NaN,
        "AREA_DESC_CHN": NaN,
        "FREE_FORMAT_ADDR_ENG": "FLAT D ON 16TH FLOOR (INCLUDING THE BALCONY AND UTILITY PLATFORM THEREOF) OF TOWER 9B PARK VISTA 1A PHASE 1A OF PARK VISTA DEVELOPMENT NO. 18 CASTLE PEAK ROAD TAM MI YUEN LONG NEW TERRITORIES",
        "FREE_FORMAT_ADDR_CHN": NaN,
        "DEV_NAME_ENG": "PARK VISTA 1A",
        "DEV_NAME_CHN": "峻巒1A",
        "FIRST_REFERENCE_LOT_PRN": "D2945373"
    },
    {
        "PRN": "D3230404",
        "SEQ_NUM": 1,
        "BLOCK": "9B",
        "FLOOR": "17",
        "FLAT": "A",
        "HOUSE_NUM_PREFIX": NaN,
        "STREET_NAME_ENG": NaN,
        "STREET_NAME_CHN": NaN,
        "AREA_DESC_ENG": NaN,
        "AREA_DESC_CHN": NaN,
        "FREE_FORMAT_ADDR_ENG": "FLAT A ON 17TH FLOOR (INCLUDING THE BALCONY AND UTILITY PLATFORM THEREOF) OF TOWER 9B PARK VISTA 1A PHASE 1A OF PARK VISTA DEVELOPMENT NO. 18 CASTLE PEAK ROAD TAM MI YUEN LONG NEW TERRITORIES",
        "FREE_FORMAT_ADDR_CHN": NaN,
        "DEV_NAME_ENG": "PARK VISTA 1A",
        "DEV_NAME_CHN": "峻巒1A",
        "FIRST_REFERENCE_LOT_PRN": "D2945373"
    },
    {
        "PRN": "D3230414",
        "SEQ_NUM": 1,
        "BLOCK": "9B",
        "FLOOR": "17",
        "FLAT": "B",
        "HOUSE_NUM_PREFIX": NaN,
        "STREET_NAME_ENG": NaN,
        "STREET_NAME_CHN": NaN,
        "AREA_DESC_ENG": NaN,
        "AREA_DESC_CHN": NaN,
        "FREE_FORMAT_ADDR_ENG": "FLAT B ON 17TH FLOOR (INCLUDING THE BALCONY AND UTILITY PLATFORM THEREOF) OF TOWER 9B PARK VISTA 1A PHASE 1A OF PARK VISTA DEVELOPMENT NO. 18 CASTLE PEAK ROAD TAM MI YUEN LONG NEW TERRITORIES",
        "FREE_FORMAT_ADDR_CHN": NaN,
        "DEV_NAME_ENG": "PARK VISTA 1A",
        "DEV_NAME_CHN": "峻巒1A",
        "FIRST_REFERENCE_LOT_PRN": "D2945373"
    },
    {
        "PRN": "D3230421",
        "SEQ_NUM": 1,
        "BLOCK": "9B",
        "FLOOR": "17",
        "FLAT": "C",
        "HOUSE_NUM_PREFIX": NaN,
        "STREET_NAME_ENG": NaN,
        "STREET_NAME_CHN": NaN,
        "AREA_DESC_ENG": NaN,
        "AREA_DESC_CHN": NaN,
        "FREE_FORMAT_ADDR_ENG": "FLAT C ON 17TH FLOOR (INCLUDING THE BALCONY AND UTILITY PLATFORM THEREOF) OF TOWER 9B PARK VISTA 1A PHASE 1A OF PARK VISTA DEVELOPMENT NO. 18 CASTLE PEAK ROAD TAM MI YUEN LONG NEW TERRITORIES",
        "FREE_FORMAT_ADDR_CHN": NaN,
        "DEV_NAME_ENG": "PARK VISTA 1A",
        "DEV_NAME_CHN": "峻巒1A",
        "FIRST_REFERENCE_LOT_PRN": "D2945373"
    },
    {
        "PRN": "D3230433",
        "SEQ_NUM": 1,
        "BLOCK": "9B",
        "FLOOR": "17",
        "FLAT": "D",
        "HOUSE_NUM_PREFIX": NaN,
        "STREET_NAME_ENG": NaN,
        "STREET_NAME_CHN": NaN,
        "AREA_DESC_ENG": NaN,
        "AREA_DESC_CHN": NaN,
        "FREE_FORMAT_ADDR_ENG": "FLAT D ON 17TH FLOOR (INCLUDING THE BALCONY AND UTILITY PLATFORM THEREOF) OF TOWER 9B PARK VISTA 1A PHASE 1A OF PARK VISTA DEVELOPMENT NO. 18 CASTLE PEAK ROAD TAM MI YUEN LONG NEW TERRITORIES",
        "FREE_FORMAT_ADDR_CHN": NaN,
        "DEV_NAME_ENG": "PARK VISTA 1A",
        "DEV_NAME_CHN": "峻巒1A",
        "FIRST_REFERENCE_LOT_PRN": "D2945373"
    },
    {
        "PRN": "D3230444",
        "SEQ_NUM": 1,
        "BLOCK": "9B",
        "FLOOR": "18",
        "FLAT": "A",
        "HOUSE_NUM_PREFIX": NaN,
        "STREET_NAME_ENG": NaN,
        "STREET_NAME_CHN": NaN,
        "AREA_DESC_ENG": NaN,
        "AREA_DESC_CHN": NaN,
        "FREE_FORMAT_ADDR_ENG": "FLAT A ON 18TH FLOOR (INCLUDING THE BALCONY AND UTILITY PLATFORM THEREOF) OF TOWER 9B PARK VISTA 1A PHASE 1A OF PARK VISTA DEVELOPMENT NO. 18 CASTLE PEAK ROAD TAM MI YUEN LONG NEW TERRITORIES",
        "FREE_FORMAT_ADDR_CHN": NaN,
        "DEV_NAME_ENG": "PARK VISTA 1A",
        "DEV_NAME_CHN": "峻巒1A",
        "FIRST_REFERENCE_LOT_PRN": "D2945373"
    },
    {
        "PRN": "D3230453",
        "SEQ_NUM": 1,
        "BLOCK": "9B",
        "FLOOR": "18",
        "FLAT": "B",
        "HOUSE_NUM_PREFIX": NaN,
        "STREET_NAME_ENG": NaN,
        "STREET_NAME_CHN": NaN,
        "AREA_DESC_ENG": NaN,
        "AREA_DESC_CHN": NaN,
        "FREE_FORMAT_ADDR_ENG": "FLAT B ON 18TH FLOOR (INCLUDING THE BALCONY AND UTILITY PLATFORM THEREOF) OF TOWER 9B PARK VISTA 1A PHASE 1A OF PARK VISTA DEVELOPMENT NO. 18 CASTLE PEAK ROAD TAM MI YUEN LONG NEW TERRITORIES",
        "FREE_FORMAT_ADDR_CHN": NaN,
        "DEV_NAME_ENG": "PARK VISTA 1A",
        "DEV_NAME_CHN": "峻巒1A",
        "FIRST_REFERENCE_LOT_PRN": "D2945373"
    },
    {
        "PRN": "D3230463",
        "SEQ_NUM": 1,
        "BLOCK": "9B",
        "FLOOR": "18",
        "FLAT": "C",
        "HOUSE_NUM_PREFIX": NaN,
        "STREET_NAME_ENG": NaN,
        "STREET_NAME_CHN": NaN,
        "AREA_DESC_ENG": NaN,
        "AREA_DESC_CHN": NaN,
        "FREE_FORMAT_ADDR_ENG": "FLAT C ON 18TH FLOOR (INCLUDING THE BALCONY AND UTILITY PLATFORM THEREOF) OF TOWER 9B PARK VISTA 1A PHASE 1A OF PARK VISTA DEVELOPMENT NO. 18 CASTLE PEAK ROAD TAM MI YUEN LONG NEW TERRITORIES",
        "FREE_FORMAT_ADDR_CHN": NaN,
        "DEV_NAME_ENG": "PARK VISTA 1A",
        "DEV_NAME_CHN": "峻巒1A",
        "FIRST_REFERENCE_LOT_PRN": "D2945373"
    },
    {
        "PRN": "D3230473",
        "SEQ_NUM": 1,
        "BLOCK": "9B",
        "FLOOR": "18",
        "FLAT": "D",
        "HOUSE_NUM_PREFIX": NaN,
        "STREET_NAME_ENG": NaN,
        "STREET_NAME_CHN": NaN,
        "AREA_DESC_ENG": NaN,
        "AREA_DESC_CHN": NaN,
        "FREE_FORMAT_ADDR_ENG": "FLAT D ON 18TH FLOOR (INCLUDING THE BALCONY AND UTILITY PLATFORM THEREOF) OF TOWER 9B PARK VISTA 1A PHASE 1A OF PARK VISTA DEVELOPMENT NO. 18 CASTLE PEAK ROAD TAM MI YUEN LONG NEW TERRITORIES",
        "FREE_FORMAT_ADDR_CHN": NaN,
        "DEV_NAME_ENG": "PARK VISTA 1A",
        "DEV_NAME_CHN": "峻巒1A",
        "FIRST_REFERENCE_LOT_PRN": "D2945373"
    },
    {
        "PRN": "D3230485",
        "SEQ_NUM": 1,
        "BLOCK": "9B",
        "FLOOR": "19",
        "FLAT": "A",
        "HOUSE_NUM_PREFIX": NaN,
        "STREET_NAME_ENG": NaN,
        "STREET_NAME_CHN": NaN,
        "AREA_DESC_ENG": NaN,
        "AREA_DESC_CHN": NaN,
        "FREE_FORMAT_ADDR_ENG": "FLAT A ON 19TH FLOOR (INCLUDING THE BALCONY THEREOF THE STAIRHOOD APPERTAINING THERETO AND THE ROOF(S) THEREABOVE) OF TOWER 9B PARK VISTA 1A PHASE 1A OF PARK VISTA DEVELOPMENT NO. 18 CASTLE PEAK ROAD TAM MI YUEN LONG NEW TERRITORIES",
        "FREE_FORMAT_ADDR_CHN": NaN,
        "DEV_NAME_ENG": "PARK VISTA 1A",
        "DEV_NAME_CHN": "峻巒1A",
        "FIRST_REFERENCE_LOT_PRN": "D2945373"
    },
    {
        "PRN": "D3230491",
        "SEQ_NUM": 1,
        "BLOCK": "9B",
        "FLOOR": "19",
        "FLAT": "B",
        "HOUSE_NUM_PREFIX": NaN,
        "STREET_NAME_ENG": NaN,
        "STREET_NAME_CHN": NaN,
        "AREA_DESC_ENG": NaN,
        "AREA_DESC_CHN": NaN,
        "FREE_FORMAT_ADDR_ENG": "FLAT B ON 19TH FLOOR (INCLUDING THE BALCONY THEREOF THE STAIRHOOD APPERTAINING THERETO AND THE ROOF(S) THEREABOVE) OF TOWER 9B PARK VISTA 1A PHASE 1A OF PARK VISTA DEVELOPMENT NO. 18 CASTLE PEAK ROAD TAM MI YUEN LONG NEW TERRITORIES",
        "FREE_FORMAT_ADDR_CHN": NaN,
        "DEV_NAME_ENG": "PARK VISTA 1A",
        "DEV_NAME_CHN": "峻巒1A",
        "FIRST_REFERENCE_LOT_PRN": "D2945373"
    },
    {
        "PRN": "D3230501",
        "SEQ_NUM": 1,
        "BLOCK": "9B",
        "FLOOR": "19",
        "FLAT": "C",
        "HOUSE_NUM_PREFIX": NaN,
        "STREET_NAME_ENG": NaN,
        "STREET_NAME_CHN": NaN,
        "AREA_DESC_ENG": NaN,
        "AREA_DESC_CHN": NaN,
        "FREE_FORMAT_ADDR_ENG": "FLAT C ON 19TH FLOOR (INCLUDING THE BALCONY AND UTILITY PLATFORM THEREOF) OF TOWER 9B PARK VISTA 1A PHASE 1A OF PARK VISTA DEVELOPMENT NO. 18 CASTLE PEAK ROAD TAM MI YUEN LONG NEW TERRITORIES",
        "FREE_FORMAT_ADDR_CHN": NaN,
        "DEV_NAME_ENG": "PARK VISTA 1A",
        "DEV_NAME_CHN": "峻巒1A",
        "FIRST_REFERENCE_LOT_PRN": "D2945373"
    },
    {
        "PRN": "D3230517",
        "SEQ_NUM": 1,
        "BLOCK": "9B",
        "FLOOR": "19",
        "FLAT": "D",
        "HOUSE_NUM_PREFIX": NaN,
        "STREET_NAME_ENG": NaN,
        "STREET_NAME_CHN": NaN,
        "AREA_DESC_ENG": NaN,
        "AREA_DESC_CHN": NaN,
        "FREE_FORMAT_ADDR_ENG": "FLAT D ON 19TH FLOOR (INCLUDING THE BALCONY AND UTILITY PLATFORM THEREOF) OF TOWER 9B PARK VISTA 1A PHASE 1A OF PARK VISTA DEVELOPMENT NO. 18 CASTLE PEAK ROAD TAM MI YUEN LONG NEW TERRITORIES",
        "FREE_FORMAT_ADDR_CHN": NaN,
        "DEV_NAME_ENG": "PARK VISTA 1A",
        "DEV_NAME_CHN": "峻巒1A",
        "FIRST_REFERENCE_LOT_PRN": "D2945373"
    }
]