[
    {
        "PRN": "B2447627",
        "SEQ_NUM": 1,
        "BLOCK": "POCH",
        "FLOOR": "2",
        "FLAT": "A",
        "HOUSE_NUM_PREFIX": NaN,
        "STREET_NAME_ENG": NaN,
        "STREET_NAME_CHN": NaN,
        "AREA_DESC_ENG": NaN,
        "AREA_DESC_CHN": NaN,
        "FREE_FORMAT_ADDR_ENG": "FLAT A ON 2/F PO CHEONG BUILDING NOS.34/40C WO LUNG STREET LUEN WO MARKET FANLING N.T.",
        "FREE_FORMAT_ADDR_CHN": NaN,
        "DEV_NAME_ENG": "PO CHEONG BUILDING",
        "DEV_NAME_CHN": "寶昌樓",
        "FIRST_REFERENCE_LOT_PRN": "C3274820"
    },
    {
        "PRN": "B2447635",
        "SEQ_NUM": 1,
        "BLOCK": "POCH",
        "FLOOR": "4",
        "FLAT": "A",
        "HOUSE_NUM_PREFIX": NaN,
        "STREET_NAME_ENG": NaN,
        "STREET_NAME_CHN": NaN,
        "AREA_DESC_ENG": NaN,
        "AREA_DESC_CHN": NaN,
        "FREE_FORMAT_ADDR_ENG": "FLAT A ON 4/F PO CHEONG BUILDING NOS.34/40C WO LUNG STREET LUEN WO MARKET FANLING N.T.",
        "FREE_FORMAT_ADDR_CHN": NaN,
        "DEV_NAME_ENG": "PO CHEONG BUILDING",
        "DEV_NAME_CHN": "寶昌樓",
        "FIRST_REFERENCE_LOT_PRN": "C3274820"
    },
    {
        "PRN": "B2447641",
        "SEQ_NUM": 1,
        "BLOCK": "POCH",
        "FLOOR": "1",
        "FLAT": "B",
        "HOUSE_NUM_PREFIX": NaN,
        "STREET_NAME_ENG": NaN,
        "STREET_NAME_CHN": NaN,
        "AREA_DESC_ENG": NaN,
        "AREA_DESC_CHN": NaN,
        "FREE_FORMAT_ADDR_ENG": "FLAT B ON 1/F PO CHEONG BUILDING NOS.34/40C WO LUNG STREET LUEN WO MARKET FANLING N.T.",
        "FREE_FORMAT_ADDR_CHN": NaN,
        "DEV_NAME_ENG": "PO CHEONG BUILDING",
        "DEV_NAME_CHN": "寶昌樓",
        "FIRST_REFERENCE_LOT_PRN": "C3274820"
    },
    {
        "PRN": "B2447655",
        "SEQ_NUM": 1,
        "BLOCK": "POCH",
        "FLOOR": "2",
        "FLAT": "B",
        "HOUSE_NUM_PREFIX": NaN,
        "STREET_NAME_ENG": NaN,
        "STREET_NAME_CHN": NaN,
        "AREA_DESC_ENG": NaN,
        "AREA_DESC_CHN": NaN,
        "FREE_FORMAT_ADDR_ENG": "FLAT B ON 2/F PO CHEONG BUILDING NOS.34/40C WO LUNG STREET LUEN WO MARKET FANLING N.T.",
        "FREE_FORMAT_ADDR_CHN": NaN,
        "DEV_NAME_ENG": "PO CHEONG BUILDING",
        "DEV_NAME_CHN": "寶昌樓",
        "FIRST_REFERENCE_LOT_PRN": "C3274820"
    },
    {
        "PRN": "B2447661",
        "SEQ_NUM": 1,
        "BLOCK": "POCH",
        "FLOOR": "4",
        "FLAT": "B",
        "HOUSE_NUM_PREFIX": NaN,
        "STREET_NAME_ENG": NaN,
        "STREET_NAME_CHN": NaN,
        "AREA_DESC_ENG": NaN,
        "AREA_DESC_CHN": NaN,
        "FREE_FORMAT_ADDR_ENG": "FLAT B ON 4/F PO CHEONG BUILDING NOS.34/40C WO LUNG STREET LUEN WO MARKET FANLING N.T.",
        "FREE_FORMAT_ADDR_CHN": NaN,
        "DEV_NAME_ENG": "PO CHEONG BUILDING",
        "DEV_NAME_CHN": "寶昌樓",
        "FIRST_REFERENCE_LOT_PRN": "C3274820"
    },
    {
        "PRN": "B2447678",
        "SEQ_NUM": 1,
        "BLOCK": "POCH",
        "FLOOR": "5",
        "FLAT": "B",
        "HOUSE_NUM_PREFIX": NaN,
        "STREET_NAME_ENG": NaN,
        "STREET_NAME_CHN": NaN,
        "AREA_DESC_ENG": NaN,
        "AREA_DESC_CHN": NaN,
        "FREE_FORMAT_ADDR_ENG": "FLAT B ON 5/F & ROOF PO CHEONG BUILDING NOS.34/40C WO LUNG STREET LUEN WO MARKET FANLING N.T.",
        "FREE_FORMAT_ADDR_CHN": NaN,
        "DEV_NAME_ENG": "PO CHEONG BUILDING",
        "DEV_NAME_CHN": "寶昌樓",
        "FIRST_REFERENCE_LOT_PRN": "C3274820"
    },
    {
        "PRN": "B2447681",
        "SEQ_NUM": 1,
        "BLOCK": "POCH",
        "FLOOR": "2",
        "FLAT": "C",
        "HOUSE_NUM_PREFIX": NaN,
        "STREET_NAME_ENG": NaN,
        "STREET_NAME_CHN": NaN,
        "AREA_DESC_ENG": NaN,
        "AREA_DESC_CHN": NaN,
        "FREE_FORMAT_ADDR_ENG": "FLAT C ON 2/F PO CHEONG BUILDING NOS.34/40C WO LUNG STREET LUEN WO MARKET FANLING N.T.",
        "FREE_FORMAT_ADDR_CHN": NaN,
        "DEV_NAME_ENG": "PO CHEONG BUILDING",
        "DEV_NAME_CHN": "寶昌樓",
        "FIRST_REFERENCE_LOT_PRN": "C3274820"
    },
    {
        "PRN": "B2447696",
        "SEQ_NUM": 1,
        "BLOCK": "POCH",
        "FLOOR": "3",
        "FLAT": "C",
        "HOUSE_NUM_PREFIX": NaN,
        "STREET_NAME_ENG": NaN,
        "STREET_NAME_CHN": NaN,
        "AREA_DESC_ENG": NaN,
        "AREA_DESC_CHN": NaN,
        "FREE_FORMAT_ADDR_ENG": "FLAT C ON 3/F PO CHEONG BUILDING NOS.34/40C WO LUNG STREET LUEN WO MARKET FANLING N.T.",
        "FREE_FORMAT_ADDR_CHN": NaN,
        "DEV_NAME_ENG": "PO CHEONG BUILDING",
        "DEV_NAME_CHN": "寶昌樓",
        "FIRST_REFERENCE_LOT_PRN": "C3274820"
    },
    {
        "PRN": "B2447708",
        "SEQ_NUM": 1,
        "BLOCK": "POCH",
        "FLOOR": "5",
        "FLAT": "C",
        "HOUSE_NUM_PREFIX": NaN,
        "STREET_NAME_ENG": NaN,
        "STREET_NAME_CHN": NaN,
        "AREA_DESC_ENG": NaN,
        "AREA_DESC_CHN": NaN,
        "FREE_FORMAT_ADDR_ENG": "FLAT C ON 5/F & ROOF PO CHEONG BUILDING NOS.34/40C WO LUNG STREET LUEN WO MARKET FANLING N.T.",
        "FREE_FORMAT_ADDR_CHN": NaN,
        "DEV_NAME_ENG": "PO CHEONG BUILDING",
        "DEV_NAME_CHN": "寶昌樓",
        "FIRST_REFERENCE_LOT_PRN": "C3274820"
    },
    {
        "PRN": "B2447715",
        "SEQ_NUM": 1,
        "BLOCK": "POCH",
        "FLOOR": "2",
        "FLAT": "D",
        "HOUSE_NUM_PREFIX": NaN,
        "STREET_NAME_ENG": NaN,
        "STREET_NAME_CHN": NaN,
        "AREA_DESC_ENG": NaN,
        "AREA_DESC_CHN": NaN,
        "FREE_FORMAT_ADDR_ENG": "FLAT D ON 2/F PO CHEONG BUILDING NOS.34/40C WO LUNG STREET LUEN WO MARKET FANLING N.T.",
        "FREE_FORMAT_ADDR_CHN": NaN,
        "DEV_NAME_ENG": "PO CHEONG BUILDING",
        "DEV_NAME_CHN": "寶昌樓",
        "FIRST_REFERENCE_LOT_PRN": "C3274820"
    },
    {
        "PRN": "B2447727",
        "SEQ_NUM": 1,
        "BLOCK": "POCH",
        "FLOOR": "4",
        "FLAT": "D",
        "HOUSE_NUM_PREFIX": NaN,
        "STREET_NAME_ENG": NaN,
        "STREET_NAME_CHN": NaN,
        "AREA_DESC_ENG": NaN,
        "AREA_DESC_CHN": NaN,
        "FREE_FORMAT_ADDR_ENG": "FLAT D ON 4/F PO CHEONG BUILDING NOS.34/40C WO LUNG STREET LUEN WO MARKET FANLING N.T.",
        "FREE_FORMAT_ADDR_CHN": NaN,
        "DEV_NAME_ENG": "PO CHEONG BUILDING",
        "DEV_NAME_CHN": "寶昌樓",
        "FIRST_REFERENCE_LOT_PRN": "C3274820"
    },
    {
        "PRN": "B2447739",
        "SEQ_NUM": 1,
        "BLOCK": "POCH",
        "FLOOR": "5",
        "FLAT": "D",
        "HOUSE_NUM_PREFIX": NaN,
        "STREET_NAME_ENG": NaN,
        "STREET_NAME_CHN": NaN,
        "AREA_DESC_ENG": NaN,
        "AREA_DESC_CHN": NaN,
        "FREE_FORMAT_ADDR_ENG": "FLAT D ON 5/F & ROOF PO CHEONG BUILDING NOS.34/40C WO LUNG STREET LUEN WO MARKET FANLING N.T.",
        "FREE_FORMAT_ADDR_CHN": NaN,
        "DEV_NAME_ENG": "PO CHEONG BUILDING",
        "DEV_NAME_CHN": "寶昌樓",
        "FIRST_REFERENCE_LOT_PRN": "C3274820"
    },
    {
        "PRN": "B4932064",
        "SEQ_NUM": 1,
        "BLOCK": "POCH",
        "FLOOR": "1",
        "FLAT": "A",
        "HOUSE_NUM_PREFIX": NaN,
        "STREET_NAME_ENG": NaN,
        "STREET_NAME_CHN": NaN,
        "AREA_DESC_ENG": NaN,
        "AREA_DESC_CHN": NaN,
        "FREE_FORMAT_ADDR_ENG": "FLAT A ON 1/F PO CHEONG BUILDING NOS.34/40C WO LUNG STREET LUEN WO MARKET FANLING N.T.",
        "FREE_FORMAT_ADDR_CHN": NaN,
        "DEV_NAME_ENG": "PO CHEONG BUILDING",
        "DEV_NAME_CHN": "寶昌樓",
        "FIRST_REFERENCE_LOT_PRN": "C3274820"
    },
    {
        "PRN": "B4932070",
        "SEQ_NUM": 1,
        "BLOCK": "POCH",
        "FLOOR": "3",
        "FLAT": "A",
        "HOUSE_NUM_PREFIX": NaN,
        "STREET_NAME_ENG": NaN,
        "STREET_NAME_CHN": NaN,
        "AREA_DESC_ENG": NaN,
        "AREA_DESC_CHN": NaN,
        "FREE_FORMAT_ADDR_ENG": "FLAT A ON 3/F PO CHEONG BUILDING NOS.34/40C WO LUNG STREET LUEN WO MARKET FANLING N.T.",
        "FREE_FORMAT_ADDR_CHN": NaN,
        "DEV_NAME_ENG": "PO CHEONG BUILDING",
        "DEV_NAME_CHN": "寶昌樓",
        "FIRST_REFERENCE_LOT_PRN": "C3274820"
    },
    {
        "PRN": "B7616599",
        "SEQ_NUM": 1,
        "BLOCK": "POCH",
        "FLOOR": "1",
        "FLAT": "C",
        "HOUSE_NUM_PREFIX": NaN,
        "STREET_NAME_ENG": NaN,
        "STREET_NAME_CHN": NaN,
        "AREA_DESC_ENG": NaN,
        "AREA_DESC_CHN": NaN,
        "FREE_FORMAT_ADDR_ENG": "FLAT C ON 1/F PO CHEONG BUILDING NOS.34/40C WO LUNG STREET LUEN WO MARKET FANLING N.T.",
        "FREE_FORMAT_ADDR_CHN": NaN,
        "DEV_NAME_ENG": "PO CHEONG BUILDING",
        "DEV_NAME_CHN": "寶昌樓",
        "FIRST_REFERENCE_LOT_PRN": "C3274820"
    },
    {
        "PRN": "B7616602",
        "SEQ_NUM": 1,
        "BLOCK": "POCH",
        "FLOOR": "4",
        "FLAT": "C",
        "HOUSE_NUM_PREFIX": NaN,
        "STREET_NAME_ENG": NaN,
        "STREET_NAME_CHN": NaN,
        "AREA_DESC_ENG": NaN,
        "AREA_DESC_CHN": NaN,
        "FREE_FORMAT_ADDR_ENG": "FLAT C ON 4/F PO CHEONG BUILDING NOS.34/40C WO LUNG STREET LUEN WO MARKET FANLING N.T.",
        "FREE_FORMAT_ADDR_CHN": NaN,
        "DEV_NAME_ENG": "PO CHEONG BUILDING",
        "DEV_NAME_CHN": "寶昌樓",
        "FIRST_REFERENCE_LOT_PRN": "C3274820"
    },
    {
        "PRN": "B7617725",
        "SEQ_NUM": 1,
        "BLOCK": "POCH",
        "FLOOR": "3",
        "FLAT": "B",
        "HOUSE_NUM_PREFIX": NaN,
        "STREET_NAME_ENG": NaN,
        "STREET_NAME_CHN": NaN,
        "AREA_DESC_ENG": NaN,
        "AREA_DESC_CHN": NaN,
        "FREE_FORMAT_ADDR_ENG": "FLAT B ON 3/F PO CHEONG BUILDING NOS.34/40C WO LUNG STREET LUEN WO MARKET FANLING N.T.",
        "FREE_FORMAT_ADDR_CHN": NaN,
        "DEV_NAME_ENG": "PO CHEONG BUILDING",
        "DEV_NAME_CHN": "寶昌樓",
        "FIRST_REFERENCE_LOT_PRN": "C3274820"
    },
    {
        "PRN": "B8046523",
        "SEQ_NUM": 1,
        "BLOCK": "POCH",
        "FLOOR": "5",
        "FLAT": "A",
        "HOUSE_NUM_PREFIX": NaN,
        "STREET_NAME_ENG": NaN,
        "STREET_NAME_CHN": NaN,
        "AREA_DESC_ENG": NaN,
        "AREA_DESC_CHN": NaN,
        "FREE_FORMAT_ADDR_ENG": "FLAT A ON 5/F & ROOF PO CHEONG BUILDING NOS.34/40C WO LUNG STREET LUEN WO MARKET FANLING N.T.",
        "FREE_FORMAT_ADDR_CHN": NaN,
        "DEV_NAME_ENG": "PO CHEONG BUILDING",
        "DEV_NAME_CHN": "寶昌樓",
        "FIRST_REFERENCE_LOT_PRN": "C3274820"
    },
    {
        "PRN": "C0297861",
        "SEQ_NUM": 1,
        "BLOCK": "POCH",
        "FLOOR": "3",
        "FLAT": "D",
        "HOUSE_NUM_PREFIX": NaN,
        "STREET_NAME_ENG": NaN,
        "STREET_NAME_CHN": NaN,
        "AREA_DESC_ENG": NaN,
        "AREA_DESC_CHN": NaN,
        "FREE_FORMAT_ADDR_ENG": "FLAT D ON 3/F PO CHEONG BUILDING NOS.34/40C WO LUNG STREET LUEN WO MARKET FANLING N.T.",
        "FREE_FORMAT_ADDR_CHN": NaN,
        "DEV_NAME_ENG": "PO CHEONG BUILDING",
        "DEV_NAME_CHN": "寶昌樓",
        "FIRST_REFERENCE_LOT_PRN": "C3274820"
    },
    {
        "PRN": "C0299130",
        "SEQ_NUM": 1,
        "BLOCK": "POCH",
        "FLOOR": "1",
        "FLAT": "D",
        "HOUSE_NUM_PREFIX": NaN,
        "STREET_NAME_ENG": NaN,
        "STREET_NAME_CHN": NaN,
        "AREA_DESC_ENG": NaN,
        "AREA_DESC_CHN": NaN,
        "FREE_FORMAT_ADDR_ENG": "FLAT D ON 1/F PO CHEONG BUILDING NOS.34/40C WO LUNG STREET LUEN WO MARKET FANLING N.T.",
        "FREE_FORMAT_ADDR_CHN": NaN,
        "DEV_NAME_ENG": "PO CHEONG BUILDING",
        "DEV_NAME_CHN": "寶昌樓",
        "FIRST_REFERENCE_LOT_PRN": "C3274820"
    }
]