[
    {
        "PRN": "D4400585",
        "SEQ_NUM": 1,
        "BLOCK": "POG8",
        "FLOOR": "1",
        "FLAT": "A",
        "HOUSE_NUM_PREFIX": NaN,
        "STREET_NAME_ENG": NaN,
        "STREET_NAME_CHN": NaN,
        "AREA_DESC_ENG": NaN,
        "AREA_DESC_CHN": NaN,
        "FREE_FORMAT_ADDR_ENG": "FLAT A ON 1ST FLOOR (TOGETHER WITH THE BALCONY AND THE UTILITY PLATFORM THEREOF) OF BLOCK 8 POGGIBONSI (意堤) NO. 3 BAYSIDE DRIVE DISCOVERY BAY CITY LANTAU ISLAND NEW TERRITORIES",
        "FREE_FORMAT_ADDR_CHN": NaN,
        "DEV_NAME_ENG": "POGGIBONSI",
        "DEV_NAME_CHN": "意堤",
        "FIRST_REFERENCE_LOT_PRN": "C5717172"
    },
    {
        "PRN": "D4400592",
        "SEQ_NUM": 1,
        "BLOCK": "POG8",
        "FLOOR": "1",
        "FLAT": "B",
        "HOUSE_NUM_PREFIX": NaN,
        "STREET_NAME_ENG": NaN,
        "STREET_NAME_CHN": NaN,
        "AREA_DESC_ENG": NaN,
        "AREA_DESC_CHN": NaN,
        "FREE_FORMAT_ADDR_ENG": "FLAT B ON 1ST FLOOR (TOGETHER WITH THE BALCONY AND THE UTILITY PLATFORM THEREOF) OF BLOCK 8 POGGIBONSI (意堤) NO. 3 BAYSIDE DRIVE DISCOVERY BAY CITY LANTAU ISLAND NEW TERRITORIES",
        "FREE_FORMAT_ADDR_CHN": NaN,
        "DEV_NAME_ENG": "POGGIBONSI",
        "DEV_NAME_CHN": "意堤",
        "FIRST_REFERENCE_LOT_PRN": "C5717172"
    },
    {
        "PRN": "D4400609",
        "SEQ_NUM": 1,
        "BLOCK": "POG8",
        "FLOOR": "1",
        "FLAT": "C",
        "HOUSE_NUM_PREFIX": NaN,
        "STREET_NAME_ENG": NaN,
        "STREET_NAME_CHN": NaN,
        "AREA_DESC_ENG": NaN,
        "AREA_DESC_CHN": NaN,
        "FREE_FORMAT_ADDR_ENG": "FLAT C ON 1ST FLOOR (TOGETHER WITH THE BALCONY THEREOF) OF BLOCK 8 POGGIBONSI (意堤) NO. 3 BAYSIDE DRIVE DISCOVERY BAY CITY LANTAU ISLAND NEW TERRITORIES",
        "FREE_FORMAT_ADDR_CHN": NaN,
        "DEV_NAME_ENG": "POGGIBONSI",
        "DEV_NAME_CHN": "意堤",
        "FIRST_REFERENCE_LOT_PRN": "C5717172"
    },
    {
        "PRN": "D4400614",
        "SEQ_NUM": 1,
        "BLOCK": "POG8",
        "FLOOR": "2",
        "FLAT": "A",
        "HOUSE_NUM_PREFIX": NaN,
        "STREET_NAME_ENG": NaN,
        "STREET_NAME_CHN": NaN,
        "AREA_DESC_ENG": NaN,
        "AREA_DESC_CHN": NaN,
        "FREE_FORMAT_ADDR_ENG": "FLAT A ON 2ND FLOOR (TOGETHER WITH THE BALCONY AND THE UTILITY PLATFORM THEREOF) OF BLOCK 8 POGGIBONSI (意堤) NO. 3 BAYSIDE DRIVE DISCOVERY BAY CITY LANTAU ISLAND NEW TERRITORIES",
        "FREE_FORMAT_ADDR_CHN": NaN,
        "DEV_NAME_ENG": "POGGIBONSI",
        "DEV_NAME_CHN": "意堤",
        "FIRST_REFERENCE_LOT_PRN": "C5717172"
    },
    {
        "PRN": "D4400625",
        "SEQ_NUM": 1,
        "BLOCK": "POG8",
        "FLOOR": "2",
        "FLAT": "B",
        "HOUSE_NUM_PREFIX": NaN,
        "STREET_NAME_ENG": NaN,
        "STREET_NAME_CHN": NaN,
        "AREA_DESC_ENG": NaN,
        "AREA_DESC_CHN": NaN,
        "FREE_FORMAT_ADDR_ENG": "FLAT B ON 2ND FLOOR (TOGETHER WITH THE BALCONY AND THE UTILITY PLATFORM THEREOF) OF BLOCK 8 POGGIBONSI (意堤) NO. 3 BAYSIDE DRIVE DISCOVERY BAY CITY LANTAU ISLAND NEW TERRITORIES",
        "FREE_FORMAT_ADDR_CHN": NaN,
        "DEV_NAME_ENG": "POGGIBONSI",
        "DEV_NAME_CHN": "意堤",
        "FIRST_REFERENCE_LOT_PRN": "C5717172"
    },
    {
        "PRN": "D4400636",
        "SEQ_NUM": 1,
        "BLOCK": "POG8",
        "FLOOR": "2",
        "FLAT": "C",
        "HOUSE_NUM_PREFIX": NaN,
        "STREET_NAME_ENG": NaN,
        "STREET_NAME_CHN": NaN,
        "AREA_DESC_ENG": NaN,
        "AREA_DESC_CHN": NaN,
        "FREE_FORMAT_ADDR_ENG": "FLAT C ON 2ND FLOOR (TOGETHER WITH THE BALCONY THEREOF) OF BLOCK 8 POGGIBONSI (意堤) NO. 3 BAYSIDE DRIVE DISCOVERY BAY CITY LANTAU ISLAND NEW TERRITORIES",
        "FREE_FORMAT_ADDR_CHN": NaN,
        "DEV_NAME_ENG": "POGGIBONSI",
        "DEV_NAME_CHN": "意堤",
        "FIRST_REFERENCE_LOT_PRN": "C5717172"
    },
    {
        "PRN": "D4400644",
        "SEQ_NUM": 1,
        "BLOCK": "POG8",
        "FLOOR": "3",
        "FLAT": "A",
        "HOUSE_NUM_PREFIX": NaN,
        "STREET_NAME_ENG": NaN,
        "STREET_NAME_CHN": NaN,
        "AREA_DESC_ENG": NaN,
        "AREA_DESC_CHN": NaN,
        "FREE_FORMAT_ADDR_ENG": "FLAT A ON 3RD FLOOR (TOGETHER WITH THE BALCONY AND THE UTILITY PLATFORM THEREOF) OF BLOCK 8 POGGIBONSI (意堤) NO. 3 BAYSIDE DRIVE DISCOVERY BAY CITY LANTAU ISLAND NEW TERRITORIES",
        "FREE_FORMAT_ADDR_CHN": NaN,
        "DEV_NAME_ENG": "POGGIBONSI",
        "DEV_NAME_CHN": "意堤",
        "FIRST_REFERENCE_LOT_PRN": "C5717172"
    },
    {
        "PRN": "D4400652",
        "SEQ_NUM": 1,
        "BLOCK": "POG8",
        "FLOOR": "3",
        "FLAT": "B",
        "HOUSE_NUM_PREFIX": NaN,
        "STREET_NAME_ENG": NaN,
        "STREET_NAME_CHN": NaN,
        "AREA_DESC_ENG": NaN,
        "AREA_DESC_CHN": NaN,
        "FREE_FORMAT_ADDR_ENG": "FLAT B ON 3RD FLOOR (TOGETHER WITH THE BALCONY AND THE UTILITY PLATFORM THEREOF) OF BLOCK 8 POGGIBONSI (意堤) NO. 3 BAYSIDE DRIVE DISCOVERY BAY CITY LANTAU ISLAND NEW TERRITORIES",
        "FREE_FORMAT_ADDR_CHN": NaN,
        "DEV_NAME_ENG": "POGGIBONSI",
        "DEV_NAME_CHN": "意堤",
        "FIRST_REFERENCE_LOT_PRN": "C5717172"
    },
    {
        "PRN": "D4400663",
        "SEQ_NUM": 1,
        "BLOCK": "POG8",
        "FLOOR": "3",
        "FLAT": "C",
        "HOUSE_NUM_PREFIX": NaN,
        "STREET_NAME_ENG": NaN,
        "STREET_NAME_CHN": NaN,
        "AREA_DESC_ENG": NaN,
        "AREA_DESC_CHN": NaN,
        "FREE_FORMAT_ADDR_ENG": "FLAT C ON 3RD FLOOR (TOGETHER WITH THE BALCONY THEREOF) OF BLOCK 8 POGGIBONSI (意堤) NO. 3 BAYSIDE DRIVE DISCOVERY BAY CITY LANTAU ISLAND NEW TERRITORIES",
        "FREE_FORMAT_ADDR_CHN": NaN,
        "DEV_NAME_ENG": "POGGIBONSI",
        "DEV_NAME_CHN": "意堤",
        "FIRST_REFERENCE_LOT_PRN": "C5717172"
    },
    {
        "PRN": "D4400676",
        "SEQ_NUM": 1,
        "BLOCK": "POG8",
        "FLOOR": "5",
        "FLAT": "A",
        "HOUSE_NUM_PREFIX": NaN,
        "STREET_NAME_ENG": NaN,
        "STREET_NAME_CHN": NaN,
        "AREA_DESC_ENG": NaN,
        "AREA_DESC_CHN": NaN,
        "FREE_FORMAT_ADDR_ENG": "FLAT A ON 5TH FLOOR (TOGETHER WITH THE BALCONY AND THE UTILITY PLATFORM THEREOF) OF BLOCK 8 POGGIBONSI (意堤) NO. 3 BAYSIDE DRIVE DISCOVERY BAY CITY LANTAU ISLAND NEW TERRITORIES",
        "FREE_FORMAT_ADDR_CHN": NaN,
        "DEV_NAME_ENG": "POGGIBONSI",
        "DEV_NAME_CHN": "意堤",
        "FIRST_REFERENCE_LOT_PRN": "C5717172"
    },
    {
        "PRN": "D4400684",
        "SEQ_NUM": 1,
        "BLOCK": "POG8",
        "FLOOR": "5",
        "FLAT": "B",
        "HOUSE_NUM_PREFIX": NaN,
        "STREET_NAME_ENG": NaN,
        "STREET_NAME_CHN": NaN,
        "AREA_DESC_ENG": NaN,
        "AREA_DESC_CHN": NaN,
        "FREE_FORMAT_ADDR_ENG": "FLAT B ON 5TH FLOOR (TOGETHER WITH THE BALCONY AND THE UTILITY PLATFORM THEREOF) OF BLOCK 8 POGGIBONSI (意堤) NO. 3 BAYSIDE DRIVE DISCOVERY BAY CITY LANTAU ISLAND NEW TERRITORIES",
        "FREE_FORMAT_ADDR_CHN": NaN,
        "DEV_NAME_ENG": "POGGIBONSI",
        "DEV_NAME_CHN": "意堤",
        "FIRST_REFERENCE_LOT_PRN": "C5717172"
    },
    {
        "PRN": "D4400693",
        "SEQ_NUM": 1,
        "BLOCK": "POG8",
        "FLOOR": "5",
        "FLAT": "C",
        "HOUSE_NUM_PREFIX": NaN,
        "STREET_NAME_ENG": NaN,
        "STREET_NAME_CHN": NaN,
        "AREA_DESC_ENG": NaN,
        "AREA_DESC_CHN": NaN,
        "FREE_FORMAT_ADDR_ENG": "FLAT C ON 5TH FLOOR (TOGETHER WITH THE BALCONY THEREOF) OF BLOCK 8 POGGIBONSI (意堤) NO. 3 BAYSIDE DRIVE DISCOVERY BAY CITY LANTAU ISLAND NEW TERRITORIES",
        "FREE_FORMAT_ADDR_CHN": NaN,
        "DEV_NAME_ENG": "POGGIBONSI",
        "DEV_NAME_CHN": "意堤",
        "FIRST_REFERENCE_LOT_PRN": "C5717172"
    },
    {
        "PRN": "D4400708",
        "SEQ_NUM": 1,
        "BLOCK": "POG8",
        "FLOOR": "6",
        "FLAT": "A",
        "HOUSE_NUM_PREFIX": NaN,
        "STREET_NAME_ENG": NaN,
        "STREET_NAME_CHN": NaN,
        "AREA_DESC_ENG": NaN,
        "AREA_DESC_CHN": NaN,
        "FREE_FORMAT_ADDR_ENG": "FLAT A ON 6TH FLOOR (TOGETHER WITH THE BALCONY AND THE UTILITY PLATFORM THEREOF) OF BLOCK 8 POGGIBONSI (意堤) NO. 3 BAYSIDE DRIVE DISCOVERY BAY CITY LANTAU ISLAND NEW TERRITORIES",
        "FREE_FORMAT_ADDR_CHN": NaN,
        "DEV_NAME_ENG": "POGGIBONSI",
        "DEV_NAME_CHN": "意堤",
        "FIRST_REFERENCE_LOT_PRN": "C5717172"
    },
    {
        "PRN": "D4400714",
        "SEQ_NUM": 1,
        "BLOCK": "POG8",
        "FLOOR": "6",
        "FLAT": "B",
        "HOUSE_NUM_PREFIX": NaN,
        "STREET_NAME_ENG": NaN,
        "STREET_NAME_CHN": NaN,
        "AREA_DESC_ENG": NaN,
        "AREA_DESC_CHN": NaN,
        "FREE_FORMAT_ADDR_ENG": "FLAT B ON 6TH FLOOR (TOGETHER WITH THE BALCONY AND THE UTILITY PLATFORM THEREOF) OF BLOCK 8 POGGIBONSI (意堤) NO. 3 BAYSIDE DRIVE DISCOVERY BAY CITY LANTAU ISLAND NEW TERRITORIES",
        "FREE_FORMAT_ADDR_CHN": NaN,
        "DEV_NAME_ENG": "POGGIBONSI",
        "DEV_NAME_CHN": "意堤",
        "FIRST_REFERENCE_LOT_PRN": "C5717172"
    },
    {
        "PRN": "D4400728",
        "SEQ_NUM": 1,
        "BLOCK": "POG8",
        "FLOOR": "6",
        "FLAT": "C",
        "HOUSE_NUM_PREFIX": NaN,
        "STREET_NAME_ENG": NaN,
        "STREET_NAME_CHN": NaN,
        "AREA_DESC_ENG": NaN,
        "AREA_DESC_CHN": NaN,
        "FREE_FORMAT_ADDR_ENG": "FLAT C ON 6TH FLOOR (TOGETHER WITH THE BALCONY THEREOF) OF BLOCK 8 POGGIBONSI (意堤) NO. 3 BAYSIDE DRIVE DISCOVERY BAY CITY LANTAU ISLAND NEW TERRITORIES",
        "FREE_FORMAT_ADDR_CHN": NaN,
        "DEV_NAME_ENG": "POGGIBONSI",
        "DEV_NAME_CHN": "意堤",
        "FIRST_REFERENCE_LOT_PRN": "C5717172"
    },
    {
        "PRN": "D4400734",
        "SEQ_NUM": 1,
        "BLOCK": "POG8",
        "FLOOR": "7",
        "FLAT": "A",
        "HOUSE_NUM_PREFIX": NaN,
        "STREET_NAME_ENG": NaN,
        "STREET_NAME_CHN": NaN,
        "AREA_DESC_ENG": NaN,
        "AREA_DESC_CHN": NaN,
        "FREE_FORMAT_ADDR_ENG": "FLAT A ON 7TH FLOOR (TOGETHER WITH THE BALCONY AND THE UTILITY PLATFORM THEREOF) OF BLOCK 8 POGGIBONSI (意堤) NO. 3 BAYSIDE DRIVE DISCOVERY BAY CITY LANTAU ISLAND NEW TERRITORIES",
        "FREE_FORMAT_ADDR_CHN": NaN,
        "DEV_NAME_ENG": "POGGIBONSI",
        "DEV_NAME_CHN": "意堤",
        "FIRST_REFERENCE_LOT_PRN": "C5717172"
    },
    {
        "PRN": "D4400747",
        "SEQ_NUM": 1,
        "BLOCK": "POG8",
        "FLOOR": "7",
        "FLAT": "B",
        "HOUSE_NUM_PREFIX": NaN,
        "STREET_NAME_ENG": NaN,
        "STREET_NAME_CHN": NaN,
        "AREA_DESC_ENG": NaN,
        "AREA_DESC_CHN": NaN,
        "FREE_FORMAT_ADDR_ENG": "FLAT B ON 7TH FLOOR (TOGETHER WITH THE BALCONY AND THE UTILITY PLATFORM THEREOF) OF BLOCK 8 POGGIBONSI (意堤) NO. 3 BAYSIDE DRIVE DISCOVERY BAY CITY LANTAU ISLAND NEW TERRITORIES",
        "FREE_FORMAT_ADDR_CHN": NaN,
        "DEV_NAME_ENG": "POGGIBONSI",
        "DEV_NAME_CHN": "意堤",
        "FIRST_REFERENCE_LOT_PRN": "C5717172"
    },
    {
        "PRN": "D4400752",
        "SEQ_NUM": 1,
        "BLOCK": "POG8",
        "FLOOR": "7",
        "FLAT": "C",
        "HOUSE_NUM_PREFIX": NaN,
        "STREET_NAME_ENG": NaN,
        "STREET_NAME_CHN": NaN,
        "AREA_DESC_ENG": NaN,
        "AREA_DESC_CHN": NaN,
        "FREE_FORMAT_ADDR_ENG": "FLAT C ON 7TH FLOOR (TOGETHER WITH THE BALCONY THEREOF) OF BLOCK 8 POGGIBONSI (意堤) NO. 3 BAYSIDE DRIVE DISCOVERY BAY CITY LANTAU ISLAND NEW TERRITORIES",
        "FREE_FORMAT_ADDR_CHN": NaN,
        "DEV_NAME_ENG": "POGGIBONSI",
        "DEV_NAME_CHN": "意堤",
        "FIRST_REFERENCE_LOT_PRN": "C5717172"
    },
    {
        "PRN": "D4400767",
        "SEQ_NUM": 1,
        "BLOCK": "POG8",
        "FLOOR": "8",
        "FLAT": "A",
        "HOUSE_NUM_PREFIX": NaN,
        "STREET_NAME_ENG": NaN,
        "STREET_NAME_CHN": NaN,
        "AREA_DESC_ENG": NaN,
        "AREA_DESC_CHN": NaN,
        "FREE_FORMAT_ADDR_ENG": "FLAT A ON 8TH FLOOR (TOGETHER WITH THE BALCONY AND THE UTILITY PLATFORM THEREOF) OF BLOCK 8 POGGIBONSI (意堤) NO. 3 BAYSIDE DRIVE DISCOVERY BAY CITY LANTAU ISLAND NEW TERRITORIES",
        "FREE_FORMAT_ADDR_CHN": NaN,
        "DEV_NAME_ENG": "POGGIBONSI",
        "DEV_NAME_CHN": "意堤",
        "FIRST_REFERENCE_LOT_PRN": "C5717172"
    },
    {
        "PRN": "D4400772",
        "SEQ_NUM": 1,
        "BLOCK": "POG8",
        "FLOOR": "8",
        "FLAT": "B",
        "HOUSE_NUM_PREFIX": NaN,
        "STREET_NAME_ENG": NaN,
        "STREET_NAME_CHN": NaN,
        "AREA_DESC_ENG": NaN,
        "AREA_DESC_CHN": NaN,
        "FREE_FORMAT_ADDR_ENG": "FLAT B ON 8TH FLOOR (TOGETHER WITH THE BALCONY AND THE UTILITY PLATFORM THEREOF) OF BLOCK 8 POGGIBONSI (意堤) NO. 3 BAYSIDE DRIVE DISCOVERY BAY CITY LANTAU ISLAND NEW TERRITORIES",
        "FREE_FORMAT_ADDR_CHN": NaN,
        "DEV_NAME_ENG": "POGGIBONSI",
        "DEV_NAME_CHN": "意堤",
        "FIRST_REFERENCE_LOT_PRN": "C5717172"
    },
    {
        "PRN": "D4400780",
        "SEQ_NUM": 1,
        "BLOCK": "POG8",
        "FLOOR": "8",
        "FLAT": "C",
        "HOUSE_NUM_PREFIX": NaN,
        "STREET_NAME_ENG": NaN,
        "STREET_NAME_CHN": NaN,
        "AREA_DESC_ENG": NaN,
        "AREA_DESC_CHN": NaN,
        "FREE_FORMAT_ADDR_ENG": "FLAT C ON 8TH FLOOR (TOGETHER WITH THE BALCONY THEREOF) OF BLOCK 8 POGGIBONSI (意堤) NO. 3 BAYSIDE DRIVE DISCOVERY BAY CITY LANTAU ISLAND NEW TERRITORIES",
        "FREE_FORMAT_ADDR_CHN": NaN,
        "DEV_NAME_ENG": "POGGIBONSI",
        "DEV_NAME_CHN": "意堤",
        "FIRST_REFERENCE_LOT_PRN": "C5717172"
    },
    {
        "PRN": "D4400798",
        "SEQ_NUM": 1,
        "BLOCK": "POG8",
        "FLOOR": "9",
        "FLAT": "A",
        "HOUSE_NUM_PREFIX": NaN,
        "STREET_NAME_ENG": NaN,
        "STREET_NAME_CHN": NaN,
        "AREA_DESC_ENG": NaN,
        "AREA_DESC_CHN": NaN,
        "FREE_FORMAT_ADDR_ENG": "FLAT A ON 9TH FLOOR (TOGETHER WITH THE BALCONY AND THE UTILITY PLATFORM THEREOF) OF BLOCK 8 POGGIBONSI (意堤) NO. 3 BAYSIDE DRIVE DISCOVERY BAY CITY LANTAU ISLAND NEW TERRITORIES",
        "FREE_FORMAT_ADDR_CHN": NaN,
        "DEV_NAME_ENG": "POGGIBONSI",
        "DEV_NAME_CHN": "意堤",
        "FIRST_REFERENCE_LOT_PRN": "C5717172"
    },
    {
        "PRN": "D4400801",
        "SEQ_NUM": 1,
        "BLOCK": "POG8",
        "FLOOR": "9",
        "FLAT": "B",
        "HOUSE_NUM_PREFIX": NaN,
        "STREET_NAME_ENG": NaN,
        "STREET_NAME_CHN": NaN,
        "AREA_DESC_ENG": NaN,
        "AREA_DESC_CHN": NaN,
        "FREE_FORMAT_ADDR_ENG": "FLAT B ON 9TH FLOOR (TOGETHER WITH THE BALCONY AND THE UTILITY PLATFORM THEREOF) OF BLOCK 8 POGGIBONSI (意堤) NO. 3 BAYSIDE DRIVE DISCOVERY BAY CITY LANTAU ISLAND NEW TERRITORIES",
        "FREE_FORMAT_ADDR_CHN": NaN,
        "DEV_NAME_ENG": "POGGIBONSI",
        "DEV_NAME_CHN": "意堤",
        "FIRST_REFERENCE_LOT_PRN": "C5717172"
    },
    {
        "PRN": "D4400816",
        "SEQ_NUM": 1,
        "BLOCK": "POG8",
        "FLOOR": "9",
        "FLAT": "C",
        "HOUSE_NUM_PREFIX": NaN,
        "STREET_NAME_ENG": NaN,
        "STREET_NAME_CHN": NaN,
        "AREA_DESC_ENG": NaN,
        "AREA_DESC_CHN": NaN,
        "FREE_FORMAT_ADDR_ENG": "FLAT C ON 9TH FLOOR (TOGETHER WITH THE BALCONY THEREOF) OF BLOCK 8 POGGIBONSI (意堤) NO. 3 BAYSIDE DRIVE DISCOVERY BAY CITY LANTAU ISLAND NEW TERRITORIES",
        "FREE_FORMAT_ADDR_CHN": NaN,
        "DEV_NAME_ENG": "POGGIBONSI",
        "DEV_NAME_CHN": "意堤",
        "FIRST_REFERENCE_LOT_PRN": "C5717172"
    },
    {
        "PRN": "D4400824",
        "SEQ_NUM": 1,
        "BLOCK": "POG8",
        "FLOOR": "10",
        "FLAT": "A",
        "HOUSE_NUM_PREFIX": NaN,
        "STREET_NAME_ENG": NaN,
        "STREET_NAME_CHN": NaN,
        "AREA_DESC_ENG": NaN,
        "AREA_DESC_CHN": NaN,
        "FREE_FORMAT_ADDR_ENG": "FLAT A ON 10TH FLOOR (TOGETHER WITH THE BALCONY AND THE UTILITY PLATFORM THEREOF) OF BLOCK 8 POGGIBONSI (意堤) NO. 3 BAYSIDE DRIVE DISCOVERY BAY CITY LANTAU ISLAND NEW TERRITORIES",
        "FREE_FORMAT_ADDR_CHN": NaN,
        "DEV_NAME_ENG": "POGGIBONSI",
        "DEV_NAME_CHN": "意堤",
        "FIRST_REFERENCE_LOT_PRN": "C5717172"
    },
    {
        "PRN": "D4400833",
        "SEQ_NUM": 1,
        "BLOCK": "POG8",
        "FLOOR": "10",
        "FLAT": "B",
        "HOUSE_NUM_PREFIX": NaN,
        "STREET_NAME_ENG": NaN,
        "STREET_NAME_CHN": NaN,
        "AREA_DESC_ENG": NaN,
        "AREA_DESC_CHN": NaN,
        "FREE_FORMAT_ADDR_ENG": "FLAT B ON 10TH FLOOR (TOGETHER WITH THE BALCONY AND THE UTILITY PLATFORM THEREOF) OF BLOCK 8 POGGIBONSI (意堤) NO. 3 BAYSIDE DRIVE DISCOVERY BAY CITY LANTAU ISLAND NEW TERRITORIES",
        "FREE_FORMAT_ADDR_CHN": NaN,
        "DEV_NAME_ENG": "POGGIBONSI",
        "DEV_NAME_CHN": "意堤",
        "FIRST_REFERENCE_LOT_PRN": "C5717172"
    },
    {
        "PRN": "D4400849",
        "SEQ_NUM": 1,
        "BLOCK": "POG8",
        "FLOOR": "10",
        "FLAT": "C",
        "HOUSE_NUM_PREFIX": NaN,
        "STREET_NAME_ENG": NaN,
        "STREET_NAME_CHN": NaN,
        "AREA_DESC_ENG": NaN,
        "AREA_DESC_CHN": NaN,
        "FREE_FORMAT_ADDR_ENG": "FLAT C ON 10TH FLOOR (TOGETHER WITH THE BALCONY THEREOF) OF BLOCK 8 POGGIBONSI (意堤) NO. 3 BAYSIDE DRIVE DISCOVERY BAY CITY LANTAU ISLAND NEW TERRITORIES",
        "FREE_FORMAT_ADDR_CHN": NaN,
        "DEV_NAME_ENG": "POGGIBONSI",
        "DEV_NAME_CHN": "意堤",
        "FIRST_REFERENCE_LOT_PRN": "C5717172"
    },
    {
        "PRN": "D4400854",
        "SEQ_NUM": 1,
        "BLOCK": "POG8",
        "FLOOR": "11",
        "FLAT": "A",
        "HOUSE_NUM_PREFIX": NaN,
        "STREET_NAME_ENG": NaN,
        "STREET_NAME_CHN": NaN,
        "AREA_DESC_ENG": NaN,
        "AREA_DESC_CHN": NaN,
        "FREE_FORMAT_ADDR_ENG": "FLAT A ON 11TH FLOOR (TOGETHER WITH THE BALCONY AND THE UTILITY PLATFORM THEREOF) OF BLOCK 8 POGGIBONSI (意堤) NO. 3 BAYSIDE DRIVE DISCOVERY BAY CITY LANTAU ISLAND NEW TERRITORIES",
        "FREE_FORMAT_ADDR_CHN": NaN,
        "DEV_NAME_ENG": "POGGIBONSI",
        "DEV_NAME_CHN": "意堤",
        "FIRST_REFERENCE_LOT_PRN": "C5717172"
    },
    {
        "PRN": "D4400869",
        "SEQ_NUM": 1,
        "BLOCK": "POG8",
        "FLOOR": "11",
        "FLAT": "B",
        "HOUSE_NUM_PREFIX": NaN,
        "STREET_NAME_ENG": NaN,
        "STREET_NAME_CHN": NaN,
        "AREA_DESC_ENG": NaN,
        "AREA_DESC_CHN": NaN,
        "FREE_FORMAT_ADDR_ENG": "FLAT B ON 11TH FLOOR (TOGETHER WITH THE BALCONY AND THE UTILITY PLATFORM THEREOF) OF BLOCK 8 POGGIBONSI (意堤) NO. 3 BAYSIDE DRIVE DISCOVERY BAY CITY LANTAU ISLAND NEW TERRITORIES",
        "FREE_FORMAT_ADDR_CHN": NaN,
        "DEV_NAME_ENG": "POGGIBONSI",
        "DEV_NAME_CHN": "意堤",
        "FIRST_REFERENCE_LOT_PRN": "C5717172"
    },
    {
        "PRN": "D4400871",
        "SEQ_NUM": 1,
        "BLOCK": "POG8",
        "FLOOR": "11",
        "FLAT": "C",
        "HOUSE_NUM_PREFIX": NaN,
        "STREET_NAME_ENG": NaN,
        "STREET_NAME_CHN": NaN,
        "AREA_DESC_ENG": NaN,
        "AREA_DESC_CHN": NaN,
        "FREE_FORMAT_ADDR_ENG": "FLAT C ON 11TH FLOOR (TOGETHER WITH THE BALCONY THEREOF) OF BLOCK 8 POGGIBONSI (意堤) NO. 3 BAYSIDE DRIVE DISCOVERY BAY CITY LANTAU ISLAND NEW TERRITORIES",
        "FREE_FORMAT_ADDR_CHN": NaN,
        "DEV_NAME_ENG": "POGGIBONSI",
        "DEV_NAME_CHN": "意堤",
        "FIRST_REFERENCE_LOT_PRN": "C5717172"
    },
    {
        "PRN": "D4400886",
        "SEQ_NUM": 1,
        "BLOCK": "POG8",
        "FLOOR": "12",
        "FLAT": "A",
        "HOUSE_NUM_PREFIX": NaN,
        "STREET_NAME_ENG": NaN,
        "STREET_NAME_CHN": NaN,
        "AREA_DESC_ENG": NaN,
        "AREA_DESC_CHN": NaN,
        "FREE_FORMAT_ADDR_ENG": "FLAT A ON 12TH FLOOR (TOGETHER WITH THE BALCONY AND THE UTILITY PLATFORM THEREOF) OF BLOCK 8 POGGIBONSI (意堤) NO. 3 BAYSIDE DRIVE DISCOVERY BAY CITY LANTAU ISLAND NEW TERRITORIES",
        "FREE_FORMAT_ADDR_CHN": NaN,
        "DEV_NAME_ENG": "POGGIBONSI",
        "DEV_NAME_CHN": "意堤",
        "FIRST_REFERENCE_LOT_PRN": "C5717172"
    },
    {
        "PRN": "D4400897",
        "SEQ_NUM": 1,
        "BLOCK": "POG8",
        "FLOOR": "12",
        "FLAT": "B",
        "HOUSE_NUM_PREFIX": NaN,
        "STREET_NAME_ENG": NaN,
        "STREET_NAME_CHN": NaN,
        "AREA_DESC_ENG": NaN,
        "AREA_DESC_CHN": NaN,
        "FREE_FORMAT_ADDR_ENG": "FLAT B ON 12TH FLOOR (TOGETHER WITH THE BALCONY AND THE UTILITY PLATFORM THEREOF) OF BLOCK 8 POGGIBONSI (意堤) NO. 3 BAYSIDE DRIVE DISCOVERY BAY CITY LANTAU ISLAND NEW TERRITORIES",
        "FREE_FORMAT_ADDR_CHN": NaN,
        "DEV_NAME_ENG": "POGGIBONSI",
        "DEV_NAME_CHN": "意堤",
        "FIRST_REFERENCE_LOT_PRN": "C5717172"
    },
    {
        "PRN": "D4400906",
        "SEQ_NUM": 1,
        "BLOCK": "POG8",
        "FLOOR": "12",
        "FLAT": "C",
        "HOUSE_NUM_PREFIX": NaN,
        "STREET_NAME_ENG": NaN,
        "STREET_NAME_CHN": NaN,
        "AREA_DESC_ENG": NaN,
        "AREA_DESC_CHN": NaN,
        "FREE_FORMAT_ADDR_ENG": "FLAT C ON 12TH FLOOR (TOGETHER WITH THE BALCONY THEREOF) OF BLOCK 8 POGGIBONSI (意堤) NO. 3 BAYSIDE DRIVE DISCOVERY BAY CITY LANTAU ISLAND NEW TERRITORIES",
        "FREE_FORMAT_ADDR_CHN": NaN,
        "DEV_NAME_ENG": "POGGIBONSI",
        "DEV_NAME_CHN": "意堤",
        "FIRST_REFERENCE_LOT_PRN": "C5717172"
    },
    {
        "PRN": "D4400916",
        "SEQ_NUM": 1,
        "BLOCK": "POG8",
        "FLOOR": "15",
        "FLAT": "A",
        "HOUSE_NUM_PREFIX": NaN,
        "STREET_NAME_ENG": NaN,
        "STREET_NAME_CHN": NaN,
        "AREA_DESC_ENG": NaN,
        "AREA_DESC_CHN": NaN,
        "FREE_FORMAT_ADDR_ENG": "FLAT A ON 15TH FLOOR (TOGETHER WITH THE BALCONY AND THE UTILITY PLATFORM THEREOF) OF BLOCK 8 POGGIBONSI (意堤) NO. 3 BAYSIDE DRIVE DISCOVERY BAY CITY LANTAU ISLAND NEW TERRITORIES",
        "FREE_FORMAT_ADDR_CHN": NaN,
        "DEV_NAME_ENG": "POGGIBONSI",
        "DEV_NAME_CHN": "意堤",
        "FIRST_REFERENCE_LOT_PRN": "C5717172"
    },
    {
        "PRN": "D4400927",
        "SEQ_NUM": 1,
        "BLOCK": "POG8",
        "FLOOR": "15",
        "FLAT": "B",
        "HOUSE_NUM_PREFIX": NaN,
        "STREET_NAME_ENG": NaN,
        "STREET_NAME_CHN": NaN,
        "AREA_DESC_ENG": NaN,
        "AREA_DESC_CHN": NaN,
        "FREE_FORMAT_ADDR_ENG": "FLAT B ON 15TH FLOOR (TOGETHER WITH THE BALCONY AND THE UTILITY PLATFORM THEREOF) OF BLOCK 8 POGGIBONSI (意堤) NO. 3 BAYSIDE DRIVE DISCOVERY BAY CITY LANTAU ISLAND NEW TERRITORIES",
        "FREE_FORMAT_ADDR_CHN": NaN,
        "DEV_NAME_ENG": "POGGIBONSI",
        "DEV_NAME_CHN": "意堤",
        "FIRST_REFERENCE_LOT_PRN": "C5717172"
    },
    {
        "PRN": "D4400935",
        "SEQ_NUM": 1,
        "BLOCK": "POG8",
        "FLOOR": "15",
        "FLAT": "C",
        "HOUSE_NUM_PREFIX": NaN,
        "STREET_NAME_ENG": NaN,
        "STREET_NAME_CHN": NaN,
        "AREA_DESC_ENG": NaN,
        "AREA_DESC_CHN": NaN,
        "FREE_FORMAT_ADDR_ENG": "FLAT C ON 15TH FLOOR (TOGETHER WITH THE BALCONY THEREOF) OF BLOCK 8 POGGIBONSI (意堤) NO. 3 BAYSIDE DRIVE DISCOVERY BAY CITY LANTAU ISLAND NEW TERRITORIES",
        "FREE_FORMAT_ADDR_CHN": NaN,
        "DEV_NAME_ENG": "POGGIBONSI",
        "DEV_NAME_CHN": "意堤",
        "FIRST_REFERENCE_LOT_PRN": "C5717172"
    },
    {
        "PRN": "D4400941",
        "SEQ_NUM": 1,
        "BLOCK": "POG8",
        "FLOOR": "16",
        "FLAT": "A",
        "HOUSE_NUM_PREFIX": NaN,
        "STREET_NAME_ENG": NaN,
        "STREET_NAME_CHN": NaN,
        "AREA_DESC_ENG": NaN,
        "AREA_DESC_CHN": NaN,
        "FREE_FORMAT_ADDR_ENG": "FLAT A ON 16TH FLOOR (TOGETHER WITH THE BALCONY AND THE UTILITY PLATFORM THEREOF) OF BLOCK 8 POGGIBONSI (意堤) NO. 3 BAYSIDE DRIVE DISCOVERY BAY CITY LANTAU ISLAND NEW TERRITORIES",
        "FREE_FORMAT_ADDR_CHN": NaN,
        "DEV_NAME_ENG": "POGGIBONSI",
        "DEV_NAME_CHN": "意堤",
        "FIRST_REFERENCE_LOT_PRN": "C5717172"
    },
    {
        "PRN": "D4400955",
        "SEQ_NUM": 1,
        "BLOCK": "POG8",
        "FLOOR": "16",
        "FLAT": "B",
        "HOUSE_NUM_PREFIX": NaN,
        "STREET_NAME_ENG": NaN,
        "STREET_NAME_CHN": NaN,
        "AREA_DESC_ENG": NaN,
        "AREA_DESC_CHN": NaN,
        "FREE_FORMAT_ADDR_ENG": "FLAT B ON 16TH FLOOR (TOGETHER WITH THE BALCONY AND THE UTILITY PLATFORM THEREOF) OF BLOCK 8 POGGIBONSI (意堤) NO. 3 BAYSIDE DRIVE DISCOVERY BAY CITY LANTAU ISLAND NEW TERRITORIES",
        "FREE_FORMAT_ADDR_CHN": NaN,
        "DEV_NAME_ENG": "POGGIBONSI",
        "DEV_NAME_CHN": "意堤",
        "FIRST_REFERENCE_LOT_PRN": "C5717172"
    },
    {
        "PRN": "D4400964",
        "SEQ_NUM": 1,
        "BLOCK": "POG8",
        "FLOOR": "16",
        "FLAT": "C",
        "HOUSE_NUM_PREFIX": NaN,
        "STREET_NAME_ENG": NaN,
        "STREET_NAME_CHN": NaN,
        "AREA_DESC_ENG": NaN,
        "AREA_DESC_CHN": NaN,
        "FREE_FORMAT_ADDR_ENG": "FLAT C ON 16TH FLOOR (TOGETHER WITH THE BALCONY THEREOF) OF BLOCK 8 POGGIBONSI (意堤) NO. 3 BAYSIDE DRIVE DISCOVERY BAY CITY LANTAU ISLAND NEW TERRITORIES",
        "FREE_FORMAT_ADDR_CHN": NaN,
        "DEV_NAME_ENG": "POGGIBONSI",
        "DEV_NAME_CHN": "意堤",
        "FIRST_REFERENCE_LOT_PRN": "C5717172"
    },
    {
        "PRN": "D4400971",
        "SEQ_NUM": 1,
        "BLOCK": "POG8",
        "FLOOR": "17",
        "FLAT": "A",
        "HOUSE_NUM_PREFIX": NaN,
        "STREET_NAME_ENG": NaN,
        "STREET_NAME_CHN": NaN,
        "AREA_DESC_ENG": NaN,
        "AREA_DESC_CHN": NaN,
        "FREE_FORMAT_ADDR_ENG": "FLAT A ON 17TH FLOOR (TOGETHER WITH THE BALCONY AND THE UTILITY PLATFORM THEREOF) OF BLOCK 8 POGGIBONSI (意堤) NO. 3 BAYSIDE DRIVE DISCOVERY BAY CITY LANTAU ISLAND NEW TERRITORIES",
        "FREE_FORMAT_ADDR_CHN": NaN,
        "DEV_NAME_ENG": "POGGIBONSI",
        "DEV_NAME_CHN": "意堤",
        "FIRST_REFERENCE_LOT_PRN": "C5717172"
    },
    {
        "PRN": "D4400984",
        "SEQ_NUM": 1,
        "BLOCK": "POG8",
        "FLOOR": "17",
        "FLAT": "B",
        "HOUSE_NUM_PREFIX": NaN,
        "STREET_NAME_ENG": NaN,
        "STREET_NAME_CHN": NaN,
        "AREA_DESC_ENG": NaN,
        "AREA_DESC_CHN": NaN,
        "FREE_FORMAT_ADDR_ENG": "FLAT B ON 17TH FLOOR (TOGETHER WITH THE BALCONY AND THE UTILITY PLATFORM THEREOF) OF BLOCK 8 POGGIBONSI (意堤) NO. 3 BAYSIDE DRIVE DISCOVERY BAY CITY LANTAU ISLAND NEW TERRITORIES",
        "FREE_FORMAT_ADDR_CHN": NaN,
        "DEV_NAME_ENG": "POGGIBONSI",
        "DEV_NAME_CHN": "意堤",
        "FIRST_REFERENCE_LOT_PRN": "C5717172"
    },
    {
        "PRN": "D4400995",
        "SEQ_NUM": 1,
        "BLOCK": "POG8",
        "FLOOR": "17",
        "FLAT": "C",
        "HOUSE_NUM_PREFIX": NaN,
        "STREET_NAME_ENG": NaN,
        "STREET_NAME_CHN": NaN,
        "AREA_DESC_ENG": NaN,
        "AREA_DESC_CHN": NaN,
        "FREE_FORMAT_ADDR_ENG": "FLAT C ON 17TH FLOOR (TOGETHER WITH THE BALCONY THEREOF) OF BLOCK 8 POGGIBONSI (意堤) NO. 3 BAYSIDE DRIVE DISCOVERY BAY CITY LANTAU ISLAND NEW TERRITORIES",
        "FREE_FORMAT_ADDR_CHN": NaN,
        "DEV_NAME_ENG": "POGGIBONSI",
        "DEV_NAME_CHN": "意堤",
        "FIRST_REFERENCE_LOT_PRN": "C5717172"
    },
    {
        "PRN": "D4401008",
        "SEQ_NUM": 1,
        "BLOCK": "POG8",
        "FLOOR": "18",
        "FLAT": "A",
        "HOUSE_NUM_PREFIX": NaN,
        "STREET_NAME_ENG": NaN,
        "STREET_NAME_CHN": NaN,
        "AREA_DESC_ENG": NaN,
        "AREA_DESC_CHN": NaN,
        "FREE_FORMAT_ADDR_ENG": "FLAT A ON 18TH FLOOR (SIMPLEX) (TOGETHER WITH THE BALCONY THE UTILITY PLATFORM AND THE FLAT ROOF THEREOF) OF BLOCK 8 POGGIBONSI (意堤) NO. 3 BAYSIDE DRIVE DISCOVERY BAY CITY LANTAU ISLAND NEW TERRITORIES",
        "FREE_FORMAT_ADDR_CHN": NaN,
        "DEV_NAME_ENG": "POGGIBONSI",
        "DEV_NAME_CHN": "意堤",
        "FIRST_REFERENCE_LOT_PRN": "C5717172"
    },
    {
        "PRN": "D4401012",
        "SEQ_NUM": 1,
        "BLOCK": "POG8",
        "FLOOR": "18",
        "FLAT": "B",
        "HOUSE_NUM_PREFIX": NaN,
        "STREET_NAME_ENG": NaN,
        "STREET_NAME_CHN": NaN,
        "AREA_DESC_ENG": NaN,
        "AREA_DESC_CHN": NaN,
        "FREE_FORMAT_ADDR_ENG": "FLAT B ON 18TH FLOOR (SIMPLEX) (TOGETHER WITH THE BALCONY THE UTILITY PLATFORM THE FLAT ROOF AND THE FLAT ROOF FOR FILTRATION PLANT THEREOF) OF BLOCK 8 POGGIBONSI (意堤) NO. 3 BAYSIDE DRIVE DISCOVERY BAY CITY LANTAU ISLAND NEW TERRITORIES",
        "FREE_FORMAT_ADDR_CHN": NaN,
        "DEV_NAME_ENG": "POGGIBONSI",
        "DEV_NAME_CHN": "意堤",
        "FIRST_REFERENCE_LOT_PRN": "C5717172"
    },
    {
        "PRN": "D4401028",
        "SEQ_NUM": 1,
        "BLOCK": "POGG",
        "FLOOR": NaN,
        "FLAT": "MM001",
        "HOUSE_NUM_PREFIX": NaN,
        "STREET_NAME_ENG": NaN,
        "STREET_NAME_CHN": NaN,
        "AREA_DESC_ENG": NaN,
        "AREA_DESC_CHN": NaN,
        "FREE_FORMAT_ADDR_ENG": "MID-RISE BUILDING COMMON AREAS MID-RISE BUILDING COMMON FACILITIES THE ADDITIONAL VILLAGE COMMON AREAS AND ADDITIONAL VILLAGE COMMON FACILITIES POGGIBONSI (意堤) NO. 3 BAYSIDE DRIVE DISCOVERY BAY CITY LANTAU ISLAND NEW TERRITORIES",
        "FREE_FORMAT_ADDR_CHN": NaN,
        "DEV_NAME_ENG": "POGGIBONSI",
        "DEV_NAME_CHN": "意堤",
        "FIRST_REFERENCE_LOT_PRN": "C5717172"
    }
]