[
    {
        "PRN": "D1824233",
        "SEQ_NUM": 1,
        "BLOCK": "9",
        "FLOOR": "2",
        "FLAT": NaN,
        "HOUSE_NUM_PREFIX": NaN,
        "STREET_NAME_ENG": NaN,
        "STREET_NAME_CHN": NaN,
        "AREA_DESC_ENG": NaN,
        "AREA_DESC_CHN": NaN,
        "FREE_FORMAT_ADDR_ENG": "SECOND FLOOR THE ROOF AND THE LANDING BEHIND THE SEPARATE ENTRANCE FOR THE SECOND FLOOR TOGETHER WITH THE WHOLE STAIRCASE LEADING UP TO THE SECOND FLOOR THEREFROM HOUSE 9 OF PRESTIGE NO. 211 WANG CHAU VILLAGE EXTENSION AREA PING SHAN YUEN LONG NEW TERRITORIES",
        "FREE_FORMAT_ADDR_CHN": NaN,
        "DEV_NAME_ENG": "PRESTIGE",
        "DEV_NAME_CHN": "地利黃金閣",
        "FIRST_REFERENCE_LOT_PRN": "C2867237"
    },
    {
        "PRN": "D1824249",
        "SEQ_NUM": 1,
        "BLOCK": "9",
        "FLOOR": "G",
        "FLAT": NaN,
        "HOUSE_NUM_PREFIX": NaN,
        "STREET_NAME_ENG": NaN,
        "STREET_NAME_CHN": NaN,
        "AREA_DESC_ENG": NaN,
        "AREA_DESC_CHN": NaN,
        "FREE_FORMAT_ADDR_ENG": "GROUND FLOOR THE GARDEN APPURTENANT TO THE GROUND FLOOR AND FIRST FLOOR HOUSE 9 OF PRESTIGE NO. 211 WANG CHAU VILLAGE EXTENSION AREA PING SHAN YUEN LONG NEW TERRITORIES",
        "FREE_FORMAT_ADDR_CHN": NaN,
        "DEV_NAME_ENG": "PRESTIGE",
        "DEV_NAME_CHN": "地利黃金閣",
        "FIRST_REFERENCE_LOT_PRN": "C2867237"
    },
    {
        "PRN": "D1831277",
        "SEQ_NUM": 1,
        "BLOCK": "6",
        "FLOOR": "2",
        "FLAT": NaN,
        "HOUSE_NUM_PREFIX": NaN,
        "STREET_NAME_ENG": NaN,
        "STREET_NAME_CHN": NaN,
        "AREA_DESC_ENG": NaN,
        "AREA_DESC_CHN": NaN,
        "FREE_FORMAT_ADDR_ENG": "SECOND FLOOR THE ROOF AND THE LANDING BEHIND THE SEPARATE ENTRANCE FOR THE SECOND FLOOR TOGETHER WITH THE WHOLE STAIRCASE LEADING UP TO THE SECOND FLOOR THEREFROM HOUSE 6 OF PRESTIGE NO. 213A WANG CHAU VILLAGE EXTENSION AREA PING SHAN YUEN LONG NEW TERRITORIES",
        "FREE_FORMAT_ADDR_CHN": NaN,
        "DEV_NAME_ENG": "PRESTIGE",
        "DEV_NAME_CHN": "地利黃金閣",
        "FIRST_REFERENCE_LOT_PRN": "C2867305"
    },
    {
        "PRN": "D1831281",
        "SEQ_NUM": 1,
        "BLOCK": "6",
        "FLOOR": "G",
        "FLAT": NaN,
        "HOUSE_NUM_PREFIX": NaN,
        "STREET_NAME_ENG": NaN,
        "STREET_NAME_CHN": NaN,
        "AREA_DESC_ENG": NaN,
        "AREA_DESC_CHN": NaN,
        "FREE_FORMAT_ADDR_ENG": "GROUND FLOOR THE GARDEN APPURTENANT TO THE GROUND FLOOR AND FIRST FLOOR (DUPLEX UNIT) HOUSE 6 OF PRESTIGE NO. 213A WANG CHAU VILLAGE EXTENSION AREA PING SHAN YUEN LONG NEW TERRITORIES",
        "FREE_FORMAT_ADDR_CHN": NaN,
        "DEV_NAME_ENG": "PRESTIGE",
        "DEV_NAME_CHN": "地利黃金閣",
        "FIRST_REFERENCE_LOT_PRN": "C2867305"
    },
    {
        "PRN": "D1831321",
        "SEQ_NUM": 1,
        "BLOCK": "5",
        "FLOOR": "2",
        "FLAT": NaN,
        "HOUSE_NUM_PREFIX": NaN,
        "STREET_NAME_ENG": NaN,
        "STREET_NAME_CHN": NaN,
        "AREA_DESC_ENG": NaN,
        "AREA_DESC_CHN": NaN,
        "FREE_FORMAT_ADDR_ENG": "SECOND FLOOR THE ROOF AND THE LANDING BEHIND THE SEPARATE ENTRANCE FOR THE SECOND FLOOR TOGETHER WITH THE WHOLE STAIRCASE LEADING UP TO THE SECOND FLOOR THEREFROM HOUSE 5 OF PRESTIGE NO. 215 WANG CHAU VILLAGE EXTENSION AREA PING SHAN YUEN LONG NEW TERRITORIES",
        "FREE_FORMAT_ADDR_CHN": NaN,
        "DEV_NAME_ENG": "PRESTIGE",
        "DEV_NAME_CHN": "地利黃金閣",
        "FIRST_REFERENCE_LOT_PRN": "C2867298"
    },
    {
        "PRN": "D1831331",
        "SEQ_NUM": 1,
        "BLOCK": "5",
        "FLOOR": "G",
        "FLAT": NaN,
        "HOUSE_NUM_PREFIX": NaN,
        "STREET_NAME_ENG": NaN,
        "STREET_NAME_CHN": NaN,
        "AREA_DESC_ENG": NaN,
        "AREA_DESC_CHN": NaN,
        "FREE_FORMAT_ADDR_ENG": "GROUND FLOOR THE GARDEN APPURTENANT TO THE GROUND FLOOR AND FIRST FLOOR (DUPLEX UNIT) HOUSE 5 OF PRESTIGE NO. 215 WANG CHAU VILLAGE EXTENSION AREA PING SHAN YUEN LONG NEW TERRITORIES",
        "FREE_FORMAT_ADDR_CHN": NaN,
        "DEV_NAME_ENG": "PRESTIGE",
        "DEV_NAME_CHN": "地利黃金閣",
        "FIRST_REFERENCE_LOT_PRN": "C2867298"
    },
    {
        "PRN": "D1832743",
        "SEQ_NUM": 1,
        "BLOCK": "1",
        "FLOOR": "1",
        "FLAT": NaN,
        "HOUSE_NUM_PREFIX": NaN,
        "STREET_NAME_ENG": NaN,
        "STREET_NAME_CHN": NaN,
        "AREA_DESC_ENG": NaN,
        "AREA_DESC_CHN": NaN,
        "FREE_FORMAT_ADDR_ENG": "FIRST FLOOR HOUSE 1 OF PRESTIGE NO. 218A WANG CHAU VILLAGE EXTENSION AREA PING SHAN YUEN LONG NEW TERRITORIES",
        "FREE_FORMAT_ADDR_CHN": NaN,
        "DEV_NAME_ENG": "PRESTIGE",
        "DEV_NAME_CHN": "地利黃金閣",
        "FIRST_REFERENCE_LOT_PRN": "C2867266"
    },
    {
        "PRN": "D1832753",
        "SEQ_NUM": 1,
        "BLOCK": "1",
        "FLOOR": "2",
        "FLAT": NaN,
        "HOUSE_NUM_PREFIX": NaN,
        "STREET_NAME_ENG": NaN,
        "STREET_NAME_CHN": NaN,
        "AREA_DESC_ENG": NaN,
        "AREA_DESC_CHN": NaN,
        "FREE_FORMAT_ADDR_ENG": "SECOND FLOOR THE ROOF HOUSE 1 OF PRESTIGE NO. 218A WANG CHAU VILLAGE EXTENSION AREA PING SHAN YUEN LONG NEW TERRITORIES",
        "FREE_FORMAT_ADDR_CHN": NaN,
        "DEV_NAME_ENG": "PRESTIGE",
        "DEV_NAME_CHN": "地利黃金閣",
        "FIRST_REFERENCE_LOT_PRN": "C2867266"
    },
    {
        "PRN": "D1832765",
        "SEQ_NUM": 1,
        "BLOCK": "1",
        "FLOOR": "G",
        "FLAT": NaN,
        "HOUSE_NUM_PREFIX": NaN,
        "STREET_NAME_ENG": NaN,
        "STREET_NAME_CHN": NaN,
        "AREA_DESC_ENG": NaN,
        "AREA_DESC_CHN": NaN,
        "FREE_FORMAT_ADDR_ENG": "GROUND FLOOR AND THE GARDEN APPURTENANT TO THE GROUND FLOOR HOUSE 1 OF PRESTIGE NO. 218A WANG CHAU VILLAGE EXTENSION AREA PING SHAN YUEN LONG NEW TERRITORIES",
        "FREE_FORMAT_ADDR_CHN": NaN,
        "DEV_NAME_ENG": "PRESTIGE",
        "DEV_NAME_CHN": "地利黃金閣",
        "FIRST_REFERENCE_LOT_PRN": "C2867266"
    },
    {
        "PRN": "D1833728",
        "SEQ_NUM": 1,
        "BLOCK": "11",
        "FLOOR": "2",
        "FLAT": NaN,
        "HOUSE_NUM_PREFIX": NaN,
        "STREET_NAME_ENG": NaN,
        "STREET_NAME_CHN": NaN,
        "AREA_DESC_ENG": NaN,
        "AREA_DESC_CHN": NaN,
        "FREE_FORMAT_ADDR_ENG": "SECOND FLOOR THE ROOF AND THE LANDING BEHIND THE SEPARATE ENTRANCE FOR THE SECOND FLOOR TOGETHER WITH THE WHOLE STAIRCASE LEADING UP TO THE SECOND FLOOR THEREFROM HOUSE 11 OF PRESTIGE NO. 220 WANG CHAU VILLAGE EXTENSION AREA PING SHAN YUEN LONG NEW TERRITORIES",
        "FREE_FORMAT_ADDR_CHN": NaN,
        "DEV_NAME_ENG": "PRESTIGE",
        "DEV_NAME_CHN": "地利黃金閣",
        "FIRST_REFERENCE_LOT_PRN": "C5007788"
    },
    {
        "PRN": "D1833734",
        "SEQ_NUM": 1,
        "BLOCK": "11",
        "FLOOR": "G",
        "FLAT": NaN,
        "HOUSE_NUM_PREFIX": NaN,
        "STREET_NAME_ENG": NaN,
        "STREET_NAME_CHN": NaN,
        "AREA_DESC_ENG": NaN,
        "AREA_DESC_CHN": NaN,
        "FREE_FORMAT_ADDR_ENG": "GROUND FLOOR THE GARDEN APPURTENANT TO THE GROUND FLOOR AND FIRST FLOOR HOUSE 11 OF PRESTIGE NO. 220 WANG CHAU VILLAGE EXTENSION AREA PING SHAN YUEN LONG NEW TERRITORIES",
        "FREE_FORMAT_ADDR_CHN": NaN,
        "DEV_NAME_ENG": "PRESTIGE",
        "DEV_NAME_CHN": "地利黃金閣",
        "FIRST_REFERENCE_LOT_PRN": "C5007788"
    },
    {
        "PRN": "D1833774",
        "SEQ_NUM": 1,
        "BLOCK": "2",
        "FLOOR": "2",
        "FLAT": NaN,
        "HOUSE_NUM_PREFIX": NaN,
        "STREET_NAME_ENG": NaN,
        "STREET_NAME_CHN": NaN,
        "AREA_DESC_ENG": NaN,
        "AREA_DESC_CHN": NaN,
        "FREE_FORMAT_ADDR_ENG": "SECOND FLOOR THE ROOF AND THE LANDING BEHIND THE SEPARATE ENTRANCE FOR THE SECOND FLOOR TOGETHER WITH THE WHOLE STAIRCASE LEADING UP TO THE SECOND FLOOR THEREFROM HOUSE 2 OF PRESTIGE NO. 218 WANG CHAU VILLAGE EXTENSION AREA PING SHAN YUEN LONG NEW TERRITORIES",
        "FREE_FORMAT_ADDR_CHN": NaN,
        "DEV_NAME_ENG": "PRESTIGE",
        "DEV_NAME_CHN": "地利黃金閣",
        "FIRST_REFERENCE_LOT_PRN": "C2867272"
    },
    {
        "PRN": "D1833781",
        "SEQ_NUM": 1,
        "BLOCK": "2",
        "FLOOR": "G",
        "FLAT": NaN,
        "HOUSE_NUM_PREFIX": NaN,
        "STREET_NAME_ENG": NaN,
        "STREET_NAME_CHN": NaN,
        "AREA_DESC_ENG": NaN,
        "AREA_DESC_CHN": NaN,
        "FREE_FORMAT_ADDR_ENG": "GROUND FLOOR THE GARDEN APPURTENANT TO THE GROUND FLOOR AND FIRST FLOOR HOUSE 2 OF PRESTIGE NO. 218 WANG CHAU VILLAGE EXTENSION AREA PING SHAN YUEN LONG NEW TERRITORIES",
        "FREE_FORMAT_ADDR_CHN": NaN,
        "DEV_NAME_ENG": "PRESTIGE",
        "DEV_NAME_CHN": "地利黃金閣",
        "FIRST_REFERENCE_LOT_PRN": "C2867272"
    },
    {
        "PRN": "D1836973",
        "SEQ_NUM": 1,
        "BLOCK": "8",
        "FLOOR": "2",
        "FLAT": NaN,
        "HOUSE_NUM_PREFIX": NaN,
        "STREET_NAME_ENG": NaN,
        "STREET_NAME_CHN": NaN,
        "AREA_DESC_ENG": NaN,
        "AREA_DESC_CHN": NaN,
        "FREE_FORMAT_ADDR_ENG": "SECOND FLOOR THE ROOF AND THE LANDING BEHIND THE SEPARATE ENTRANCE FOR THE SECOND FLOOR TOGETHER WITH THE WHOLE STAIRCASE LEADING UP TO THE SECOND FLOOR THEREFROM HOUSE 8 OF PRESTIGE NO. 212 WANG CHAU VILLAGE EXTENSION AREA PING SHAN YUEN LONG NEW TERRITORIES",
        "FREE_FORMAT_ADDR_CHN": NaN,
        "DEV_NAME_ENG": "PRESTIGE",
        "DEV_NAME_CHN": "地利黃金閣",
        "FIRST_REFERENCE_LOT_PRN": "C2867328"
    },
    {
        "PRN": "D1836983",
        "SEQ_NUM": 1,
        "BLOCK": "8",
        "FLOOR": "G",
        "FLAT": NaN,
        "HOUSE_NUM_PREFIX": NaN,
        "STREET_NAME_ENG": NaN,
        "STREET_NAME_CHN": NaN,
        "AREA_DESC_ENG": NaN,
        "AREA_DESC_CHN": NaN,
        "FREE_FORMAT_ADDR_ENG": "GROUND FLOOR THE GARDEN APPURTENANT TO THE GROUND FLOOR AND FIRST FLOOR HOUSE 8 OF PRESTIGE NO. 212 WANG CHAU VILLAGE EXTENSION AREA PING SHAN YUEN LONG NEW TERRITORIES",
        "FREE_FORMAT_ADDR_CHN": NaN,
        "DEV_NAME_ENG": "PRESTIGE",
        "DEV_NAME_CHN": "地利黃金閣",
        "FIRST_REFERENCE_LOT_PRN": "C2867328"
    },
    {
        "PRN": "D4223866",
        "SEQ_NUM": 1,
        "BLOCK": "9",
        "FLOOR": "1",
        "FLAT": NaN,
        "HOUSE_NUM_PREFIX": NaN,
        "STREET_NAME_ENG": NaN,
        "STREET_NAME_CHN": NaN,
        "AREA_DESC_ENG": NaN,
        "AREA_DESC_CHN": NaN,
        "FREE_FORMAT_ADDR_ENG": "FIRST FLOOR INCLUDING THE BALCONY APPURTENANT THERETO BLOCK 9 OF PRESTIGE NO. 216 WONG UK TSUEN SHAP PAT HEUNG YUEN LONG NEW TERRITORIES",
        "FREE_FORMAT_ADDR_CHN": NaN,
        "DEV_NAME_ENG": "PRESTIGE",
        "DEV_NAME_CHN": "栢譽",
        "FIRST_REFERENCE_LOT_PRN": "D1765877"
    },
    {
        "PRN": "D4223876",
        "SEQ_NUM": 1,
        "BLOCK": "9",
        "FLOOR": "2",
        "FLAT": NaN,
        "HOUSE_NUM_PREFIX": NaN,
        "STREET_NAME_ENG": NaN,
        "STREET_NAME_CHN": NaN,
        "AREA_DESC_ENG": NaN,
        "AREA_DESC_CHN": NaN,
        "FREE_FORMAT_ADDR_ENG": "SECOND FLOOR INCLUDING THE BALCONY APPURTENANT THERETO TOGETHER WITH THE ROOF THEREABOVE AND THE STAIRCASES LEADING FROM THE GROUND FLOOR UP TO THE ROOF BLOCK 9 OF PRESTIGE NO. 216 WONG UK TSUEN SHAP PAT HEUNG YUEN LONG NEW TERRITORIES",
        "FREE_FORMAT_ADDR_CHN": NaN,
        "DEV_NAME_ENG": "PRESTIGE",
        "DEV_NAME_CHN": "栢譽",
        "FIRST_REFERENCE_LOT_PRN": "D1765877"
    },
    {
        "PRN": "D4223883",
        "SEQ_NUM": 1,
        "BLOCK": "9",
        "FLOOR": "G",
        "FLAT": NaN,
        "HOUSE_NUM_PREFIX": NaN,
        "STREET_NAME_ENG": NaN,
        "STREET_NAME_CHN": NaN,
        "AREA_DESC_ENG": NaN,
        "AREA_DESC_CHN": NaN,
        "FREE_FORMAT_ADDR_ENG": "GROUND FLOOR INCLUDING THE GARDEN THERETO AND THE SPACE ON THE GROUND FLOOR UNDERNEATH THE STAIRCASES BLOCK 9 OF PRESTIGE NO. 216 WONG UK TSUEN SHAP PAT HEUNG YUEN LONG NEW TERRITORIES",
        "FREE_FORMAT_ADDR_CHN": NaN,
        "DEV_NAME_ENG": "PRESTIGE",
        "DEV_NAME_CHN": "栢譽",
        "FIRST_REFERENCE_LOT_PRN": "D1765877"
    },
    {
        "PRN": "D4223892",
        "SEQ_NUM": 1,
        "BLOCK": "13",
        "FLOOR": "1",
        "FLAT": NaN,
        "HOUSE_NUM_PREFIX": NaN,
        "STREET_NAME_ENG": NaN,
        "STREET_NAME_CHN": NaN,
        "AREA_DESC_ENG": NaN,
        "AREA_DESC_CHN": NaN,
        "FREE_FORMAT_ADDR_ENG": "FIRST FLOOR INCLUDING THE BALCONY APPURTENANT THERETO BLOCK 13 OF PRESTIGE NO. 210 WONG UK TSUEN SHAP PAT HEUNG YUEN LONG NEW TERRITORIES",
        "FREE_FORMAT_ADDR_CHN": NaN,
        "DEV_NAME_ENG": "PRESTIGE",
        "DEV_NAME_CHN": "栢譽",
        "FIRST_REFERENCE_LOT_PRN": "D1770986"
    },
    {
        "PRN": "D4223908",
        "SEQ_NUM": 1,
        "BLOCK": "13",
        "FLOOR": "2",
        "FLAT": NaN,
        "HOUSE_NUM_PREFIX": NaN,
        "STREET_NAME_ENG": NaN,
        "STREET_NAME_CHN": NaN,
        "AREA_DESC_ENG": NaN,
        "AREA_DESC_CHN": NaN,
        "FREE_FORMAT_ADDR_ENG": "SECOND FLOOR INCLUDING THE BALCONY APPURTENANT THERETO TOGETHER WITH THE ROOF THEREABOVE AND THE STAIRCASES LEADING FROM THE LANDING BETWEEN THE FIRST FLOOR AND SECOND FLOOR UP TO THE ROOF BLOCK 13 OF PRESTIGE NO. 210 WONG UK TSUEN SHAP PAT HEUNG YUEN LONG NEW TERRITORIES",
        "FREE_FORMAT_ADDR_CHN": NaN,
        "DEV_NAME_ENG": "PRESTIGE",
        "DEV_NAME_CHN": "栢譽",
        "FIRST_REFERENCE_LOT_PRN": "D1770986"
    },
    {
        "PRN": "D4223913",
        "SEQ_NUM": 1,
        "BLOCK": "13",
        "FLOOR": "G",
        "FLAT": NaN,
        "HOUSE_NUM_PREFIX": NaN,
        "STREET_NAME_ENG": NaN,
        "STREET_NAME_CHN": NaN,
        "AREA_DESC_ENG": NaN,
        "AREA_DESC_CHN": NaN,
        "FREE_FORMAT_ADDR_ENG": "GROUND FLOOR INCLUDING THE GARDEN THERETO AND THE SPACE ON THE GROUND FLOOR UNDERNEATH THE STAIRCASES BLOCK 13 OF PRESTIGE NO. 210 WONG UK TSUEN SHAP PAT HEUNG YUEN LONG NEW TERRITORIES",
        "FREE_FORMAT_ADDR_CHN": NaN,
        "DEV_NAME_ENG": "PRESTIGE",
        "DEV_NAME_CHN": "栢譽",
        "FIRST_REFERENCE_LOT_PRN": "D1770986"
    },
    {
        "PRN": "D4284255",
        "SEQ_NUM": 1,
        "BLOCK": "10",
        "FLOOR": "1",
        "FLAT": NaN,
        "HOUSE_NUM_PREFIX": NaN,
        "STREET_NAME_ENG": NaN,
        "STREET_NAME_CHN": NaN,
        "AREA_DESC_ENG": NaN,
        "AREA_DESC_CHN": NaN,
        "FREE_FORMAT_ADDR_ENG": "FIRST FLOOR INCLUDING THE BALCONY APPURTENANT THERETO BLOCK 10 OF PRESTIGE NO. 215 WONG UK TSUEN SHAP PAT HEUNG YUEN LONG NEW TERRITORIES",
        "FREE_FORMAT_ADDR_CHN": NaN,
        "DEV_NAME_ENG": "PRESTIGE",
        "DEV_NAME_CHN": "栢譽",
        "FIRST_REFERENCE_LOT_PRN": "D1812648"
    },
    {
        "PRN": "D4284266",
        "SEQ_NUM": 1,
        "BLOCK": "10",
        "FLOOR": "2",
        "FLAT": NaN,
        "HOUSE_NUM_PREFIX": NaN,
        "STREET_NAME_ENG": NaN,
        "STREET_NAME_CHN": NaN,
        "AREA_DESC_ENG": NaN,
        "AREA_DESC_CHN": NaN,
        "FREE_FORMAT_ADDR_ENG": "SECOND FLOOR INCLUDING THE BALCONY APPURTENANT THERETO TOGETHER WITH THE ROOF THEREABOVE AND THE STAIRCASES LEADING FROM THE GROUND FLOOR UP TO THE ROOF BLOCK 10 OF PRESTIGE NO. 215 WONG UK TSUEN SHAP PAT HEUNG YUEN LONG NEW TERRITORIES",
        "FREE_FORMAT_ADDR_CHN": NaN,
        "DEV_NAME_ENG": "PRESTIGE",
        "DEV_NAME_CHN": "栢譽",
        "FIRST_REFERENCE_LOT_PRN": "D1812648"
    },
    {
        "PRN": "D4284271",
        "SEQ_NUM": 1,
        "BLOCK": "10",
        "FLOOR": "G",
        "FLAT": NaN,
        "HOUSE_NUM_PREFIX": NaN,
        "STREET_NAME_ENG": NaN,
        "STREET_NAME_CHN": NaN,
        "AREA_DESC_ENG": NaN,
        "AREA_DESC_CHN": NaN,
        "FREE_FORMAT_ADDR_ENG": "GROUND FLOOR INCLUDING THE GARDEN THERETO AND THE SPACE ON THE GROUND FLOOR UNDERNEATH THE STAIRCASES BLOCK 10 OF PRESTIGE NO. 215 WONG UK TSUEN SHAP PAT HEUNG YUEN LONG NEW TERRITORIES",
        "FREE_FORMAT_ADDR_CHN": NaN,
        "DEV_NAME_ENG": "PRESTIGE",
        "DEV_NAME_CHN": "栢譽",
        "FIRST_REFERENCE_LOT_PRN": "D1812648"
    },
    {
        "PRN": "D4284742",
        "SEQ_NUM": 1,
        "BLOCK": "15",
        "FLOOR": "1",
        "FLAT": NaN,
        "HOUSE_NUM_PREFIX": NaN,
        "STREET_NAME_ENG": NaN,
        "STREET_NAME_CHN": NaN,
        "AREA_DESC_ENG": NaN,
        "AREA_DESC_CHN": NaN,
        "FREE_FORMAT_ADDR_ENG": "FIRST FLOOR INCLUDING THE BALCONY APPURTENANT THERETO BLOCK 15 OF PRESTIGE NO. 209 WONG UK TSUEN SHAP PAT HEUNG YUEN LONG NEW TERRITORIES",
        "FREE_FORMAT_ADDR_CHN": NaN,
        "DEV_NAME_ENG": "PRESTIGE",
        "DEV_NAME_CHN": "栢譽",
        "FIRST_REFERENCE_LOT_PRN": "D1770978"
    },
    {
        "PRN": "D4284758",
        "SEQ_NUM": 1,
        "BLOCK": "15",
        "FLOOR": "2",
        "FLAT": NaN,
        "HOUSE_NUM_PREFIX": NaN,
        "STREET_NAME_ENG": NaN,
        "STREET_NAME_CHN": NaN,
        "AREA_DESC_ENG": NaN,
        "AREA_DESC_CHN": NaN,
        "FREE_FORMAT_ADDR_ENG": "SECOND FLOOR INCLUDING THE BALCONY APPURTENANT THERETO TOGETHER WITH THE ROOF THEREABOVE AND THE STAIRCASES LEADING FROM THE LANDING BETWEEN THE FIRST FLOOR AND THE SECOND FLOOR UP TO THE ROOF BLOCK 15 OF PRESTIGE NO. 209 WONG UK TSUEN SHAP PAT HEUNG YUEN LONG NEW TERRITORIES",
        "FREE_FORMAT_ADDR_CHN": NaN,
        "DEV_NAME_ENG": "PRESTIGE",
        "DEV_NAME_CHN": "栢譽",
        "FIRST_REFERENCE_LOT_PRN": "D1770978"
    },
    {
        "PRN": "D4284761",
        "SEQ_NUM": 1,
        "BLOCK": "15",
        "FLOOR": "G",
        "FLAT": NaN,
        "HOUSE_NUM_PREFIX": NaN,
        "STREET_NAME_ENG": NaN,
        "STREET_NAME_CHN": NaN,
        "AREA_DESC_ENG": NaN,
        "AREA_DESC_CHN": NaN,
        "FREE_FORMAT_ADDR_ENG": "GROUND FLOOR INCLUDING THE GARDEN THERETO AND THE SPACE ON THE GROUND FLOOR UNDERNEATH THE STAIRCASES BLOCK 15 OF PRESTIGE NO. 209 WONG UK TSUEN SHAP PAT HEUNG YUEN LONG NEW TERRITORIES",
        "FREE_FORMAT_ADDR_CHN": NaN,
        "DEV_NAME_ENG": "PRESTIGE",
        "DEV_NAME_CHN": "栢譽",
        "FIRST_REFERENCE_LOT_PRN": "D1770978"
    },
    {
        "PRN": "D4286713",
        "SEQ_NUM": 1,
        "BLOCK": "12",
        "FLOOR": "1",
        "FLAT": NaN,
        "HOUSE_NUM_PREFIX": NaN,
        "STREET_NAME_ENG": NaN,
        "STREET_NAME_CHN": NaN,
        "AREA_DESC_ENG": NaN,
        "AREA_DESC_CHN": NaN,
        "FREE_FORMAT_ADDR_ENG": "FIRST FLOOR INCLUDING THE BALCONY APPURTENANT THERETO BLOCK 12 OF PRESTIGE NO. 211 WONG UK TSUEN SHAP PAT HEUNG YUEN LONG NEW TERRITORIES",
        "FREE_FORMAT_ADDR_CHN": NaN,
        "DEV_NAME_ENG": "PRESTIGE",
        "DEV_NAME_CHN": "栢譽",
        "FIRST_REFERENCE_LOT_PRN": "D1770994"
    },
    {
        "PRN": "D4286723",
        "SEQ_NUM": 1,
        "BLOCK": "12",
        "FLOOR": "2",
        "FLAT": NaN,
        "HOUSE_NUM_PREFIX": NaN,
        "STREET_NAME_ENG": NaN,
        "STREET_NAME_CHN": NaN,
        "AREA_DESC_ENG": NaN,
        "AREA_DESC_CHN": NaN,
        "FREE_FORMAT_ADDR_ENG": "SECOND FLOOR INCLUDING THE BALCONY APPURTENANT THERETO TOGETHER WITH THE ROOF THEREABOVE AND THE STAIRCASES LEADING FROM THE LANDING BETWEEN THE FIRST FLOOR AND THE SECOND FLOOR UP TO THE ROOF BLOCK 12 OF PRESTIGE NO. 211 WONG UK TSUEN SHAP PAT HEUNG YUEN LONG NEW TERRITORIES",
        "FREE_FORMAT_ADDR_CHN": NaN,
        "DEV_NAME_ENG": "PRESTIGE",
        "DEV_NAME_CHN": "栢譽",
        "FIRST_REFERENCE_LOT_PRN": "D1770994"
    },
    {
        "PRN": "D4286730",
        "SEQ_NUM": 1,
        "BLOCK": "12",
        "FLOOR": "G",
        "FLAT": NaN,
        "HOUSE_NUM_PREFIX": NaN,
        "STREET_NAME_ENG": NaN,
        "STREET_NAME_CHN": NaN,
        "AREA_DESC_ENG": NaN,
        "AREA_DESC_CHN": NaN,
        "FREE_FORMAT_ADDR_ENG": "GROUND FLOOR INCLUDING THE GARDEN THERETO AND THE SPACE ON THE GROUND FLOOR UNDERNEATH THE STAIRCASES BLOCK 12 OF PRESTIGE NO. 211 WONG UK TSUEN SHAP PAT HEUNG YUEN LONG NEW TERRITORIES",
        "FREE_FORMAT_ADDR_CHN": NaN,
        "DEV_NAME_ENG": "PRESTIGE",
        "DEV_NAME_CHN": "栢譽",
        "FIRST_REFERENCE_LOT_PRN": "D1770994"
    }
]