[
    {
        "PRN": "B1449890",
        "SEQ_NUM": 1,
        "BLOCK": "D",
        "FLOOR": "1",
        "FLAT": NaN,
        "HOUSE_NUM_PREFIX": NaN,
        "STREET_NAME_ENG": NaN,
        "STREET_NAME_CHN": NaN,
        "AREA_DESC_ENG": NaN,
        "AREA_DESC_CHN": NaN,
        "FREE_FORMAT_ADDR_ENG": "1/F INCLUDING THE BALCONY BLOCK D OF RAINBOW VIEW GARDEN S.D OF LOT NO.2521 IN D.D.129 YUEN LONG  NEW TERRITORIES",
        "FREE_FORMAT_ADDR_CHN": NaN,
        "DEV_NAME_ENG": "RAINBOW VIEW GARDEN",
        "DEV_NAME_CHN": "欣龍花園",
        "FIRST_REFERENCE_LOT_PRN": "C5022133"
    },
    {
        "PRN": "B1449904",
        "SEQ_NUM": 1,
        "BLOCK": "D",
        "FLOOR": "2",
        "FLAT": NaN,
        "HOUSE_NUM_PREFIX": NaN,
        "STREET_NAME_ENG": NaN,
        "STREET_NAME_CHN": NaN,
        "AREA_DESC_ENG": NaN,
        "AREA_DESC_CHN": NaN,
        "FREE_FORMAT_ADDR_ENG": "2/F INCLUDING THE BALCONY & ROOF BLOCK D OF RAINBOW VIEW GARDEN S.D OF LOT NO.2521 IN D.D.129 YUEN LONG  NEW TERRITORIES",
        "FREE_FORMAT_ADDR_CHN": NaN,
        "DEV_NAME_ENG": "RAINBOW VIEW GARDEN",
        "DEV_NAME_CHN": "欣龍花園",
        "FIRST_REFERENCE_LOT_PRN": "C5022133"
    },
    {
        "PRN": "B1449950",
        "SEQ_NUM": 1,
        "BLOCK": "A",
        "FLOOR": "G",
        "FLAT": NaN,
        "HOUSE_NUM_PREFIX": NaN,
        "STREET_NAME_ENG": NaN,
        "STREET_NAME_CHN": NaN,
        "AREA_DESC_ENG": NaN,
        "AREA_DESC_CHN": NaN,
        "FREE_FORMAT_ADDR_ENG": "G/F INCLUDING THE OPEN SPACE BLK A RAINBOW VIEW GARDEN 97A NGAU HOM S.A OF LOT NO. 2521 IN DD.129 YUEN LONG NEW TERRITORIES",
        "FREE_FORMAT_ADDR_CHN": NaN,
        "DEV_NAME_ENG": "RAINBOW VIEW GARDEN",
        "DEV_NAME_CHN": "欣龍花園",
        "FIRST_REFERENCE_LOT_PRN": "C2980107"
    },
    {
        "PRN": "B1449968",
        "SEQ_NUM": 1,
        "BLOCK": "B",
        "FLOOR": "2",
        "FLAT": NaN,
        "HOUSE_NUM_PREFIX": NaN,
        "STREET_NAME_ENG": NaN,
        "STREET_NAME_CHN": NaN,
        "AREA_DESC_ENG": NaN,
        "AREA_DESC_CHN": NaN,
        "FREE_FORMAT_ADDR_ENG": "2/F INCLUDING THE BALCONY & ROOF BLOCK B OF RAINBOW VIEW GARDEN S.B OF LOT NO. 2521 IN D.D.129 YUEN LONG NEW TERRITORIES",
        "FREE_FORMAT_ADDR_CHN": NaN,
        "DEV_NAME_ENG": "RAINBOW VIEW GARDEN",
        "DEV_NAME_CHN": "欣龍花園",
        "FIRST_REFERENCE_LOT_PRN": "C2980116"
    },
    {
        "PRN": "B1449970",
        "SEQ_NUM": 1,
        "BLOCK": "C",
        "FLOOR": "1",
        "FLAT": NaN,
        "HOUSE_NUM_PREFIX": NaN,
        "STREET_NAME_ENG": NaN,
        "STREET_NAME_CHN": NaN,
        "AREA_DESC_ENG": NaN,
        "AREA_DESC_CHN": NaN,
        "FREE_FORMAT_ADDR_ENG": "1/F INCLUDING THE BALCONY BLOCK C OF RAINBOW VIEW GARDEN S.C OF LOT NO.2521 IN D.D.129 YUEN LONG NEW TERRITORIES",
        "FREE_FORMAT_ADDR_CHN": NaN,
        "DEV_NAME_ENG": "RAINBOW VIEW GARDEN",
        "DEV_NAME_CHN": "欣龍花園",
        "FIRST_REFERENCE_LOT_PRN": "C2980125"
    },
    {
        "PRN": "B4806527",
        "SEQ_NUM": 1,
        "BLOCK": "B",
        "FLOOR": "G",
        "FLAT": NaN,
        "HOUSE_NUM_PREFIX": NaN,
        "STREET_NAME_ENG": NaN,
        "STREET_NAME_CHN": NaN,
        "AREA_DESC_ENG": NaN,
        "AREA_DESC_CHN": NaN,
        "FREE_FORMAT_ADDR_ENG": "G/F INCLUDING THE OPEN SPACE BLOCK B OF RAINBOW VIEW GARDEN S.B OF LOT NO. 2521 IN D.D.129 YUEN LONG NEW TERRITORIES",
        "FREE_FORMAT_ADDR_CHN": NaN,
        "DEV_NAME_ENG": "RAINBOW VIEW GARDEN",
        "DEV_NAME_CHN": "欣龍花園",
        "FIRST_REFERENCE_LOT_PRN": "C2980116"
    },
    {
        "PRN": "B4806536",
        "SEQ_NUM": 1,
        "BLOCK": "C",
        "FLOOR": "2",
        "FLAT": NaN,
        "HOUSE_NUM_PREFIX": NaN,
        "STREET_NAME_ENG": NaN,
        "STREET_NAME_CHN": NaN,
        "AREA_DESC_ENG": NaN,
        "AREA_DESC_CHN": NaN,
        "FREE_FORMAT_ADDR_ENG": "2/F INCLUDING THE BALCONY & ROOF BLOCK C OF RAINBOW VIEW GARDEN S.C OF LOT NO.2521 IN D.D.129 YUEN LONG NEW TERRITORIES",
        "FREE_FORMAT_ADDR_CHN": NaN,
        "DEV_NAME_ENG": "RAINBOW VIEW GARDEN",
        "DEV_NAME_CHN": "欣龍花園",
        "FIRST_REFERENCE_LOT_PRN": "C2980125"
    },
    {
        "PRN": "B7492220",
        "SEQ_NUM": 1,
        "BLOCK": "D",
        "FLOOR": "G",
        "FLAT": NaN,
        "HOUSE_NUM_PREFIX": NaN,
        "STREET_NAME_ENG": NaN,
        "STREET_NAME_CHN": NaN,
        "AREA_DESC_ENG": NaN,
        "AREA_DESC_CHN": NaN,
        "FREE_FORMAT_ADDR_ENG": "G/F INCLUDING THE OPEN SPACE BLOCK D OF RAINBOW VIEW GARDEN S.D OF LOT NO.2521 IN D.D.129 YUEN LONG  NEW TERRITORIES",
        "FREE_FORMAT_ADDR_CHN": NaN,
        "DEV_NAME_ENG": "RAINBOW VIEW GARDEN",
        "DEV_NAME_CHN": "欣龍花園",
        "FIRST_REFERENCE_LOT_PRN": "C5022133"
    },
    {
        "PRN": "B7492233",
        "SEQ_NUM": 1,
        "BLOCK": "C",
        "FLOOR": "G",
        "FLAT": NaN,
        "HOUSE_NUM_PREFIX": NaN,
        "STREET_NAME_ENG": NaN,
        "STREET_NAME_CHN": NaN,
        "AREA_DESC_ENG": NaN,
        "AREA_DESC_CHN": NaN,
        "FREE_FORMAT_ADDR_ENG": "G/F INCLUDING THE OPEN SPACE BLOCK C OF RAINBOW VIEW GARDEN S.C OF LOT NO.2521 IN D.D.129 YUEN LONG NEW TERRITORIES",
        "FREE_FORMAT_ADDR_CHN": NaN,
        "DEV_NAME_ENG": "RAINBOW VIEW GARDEN",
        "DEV_NAME_CHN": "欣龍花園",
        "FIRST_REFERENCE_LOT_PRN": "C2980125"
    },
    {
        "PRN": "B8021123",
        "SEQ_NUM": 1,
        "BLOCK": "B",
        "FLOOR": "1",
        "FLAT": NaN,
        "HOUSE_NUM_PREFIX": NaN,
        "STREET_NAME_ENG": NaN,
        "STREET_NAME_CHN": NaN,
        "AREA_DESC_ENG": NaN,
        "AREA_DESC_CHN": NaN,
        "FREE_FORMAT_ADDR_ENG": "1/F INCLUDING THE BALCONY BLOCK B OF RAINBOW VIEW GARDEN S.B OF LOT NO. 2521 IN D.D.129 YUEN LONG NEW TERRITORIES",
        "FREE_FORMAT_ADDR_CHN": NaN,
        "DEV_NAME_ENG": "RAINBOW VIEW GARDEN",
        "DEV_NAME_CHN": "欣龍花園",
        "FIRST_REFERENCE_LOT_PRN": "C2980116"
    },
    {
        "PRN": "C0173866",
        "SEQ_NUM": 1,
        "BLOCK": "A",
        "FLOOR": "1",
        "FLAT": NaN,
        "HOUSE_NUM_PREFIX": NaN,
        "STREET_NAME_ENG": NaN,
        "STREET_NAME_CHN": NaN,
        "AREA_DESC_ENG": NaN,
        "AREA_DESC_CHN": NaN,
        "FREE_FORMAT_ADDR_ENG": "1/F INCLUDING THE BALCONY BLK A RAINBOW VIEW GARDEN 97A NGAU HOM S.A OF LOT NO. 2521 IN DD.129 YUEN LONG  NEW TERRITORIES",
        "FREE_FORMAT_ADDR_CHN": NaN,
        "DEV_NAME_ENG": "RAINBOW VIEW GARDEN",
        "DEV_NAME_CHN": "欣龍花園",
        "FIRST_REFERENCE_LOT_PRN": "C2980107"
    },
    {
        "PRN": "C1037198",
        "SEQ_NUM": 1,
        "BLOCK": "A",
        "FLOOR": "2",
        "FLAT": NaN,
        "HOUSE_NUM_PREFIX": NaN,
        "STREET_NAME_ENG": NaN,
        "STREET_NAME_CHN": NaN,
        "AREA_DESC_ENG": NaN,
        "AREA_DESC_CHN": NaN,
        "FREE_FORMAT_ADDR_ENG": "2/F INCLUDING BALCONY & ROOF BLK A RAINBOW VIEW GARDEN 97A NGAU HOM S.A OF LOT NO. 2521 IN DD.129 YUEN LONG  NEW TERRITORIES",
        "FREE_FORMAT_ADDR_CHN": NaN,
        "DEV_NAME_ENG": "RAINBOW VIEW GARDEN",
        "DEV_NAME_CHN": "欣龍花園",
        "FIRST_REFERENCE_LOT_PRN": "C2980107"
    }
]