[
    {
        "PRN": "B1478506",
        "SEQ_NUM": 1,
        "BLOCK": "1",
        "FLOOR": NaN,
        "FLAT": NaN,
        "HOUSE_NUM_PREFIX": NaN,
        "STREET_NAME_ENG": NaN,
        "STREET_NAME_CHN": NaN,
        "AREA_DESC_ENG": NaN,
        "AREA_DESC_CHN": NaN,
        "FREE_FORMAT_ADDR_ENG": "HOUSE 1 INCLUDING GARDEN AND 1 CARPARKING SPACE ON LOWER G/F OF ROLLING HILLS 8 HUNG FA HOM ROAD YUEN LONG NEW TERRITORIES",
        "FREE_FORMAT_ADDR_CHN": NaN,
        "DEV_NAME_ENG": "ROLLING HILLS",
        "DEV_NAME_CHN": "翠逸豪園",
        "FIRST_REFERENCE_LOT_PRN": "C2462776"
    },
    {
        "PRN": "B1478514",
        "SEQ_NUM": 1,
        "BLOCK": "15",
        "FLOOR": NaN,
        "FLAT": NaN,
        "HOUSE_NUM_PREFIX": NaN,
        "STREET_NAME_ENG": NaN,
        "STREET_NAME_CHN": NaN,
        "AREA_DESC_ENG": NaN,
        "AREA_DESC_CHN": NaN,
        "FREE_FORMAT_ADDR_ENG": "HOUSE 15 INCLUDING GARDEN AND 1 CARPARKING SPACE ON LOWER G/F OF ROLLING HILLS 8 HUNG FA HOM ROAD YUEN LONG NEW TERRITORIES",
        "FREE_FORMAT_ADDR_CHN": NaN,
        "DEV_NAME_ENG": "ROLLING HILLS",
        "DEV_NAME_CHN": "翠逸豪園",
        "FIRST_REFERENCE_LOT_PRN": "C2462776"
    },
    {
        "PRN": "B1478523",
        "SEQ_NUM": 1,
        "BLOCK": "17",
        "FLOOR": NaN,
        "FLAT": NaN,
        "HOUSE_NUM_PREFIX": NaN,
        "STREET_NAME_ENG": NaN,
        "STREET_NAME_CHN": NaN,
        "AREA_DESC_ENG": NaN,
        "AREA_DESC_CHN": NaN,
        "FREE_FORMAT_ADDR_ENG": "HOUSE 17 INCLUDING GARDEN AND 1 CARPARKING SPACE ON LOWER G/F OF ROLLING HILLS 8 HUNG FA HOM ROAD YUEN LONG NEW TERRITORIES",
        "FREE_FORMAT_ADDR_CHN": NaN,
        "DEV_NAME_ENG": "ROLLING HILLS",
        "DEV_NAME_CHN": "翠逸豪園",
        "FIRST_REFERENCE_LOT_PRN": "C2462776"
    },
    {
        "PRN": "B1478537",
        "SEQ_NUM": 1,
        "BLOCK": "18",
        "FLOOR": NaN,
        "FLAT": NaN,
        "HOUSE_NUM_PREFIX": NaN,
        "STREET_NAME_ENG": NaN,
        "STREET_NAME_CHN": NaN,
        "AREA_DESC_ENG": NaN,
        "AREA_DESC_CHN": NaN,
        "FREE_FORMAT_ADDR_ENG": "HOUSE 18 INCLUDING GARDEN AND 1 CARPARKING SPACE ON LOWER G/F OF ROLLING HILLS 8 HUNG FA HOM ROAD YUEN LONG NEW TERRITORIES",
        "FREE_FORMAT_ADDR_CHN": NaN,
        "DEV_NAME_ENG": "ROLLING HILLS",
        "DEV_NAME_CHN": "翠逸豪園",
        "FIRST_REFERENCE_LOT_PRN": "C2462776"
    },
    {
        "PRN": "B1478545",
        "SEQ_NUM": 1,
        "BLOCK": "19",
        "FLOOR": NaN,
        "FLAT": NaN,
        "HOUSE_NUM_PREFIX": NaN,
        "STREET_NAME_ENG": NaN,
        "STREET_NAME_CHN": NaN,
        "AREA_DESC_ENG": NaN,
        "AREA_DESC_CHN": NaN,
        "FREE_FORMAT_ADDR_ENG": "HOUSE 19 INCLUDING GARDEN AND 1 CARPARKING SPACE ON LOWER G/F OF ROLLING HILLS 8 HUNG FA HOM ROAD YUEN LONG NEW TERRITORIES",
        "FREE_FORMAT_ADDR_CHN": NaN,
        "DEV_NAME_ENG": "ROLLING HILLS",
        "DEV_NAME_CHN": "翠逸豪園",
        "FIRST_REFERENCE_LOT_PRN": "C2462776"
    },
    {
        "PRN": "B1478554",
        "SEQ_NUM": 1,
        "BLOCK": "2",
        "FLOOR": NaN,
        "FLAT": NaN,
        "HOUSE_NUM_PREFIX": NaN,
        "STREET_NAME_ENG": NaN,
        "STREET_NAME_CHN": NaN,
        "AREA_DESC_ENG": NaN,
        "AREA_DESC_CHN": NaN,
        "FREE_FORMAT_ADDR_ENG": "HOUSE 2 INCLUDING GARDEN AND 1 CARPARKING SPACE ON LOWER G/F OF ROLLING HILLS 8 HUNG FA HOM ROAD YUEN LONG NEW TERRITORIES",
        "FREE_FORMAT_ADDR_CHN": NaN,
        "DEV_NAME_ENG": "ROLLING HILLS",
        "DEV_NAME_CHN": "翠逸豪園",
        "FIRST_REFERENCE_LOT_PRN": "C2462776"
    },
    {
        "PRN": "B1478562",
        "SEQ_NUM": 1,
        "BLOCK": "3",
        "FLOOR": NaN,
        "FLAT": NaN,
        "HOUSE_NUM_PREFIX": NaN,
        "STREET_NAME_ENG": NaN,
        "STREET_NAME_CHN": NaN,
        "AREA_DESC_ENG": NaN,
        "AREA_DESC_CHN": NaN,
        "FREE_FORMAT_ADDR_ENG": "HOUSE 3 INCLUDING GARDEN AND 1 CARPARKING SPACE ON LOWER G/F OF ROLLING HILLS 8 HUNG FA HOM ROAD YUEN LONG NEW TERRITORIES",
        "FREE_FORMAT_ADDR_CHN": NaN,
        "DEV_NAME_ENG": "ROLLING HILLS",
        "DEV_NAME_CHN": "翠逸豪園",
        "FIRST_REFERENCE_LOT_PRN": "C2462776"
    },
    {
        "PRN": "B1478578",
        "SEQ_NUM": 1,
        "BLOCK": "5",
        "FLOOR": NaN,
        "FLAT": NaN,
        "HOUSE_NUM_PREFIX": NaN,
        "STREET_NAME_ENG": NaN,
        "STREET_NAME_CHN": NaN,
        "AREA_DESC_ENG": NaN,
        "AREA_DESC_CHN": NaN,
        "FREE_FORMAT_ADDR_ENG": "HOUSE 5 INCLUDING GARDEN AND 1 CARPARKING SPACE ON LOWER G/F OF ROLLING HILLS 8 HUNG FA HOM ROAD YUEN LONG NEW TERRITORIES",
        "FREE_FORMAT_ADDR_CHN": NaN,
        "DEV_NAME_ENG": "ROLLING HILLS",
        "DEV_NAME_CHN": "翠逸豪園",
        "FIRST_REFERENCE_LOT_PRN": "C2462776"
    },
    {
        "PRN": "B1478582",
        "SEQ_NUM": 1,
        "BLOCK": "7",
        "FLOOR": NaN,
        "FLAT": NaN,
        "HOUSE_NUM_PREFIX": NaN,
        "STREET_NAME_ENG": NaN,
        "STREET_NAME_CHN": NaN,
        "AREA_DESC_ENG": NaN,
        "AREA_DESC_CHN": NaN,
        "FREE_FORMAT_ADDR_ENG": "HOUSE 7 INCLUDING GARDEN AND 2 CARPARKING SPACES ON LOWER G/F OF ROLLING HILLS 8 HUNG FA HOM ROAD YUEN LONG NEW TERRITORIES",
        "FREE_FORMAT_ADDR_CHN": NaN,
        "DEV_NAME_ENG": "ROLLING HILLS",
        "DEV_NAME_CHN": "翠逸豪園",
        "FIRST_REFERENCE_LOT_PRN": "C2462776"
    },
    {
        "PRN": "B1478595",
        "SEQ_NUM": 1,
        "BLOCK": "8",
        "FLOOR": NaN,
        "FLAT": NaN,
        "HOUSE_NUM_PREFIX": NaN,
        "STREET_NAME_ENG": NaN,
        "STREET_NAME_CHN": NaN,
        "AREA_DESC_ENG": NaN,
        "AREA_DESC_CHN": NaN,
        "FREE_FORMAT_ADDR_ENG": "HOUSE 8 (INCLUDING GARDEN AND 2 CARPARKING SPACES ON LOWER G/F OF ROLLING HILLS 8 HUNG FA HOM ROAD YUEN LONG NEW TERRITORIES",
        "FREE_FORMAT_ADDR_CHN": NaN,
        "DEV_NAME_ENG": "ROLLING HILLS",
        "DEV_NAME_CHN": "翠逸豪園",
        "FIRST_REFERENCE_LOT_PRN": "C2462776"
    },
    {
        "PRN": "B7495964",
        "SEQ_NUM": 1,
        "BLOCK": "10",
        "FLOOR": NaN,
        "FLAT": NaN,
        "HOUSE_NUM_PREFIX": NaN,
        "STREET_NAME_ENG": NaN,
        "STREET_NAME_CHN": NaN,
        "AREA_DESC_ENG": NaN,
        "AREA_DESC_CHN": NaN,
        "FREE_FORMAT_ADDR_ENG": "HOUSE 10 INCLUDING GARDEN AND 1 CARPARKING SPACE ON LOWER G/F OF ROLLING HILLS 8 HUNG FA HOM ROAD YUEN LONG NEW TERRITORIES",
        "FREE_FORMAT_ADDR_CHN": NaN,
        "DEV_NAME_ENG": "ROLLING HILLS",
        "DEV_NAME_CHN": "翠逸豪園",
        "FIRST_REFERENCE_LOT_PRN": "C2462776"
    },
    {
        "PRN": "B7495975",
        "SEQ_NUM": 1,
        "BLOCK": "11",
        "FLOOR": NaN,
        "FLAT": NaN,
        "HOUSE_NUM_PREFIX": NaN,
        "STREET_NAME_ENG": NaN,
        "STREET_NAME_CHN": NaN,
        "AREA_DESC_ENG": NaN,
        "AREA_DESC_CHN": NaN,
        "FREE_FORMAT_ADDR_ENG": "HOUSE 11 INCLUDING GARDEN AND 1 CARPARKING SPACE ON LOWER G/F OF ROLLING HILLS 8 HUNG FA HOM ROAD YUEN LONG NEW TERRITORIES",
        "FREE_FORMAT_ADDR_CHN": NaN,
        "DEV_NAME_ENG": "ROLLING HILLS",
        "DEV_NAME_CHN": "翠逸豪園",
        "FIRST_REFERENCE_LOT_PRN": "C2462776"
    },
    {
        "PRN": "B7495982",
        "SEQ_NUM": 1,
        "BLOCK": "16",
        "FLOOR": NaN,
        "FLAT": NaN,
        "HOUSE_NUM_PREFIX": NaN,
        "STREET_NAME_ENG": NaN,
        "STREET_NAME_CHN": NaN,
        "AREA_DESC_ENG": NaN,
        "AREA_DESC_CHN": NaN,
        "FREE_FORMAT_ADDR_ENG": "HOUSE 16 INCLUDING GARDEN AND 1 CARPARKING SPACE ON LOWER G/F OF ROLLING HILLS 8 HUNG FA HOM ROAD YUEN LONG NEW TERRITORIES",
        "FREE_FORMAT_ADDR_CHN": NaN,
        "DEV_NAME_ENG": "ROLLING HILLS",
        "DEV_NAME_CHN": "翠逸豪園",
        "FIRST_REFERENCE_LOT_PRN": "C2462776"
    },
    {
        "PRN": "B7495997",
        "SEQ_NUM": 1,
        "BLOCK": "6",
        "FLOOR": NaN,
        "FLAT": NaN,
        "HOUSE_NUM_PREFIX": NaN,
        "STREET_NAME_ENG": NaN,
        "STREET_NAME_CHN": NaN,
        "AREA_DESC_ENG": NaN,
        "AREA_DESC_CHN": NaN,
        "FREE_FORMAT_ADDR_ENG": "HOUSE 6 INCLUDING GARDEN AND 2 CARPARKING SPACES ON LOWER G/F OF ROLLING HILLS 8 HUNG FA HOM ROAD YUEN LONG NEW TERRITORIES",
        "FREE_FORMAT_ADDR_CHN": "元朗新田 紅花磡路8號 翠逸豪園 6號屋",
        "DEV_NAME_ENG": "ROLLING HILLS",
        "DEV_NAME_CHN": "翠逸豪園",
        "FIRST_REFERENCE_LOT_PRN": "C2462776"
    },
    {
        "PRN": "C0177469",
        "SEQ_NUM": 1,
        "BLOCK": "12",
        "FLOOR": NaN,
        "FLAT": NaN,
        "HOUSE_NUM_PREFIX": NaN,
        "STREET_NAME_ENG": NaN,
        "STREET_NAME_CHN": NaN,
        "AREA_DESC_ENG": NaN,
        "AREA_DESC_CHN": NaN,
        "FREE_FORMAT_ADDR_ENG": "HOUSE 12 INCLUDING GARDEN AND 1 CARPARKING SPACE ON LOWER G/F OF ROLLING HILLS 8 HUNG FA HOM ROAD YUEN LONG NEW TERRITORIES",
        "FREE_FORMAT_ADDR_CHN": NaN,
        "DEV_NAME_ENG": "ROLLING HILLS",
        "DEV_NAME_CHN": "翠逸豪園",
        "FIRST_REFERENCE_LOT_PRN": "C2462776"
    },
    {
        "PRN": "C0177477",
        "SEQ_NUM": 1,
        "BLOCK": "9",
        "FLOOR": NaN,
        "FLAT": NaN,
        "HOUSE_NUM_PREFIX": NaN,
        "STREET_NAME_ENG": NaN,
        "STREET_NAME_CHN": NaN,
        "AREA_DESC_ENG": NaN,
        "AREA_DESC_CHN": NaN,
        "FREE_FORMAT_ADDR_ENG": "HOUSE 9 INCLUDING GARDEN AND 2 CARPARKING SPACES ON LOWER G/F OF ROLLING HILLS 8 HUNG FA HOM ROAD YUEN LONG NEW TERRITORIES",
        "FREE_FORMAT_ADDR_CHN": NaN,
        "DEV_NAME_ENG": "ROLLING HILLS",
        "DEV_NAME_CHN": "翠逸豪園",
        "FIRST_REFERENCE_LOT_PRN": "C2462776"
    }
]