[
    {
        "PRN": "B3356221",
        "SEQ_NUM": 1,
        "BLOCK": "1",
        "FLOOR": "1",
        "FLAT": "A",
        "HOUSE_NUM_PREFIX": NaN,
        "STREET_NAME_ENG": NaN,
        "STREET_NAME_CHN": NaN,
        "AREA_DESC_ENG": NaN,
        "AREA_DESC_CHN": NaN,
        "FREE_FORMAT_ADDR_ENG": "FLAT A ON 1/F WITH FLAT ROOF OF TOWER 1 SCENIC CREST NO. 18A MUI WO FERRY PIER ROAD MUI WO LANTAU ISLAND NEW TERRITORIES",
        "FREE_FORMAT_ADDR_CHN": NaN,
        "DEV_NAME_ENG": "SCENIC CREST",
        "DEV_NAME_CHN": "卓濤軒",
        "FIRST_REFERENCE_LOT_PRN": "C5433686"
    },
    {
        "PRN": "B3356233",
        "SEQ_NUM": 1,
        "BLOCK": "1",
        "FLOOR": "2",
        "FLAT": "A",
        "HOUSE_NUM_PREFIX": NaN,
        "STREET_NAME_ENG": NaN,
        "STREET_NAME_CHN": NaN,
        "AREA_DESC_ENG": NaN,
        "AREA_DESC_CHN": NaN,
        "FREE_FORMAT_ADDR_ENG": "FLAT A ON 2/F OF TOWER 1 SCENIC CREST NO. 18A MUI WO FERRY PIER ROAD MUI WO LANTAU ISLAND NEW TERRITORIES",
        "FREE_FORMAT_ADDR_CHN": NaN,
        "DEV_NAME_ENG": "SCENIC CREST",
        "DEV_NAME_CHN": "卓濤軒",
        "FIRST_REFERENCE_LOT_PRN": "C5433686"
    },
    {
        "PRN": "B3356248",
        "SEQ_NUM": 1,
        "BLOCK": "1",
        "FLOOR": "4",
        "FLAT": "A",
        "HOUSE_NUM_PREFIX": NaN,
        "STREET_NAME_ENG": NaN,
        "STREET_NAME_CHN": NaN,
        "AREA_DESC_ENG": NaN,
        "AREA_DESC_CHN": NaN,
        "FREE_FORMAT_ADDR_ENG": "FLAT A ON 4/F OF TOWER 1 SCENIC CREST NO. 18A MUI WO FERRY PIER ROAD MUI WO LANTAU ISLAND NEW TERRITORIES",
        "FREE_FORMAT_ADDR_CHN": NaN,
        "DEV_NAME_ENG": "SCENIC CREST",
        "DEV_NAME_CHN": "卓濤軒",
        "FIRST_REFERENCE_LOT_PRN": "C5433686"
    },
    {
        "PRN": "B3356255",
        "SEQ_NUM": 1,
        "BLOCK": "1",
        "FLOOR": "5",
        "FLAT": "A",
        "HOUSE_NUM_PREFIX": NaN,
        "STREET_NAME_ENG": NaN,
        "STREET_NAME_CHN": NaN,
        "AREA_DESC_ENG": NaN,
        "AREA_DESC_CHN": NaN,
        "FREE_FORMAT_ADDR_ENG": "FLAT A ON 5/F WITH FLAT ROOF OF TOWER 1 SCENIC CREST NO. 18A MUI WO FERRY PIER ROAD MUI WO LANTAU ISLAND NEW TERRITORIES",
        "FREE_FORMAT_ADDR_CHN": NaN,
        "DEV_NAME_ENG": "SCENIC CREST",
        "DEV_NAME_CHN": "卓濤軒",
        "FIRST_REFERENCE_LOT_PRN": "C5433686"
    },
    {
        "PRN": "B3356262",
        "SEQ_NUM": 1,
        "BLOCK": "1",
        "FLOOR": "1",
        "FLAT": "B",
        "HOUSE_NUM_PREFIX": NaN,
        "STREET_NAME_ENG": NaN,
        "STREET_NAME_CHN": NaN,
        "AREA_DESC_ENG": NaN,
        "AREA_DESC_CHN": NaN,
        "FREE_FORMAT_ADDR_ENG": "FLAT B ON 1/F WITH FLAT ROOF OF TOWER 1 SCENIC CREST NO. 18A MUI WO FERRY PIER ROAD MUI WO LANTAU ISLAND NEW TERRITORIES",
        "FREE_FORMAT_ADDR_CHN": NaN,
        "DEV_NAME_ENG": "SCENIC CREST",
        "DEV_NAME_CHN": "卓濤軒",
        "FIRST_REFERENCE_LOT_PRN": "C5433686"
    },
    {
        "PRN": "B3356277",
        "SEQ_NUM": 1,
        "BLOCK": "1",
        "FLOOR": "2",
        "FLAT": "B",
        "HOUSE_NUM_PREFIX": NaN,
        "STREET_NAME_ENG": NaN,
        "STREET_NAME_CHN": NaN,
        "AREA_DESC_ENG": NaN,
        "AREA_DESC_CHN": NaN,
        "FREE_FORMAT_ADDR_ENG": "FLAT B ON 2/F OF TOWER 1 SCENIC CREST NO. 18A MUI WO FERRY PIER ROAD MUI WO LANTAU ISLAND NEW TERRITORIES",
        "FREE_FORMAT_ADDR_CHN": NaN,
        "DEV_NAME_ENG": "SCENIC CREST",
        "DEV_NAME_CHN": "卓濤軒",
        "FIRST_REFERENCE_LOT_PRN": "C5433686"
    },
    {
        "PRN": "B3356283",
        "SEQ_NUM": 1,
        "BLOCK": "1",
        "FLOOR": "3",
        "FLAT": "B",
        "HOUSE_NUM_PREFIX": NaN,
        "STREET_NAME_ENG": NaN,
        "STREET_NAME_CHN": NaN,
        "AREA_DESC_ENG": NaN,
        "AREA_DESC_CHN": NaN,
        "FREE_FORMAT_ADDR_ENG": "FLAT B ON 3/F OF TOWER 1 SCENIC CREST NO. 18A MUI WO FERRY PIER ROAD MUI WO LANTAU ISLAND NEW TERRITORIES",
        "FREE_FORMAT_ADDR_CHN": NaN,
        "DEV_NAME_ENG": "SCENIC CREST",
        "DEV_NAME_CHN": "卓濤軒",
        "FIRST_REFERENCE_LOT_PRN": "C5433686"
    },
    {
        "PRN": "B3356293",
        "SEQ_NUM": 1,
        "BLOCK": "1",
        "FLOOR": "4",
        "FLAT": "B",
        "HOUSE_NUM_PREFIX": NaN,
        "STREET_NAME_ENG": NaN,
        "STREET_NAME_CHN": NaN,
        "AREA_DESC_ENG": NaN,
        "AREA_DESC_CHN": NaN,
        "FREE_FORMAT_ADDR_ENG": "FLAT B ON 4/F OF TOWER 1 SCENIC CREST NO. 18A MUI WO FERRY PIER ROAD MUI WO LANTAU ISLAND NEW TERRITORIES",
        "FREE_FORMAT_ADDR_CHN": NaN,
        "DEV_NAME_ENG": "SCENIC CREST",
        "DEV_NAME_CHN": "卓濤軒",
        "FIRST_REFERENCE_LOT_PRN": "C5433686"
    },
    {
        "PRN": "B3356304",
        "SEQ_NUM": 1,
        "BLOCK": "1",
        "FLOOR": "1",
        "FLAT": "C",
        "HOUSE_NUM_PREFIX": NaN,
        "STREET_NAME_ENG": NaN,
        "STREET_NAME_CHN": NaN,
        "AREA_DESC_ENG": NaN,
        "AREA_DESC_CHN": NaN,
        "FREE_FORMAT_ADDR_ENG": "FLAT C ON 1/F WITH FLAT ROOF OF TOWER 1 SCENIC CREST NO. 18A MUI WO FERRY PIER ROAD MUI WO LANTAU ISLAND NEW TERRITORIES",
        "FREE_FORMAT_ADDR_CHN": NaN,
        "DEV_NAME_ENG": "SCENIC CREST",
        "DEV_NAME_CHN": "卓濤軒",
        "FIRST_REFERENCE_LOT_PRN": "C5433686"
    },
    {
        "PRN": "B3356310",
        "SEQ_NUM": 1,
        "BLOCK": "1",
        "FLOOR": "3",
        "FLAT": "C",
        "HOUSE_NUM_PREFIX": NaN,
        "STREET_NAME_ENG": NaN,
        "STREET_NAME_CHN": NaN,
        "AREA_DESC_ENG": NaN,
        "AREA_DESC_CHN": NaN,
        "FREE_FORMAT_ADDR_ENG": "FLAT C ON 3/F OF TOWER 1 SCENIC CREST NO. 18A MUI WO FERRY PIER ROAD MUI WO LANTAU ISLAND NEW TERRITORIES",
        "FREE_FORMAT_ADDR_CHN": NaN,
        "DEV_NAME_ENG": "SCENIC CREST",
        "DEV_NAME_CHN": "卓濤軒",
        "FIRST_REFERENCE_LOT_PRN": "C5433686"
    },
    {
        "PRN": "B3356320",
        "SEQ_NUM": 1,
        "BLOCK": "1",
        "FLOOR": "5",
        "FLAT": "C",
        "HOUSE_NUM_PREFIX": NaN,
        "STREET_NAME_ENG": NaN,
        "STREET_NAME_CHN": NaN,
        "AREA_DESC_ENG": NaN,
        "AREA_DESC_CHN": NaN,
        "FREE_FORMAT_ADDR_ENG": "FLAT C ON 5/F WITH FLAT ROOF OF TOWER 1 SCENIC CREST NO. 18A MUI WO FERRY PIER ROAD MUI WO LANTAU ISLAND NEW TERRITORIES",
        "FREE_FORMAT_ADDR_CHN": NaN,
        "DEV_NAME_ENG": "SCENIC CREST",
        "DEV_NAME_CHN": "卓濤軒",
        "FIRST_REFERENCE_LOT_PRN": "C5433686"
    },
    {
        "PRN": "B3356331",
        "SEQ_NUM": 1,
        "BLOCK": "1",
        "FLOOR": "1",
        "FLAT": "D",
        "HOUSE_NUM_PREFIX": NaN,
        "STREET_NAME_ENG": NaN,
        "STREET_NAME_CHN": NaN,
        "AREA_DESC_ENG": NaN,
        "AREA_DESC_CHN": NaN,
        "FREE_FORMAT_ADDR_ENG": "FLAT D ON 1/F WITH FLAT ROOF OF TOWER 1 SCENIC CREST NO. 18A MUI WO FERRY PIER ROAD MUI WO LANTAU ISLAND NEW TERRITORIES",
        "FREE_FORMAT_ADDR_CHN": NaN,
        "DEV_NAME_ENG": "SCENIC CREST",
        "DEV_NAME_CHN": "卓濤軒",
        "FIRST_REFERENCE_LOT_PRN": "C5433686"
    },
    {
        "PRN": "B3356347",
        "SEQ_NUM": 1,
        "BLOCK": "1",
        "FLOOR": "3",
        "FLAT": "D",
        "HOUSE_NUM_PREFIX": NaN,
        "STREET_NAME_ENG": NaN,
        "STREET_NAME_CHN": NaN,
        "AREA_DESC_ENG": NaN,
        "AREA_DESC_CHN": NaN,
        "FREE_FORMAT_ADDR_ENG": "FLAT D ON 3/F OF TOWER 1 SCENIC CREST NO. 18A MUI WO FERRY PIER ROAD MUI WO LANTAU ISLAND NEW TERRITORIES",
        "FREE_FORMAT_ADDR_CHN": NaN,
        "DEV_NAME_ENG": "SCENIC CREST",
        "DEV_NAME_CHN": "卓濤軒",
        "FIRST_REFERENCE_LOT_PRN": "C5433686"
    },
    {
        "PRN": "B3356358",
        "SEQ_NUM": 1,
        "BLOCK": "1",
        "FLOOR": "5",
        "FLAT": "D",
        "HOUSE_NUM_PREFIX": NaN,
        "STREET_NAME_ENG": NaN,
        "STREET_NAME_CHN": NaN,
        "AREA_DESC_ENG": NaN,
        "AREA_DESC_CHN": NaN,
        "FREE_FORMAT_ADDR_ENG": "FLAT D ON 5/F WITH FLAT ROOF OF TOWER 1 SCENIC CREST NO. 18A MUI WO FERRY PIER ROAD MUI WO LANTAU ISLAND NEW TERRITORIES",
        "FREE_FORMAT_ADDR_CHN": NaN,
        "DEV_NAME_ENG": "SCENIC CREST",
        "DEV_NAME_CHN": "卓濤軒",
        "FIRST_REFERENCE_LOT_PRN": "C5433686"
    },
    {
        "PRN": "B3356364",
        "SEQ_NUM": 1,
        "BLOCK": "1",
        "FLOOR": "1",
        "FLAT": "E",
        "HOUSE_NUM_PREFIX": NaN,
        "STREET_NAME_ENG": NaN,
        "STREET_NAME_CHN": NaN,
        "AREA_DESC_ENG": NaN,
        "AREA_DESC_CHN": NaN,
        "FREE_FORMAT_ADDR_ENG": "FLAT E ON 1/F WITH FLAT ROOF OF TOWER 1 SCENIC CREST NO. 18A MUI WO FERRY PIER ROAD MUI WO LANTAU ISLAND NEW TERRITORIES",
        "FREE_FORMAT_ADDR_CHN": NaN,
        "DEV_NAME_ENG": "SCENIC CREST",
        "DEV_NAME_CHN": "卓濤軒",
        "FIRST_REFERENCE_LOT_PRN": "C5433686"
    },
    {
        "PRN": "B3356375",
        "SEQ_NUM": 1,
        "BLOCK": "1",
        "FLOOR": "2",
        "FLAT": "E",
        "HOUSE_NUM_PREFIX": NaN,
        "STREET_NAME_ENG": NaN,
        "STREET_NAME_CHN": NaN,
        "AREA_DESC_ENG": NaN,
        "AREA_DESC_CHN": NaN,
        "FREE_FORMAT_ADDR_ENG": "FLAT E ON 2/F OF TOWER 1 SCENIC CREST NO. 18A MUI WO FERRY PIER ROAD MUI WO LANTAU ISLAND NEW TERRITORIES",
        "FREE_FORMAT_ADDR_CHN": NaN,
        "DEV_NAME_ENG": "SCENIC CREST",
        "DEV_NAME_CHN": "卓濤軒",
        "FIRST_REFERENCE_LOT_PRN": "C5433686"
    },
    {
        "PRN": "B3356386",
        "SEQ_NUM": 1,
        "BLOCK": "1",
        "FLOOR": "3",
        "FLAT": "E",
        "HOUSE_NUM_PREFIX": NaN,
        "STREET_NAME_ENG": NaN,
        "STREET_NAME_CHN": NaN,
        "AREA_DESC_ENG": NaN,
        "AREA_DESC_CHN": NaN,
        "FREE_FORMAT_ADDR_ENG": "FLAT E ON 3/F OF TOWER 1 SCENIC CREST NO. 18A MUI WO FERRY PIER ROAD MUI WO LANTAU ISLAND NEW TERRITORIES",
        "FREE_FORMAT_ADDR_CHN": NaN,
        "DEV_NAME_ENG": "SCENIC CREST",
        "DEV_NAME_CHN": "卓濤軒",
        "FIRST_REFERENCE_LOT_PRN": "C5433686"
    },
    {
        "PRN": "B3356398",
        "SEQ_NUM": 1,
        "BLOCK": "1",
        "FLOOR": "4",
        "FLAT": "E",
        "HOUSE_NUM_PREFIX": NaN,
        "STREET_NAME_ENG": NaN,
        "STREET_NAME_CHN": NaN,
        "AREA_DESC_ENG": NaN,
        "AREA_DESC_CHN": NaN,
        "FREE_FORMAT_ADDR_ENG": "FLAT E ON 4/F OF TOWER 1 SCENIC CREST NO. 18A MUI WO FERRY PIER ROAD MUI WO LANTAU ISLAND NEW TERRITORIES",
        "FREE_FORMAT_ADDR_CHN": NaN,
        "DEV_NAME_ENG": "SCENIC CREST",
        "DEV_NAME_CHN": "卓濤軒",
        "FIRST_REFERENCE_LOT_PRN": "C5433686"
    },
    {
        "PRN": "B3356417",
        "SEQ_NUM": 1,
        "BLOCK": "2",
        "FLOOR": "1",
        "FLAT": "A",
        "HOUSE_NUM_PREFIX": NaN,
        "STREET_NAME_ENG": NaN,
        "STREET_NAME_CHN": NaN,
        "AREA_DESC_ENG": NaN,
        "AREA_DESC_CHN": NaN,
        "FREE_FORMAT_ADDR_ENG": "FLAT A ON 1/F WITH FLAT ROOF OF TOWER 2 SCENIC CREST NO. 18A MUI WO FERRY PIER ROAD MUI WO LANTAU ISLAND NEW TERRITORIES",
        "FREE_FORMAT_ADDR_CHN": NaN,
        "DEV_NAME_ENG": "SCENIC CREST",
        "DEV_NAME_CHN": "卓濤軒",
        "FIRST_REFERENCE_LOT_PRN": "C5433686"
    },
    {
        "PRN": "B3356424",
        "SEQ_NUM": 1,
        "BLOCK": "2",
        "FLOOR": "3",
        "FLAT": "A",
        "HOUSE_NUM_PREFIX": NaN,
        "STREET_NAME_ENG": NaN,
        "STREET_NAME_CHN": NaN,
        "AREA_DESC_ENG": NaN,
        "AREA_DESC_CHN": NaN,
        "FREE_FORMAT_ADDR_ENG": "FLAT A ON 3/F OF TOWER 2 SCENIC CREST NO. 18A MUI WO FERRY PIER ROAD MUI WO LANTAU ISLAND NEW TERRITORIES",
        "FREE_FORMAT_ADDR_CHN": NaN,
        "DEV_NAME_ENG": "SCENIC CREST",
        "DEV_NAME_CHN": "卓濤軒",
        "FIRST_REFERENCE_LOT_PRN": "C5433686"
    },
    {
        "PRN": "B3356433",
        "SEQ_NUM": 1,
        "BLOCK": "2",
        "FLOOR": "5",
        "FLAT": "A",
        "HOUSE_NUM_PREFIX": NaN,
        "STREET_NAME_ENG": NaN,
        "STREET_NAME_CHN": NaN,
        "AREA_DESC_ENG": NaN,
        "AREA_DESC_CHN": NaN,
        "FREE_FORMAT_ADDR_ENG": "FLAT A ON 5/F WITH FLAT ROOF OF TOWER 2 SCENIC CREST NO. 18A MUI WO FERRY PIER ROAD MUI WO LANTAU ISLAND NEW TERRITORIES",
        "FREE_FORMAT_ADDR_CHN": NaN,
        "DEV_NAME_ENG": "SCENIC CREST",
        "DEV_NAME_CHN": "卓濤軒",
        "FIRST_REFERENCE_LOT_PRN": "C5433686"
    },
    {
        "PRN": "B3356445",
        "SEQ_NUM": 1,
        "BLOCK": "2",
        "FLOOR": "2",
        "FLAT": "B",
        "HOUSE_NUM_PREFIX": NaN,
        "STREET_NAME_ENG": NaN,
        "STREET_NAME_CHN": NaN,
        "AREA_DESC_ENG": NaN,
        "AREA_DESC_CHN": NaN,
        "FREE_FORMAT_ADDR_ENG": "FLAT B ON 2/F OF TOWER 2 SCENIC CREST NO. 18A MUI WO FERRY PIER ROAD MUI WO LANTAU ISLAND NEW TERRITORIES",
        "FREE_FORMAT_ADDR_CHN": NaN,
        "DEV_NAME_ENG": "SCENIC CREST",
        "DEV_NAME_CHN": "卓濤軒",
        "FIRST_REFERENCE_LOT_PRN": "C5433686"
    },
    {
        "PRN": "B3356458",
        "SEQ_NUM": 1,
        "BLOCK": "2",
        "FLOOR": "4",
        "FLAT": "B",
        "HOUSE_NUM_PREFIX": NaN,
        "STREET_NAME_ENG": NaN,
        "STREET_NAME_CHN": NaN,
        "AREA_DESC_ENG": NaN,
        "AREA_DESC_CHN": NaN,
        "FREE_FORMAT_ADDR_ENG": "FLAT B ON 4/F OF TOWER 2 SCENIC CREST NO. 18A MUI WO FERRY PIER ROAD MUI WO LANTAU ISLAND NEW TERRITORIES",
        "FREE_FORMAT_ADDR_CHN": NaN,
        "DEV_NAME_ENG": "SCENIC CREST",
        "DEV_NAME_CHN": "卓濤軒",
        "FIRST_REFERENCE_LOT_PRN": "C5433686"
    },
    {
        "PRN": "B3356461",
        "SEQ_NUM": 1,
        "BLOCK": "2",
        "FLOOR": "1",
        "FLAT": "C",
        "HOUSE_NUM_PREFIX": NaN,
        "STREET_NAME_ENG": NaN,
        "STREET_NAME_CHN": NaN,
        "AREA_DESC_ENG": NaN,
        "AREA_DESC_CHN": NaN,
        "FREE_FORMAT_ADDR_ENG": "FLAT C ON 1/F WITH FLAT ROOF OF TOWER 2 SCENIC CREST NO. 18A MUI WO FERRY PIER ROAD MUI WO LANTAU ISLAND NEW TERRITORIES",
        "FREE_FORMAT_ADDR_CHN": NaN,
        "DEV_NAME_ENG": "SCENIC CREST",
        "DEV_NAME_CHN": "卓濤軒",
        "FIRST_REFERENCE_LOT_PRN": "C5433686"
    },
    {
        "PRN": "B3356475",
        "SEQ_NUM": 1,
        "BLOCK": "2",
        "FLOOR": "2",
        "FLAT": "C",
        "HOUSE_NUM_PREFIX": NaN,
        "STREET_NAME_ENG": NaN,
        "STREET_NAME_CHN": NaN,
        "AREA_DESC_ENG": NaN,
        "AREA_DESC_CHN": NaN,
        "FREE_FORMAT_ADDR_ENG": "FLAT C ON 2/F OF TOWER 2 SCENIC CREST NO. 18A MUI WO FERRY PIER ROAD MUI WO LANTAU ISLAND NEW TERRITORIES",
        "FREE_FORMAT_ADDR_CHN": NaN,
        "DEV_NAME_ENG": "SCENIC CREST",
        "DEV_NAME_CHN": "卓濤軒",
        "FIRST_REFERENCE_LOT_PRN": "C5433686"
    },
    {
        "PRN": "B3356483",
        "SEQ_NUM": 1,
        "BLOCK": "2",
        "FLOOR": "4",
        "FLAT": "C",
        "HOUSE_NUM_PREFIX": NaN,
        "STREET_NAME_ENG": NaN,
        "STREET_NAME_CHN": NaN,
        "AREA_DESC_ENG": NaN,
        "AREA_DESC_CHN": NaN,
        "FREE_FORMAT_ADDR_ENG": "FLAT C ON 4/F OF TOWER 2 SCENIC CREST NO. 18A MUI WO FERRY PIER ROAD MUI WO LANTAU ISLAND NEW TERRITORIES",
        "FREE_FORMAT_ADDR_CHN": NaN,
        "DEV_NAME_ENG": "SCENIC CREST",
        "DEV_NAME_CHN": "卓濤軒",
        "FIRST_REFERENCE_LOT_PRN": "C5433686"
    },
    {
        "PRN": "B3356497",
        "SEQ_NUM": 1,
        "BLOCK": "2",
        "FLOOR": "5",
        "FLAT": "C",
        "HOUSE_NUM_PREFIX": NaN,
        "STREET_NAME_ENG": NaN,
        "STREET_NAME_CHN": NaN,
        "AREA_DESC_ENG": NaN,
        "AREA_DESC_CHN": NaN,
        "FREE_FORMAT_ADDR_ENG": "FLAT C ON 5/F WITH FLAT ROOF OF TOWER 2 SCENIC CREST NO. 18A MUI WO FERRY PIER ROAD MUI WO LANTAU ISLAND NEW TERRITORIES",
        "FREE_FORMAT_ADDR_CHN": NaN,
        "DEV_NAME_ENG": "SCENIC CREST",
        "DEV_NAME_CHN": "卓濤軒",
        "FIRST_REFERENCE_LOT_PRN": "C5433686"
    },
    {
        "PRN": "B3356504",
        "SEQ_NUM": 1,
        "BLOCK": "2",
        "FLOOR": "1",
        "FLAT": "D",
        "HOUSE_NUM_PREFIX": NaN,
        "STREET_NAME_ENG": NaN,
        "STREET_NAME_CHN": NaN,
        "AREA_DESC_ENG": NaN,
        "AREA_DESC_CHN": NaN,
        "FREE_FORMAT_ADDR_ENG": "FLAT D ON 1/F WITH FLAT ROOF OF TOWER 2 SCENIC CREST NO. 18A MUI WO FERRY PIER ROAD MUI WO LANTAU ISLAND NEW TERRITORIES",
        "FREE_FORMAT_ADDR_CHN": NaN,
        "DEV_NAME_ENG": "SCENIC CREST",
        "DEV_NAME_CHN": "卓濤軒",
        "FIRST_REFERENCE_LOT_PRN": "C5433686"
    },
    {
        "PRN": "B3356516",
        "SEQ_NUM": 1,
        "BLOCK": "2",
        "FLOOR": "2",
        "FLAT": "D",
        "HOUSE_NUM_PREFIX": NaN,
        "STREET_NAME_ENG": NaN,
        "STREET_NAME_CHN": NaN,
        "AREA_DESC_ENG": NaN,
        "AREA_DESC_CHN": NaN,
        "FREE_FORMAT_ADDR_ENG": "FLAT D ON 2/F OF TOWER 2 SCENIC CREST NO. 18A MUI WO FERRY PIER ROAD MUI WO LANTAU ISLAND NEW TERRITORIES",
        "FREE_FORMAT_ADDR_CHN": NaN,
        "DEV_NAME_ENG": "SCENIC CREST",
        "DEV_NAME_CHN": "卓濤軒",
        "FIRST_REFERENCE_LOT_PRN": "C5433686"
    },
    {
        "PRN": "B3356527",
        "SEQ_NUM": 1,
        "BLOCK": "2",
        "FLOOR": "1",
        "FLAT": "E",
        "HOUSE_NUM_PREFIX": NaN,
        "STREET_NAME_ENG": NaN,
        "STREET_NAME_CHN": NaN,
        "AREA_DESC_ENG": NaN,
        "AREA_DESC_CHN": NaN,
        "FREE_FORMAT_ADDR_ENG": "FLAT E ON 1/F WITH FLAT ROOF OF TOWER 2 SCENIC CREST NO. 18A MUI WO FERRY PIER ROAD MUI WO LANTAU ISLAND NEW TERRITORIES",
        "FREE_FORMAT_ADDR_CHN": NaN,
        "DEV_NAME_ENG": "SCENIC CREST",
        "DEV_NAME_CHN": "卓濤軒",
        "FIRST_REFERENCE_LOT_PRN": "C5433686"
    },
    {
        "PRN": "B3356532",
        "SEQ_NUM": 1,
        "BLOCK": "2",
        "FLOOR": "2",
        "FLAT": "E",
        "HOUSE_NUM_PREFIX": NaN,
        "STREET_NAME_ENG": NaN,
        "STREET_NAME_CHN": NaN,
        "AREA_DESC_ENG": NaN,
        "AREA_DESC_CHN": NaN,
        "FREE_FORMAT_ADDR_ENG": "FLAT E ON 2/F OF TOWER 2 SCENIC CREST NO. 18A MUI WO FERRY PIER ROAD MUI WO LANTAU ISLAND NEW TERRITORIES",
        "FREE_FORMAT_ADDR_CHN": NaN,
        "DEV_NAME_ENG": "SCENIC CREST",
        "DEV_NAME_CHN": "卓濤軒",
        "FIRST_REFERENCE_LOT_PRN": "C5433686"
    },
    {
        "PRN": "B3356544",
        "SEQ_NUM": 1,
        "BLOCK": "2",
        "FLOOR": "3",
        "FLAT": "E",
        "HOUSE_NUM_PREFIX": NaN,
        "STREET_NAME_ENG": NaN,
        "STREET_NAME_CHN": NaN,
        "AREA_DESC_ENG": NaN,
        "AREA_DESC_CHN": NaN,
        "FREE_FORMAT_ADDR_ENG": "FLAT E ON 3/F OF TOWER 2 SCENIC CREST NO. 18A MUI WO FERRY PIER ROAD MUI WO LANTAU ISLAND NEW TERRITORIES",
        "FREE_FORMAT_ADDR_CHN": NaN,
        "DEV_NAME_ENG": "SCENIC CREST",
        "DEV_NAME_CHN": "卓濤軒",
        "FIRST_REFERENCE_LOT_PRN": "C5433686"
    },
    {
        "PRN": "B3356558",
        "SEQ_NUM": 1,
        "BLOCK": "2",
        "FLOOR": "5",
        "FLAT": "E",
        "HOUSE_NUM_PREFIX": NaN,
        "STREET_NAME_ENG": NaN,
        "STREET_NAME_CHN": NaN,
        "AREA_DESC_ENG": NaN,
        "AREA_DESC_CHN": NaN,
        "FREE_FORMAT_ADDR_ENG": "FLAT E ON 5/F WITH FLAT ROOF OF TOWER 2 SCENIC CREST NO. 18A MUI WO FERRY PIER ROAD MUI WO LANTAU ISLAND NEW TERRITORIES",
        "FREE_FORMAT_ADDR_CHN": NaN,
        "DEV_NAME_ENG": "SCENIC CREST",
        "DEV_NAME_CHN": "卓濤軒",
        "FIRST_REFERENCE_LOT_PRN": "C5433686"
    },
    {
        "PRN": "B5046371",
        "SEQ_NUM": 1,
        "BLOCK": "1",
        "FLOOR": "5",
        "FLAT": "E",
        "HOUSE_NUM_PREFIX": NaN,
        "STREET_NAME_ENG": NaN,
        "STREET_NAME_CHN": NaN,
        "AREA_DESC_ENG": NaN,
        "AREA_DESC_CHN": NaN,
        "FREE_FORMAT_ADDR_ENG": "FLAT E ON 5/F WITH FLAT ROOF OF TOWER 1 SCENIC CREST NO. 18A MUI WO FERRY PIER ROAD MUI WO LANTAU ISLAND NEW TERRITORIES",
        "FREE_FORMAT_ADDR_CHN": NaN,
        "DEV_NAME_ENG": "SCENIC CREST",
        "DEV_NAME_CHN": "卓濤軒",
        "FIRST_REFERENCE_LOT_PRN": "C5433686"
    },
    {
        "PRN": "B5046393",
        "SEQ_NUM": 1,
        "BLOCK": "2",
        "FLOOR": "1",
        "FLAT": "B",
        "HOUSE_NUM_PREFIX": NaN,
        "STREET_NAME_ENG": NaN,
        "STREET_NAME_CHN": NaN,
        "AREA_DESC_ENG": NaN,
        "AREA_DESC_CHN": NaN,
        "FREE_FORMAT_ADDR_ENG": "FLAT B ON 1/F WITH FLAT ROOF OF TOWER 2 SCENIC CREST NO. 18A MUI WO FERRY PIER ROAD MUI WO LANTAU ISLAND NEW TERRITORIES",
        "FREE_FORMAT_ADDR_CHN": NaN,
        "DEV_NAME_ENG": "SCENIC CREST",
        "DEV_NAME_CHN": "卓濤軒",
        "FIRST_REFERENCE_LOT_PRN": "C5433686"
    },
    {
        "PRN": "B7731950",
        "SEQ_NUM": 1,
        "BLOCK": "1",
        "FLOOR": "2",
        "FLAT": "C",
        "HOUSE_NUM_PREFIX": NaN,
        "STREET_NAME_ENG": NaN,
        "STREET_NAME_CHN": NaN,
        "AREA_DESC_ENG": NaN,
        "AREA_DESC_CHN": NaN,
        "FREE_FORMAT_ADDR_ENG": "FLAT C ON 2/F OF TOWER 1 SCENIC CREST NO. 18A MUI WO FERRY PIER ROAD MUI WO LANTAU ISLAND NEW TERRITORIES",
        "FREE_FORMAT_ADDR_CHN": NaN,
        "DEV_NAME_ENG": "SCENIC CREST",
        "DEV_NAME_CHN": "卓濤軒",
        "FIRST_REFERENCE_LOT_PRN": "C5433686"
    },
    {
        "PRN": "B7731963",
        "SEQ_NUM": 1,
        "BLOCK": "1",
        "FLOOR": "4",
        "FLAT": "C",
        "HOUSE_NUM_PREFIX": NaN,
        "STREET_NAME_ENG": NaN,
        "STREET_NAME_CHN": NaN,
        "AREA_DESC_ENG": NaN,
        "AREA_DESC_CHN": NaN,
        "FREE_FORMAT_ADDR_ENG": "FLAT C ON 4/F OF TOWER 1 SCENIC CREST NO. 18A MUI WO FERRY PIER ROAD MUI WO LANTAU ISLAND NEW TERRITORIES",
        "FREE_FORMAT_ADDR_CHN": NaN,
        "DEV_NAME_ENG": "SCENIC CREST",
        "DEV_NAME_CHN": "卓濤軒",
        "FIRST_REFERENCE_LOT_PRN": "C5433686"
    },
    {
        "PRN": "B7731972",
        "SEQ_NUM": 1,
        "BLOCK": "1",
        "FLOOR": "2",
        "FLAT": "D",
        "HOUSE_NUM_PREFIX": NaN,
        "STREET_NAME_ENG": NaN,
        "STREET_NAME_CHN": NaN,
        "AREA_DESC_ENG": NaN,
        "AREA_DESC_CHN": NaN,
        "FREE_FORMAT_ADDR_ENG": "FLAT D ON 2/F OF TOWER 1 SCENIC CREST NO. 18A MUI WO FERRY PIER ROAD MUI WO LANTAU ISLAND NEW TERRITORIES",
        "FREE_FORMAT_ADDR_CHN": "香港新界大嶼山梅窩 梅窩碼頭路18A號 卓濤軒1座 2樓D室",
        "DEV_NAME_ENG": "SCENIC CREST",
        "DEV_NAME_CHN": "卓濤軒",
        "FIRST_REFERENCE_LOT_PRN": "C5433686"
    },
    {
        "PRN": "B7731986",
        "SEQ_NUM": 1,
        "BLOCK": "1",
        "FLOOR": "4",
        "FLAT": "D",
        "HOUSE_NUM_PREFIX": NaN,
        "STREET_NAME_ENG": NaN,
        "STREET_NAME_CHN": NaN,
        "AREA_DESC_ENG": NaN,
        "AREA_DESC_CHN": NaN,
        "FREE_FORMAT_ADDR_ENG": "FLAT D ON 4/F OF TOWER 1 SCENIC CREST NO. 18A MUI WO FERRY PIER ROAD MUI WO LANTAU ISLAND NEW TERRITORIES",
        "FREE_FORMAT_ADDR_CHN": NaN,
        "DEV_NAME_ENG": "SCENIC CREST",
        "DEV_NAME_CHN": "卓濤軒",
        "FIRST_REFERENCE_LOT_PRN": "C5433686"
    },
    {
        "PRN": "B7731990",
        "SEQ_NUM": 1,
        "BLOCK": "2",
        "FLOOR": "3",
        "FLAT": "C",
        "HOUSE_NUM_PREFIX": NaN,
        "STREET_NAME_ENG": NaN,
        "STREET_NAME_CHN": NaN,
        "AREA_DESC_ENG": NaN,
        "AREA_DESC_CHN": NaN,
        "FREE_FORMAT_ADDR_ENG": "FLAT C ON 3/F OF TOWER 2 SCENIC CREST NO. 18A MUI WO FERRY PIER ROAD MUI WO LANTAU ISLAND NEW TERRITORIES",
        "FREE_FORMAT_ADDR_CHN": NaN,
        "DEV_NAME_ENG": "SCENIC CREST",
        "DEV_NAME_CHN": "卓濤軒",
        "FIRST_REFERENCE_LOT_PRN": "C5433686"
    },
    {
        "PRN": "B7732009",
        "SEQ_NUM": 1,
        "BLOCK": "2",
        "FLOOR": "5",
        "FLAT": "D",
        "HOUSE_NUM_PREFIX": NaN,
        "STREET_NAME_ENG": NaN,
        "STREET_NAME_CHN": NaN,
        "AREA_DESC_ENG": NaN,
        "AREA_DESC_CHN": NaN,
        "FREE_FORMAT_ADDR_ENG": "FLAT D ON 5/F WITH FLAT ROOF OF TOWER 2 SCENIC CREST NO. 18A MUI WO FERRY PIER ROAD MUI WO LANTAU ISLAND NEW TERRITORIES",
        "FREE_FORMAT_ADDR_CHN": NaN,
        "DEV_NAME_ENG": "SCENIC CREST",
        "DEV_NAME_CHN": "卓濤軒",
        "FIRST_REFERENCE_LOT_PRN": "C5433686"
    },
    {
        "PRN": "B8403149",
        "SEQ_NUM": 1,
        "BLOCK": "2",
        "FLOOR": "4",
        "FLAT": "A",
        "HOUSE_NUM_PREFIX": NaN,
        "STREET_NAME_ENG": NaN,
        "STREET_NAME_CHN": NaN,
        "AREA_DESC_ENG": NaN,
        "AREA_DESC_CHN": NaN,
        "FREE_FORMAT_ADDR_ENG": "FLAT A ON 4/F OF TOWER 2 SCENIC CREST NO. 18A MUI WO FERRY PIER ROAD MUI WO LANTAU ISLAND NEW TERRITORIES",
        "FREE_FORMAT_ADDR_CHN": NaN,
        "DEV_NAME_ENG": "SCENIC CREST",
        "DEV_NAME_CHN": "卓濤軒",
        "FIRST_REFERENCE_LOT_PRN": "C5433686"
    },
    {
        "PRN": "C0411554",
        "SEQ_NUM": 1,
        "BLOCK": "1",
        "FLOOR": "3",
        "FLAT": "A",
        "HOUSE_NUM_PREFIX": NaN,
        "STREET_NAME_ENG": NaN,
        "STREET_NAME_CHN": NaN,
        "AREA_DESC_ENG": NaN,
        "AREA_DESC_CHN": NaN,
        "FREE_FORMAT_ADDR_ENG": "FLAT A ON 3/F OF TOWER 1 SCENIC CREST NO. 18A MUI WO FERRY PIER ROAD MUI WO LANTAU ISLAND NEW TERRITORIES",
        "FREE_FORMAT_ADDR_CHN": NaN,
        "DEV_NAME_ENG": "SCENIC CREST",
        "DEV_NAME_CHN": "卓濤軒",
        "FIRST_REFERENCE_LOT_PRN": "C5433686"
    },
    {
        "PRN": "C0411560",
        "SEQ_NUM": 1,
        "BLOCK": "2",
        "FLOOR": "2",
        "FLAT": "A",
        "HOUSE_NUM_PREFIX": NaN,
        "STREET_NAME_ENG": NaN,
        "STREET_NAME_CHN": NaN,
        "AREA_DESC_ENG": NaN,
        "AREA_DESC_CHN": NaN,
        "FREE_FORMAT_ADDR_ENG": "FLAT A ON 2/F OF TOWER 2 SCENIC CREST NO. 18A MUI WO FERRY PIER ROAD MUI WO LANTAU ISLAND NEW TERRITORIES",
        "FREE_FORMAT_ADDR_CHN": NaN,
        "DEV_NAME_ENG": "SCENIC CREST",
        "DEV_NAME_CHN": "卓濤軒",
        "FIRST_REFERENCE_LOT_PRN": "C5433686"
    },
    {
        "PRN": "C0411579",
        "SEQ_NUM": 1,
        "BLOCK": "2",
        "FLOOR": "5",
        "FLAT": "B",
        "HOUSE_NUM_PREFIX": NaN,
        "STREET_NAME_ENG": NaN,
        "STREET_NAME_CHN": NaN,
        "AREA_DESC_ENG": NaN,
        "AREA_DESC_CHN": NaN,
        "FREE_FORMAT_ADDR_ENG": "FLAT B ON 5/F WITH FLAT ROOF OF TOWER 2 SCENIC CREST NO. 18A MUI WO FERRY PIER ROAD MUI WO LANTAU ISLAND NEW TERRITORIES",
        "FREE_FORMAT_ADDR_CHN": NaN,
        "DEV_NAME_ENG": "SCENIC CREST",
        "DEV_NAME_CHN": "卓濤軒",
        "FIRST_REFERENCE_LOT_PRN": "C5433686"
    },
    {
        "PRN": "C0411583",
        "SEQ_NUM": 1,
        "BLOCK": "2",
        "FLOOR": "3",
        "FLAT": "D",
        "HOUSE_NUM_PREFIX": NaN,
        "STREET_NAME_ENG": NaN,
        "STREET_NAME_CHN": NaN,
        "AREA_DESC_ENG": NaN,
        "AREA_DESC_CHN": NaN,
        "FREE_FORMAT_ADDR_ENG": "FLAT D ON 3/F OF TOWER 2 SCENIC CREST NO. 18A MUI WO FERRY PIER ROAD MUI WO LANTAU ISLAND NEW TERRITORIES",
        "FREE_FORMAT_ADDR_CHN": NaN,
        "DEV_NAME_ENG": "SCENIC CREST",
        "DEV_NAME_CHN": "卓濤軒",
        "FIRST_REFERENCE_LOT_PRN": "C5433686"
    },
    {
        "PRN": "C0411597",
        "SEQ_NUM": 1,
        "BLOCK": "2",
        "FLOOR": "4",
        "FLAT": "E",
        "HOUSE_NUM_PREFIX": NaN,
        "STREET_NAME_ENG": NaN,
        "STREET_NAME_CHN": NaN,
        "AREA_DESC_ENG": NaN,
        "AREA_DESC_CHN": NaN,
        "FREE_FORMAT_ADDR_ENG": "FLAT E ON 4/F OF TOWER 2 SCENIC CREST NO. 18A MUI WO FERRY PIER ROAD MUI WO LANTAU ISLAND NEW TERRITORIES",
        "FREE_FORMAT_ADDR_CHN": NaN,
        "DEV_NAME_ENG": "SCENIC CREST",
        "DEV_NAME_CHN": "卓濤軒",
        "FIRST_REFERENCE_LOT_PRN": "C5433686"
    },
    {
        "PRN": "C1085057",
        "SEQ_NUM": 1,
        "BLOCK": "1",
        "FLOOR": "5",
        "FLAT": "B",
        "HOUSE_NUM_PREFIX": NaN,
        "STREET_NAME_ENG": NaN,
        "STREET_NAME_CHN": NaN,
        "AREA_DESC_ENG": NaN,
        "AREA_DESC_CHN": NaN,
        "FREE_FORMAT_ADDR_ENG": "FLAT B ON 5/F WITH FLAT ROOF OF TOWER 1 SCENIC CREST NO. 18A MUI WO FERRY PIER ROAD MUI WO LANTAU ISLAND NEW TERRITORIES",
        "FREE_FORMAT_ADDR_CHN": NaN,
        "DEV_NAME_ENG": "SCENIC CREST",
        "DEV_NAME_CHN": "卓濤軒",
        "FIRST_REFERENCE_LOT_PRN": "C5433686"
    },
    {
        "PRN": "C1085061",
        "SEQ_NUM": 1,
        "BLOCK": "2",
        "FLOOR": "3",
        "FLAT": "B",
        "HOUSE_NUM_PREFIX": NaN,
        "STREET_NAME_ENG": NaN,
        "STREET_NAME_CHN": NaN,
        "AREA_DESC_ENG": NaN,
        "AREA_DESC_CHN": NaN,
        "FREE_FORMAT_ADDR_ENG": "FLAT B ON 3/F OF TOWER 2 SCENIC CREST NO. 18A MUI WO FERRY PIER ROAD MUI WO LANTAU ISLAND NEW TERRITORIES",
        "FREE_FORMAT_ADDR_CHN": NaN,
        "DEV_NAME_ENG": "SCENIC CREST",
        "DEV_NAME_CHN": "卓濤軒",
        "FIRST_REFERENCE_LOT_PRN": "C5433686"
    },
    {
        "PRN": "C1085078",
        "SEQ_NUM": 1,
        "BLOCK": "2",
        "FLOOR": "4",
        "FLAT": "D",
        "HOUSE_NUM_PREFIX": NaN,
        "STREET_NAME_ENG": NaN,
        "STREET_NAME_CHN": NaN,
        "AREA_DESC_ENG": NaN,
        "AREA_DESC_CHN": NaN,
        "FREE_FORMAT_ADDR_ENG": "FLAT D ON 4/F OF TOWER 2 SCENIC CREST NO. 18A MUI WO FERRY PIER ROAD MUI WO LANTAU ISLAND NEW TERRITORIES",
        "FREE_FORMAT_ADDR_CHN": NaN,
        "DEV_NAME_ENG": "SCENIC CREST",
        "DEV_NAME_CHN": "卓濤軒",
        "FIRST_REFERENCE_LOT_PRN": "C5433686"
    }
]