[
    {
        "PRN": "D1538439",
        "SEQ_NUM": 1,
        "BLOCK": "CARP",
        "FLOOR": NaN,
        "FLAT": NaN,
        "HOUSE_NUM_PREFIX": 3.0,
        "STREET_NAME_ENG": "SHEK WAI KOK ROAD",
        "STREET_NAME_CHN": NaN,
        "AREA_DESC_ENG": "TSUEN WAN",
        "AREA_DESC_CHN": "荃灣",
        "FREE_FORMAT_ADDR_ENG": "CAR PARK BLOCK SHEK WAI KOK ESTATE NO.3 SHEK WAI KOK ROAD TSUEN WAN NEW TERRITORIES",
        "FREE_FORMAT_ADDR_CHN": NaN,
        "DEV_NAME_ENG": "SHEK WAI KOK ESTATE",
        "DEV_NAME_CHN": "石圍角邨",
        "FIRST_REFERENCE_LOT_PRN": "D1392178"
    },
    {
        "PRN": "D1538442",
        "SEQ_NUM": 1,
        "BLOCK": "SHFO",
        "FLOOR": NaN,
        "FLAT": NaN,
        "HOUSE_NUM_PREFIX": 3.0,
        "STREET_NAME_ENG": "SHEK WAI KOK ROAD",
        "STREET_NAME_CHN": NaN,
        "AREA_DESC_ENG": "TSUEN WAN",
        "AREA_DESC_CHN": "荃灣",
        "FREE_FORMAT_ADDR_ENG": "SHEK FONG HOUSE SHEK WAI KOK ESTATE NO.3 SHEK WAI KOK ROAD TSUEN WAN NEW TERRITORIES",
        "FREE_FORMAT_ADDR_CHN": NaN,
        "DEV_NAME_ENG": "SHEK WAI KOK ESTATE",
        "DEV_NAME_CHN": "石圍角邨",
        "FIRST_REFERENCE_LOT_PRN": "D1392178"
    },
    {
        "PRN": "D1538450",
        "SEQ_NUM": 1,
        "BLOCK": "SHHO",
        "FLOOR": NaN,
        "FLAT": NaN,
        "HOUSE_NUM_PREFIX": 3.0,
        "STREET_NAME_ENG": "SHEK WAI KOK ROAD",
        "STREET_NAME_CHN": NaN,
        "AREA_DESC_ENG": "TSUEN WAN",
        "AREA_DESC_CHN": "荃灣",
        "FREE_FORMAT_ADDR_ENG": "SHEK HO HOUSE SHEK WAI KOK ESTATE NO.3 SHEK WAI KOK ROAD TSUEN WAN NEW TERRITORIES",
        "FREE_FORMAT_ADDR_CHN": NaN,
        "DEV_NAME_ENG": "SHEK WAI KOK ESTATE",
        "DEV_NAME_CHN": "石圍角邨",
        "FIRST_REFERENCE_LOT_PRN": "D1392178"
    },
    {
        "PRN": "D1538462",
        "SEQ_NUM": 1,
        "BLOCK": "SHKU",
        "FLOOR": NaN,
        "FLAT": NaN,
        "HOUSE_NUM_PREFIX": 3.0,
        "STREET_NAME_ENG": "SHEK WAI KOK ROAD",
        "STREET_NAME_CHN": NaN,
        "AREA_DESC_ENG": "TSUEN WAN",
        "AREA_DESC_CHN": "荃灣",
        "FREE_FORMAT_ADDR_ENG": "SHEK KUK HOUSE SHEK WAI KOK ESTATE NO.3 SHEK WAI KOK ROAD TSUEN WAN NEW TERRITORIES",
        "FREE_FORMAT_ADDR_CHN": NaN,
        "DEV_NAME_ENG": "SHEK WAI KOK ESTATE",
        "DEV_NAME_CHN": "石圍角邨",
        "FIRST_REFERENCE_LOT_PRN": "D1392178"
    },
    {
        "PRN": "D1538477",
        "SEQ_NUM": 1,
        "BLOCK": "SHKW",
        "FLOOR": NaN,
        "FLAT": NaN,
        "HOUSE_NUM_PREFIX": 3.0,
        "STREET_NAME_ENG": "SHEK WAI KOK ROAD",
        "STREET_NAME_CHN": NaN,
        "AREA_DESC_ENG": "TSUEN WAN",
        "AREA_DESC_CHN": "荃灣",
        "FREE_FORMAT_ADDR_ENG": "SHEK KWAI HOUSE SHEK WAI KOK ESTATE NO.3 SHEK WAI KOK ROAD TSUEN WAN NEW TERRITORIES",
        "FREE_FORMAT_ADDR_CHN": NaN,
        "DEV_NAME_ENG": "SHEK WAI KOK ESTATE",
        "DEV_NAME_CHN": "石圍角邨",
        "FIRST_REFERENCE_LOT_PRN": "D1392178"
    },
    {
        "PRN": "D1538489",
        "SEQ_NUM": 1,
        "BLOCK": "SHLA",
        "FLOOR": NaN,
        "FLAT": NaN,
        "HOUSE_NUM_PREFIX": 3.0,
        "STREET_NAME_ENG": "SHEK WAI KOK ROAD",
        "STREET_NAME_CHN": NaN,
        "AREA_DESC_ENG": "TSUEN WAN",
        "AREA_DESC_CHN": "荃灣",
        "FREE_FORMAT_ADDR_ENG": "SHEK LAN HOUSE SHEK WAI KOK ESTATE NO.3 SHEK WAI KOK ROAD TSUEN WAN NEW TERRITORIES",
        "FREE_FORMAT_ADDR_CHN": NaN,
        "DEV_NAME_ENG": "SHEK WAI KOK ESTATE",
        "DEV_NAME_CHN": "石圍角邨",
        "FIRST_REFERENCE_LOT_PRN": "D1392178"
    },
    {
        "PRN": "D1538495",
        "SEQ_NUM": 1,
        "BLOCK": "SHLI",
        "FLOOR": NaN,
        "FLAT": NaN,
        "HOUSE_NUM_PREFIX": 3.0,
        "STREET_NAME_ENG": "SHEK WAI KOK ROAD",
        "STREET_NAME_CHN": NaN,
        "AREA_DESC_ENG": "TSUEN WAN",
        "AREA_DESC_CHN": "荃灣",
        "FREE_FORMAT_ADDR_ENG": "SHEK LIN HOUSE SHEK WAI KOK ESTATE NO.3 SHEK WAI KOK ROAD TSUEN WAN NEW TERRITORIES",
        "FREE_FORMAT_ADDR_CHN": NaN,
        "DEV_NAME_ENG": "SHEK WAI KOK ESTATE",
        "DEV_NAME_CHN": "石圍角邨",
        "FIRST_REFERENCE_LOT_PRN": "D1392178"
    },
    {
        "PRN": "D1538502",
        "SEQ_NUM": 1,
        "BLOCK": "SHTO",
        "FLOOR": NaN,
        "FLAT": NaN,
        "HOUSE_NUM_PREFIX": 3.0,
        "STREET_NAME_ENG": "SHEK WAI KOK ROAD",
        "STREET_NAME_CHN": NaN,
        "AREA_DESC_ENG": "TSUEN WAN",
        "AREA_DESC_CHN": "荃灣",
        "FREE_FORMAT_ADDR_ENG": "SHEK TO HOUSE SHEK WAI KOK ESTATE NO.3 SHEK WAI KOK ROAD TSUEN WAN NEW TERRITORIES",
        "FREE_FORMAT_ADDR_CHN": NaN,
        "DEV_NAME_ENG": "SHEK WAI KOK ESTATE",
        "DEV_NAME_CHN": "石圍角邨",
        "FIRST_REFERENCE_LOT_PRN": "D1392178"
    },
    {
        "PRN": "D1538518",
        "SEQ_NUM": 1,
        "BLOCK": "SHTS",
        "FLOOR": NaN,
        "FLAT": NaN,
        "HOUSE_NUM_PREFIX": 3.0,
        "STREET_NAME_ENG": "SHEK WAI KOK ROAD",
        "STREET_NAME_CHN": NaN,
        "AREA_DESC_ENG": "TSUEN WAN",
        "AREA_DESC_CHN": "荃灣",
        "FREE_FORMAT_ADDR_ENG": "SHEK TSUI HOUSE SHEK WAI KOK ESTATE NO.3 SHEK WAI KOK ROAD TSUEN WAN NEW TERRITORIES",
        "FREE_FORMAT_ADDR_CHN": NaN,
        "DEV_NAME_ENG": "SHEK WAI KOK ESTATE",
        "DEV_NAME_CHN": "石圍角邨",
        "FIRST_REFERENCE_LOT_PRN": "D1392178"
    }
]