[
    {
        "PRN": "D1335682",
        "SEQ_NUM": 1,
        "BLOCK": "ONCH",
        "FLOOR": NaN,
        "FLAT": NaN,
        "HOUSE_NUM_PREFIX": 1.0,
        "STREET_NAME_ENG": "LEE ON ROAD",
        "STREET_NAME_CHN": "利安道",
        "AREA_DESC_ENG": "KOWLOON",
        "AREA_DESC_CHN": "九龍",
        "FREE_FORMAT_ADDR_ENG": "ON CHUNG HOUSE SHUN ON ESTATE NO.1 LEE ON ROAD KOWLOON",
        "FREE_FORMAT_ADDR_CHN": NaN,
        "DEV_NAME_ENG": "SHUN ON ESTATE",
        "DEV_NAME_CHN": "順安邨",
        "FIRST_REFERENCE_LOT_PRN": "D1296478"
    },
    {
        "PRN": "D1335695",
        "SEQ_NUM": 1,
        "BLOCK": "ONKW",
        "FLOOR": NaN,
        "FLAT": NaN,
        "HOUSE_NUM_PREFIX": 1.0,
        "STREET_NAME_ENG": "LEE ON ROAD",
        "STREET_NAME_CHN": "利安道",
        "AREA_DESC_ENG": "KOWLOON",
        "AREA_DESC_CHN": "九龍",
        "FREE_FORMAT_ADDR_ENG": "ON KWAN HOUSE SHUN ON ESTATE NO.1 LEE ON ROAD KOWLOON",
        "FREE_FORMAT_ADDR_CHN": NaN,
        "DEV_NAME_ENG": "SHUN ON ESTATE",
        "DEV_NAME_CHN": "順安邨",
        "FIRST_REFERENCE_LOT_PRN": "D1296478"
    },
    {
        "PRN": "D1335709",
        "SEQ_NUM": 1,
        "BLOCK": "ONYA",
        "FLOOR": NaN,
        "FLAT": NaN,
        "HOUSE_NUM_PREFIX": 1.0,
        "STREET_NAME_ENG": "LEE ON ROAD",
        "STREET_NAME_CHN": "利安道",
        "AREA_DESC_ENG": "KOWLOON",
        "AREA_DESC_CHN": "九龍",
        "FREE_FORMAT_ADDR_ENG": "ON YAT HOUSE SHUN ON ESTATE NO.1 LEE ON ROAD KOWLOON",
        "FREE_FORMAT_ADDR_CHN": NaN,
        "DEV_NAME_ENG": "SHUN ON ESTATE",
        "DEV_NAME_CHN": "順安邨",
        "FIRST_REFERENCE_LOT_PRN": "D1296478"
    }
]