[
    {
        "PRN": "B3109023",
        "SEQ_NUM": 1,
        "BLOCK": "A",
        "FLOOR": "MR",
        "FLAT": NaN,
        "HOUSE_NUM_PREFIX": NaN,
        "STREET_NAME_ENG": NaN,
        "STREET_NAME_CHN": NaN,
        "AREA_DESC_ENG": NaN,
        "AREA_DESC_CHN": NaN,
        "FREE_FORMAT_ADDR_ENG": "MAIN ROOF IN BLOCK A SIU YAT BUILDING NO. 1 SAI KUNG HOI PONG SQUARE SAI KUNG NEW TERRITORIES",
        "FREE_FORMAT_ADDR_CHN": NaN,
        "DEV_NAME_ENG": "SIU YAT BUILDING",
        "DEV_NAME_CHN": "兆日大廈",
        "FIRST_REFERENCE_LOT_PRN": "C3646063"
    },
    {
        "PRN": "B3109203",
        "SEQ_NUM": 1,
        "BLOCK": "A",
        "FLOOR": "10",
        "FLAT": "A1",
        "HOUSE_NUM_PREFIX": NaN,
        "STREET_NAME_ENG": NaN,
        "STREET_NAME_CHN": NaN,
        "AREA_DESC_ENG": NaN,
        "AREA_DESC_CHN": NaN,
        "FREE_FORMAT_ADDR_ENG": "FLAT 1 ON 10/F IN BLOCK A SIU YAT BUILDING NO. 1 SAI KUNG HOI PONG SQUARE SAI KUNG NEW TERRITORIES",
        "FREE_FORMAT_ADDR_CHN": NaN,
        "DEV_NAME_ENG": "SIU YAT BUILDING",
        "DEV_NAME_CHN": "兆日大廈",
        "FIRST_REFERENCE_LOT_PRN": "C3646063"
    },
    {
        "PRN": "B3109212",
        "SEQ_NUM": 1,
        "BLOCK": "A",
        "FLOOR": "11",
        "FLAT": "A1",
        "HOUSE_NUM_PREFIX": NaN,
        "STREET_NAME_ENG": NaN,
        "STREET_NAME_CHN": NaN,
        "AREA_DESC_ENG": NaN,
        "AREA_DESC_CHN": NaN,
        "FREE_FORMAT_ADDR_ENG": "FLAT A1 ON 11/F & A PORTION OF ROOF IMMEDIATELY ABOVE THEREOF IN BLK. A SIU YAT BUILDING NO. 1 SAI KUNG HOI PONG SQUARE SAI KUNG NEW TERRITORIES",
        "FREE_FORMAT_ADDR_CHN": NaN,
        "DEV_NAME_ENG": "SIU YAT BUILDING",
        "DEV_NAME_CHN": "兆日大廈",
        "FIRST_REFERENCE_LOT_PRN": "C3646063"
    },
    {
        "PRN": "B3109228",
        "SEQ_NUM": 1,
        "BLOCK": "A",
        "FLOOR": "5",
        "FLAT": "A1",
        "HOUSE_NUM_PREFIX": NaN,
        "STREET_NAME_ENG": NaN,
        "STREET_NAME_CHN": NaN,
        "AREA_DESC_ENG": NaN,
        "AREA_DESC_CHN": NaN,
        "FREE_FORMAT_ADDR_ENG": "FLAT A1 ON 5/F IN BLOCK A SIU YAT BUILDING NO. 1 SAI KUNG HOI PONG SQUARE SAI KUNG NEW TERRITORIES",
        "FREE_FORMAT_ADDR_CHN": NaN,
        "DEV_NAME_ENG": "SIU YAT BUILDING",
        "DEV_NAME_CHN": "兆日大廈",
        "FIRST_REFERENCE_LOT_PRN": "C3646063"
    },
    {
        "PRN": "B3109233",
        "SEQ_NUM": 1,
        "BLOCK": "A",
        "FLOOR": "8",
        "FLAT": "A1",
        "HOUSE_NUM_PREFIX": NaN,
        "STREET_NAME_ENG": NaN,
        "STREET_NAME_CHN": NaN,
        "AREA_DESC_ENG": NaN,
        "AREA_DESC_CHN": NaN,
        "FREE_FORMAT_ADDR_ENG": "FLAT A1 ON 8/F IN BLOCK A SIU YAT BUILDING NO. 1 SAI KUNG HOI PONG SQUARE SAI KUNG NEW TERRITORIES",
        "FREE_FORMAT_ADDR_CHN": NaN,
        "DEV_NAME_ENG": "SIU YAT BUILDING",
        "DEV_NAME_CHN": "兆日大廈",
        "FIRST_REFERENCE_LOT_PRN": "C3646063"
    },
    {
        "PRN": "B3109245",
        "SEQ_NUM": 1,
        "BLOCK": "A",
        "FLOOR": "9",
        "FLAT": "A1",
        "HOUSE_NUM_PREFIX": NaN,
        "STREET_NAME_ENG": NaN,
        "STREET_NAME_CHN": NaN,
        "AREA_DESC_ENG": NaN,
        "AREA_DESC_CHN": NaN,
        "FREE_FORMAT_ADDR_ENG": "FLAT A1 ON 9/F IN BLOCK A SIU YAT BUILDING NO. 1 SAI KUNG HOI PONG SQUARE SAI KUNG NEW TERRITORIES",
        "FREE_FORMAT_ADDR_CHN": NaN,
        "DEV_NAME_ENG": "SIU YAT BUILDING",
        "DEV_NAME_CHN": "兆日大廈",
        "FIRST_REFERENCE_LOT_PRN": "C3646063"
    },
    {
        "PRN": "B3109256",
        "SEQ_NUM": 1,
        "BLOCK": "A",
        "FLOOR": "10",
        "FLAT": "A2",
        "HOUSE_NUM_PREFIX": NaN,
        "STREET_NAME_ENG": NaN,
        "STREET_NAME_CHN": NaN,
        "AREA_DESC_ENG": NaN,
        "AREA_DESC_CHN": NaN,
        "FREE_FORMAT_ADDR_ENG": "FLAT A2 ON 10/F IN BLOCK A SIU YAT BUILDING NO. 1 SAI KUNG HOI PONG SQUARE SAI KUNG NEW TERRITORIES",
        "FREE_FORMAT_ADDR_CHN": NaN,
        "DEV_NAME_ENG": "SIU YAT BUILDING",
        "DEV_NAME_CHN": "兆日大廈",
        "FIRST_REFERENCE_LOT_PRN": "C3646063"
    },
    {
        "PRN": "B3109269",
        "SEQ_NUM": 1,
        "BLOCK": "A",
        "FLOOR": "11",
        "FLAT": "A2",
        "HOUSE_NUM_PREFIX": NaN,
        "STREET_NAME_ENG": NaN,
        "STREET_NAME_CHN": NaN,
        "AREA_DESC_ENG": NaN,
        "AREA_DESC_CHN": NaN,
        "FREE_FORMAT_ADDR_ENG": "FLAT A2 ON 11/F & A PORTION OF ROOF IMMEDIATELY ABOVE THEREOF IN BLK. A SIU YAT BUILDING NO. 1 SAI KUNG HOI PONG SQUARE SAI KUNG NEW TERRITORIES",
        "FREE_FORMAT_ADDR_CHN": NaN,
        "DEV_NAME_ENG": "SIU YAT BUILDING",
        "DEV_NAME_CHN": "兆日大廈",
        "FIRST_REFERENCE_LOT_PRN": "C3646063"
    },
    {
        "PRN": "B3109275",
        "SEQ_NUM": 1,
        "BLOCK": "A",
        "FLOOR": "2",
        "FLAT": "A2",
        "HOUSE_NUM_PREFIX": NaN,
        "STREET_NAME_ENG": NaN,
        "STREET_NAME_CHN": NaN,
        "AREA_DESC_ENG": NaN,
        "AREA_DESC_CHN": NaN,
        "FREE_FORMAT_ADDR_ENG": "FLAT A2 WITH A PORTION OF FLAT ROOF ON 2/F IN BLOCK A SIU YAT BUILDING NO. 1 SAI KUNG HOI PONG SQUARE SAI KUNG NEW TERRITORIES",
        "FREE_FORMAT_ADDR_CHN": NaN,
        "DEV_NAME_ENG": "SIU YAT BUILDING",
        "DEV_NAME_CHN": "兆日大廈",
        "FIRST_REFERENCE_LOT_PRN": "C3646063"
    },
    {
        "PRN": "B3109287",
        "SEQ_NUM": 1,
        "BLOCK": "A",
        "FLOOR": "4",
        "FLAT": "A2",
        "HOUSE_NUM_PREFIX": NaN,
        "STREET_NAME_ENG": NaN,
        "STREET_NAME_CHN": NaN,
        "AREA_DESC_ENG": NaN,
        "AREA_DESC_CHN": NaN,
        "FREE_FORMAT_ADDR_ENG": "FLAT A2 ON 4/F IN BLOCK A SIU YAT BUILDING NO. 1 SAI KUNG HOI PONG SQUARE SAI KUNG NEW TERRITORIES",
        "FREE_FORMAT_ADDR_CHN": NaN,
        "DEV_NAME_ENG": "SIU YAT BUILDING",
        "DEV_NAME_CHN": "兆日大廈",
        "FIRST_REFERENCE_LOT_PRN": "C3646063"
    },
    {
        "PRN": "B3109293",
        "SEQ_NUM": 1,
        "BLOCK": "A",
        "FLOOR": "5",
        "FLAT": "A2",
        "HOUSE_NUM_PREFIX": NaN,
        "STREET_NAME_ENG": NaN,
        "STREET_NAME_CHN": NaN,
        "AREA_DESC_ENG": NaN,
        "AREA_DESC_CHN": NaN,
        "FREE_FORMAT_ADDR_ENG": "FLAT A2 ON 5/F IN BLOCK A SIU YAT BUILDING NO. 1 SAI KUNG HOI PONG SQUARE SAI KUNG NEW TERRITORIES",
        "FREE_FORMAT_ADDR_CHN": NaN,
        "DEV_NAME_ENG": "SIU YAT BUILDING",
        "DEV_NAME_CHN": "兆日大廈",
        "FIRST_REFERENCE_LOT_PRN": "C3646063"
    },
    {
        "PRN": "B3109300",
        "SEQ_NUM": 1,
        "BLOCK": "A",
        "FLOOR": "6",
        "FLAT": "A2",
        "HOUSE_NUM_PREFIX": NaN,
        "STREET_NAME_ENG": NaN,
        "STREET_NAME_CHN": NaN,
        "AREA_DESC_ENG": NaN,
        "AREA_DESC_CHN": NaN,
        "FREE_FORMAT_ADDR_ENG": "FLAT A2 ON 6/F IN BLOCK A SIU YAT BUILDING NO. 1 SAI KUNG HOI PONG SQUARE SAI KUNG NEW TERRITORIES",
        "FREE_FORMAT_ADDR_CHN": NaN,
        "DEV_NAME_ENG": "SIU YAT BUILDING",
        "DEV_NAME_CHN": "兆日大廈",
        "FIRST_REFERENCE_LOT_PRN": "C3646063"
    },
    {
        "PRN": "B3109314",
        "SEQ_NUM": 1,
        "BLOCK": "A",
        "FLOOR": "8",
        "FLAT": "A2",
        "HOUSE_NUM_PREFIX": NaN,
        "STREET_NAME_ENG": NaN,
        "STREET_NAME_CHN": NaN,
        "AREA_DESC_ENG": NaN,
        "AREA_DESC_CHN": NaN,
        "FREE_FORMAT_ADDR_ENG": "FLAT A2 ON 8/F IN BLOCK A SIU YAT BUILDING NO. 1 SAI KUNG HOI PONG SQUARE SAI KUNG NEW TERRITORIES",
        "FREE_FORMAT_ADDR_CHN": NaN,
        "DEV_NAME_ENG": "SIU YAT BUILDING",
        "DEV_NAME_CHN": "兆日大廈",
        "FIRST_REFERENCE_LOT_PRN": "C3646063"
    },
    {
        "PRN": "B3109325",
        "SEQ_NUM": 1,
        "BLOCK": "A",
        "FLOOR": "9",
        "FLAT": "A2",
        "HOUSE_NUM_PREFIX": NaN,
        "STREET_NAME_ENG": NaN,
        "STREET_NAME_CHN": NaN,
        "AREA_DESC_ENG": NaN,
        "AREA_DESC_CHN": NaN,
        "FREE_FORMAT_ADDR_ENG": "FLAT A2 ON 9/F IN BLOCK A SIU YAT BUILDING NO. 1 SAI KUNG HOI PONG SQUARE SAI KUNG NEW TERRITORIES",
        "FREE_FORMAT_ADDR_CHN": NaN,
        "DEV_NAME_ENG": "SIU YAT BUILDING",
        "DEV_NAME_CHN": "兆日大廈",
        "FIRST_REFERENCE_LOT_PRN": "C3646063"
    },
    {
        "PRN": "B3109339",
        "SEQ_NUM": 1,
        "BLOCK": "A",
        "FLOOR": "10",
        "FLAT": "A3",
        "HOUSE_NUM_PREFIX": NaN,
        "STREET_NAME_ENG": NaN,
        "STREET_NAME_CHN": NaN,
        "AREA_DESC_ENG": NaN,
        "AREA_DESC_CHN": NaN,
        "FREE_FORMAT_ADDR_ENG": "FLAT A3 ON 10/F IN BLOCK A SIU YAT BUILDING NO. 1 SAI KUNG HOI PONG SQUARE SAI KUNG NEW TERRITORIES",
        "FREE_FORMAT_ADDR_CHN": NaN,
        "DEV_NAME_ENG": "SIU YAT BUILDING",
        "DEV_NAME_CHN": "兆日大廈",
        "FIRST_REFERENCE_LOT_PRN": "C3646063"
    },
    {
        "PRN": "B3109342",
        "SEQ_NUM": 1,
        "BLOCK": "A",
        "FLOOR": "11",
        "FLAT": "A3",
        "HOUSE_NUM_PREFIX": NaN,
        "STREET_NAME_ENG": NaN,
        "STREET_NAME_CHN": NaN,
        "AREA_DESC_ENG": NaN,
        "AREA_DESC_CHN": NaN,
        "FREE_FORMAT_ADDR_ENG": "FLAT A3 ON 11/F & A PORTION OF ROOF IMMEDIATELY ABOVE THEREOF IN BLK. A SIU YAT BUILDING NO. 1 SAI KUNG HOI PONG SQUARE SAI KUNG NEW TERRITORIES",
        "FREE_FORMAT_ADDR_CHN": NaN,
        "DEV_NAME_ENG": "SIU YAT BUILDING",
        "DEV_NAME_CHN": "兆日大廈",
        "FIRST_REFERENCE_LOT_PRN": "C3646063"
    },
    {
        "PRN": "B3109355",
        "SEQ_NUM": 1,
        "BLOCK": "A",
        "FLOOR": "2",
        "FLAT": "A3",
        "HOUSE_NUM_PREFIX": NaN,
        "STREET_NAME_ENG": NaN,
        "STREET_NAME_CHN": NaN,
        "AREA_DESC_ENG": NaN,
        "AREA_DESC_CHN": NaN,
        "FREE_FORMAT_ADDR_ENG": "FLAT A3 WITH A PORTION OF FLAT ROOF ON 2/F IN BLOCK A SIU YAT BUILDING NO. 1 SAI KUNG HOI PONG SQUARE SAI KUNG NEW TERRITORIES",
        "FREE_FORMAT_ADDR_CHN": NaN,
        "DEV_NAME_ENG": "SIU YAT BUILDING",
        "DEV_NAME_CHN": "兆日大廈",
        "FIRST_REFERENCE_LOT_PRN": "C3646063"
    },
    {
        "PRN": "B3109362",
        "SEQ_NUM": 1,
        "BLOCK": "A",
        "FLOOR": "5",
        "FLAT": "A3",
        "HOUSE_NUM_PREFIX": NaN,
        "STREET_NAME_ENG": NaN,
        "STREET_NAME_CHN": NaN,
        "AREA_DESC_ENG": NaN,
        "AREA_DESC_CHN": NaN,
        "FREE_FORMAT_ADDR_ENG": "FLAT A3 ON 5/F IN BLOCK A SIU YAT BUILDING NO. 1 SAI KUNG HOI PONG SQUARE SAI KUNG NEW TERRITORIES",
        "FREE_FORMAT_ADDR_CHN": NaN,
        "DEV_NAME_ENG": "SIU YAT BUILDING",
        "DEV_NAME_CHN": "兆日大廈",
        "FIRST_REFERENCE_LOT_PRN": "C3646063"
    },
    {
        "PRN": "B3109372",
        "SEQ_NUM": 1,
        "BLOCK": "A",
        "FLOOR": "6",
        "FLAT": "A3",
        "HOUSE_NUM_PREFIX": NaN,
        "STREET_NAME_ENG": NaN,
        "STREET_NAME_CHN": NaN,
        "AREA_DESC_ENG": NaN,
        "AREA_DESC_CHN": NaN,
        "FREE_FORMAT_ADDR_ENG": "FLAT A3 ON 6/F IN BLOCK A SIU YAT BUILDING NO. 1 SAI KUNG HOI PONG SQUARE SAI KUNG NEW TERRITORIES",
        "FREE_FORMAT_ADDR_CHN": NaN,
        "DEV_NAME_ENG": "SIU YAT BUILDING",
        "DEV_NAME_CHN": "兆日大廈",
        "FIRST_REFERENCE_LOT_PRN": "C3646063"
    },
    {
        "PRN": "B3109384",
        "SEQ_NUM": 1,
        "BLOCK": "A",
        "FLOOR": "7",
        "FLAT": "A3",
        "HOUSE_NUM_PREFIX": NaN,
        "STREET_NAME_ENG": NaN,
        "STREET_NAME_CHN": NaN,
        "AREA_DESC_ENG": NaN,
        "AREA_DESC_CHN": NaN,
        "FREE_FORMAT_ADDR_ENG": "FLAT A3 ON 7/F IN BLOCK A SIU YAT BUILDING NO. 1 SAI KUNG HOI PONG SQUARE SAI KUNG NEW TERRITORIES",
        "FREE_FORMAT_ADDR_CHN": NaN,
        "DEV_NAME_ENG": "SIU YAT BUILDING",
        "DEV_NAME_CHN": "兆日大廈",
        "FIRST_REFERENCE_LOT_PRN": "C3646063"
    },
    {
        "PRN": "B3109391",
        "SEQ_NUM": 1,
        "BLOCK": "A",
        "FLOOR": "9",
        "FLAT": "A3",
        "HOUSE_NUM_PREFIX": NaN,
        "STREET_NAME_ENG": NaN,
        "STREET_NAME_CHN": NaN,
        "AREA_DESC_ENG": NaN,
        "AREA_DESC_CHN": NaN,
        "FREE_FORMAT_ADDR_ENG": "FLAT A3 ON 9/F IN BLOCK A SIU YAT BUILDING NO. 1 SAI KUNG HOI PONG SQUARE SAI KUNG NEW TERRITORIES",
        "FREE_FORMAT_ADDR_CHN": NaN,
        "DEV_NAME_ENG": "SIU YAT BUILDING",
        "DEV_NAME_CHN": "兆日大廈",
        "FIRST_REFERENCE_LOT_PRN": "C3646063"
    },
    {
        "PRN": "B3109408",
        "SEQ_NUM": 1,
        "BLOCK": "A",
        "FLOOR": "10",
        "FLAT": "A4",
        "HOUSE_NUM_PREFIX": NaN,
        "STREET_NAME_ENG": NaN,
        "STREET_NAME_CHN": NaN,
        "AREA_DESC_ENG": NaN,
        "AREA_DESC_CHN": NaN,
        "FREE_FORMAT_ADDR_ENG": "FLAT A4 ON 10/F IN BLOCK A SIU YAT BUILDING NO. 1 SAI KUNG HOI PONG SQUARE SAI KUNG NEW TERRITORIES",
        "FREE_FORMAT_ADDR_CHN": NaN,
        "DEV_NAME_ENG": "SIU YAT BUILDING",
        "DEV_NAME_CHN": "兆日大廈",
        "FIRST_REFERENCE_LOT_PRN": "C3646063"
    },
    {
        "PRN": "B3109416",
        "SEQ_NUM": 1,
        "BLOCK": "A",
        "FLOOR": "3",
        "FLAT": "A4",
        "HOUSE_NUM_PREFIX": NaN,
        "STREET_NAME_ENG": NaN,
        "STREET_NAME_CHN": NaN,
        "AREA_DESC_ENG": NaN,
        "AREA_DESC_CHN": NaN,
        "FREE_FORMAT_ADDR_ENG": "FLAT A4 ON 3/F IN BLOCK A SIU YAT BUILDING NO. 1 SAI KUNG HOI PONG SQUARE SAI KUNG NEW TERRITORIES",
        "FREE_FORMAT_ADDR_CHN": NaN,
        "DEV_NAME_ENG": "SIU YAT BUILDING",
        "DEV_NAME_CHN": "兆日大廈",
        "FIRST_REFERENCE_LOT_PRN": "C3646063"
    },
    {
        "PRN": "B3109429",
        "SEQ_NUM": 1,
        "BLOCK": "A",
        "FLOOR": "5",
        "FLAT": "A4",
        "HOUSE_NUM_PREFIX": NaN,
        "STREET_NAME_ENG": NaN,
        "STREET_NAME_CHN": NaN,
        "AREA_DESC_ENG": NaN,
        "AREA_DESC_CHN": NaN,
        "FREE_FORMAT_ADDR_ENG": "FLAT A4 ON 5/F IN BLOCK A SIU YAT BUILDING NO. 1 SAI KUNG HOI PONG SQUARE SAI KUNG NEW TERRITORIES",
        "FREE_FORMAT_ADDR_CHN": NaN,
        "DEV_NAME_ENG": "SIU YAT BUILDING",
        "DEV_NAME_CHN": "兆日大廈",
        "FIRST_REFERENCE_LOT_PRN": "C3646063"
    },
    {
        "PRN": "B3109437",
        "SEQ_NUM": 1,
        "BLOCK": "A",
        "FLOOR": "7",
        "FLAT": "A4",
        "HOUSE_NUM_PREFIX": NaN,
        "STREET_NAME_ENG": NaN,
        "STREET_NAME_CHN": NaN,
        "AREA_DESC_ENG": NaN,
        "AREA_DESC_CHN": NaN,
        "FREE_FORMAT_ADDR_ENG": "FLAT A4 ON 7/F IN BLOCK A SIU YAT BUILDING NO. 1 SAI KUNG HOI PONG SQUARE SAI KUNG NEW TERRITORIES",
        "FREE_FORMAT_ADDR_CHN": NaN,
        "DEV_NAME_ENG": "SIU YAT BUILDING",
        "DEV_NAME_CHN": "兆日大廈",
        "FIRST_REFERENCE_LOT_PRN": "C3646063"
    },
    {
        "PRN": "B3109443",
        "SEQ_NUM": 1,
        "BLOCK": "A",
        "FLOOR": "8",
        "FLAT": "A4",
        "HOUSE_NUM_PREFIX": NaN,
        "STREET_NAME_ENG": NaN,
        "STREET_NAME_CHN": NaN,
        "AREA_DESC_ENG": NaN,
        "AREA_DESC_CHN": NaN,
        "FREE_FORMAT_ADDR_ENG": "FLAT A4 ON 8/F IN BLOCK A SIU YAT BUILDING NO. 1 SAI KUNG HOI PONG SQUARE SAI KUNG NEW TERRITORIES",
        "FREE_FORMAT_ADDR_CHN": NaN,
        "DEV_NAME_ENG": "SIU YAT BUILDING",
        "DEV_NAME_CHN": "兆日大廈",
        "FIRST_REFERENCE_LOT_PRN": "C3646063"
    },
    {
        "PRN": "B3109455",
        "SEQ_NUM": 1,
        "BLOCK": "A",
        "FLOOR": "9",
        "FLAT": "A4",
        "HOUSE_NUM_PREFIX": NaN,
        "STREET_NAME_ENG": NaN,
        "STREET_NAME_CHN": NaN,
        "AREA_DESC_ENG": NaN,
        "AREA_DESC_CHN": NaN,
        "FREE_FORMAT_ADDR_ENG": "FLAT A4 ON 9/F IN BLOCK A SIU YAT BUILDING NO. 1 SAI KUNG HOI PONG SQUARE SAI KUNG NEW TERRITORIES",
        "FREE_FORMAT_ADDR_CHN": NaN,
        "DEV_NAME_ENG": "SIU YAT BUILDING",
        "DEV_NAME_CHN": "兆日大廈",
        "FIRST_REFERENCE_LOT_PRN": "C3646063"
    },
    {
        "PRN": "B3109627",
        "SEQ_NUM": 1,
        "BLOCK": "B",
        "FLOOR": "MR",
        "FLAT": NaN,
        "HOUSE_NUM_PREFIX": NaN,
        "STREET_NAME_ENG": NaN,
        "STREET_NAME_CHN": NaN,
        "AREA_DESC_ENG": NaN,
        "AREA_DESC_CHN": NaN,
        "FREE_FORMAT_ADDR_ENG": "MAIN ROOF IN BLOCK B SIU YAT BUILDING NO. 1 SAI KUNG HOI PONG SQUARE SAI KUNG NEW TERRITORIES",
        "FREE_FORMAT_ADDR_CHN": NaN,
        "DEV_NAME_ENG": "SIU YAT BUILDING",
        "DEV_NAME_CHN": "兆日大廈",
        "FIRST_REFERENCE_LOT_PRN": "C3646063"
    },
    {
        "PRN": "B3109881",
        "SEQ_NUM": 1,
        "BLOCK": "B",
        "FLOOR": "11",
        "FLAT": "B1",
        "HOUSE_NUM_PREFIX": NaN,
        "STREET_NAME_ENG": NaN,
        "STREET_NAME_CHN": NaN,
        "AREA_DESC_ENG": NaN,
        "AREA_DESC_CHN": NaN,
        "FREE_FORMAT_ADDR_ENG": "FLAT B1 ON 11/F & A PORTION OF ROOF IN BLOCK B SIU YAT BUILDING NO. 1 SAI KUNG HOI PONG SQUARE SAI KUNG NEW TERRITORIES",
        "FREE_FORMAT_ADDR_CHN": NaN,
        "DEV_NAME_ENG": "SIU YAT BUILDING",
        "DEV_NAME_CHN": "兆日大廈",
        "FIRST_REFERENCE_LOT_PRN": "C3646063"
    },
    {
        "PRN": "B3109897",
        "SEQ_NUM": 1,
        "BLOCK": "B",
        "FLOOR": "2",
        "FLAT": "B1",
        "HOUSE_NUM_PREFIX": NaN,
        "STREET_NAME_ENG": NaN,
        "STREET_NAME_CHN": NaN,
        "AREA_DESC_ENG": NaN,
        "AREA_DESC_CHN": NaN,
        "FREE_FORMAT_ADDR_ENG": "FLAT B1 WITH A PORTION OF FLAT ROOF ON 2/F IN BLOCK B SIU YAT BUILDING NO. 1 SAI KUNG HOI PONG SQUARE SAI KUNG NEW TERRITORIES",
        "FREE_FORMAT_ADDR_CHN": NaN,
        "DEV_NAME_ENG": "SIU YAT BUILDING",
        "DEV_NAME_CHN": "兆日大廈",
        "FIRST_REFERENCE_LOT_PRN": "C3646063"
    },
    {
        "PRN": "B3109906",
        "SEQ_NUM": 1,
        "BLOCK": "B",
        "FLOOR": "3",
        "FLAT": "B1",
        "HOUSE_NUM_PREFIX": NaN,
        "STREET_NAME_ENG": NaN,
        "STREET_NAME_CHN": NaN,
        "AREA_DESC_ENG": NaN,
        "AREA_DESC_CHN": NaN,
        "FREE_FORMAT_ADDR_ENG": "FLAT B1 ON 3/F IN BLOCK B SIU YAT BUILDING NO. 1 SAI KUNG HOI PONG SQUARE SAI KUNG NEW TERRITORIES",
        "FREE_FORMAT_ADDR_CHN": NaN,
        "DEV_NAME_ENG": "SIU YAT BUILDING",
        "DEV_NAME_CHN": "兆日大廈",
        "FIRST_REFERENCE_LOT_PRN": "C3646063"
    },
    {
        "PRN": "B3109911",
        "SEQ_NUM": 1,
        "BLOCK": "B",
        "FLOOR": "4",
        "FLAT": "B1",
        "HOUSE_NUM_PREFIX": NaN,
        "STREET_NAME_ENG": NaN,
        "STREET_NAME_CHN": NaN,
        "AREA_DESC_ENG": NaN,
        "AREA_DESC_CHN": NaN,
        "FREE_FORMAT_ADDR_ENG": "FLAT B1 ON 4/F IN BLOCK B SIU YAT BUILDING NO. 1 SAI KUNG HOI PONG SQUARE SAI KUNG NEW TERRITORIES",
        "FREE_FORMAT_ADDR_CHN": NaN,
        "DEV_NAME_ENG": "SIU YAT BUILDING",
        "DEV_NAME_CHN": "兆日大廈",
        "FIRST_REFERENCE_LOT_PRN": "C3646063"
    },
    {
        "PRN": "B3109923",
        "SEQ_NUM": 1,
        "BLOCK": "B",
        "FLOOR": "5",
        "FLAT": "B1",
        "HOUSE_NUM_PREFIX": NaN,
        "STREET_NAME_ENG": NaN,
        "STREET_NAME_CHN": NaN,
        "AREA_DESC_ENG": NaN,
        "AREA_DESC_CHN": NaN,
        "FREE_FORMAT_ADDR_ENG": "FLAT B1 ON 5/F IN BLOCK B SIU YAT BUILDING NO. 1 SAI KUNG HOI PONG SQUARE SAI KUNG NEW TERRITORIES",
        "FREE_FORMAT_ADDR_CHN": NaN,
        "DEV_NAME_ENG": "SIU YAT BUILDING",
        "DEV_NAME_CHN": "兆日大廈",
        "FIRST_REFERENCE_LOT_PRN": "C3646063"
    },
    {
        "PRN": "B3109936",
        "SEQ_NUM": 1,
        "BLOCK": "B",
        "FLOOR": "8",
        "FLAT": "B1",
        "HOUSE_NUM_PREFIX": NaN,
        "STREET_NAME_ENG": NaN,
        "STREET_NAME_CHN": NaN,
        "AREA_DESC_ENG": NaN,
        "AREA_DESC_CHN": NaN,
        "FREE_FORMAT_ADDR_ENG": "FLAT B1 ON 8/F IN BLOCK B SIU YAT BUILDING NO. 1 SAI KUNG HOI PONG SQUARE SAI KUNG NEW TERRITORIES",
        "FREE_FORMAT_ADDR_CHN": NaN,
        "DEV_NAME_ENG": "SIU YAT BUILDING",
        "DEV_NAME_CHN": "兆日大廈",
        "FIRST_REFERENCE_LOT_PRN": "C3646063"
    },
    {
        "PRN": "B3109947",
        "SEQ_NUM": 1,
        "BLOCK": "B",
        "FLOOR": "9",
        "FLAT": "B1",
        "HOUSE_NUM_PREFIX": NaN,
        "STREET_NAME_ENG": NaN,
        "STREET_NAME_CHN": NaN,
        "AREA_DESC_ENG": NaN,
        "AREA_DESC_CHN": NaN,
        "FREE_FORMAT_ADDR_ENG": "FLAT B1 ON 9/F IN BLOCK B SIU YAT BUILDING NO. 1 SAI KUNG HOI PONG SQUARE SAI KUNG NEW TERRITORIES",
        "FREE_FORMAT_ADDR_CHN": NaN,
        "DEV_NAME_ENG": "SIU YAT BUILDING",
        "DEV_NAME_CHN": "兆日大廈",
        "FIRST_REFERENCE_LOT_PRN": "C3646063"
    },
    {
        "PRN": "B3109950",
        "SEQ_NUM": 1,
        "BLOCK": "B",
        "FLOOR": "11",
        "FLAT": "B2",
        "HOUSE_NUM_PREFIX": NaN,
        "STREET_NAME_ENG": NaN,
        "STREET_NAME_CHN": NaN,
        "AREA_DESC_ENG": NaN,
        "AREA_DESC_CHN": NaN,
        "FREE_FORMAT_ADDR_ENG": "FLAT B2 ON 11/F & A PORTION OF ROOF IN BLOCK B SIU YAT BUILDING NO. 1 SAI KUNG HOI PONG SQUARE SAI KUNG NEW TERRITORIES",
        "FREE_FORMAT_ADDR_CHN": NaN,
        "DEV_NAME_ENG": "SIU YAT BUILDING",
        "DEV_NAME_CHN": "兆日大廈",
        "FIRST_REFERENCE_LOT_PRN": "C3646063"
    },
    {
        "PRN": "B3109969",
        "SEQ_NUM": 1,
        "BLOCK": "B",
        "FLOOR": "2",
        "FLAT": "B2",
        "HOUSE_NUM_PREFIX": NaN,
        "STREET_NAME_ENG": NaN,
        "STREET_NAME_CHN": NaN,
        "AREA_DESC_ENG": NaN,
        "AREA_DESC_CHN": NaN,
        "FREE_FORMAT_ADDR_ENG": "FLAT B2 WITH A PORTION OF FLAT ROOF ON 2/F IN BLOCK B SIU YAT BUILDING NO. 1 SAI KUNG HOI PONG SQUARE SAI KUNG NEW TERRITORIES",
        "FREE_FORMAT_ADDR_CHN": NaN,
        "DEV_NAME_ENG": "SIU YAT BUILDING",
        "DEV_NAME_CHN": "兆日大廈",
        "FIRST_REFERENCE_LOT_PRN": "C3646063"
    },
    {
        "PRN": "B3109976",
        "SEQ_NUM": 1,
        "BLOCK": "B",
        "FLOOR": "4",
        "FLAT": "B2",
        "HOUSE_NUM_PREFIX": NaN,
        "STREET_NAME_ENG": NaN,
        "STREET_NAME_CHN": NaN,
        "AREA_DESC_ENG": NaN,
        "AREA_DESC_CHN": NaN,
        "FREE_FORMAT_ADDR_ENG": "FLAT B2 ON 4/F IN BLOCK B SIU YAT BUILDING NO. 1 SAI KUNG HOI PONG SQUARE SAI KUNG NEW TERRITORIES",
        "FREE_FORMAT_ADDR_CHN": NaN,
        "DEV_NAME_ENG": "SIU YAT BUILDING",
        "DEV_NAME_CHN": "兆日大廈",
        "FIRST_REFERENCE_LOT_PRN": "C3646063"
    },
    {
        "PRN": "B3109983",
        "SEQ_NUM": 1,
        "BLOCK": "B",
        "FLOOR": "5",
        "FLAT": "B2",
        "HOUSE_NUM_PREFIX": NaN,
        "STREET_NAME_ENG": NaN,
        "STREET_NAME_CHN": NaN,
        "AREA_DESC_ENG": NaN,
        "AREA_DESC_CHN": NaN,
        "FREE_FORMAT_ADDR_ENG": "FLAT B2 ON 5/F IN BLOCK B SIU YAT BUILDING NO. 1 SAI KUNG HOI PONG SQUARE SAI KUNG NEW TERRITORIES",
        "FREE_FORMAT_ADDR_CHN": NaN,
        "DEV_NAME_ENG": "SIU YAT BUILDING",
        "DEV_NAME_CHN": "兆日大廈",
        "FIRST_REFERENCE_LOT_PRN": "C3646063"
    },
    {
        "PRN": "B3109999",
        "SEQ_NUM": 1,
        "BLOCK": "B",
        "FLOOR": "6",
        "FLAT": "B2",
        "HOUSE_NUM_PREFIX": NaN,
        "STREET_NAME_ENG": NaN,
        "STREET_NAME_CHN": NaN,
        "AREA_DESC_ENG": NaN,
        "AREA_DESC_CHN": NaN,
        "FREE_FORMAT_ADDR_ENG": "FLAT B2 ON 6/F IN BLOCK B SIU YAT BUILDING NO. 1 SAI KUNG HOI PONG SQUARE SAI KUNG NEW TERRITORIES",
        "FREE_FORMAT_ADDR_CHN": NaN,
        "DEV_NAME_ENG": "SIU YAT BUILDING",
        "DEV_NAME_CHN": "兆日大廈",
        "FIRST_REFERENCE_LOT_PRN": "C3646063"
    },
    {
        "PRN": "B3110000",
        "SEQ_NUM": 1,
        "BLOCK": "B",
        "FLOOR": "7",
        "FLAT": "B2",
        "HOUSE_NUM_PREFIX": NaN,
        "STREET_NAME_ENG": NaN,
        "STREET_NAME_CHN": NaN,
        "AREA_DESC_ENG": NaN,
        "AREA_DESC_CHN": NaN,
        "FREE_FORMAT_ADDR_ENG": "FLAT B2 ON 7/F IN BLOCK B SIU YAT BUILDING NO. 1 SAI KUNG HOI PONG SQUARE SAI KUNG NEW TERRITORIES",
        "FREE_FORMAT_ADDR_CHN": NaN,
        "DEV_NAME_ENG": "SIU YAT BUILDING",
        "DEV_NAME_CHN": "兆日大廈",
        "FIRST_REFERENCE_LOT_PRN": "C3646063"
    },
    {
        "PRN": "B3110011",
        "SEQ_NUM": 1,
        "BLOCK": "B",
        "FLOOR": "11",
        "FLAT": "B3",
        "HOUSE_NUM_PREFIX": NaN,
        "STREET_NAME_ENG": NaN,
        "STREET_NAME_CHN": NaN,
        "AREA_DESC_ENG": NaN,
        "AREA_DESC_CHN": NaN,
        "FREE_FORMAT_ADDR_ENG": "FLAT B3 ON 11/F & A PORTION OF ROOF IN BLOCK B SIU YAT BUILDING NO. 1 SAI KUNG HOI PONG SQUARE LOT NO.941 IN DD215 SAI KUNG N.T.",
        "FREE_FORMAT_ADDR_CHN": NaN,
        "DEV_NAME_ENG": "SIU YAT BUILDING",
        "DEV_NAME_CHN": "兆日大廈",
        "FIRST_REFERENCE_LOT_PRN": "C3646063"
    },
    {
        "PRN": "B3110024",
        "SEQ_NUM": 1,
        "BLOCK": "B",
        "FLOOR": "3",
        "FLAT": "B3",
        "HOUSE_NUM_PREFIX": NaN,
        "STREET_NAME_ENG": NaN,
        "STREET_NAME_CHN": NaN,
        "AREA_DESC_ENG": NaN,
        "AREA_DESC_CHN": NaN,
        "FREE_FORMAT_ADDR_ENG": "FLAT B3 ON 3/F IN BLOCK B SIU YAT BUILDING NO. 1 SAI KUNG HOI PONG SQUARE SAI KUNG NEW TERRITORIES",
        "FREE_FORMAT_ADDR_CHN": NaN,
        "DEV_NAME_ENG": "SIU YAT BUILDING",
        "DEV_NAME_CHN": "兆日大廈",
        "FIRST_REFERENCE_LOT_PRN": "C3646063"
    },
    {
        "PRN": "B3110031",
        "SEQ_NUM": 1,
        "BLOCK": "B",
        "FLOOR": "4",
        "FLAT": "B3",
        "HOUSE_NUM_PREFIX": NaN,
        "STREET_NAME_ENG": NaN,
        "STREET_NAME_CHN": NaN,
        "AREA_DESC_ENG": NaN,
        "AREA_DESC_CHN": NaN,
        "FREE_FORMAT_ADDR_ENG": "FLAT B3 ON 4/F IN BLOCK B SIU YAT BUILDING NO. 1 SAI KUNG HOI PONG SQUARE SAI KUNG NEW TERRITORIES",
        "FREE_FORMAT_ADDR_CHN": NaN,
        "DEV_NAME_ENG": "SIU YAT BUILDING",
        "DEV_NAME_CHN": "兆日大廈",
        "FIRST_REFERENCE_LOT_PRN": "C3646063"
    },
    {
        "PRN": "B3110047",
        "SEQ_NUM": 1,
        "BLOCK": "B",
        "FLOOR": "6",
        "FLAT": "B3",
        "HOUSE_NUM_PREFIX": NaN,
        "STREET_NAME_ENG": NaN,
        "STREET_NAME_CHN": NaN,
        "AREA_DESC_ENG": NaN,
        "AREA_DESC_CHN": NaN,
        "FREE_FORMAT_ADDR_ENG": "FLAT B3 ON 6/F IN BLOCK B SIU YAT BUILDING NO. 1 SAI KUNG HOI PONG SQUARE SAI KUNG NEW TERRITORIES",
        "FREE_FORMAT_ADDR_CHN": NaN,
        "DEV_NAME_ENG": "SIU YAT BUILDING",
        "DEV_NAME_CHN": "兆日大廈",
        "FIRST_REFERENCE_LOT_PRN": "C3646063"
    },
    {
        "PRN": "B3110054",
        "SEQ_NUM": 1,
        "BLOCK": "B",
        "FLOOR": "8",
        "FLAT": "B3",
        "HOUSE_NUM_PREFIX": NaN,
        "STREET_NAME_ENG": NaN,
        "STREET_NAME_CHN": NaN,
        "AREA_DESC_ENG": NaN,
        "AREA_DESC_CHN": NaN,
        "FREE_FORMAT_ADDR_ENG": "FLAT B3 ON 8/F IN BLOCK B SIU YAT BUILDING NO. 1 SAI KUNG HOI PONG SQUARE SAI KUNG NEW TERRITORIES",
        "FREE_FORMAT_ADDR_CHN": NaN,
        "DEV_NAME_ENG": "SIU YAT BUILDING",
        "DEV_NAME_CHN": "兆日大廈",
        "FIRST_REFERENCE_LOT_PRN": "C3646063"
    },
    {
        "PRN": "B3110066",
        "SEQ_NUM": 1,
        "BLOCK": "B",
        "FLOOR": "9",
        "FLAT": "B3",
        "HOUSE_NUM_PREFIX": NaN,
        "STREET_NAME_ENG": NaN,
        "STREET_NAME_CHN": NaN,
        "AREA_DESC_ENG": NaN,
        "AREA_DESC_CHN": NaN,
        "FREE_FORMAT_ADDR_ENG": "FLAT B3 ON 9/F IN BLOCK B SIU YAT BUILDING NO. 1 SAI KUNG HOI PONG SQUARE SAI KUNG NEW TERRITORIES",
        "FREE_FORMAT_ADDR_CHN": NaN,
        "DEV_NAME_ENG": "SIU YAT BUILDING",
        "DEV_NAME_CHN": "兆日大廈",
        "FIRST_REFERENCE_LOT_PRN": "C3646063"
    },
    {
        "PRN": "B3110079",
        "SEQ_NUM": 1,
        "BLOCK": "B",
        "FLOOR": "10",
        "FLAT": "B4",
        "HOUSE_NUM_PREFIX": NaN,
        "STREET_NAME_ENG": NaN,
        "STREET_NAME_CHN": NaN,
        "AREA_DESC_ENG": NaN,
        "AREA_DESC_CHN": NaN,
        "FREE_FORMAT_ADDR_ENG": "FLAT B4 ON 10/F IN BLOCK B SIU YAT BUILDING NO. 1 SAI KUNG HOI PONG SQUARE SAI KUNG NEW TERRITORIES",
        "FREE_FORMAT_ADDR_CHN": NaN,
        "DEV_NAME_ENG": "SIU YAT BUILDING",
        "DEV_NAME_CHN": "兆日大廈",
        "FIRST_REFERENCE_LOT_PRN": "C3646063"
    },
    {
        "PRN": "B3110082",
        "SEQ_NUM": 1,
        "BLOCK": "B",
        "FLOOR": "11",
        "FLAT": "B4",
        "HOUSE_NUM_PREFIX": NaN,
        "STREET_NAME_ENG": NaN,
        "STREET_NAME_CHN": NaN,
        "AREA_DESC_ENG": NaN,
        "AREA_DESC_CHN": NaN,
        "FREE_FORMAT_ADDR_ENG": "FLAT B4 ON 11/F & A PORTION OF ROOF IN BLOCK B SIU YAT BUILDING NO. 1 SAI KUNG HOI PONG SQUARE LOT NO.941 IN DD215 SAI KUNG N.T.",
        "FREE_FORMAT_ADDR_CHN": NaN,
        "DEV_NAME_ENG": "SIU YAT BUILDING",
        "DEV_NAME_CHN": "兆日大廈",
        "FIRST_REFERENCE_LOT_PRN": "C3646063"
    },
    {
        "PRN": "B3110099",
        "SEQ_NUM": 1,
        "BLOCK": "B",
        "FLOOR": "4",
        "FLAT": "B4",
        "HOUSE_NUM_PREFIX": NaN,
        "STREET_NAME_ENG": NaN,
        "STREET_NAME_CHN": NaN,
        "AREA_DESC_ENG": NaN,
        "AREA_DESC_CHN": NaN,
        "FREE_FORMAT_ADDR_ENG": "FLAT B4 ON 4/F IN BLOCK B SIU YAT BUILDING NO. 1 SAI KUNG HOI PONG SQUARE SAI KUNG NEW TERRITORIES",
        "FREE_FORMAT_ADDR_CHN": NaN,
        "DEV_NAME_ENG": "SIU YAT BUILDING",
        "DEV_NAME_CHN": "兆日大廈",
        "FIRST_REFERENCE_LOT_PRN": "C3646063"
    },
    {
        "PRN": "B3110104",
        "SEQ_NUM": 1,
        "BLOCK": "B",
        "FLOOR": "5",
        "FLAT": "B4",
        "HOUSE_NUM_PREFIX": NaN,
        "STREET_NAME_ENG": NaN,
        "STREET_NAME_CHN": NaN,
        "AREA_DESC_ENG": NaN,
        "AREA_DESC_CHN": NaN,
        "FREE_FORMAT_ADDR_ENG": "FLAT B4 ON 5/F IN BLOCK B SIU YAT BUILDING NO. 1 SAI KUNG HOI PONG SQUARE SAI KUNG NEW TERRITORIES",
        "FREE_FORMAT_ADDR_CHN": NaN,
        "DEV_NAME_ENG": "SIU YAT BUILDING",
        "DEV_NAME_CHN": "兆日大廈",
        "FIRST_REFERENCE_LOT_PRN": "C3646063"
    },
    {
        "PRN": "B3110111",
        "SEQ_NUM": 1,
        "BLOCK": "B",
        "FLOOR": "6",
        "FLAT": "B4",
        "HOUSE_NUM_PREFIX": NaN,
        "STREET_NAME_ENG": NaN,
        "STREET_NAME_CHN": NaN,
        "AREA_DESC_ENG": NaN,
        "AREA_DESC_CHN": NaN,
        "FREE_FORMAT_ADDR_ENG": "FLAT B4 ON 6/F IN BLOCK B SIU YAT BUILDING NO. 1 SAI KUNG HOI PONG SQUARE SAI KUNG NEW TERRITORIES",
        "FREE_FORMAT_ADDR_CHN": NaN,
        "DEV_NAME_ENG": "SIU YAT BUILDING",
        "DEV_NAME_CHN": "兆日大廈",
        "FIRST_REFERENCE_LOT_PRN": "C3646063"
    },
    {
        "PRN": "B3110124",
        "SEQ_NUM": 1,
        "BLOCK": "B",
        "FLOOR": "7",
        "FLAT": "B4",
        "HOUSE_NUM_PREFIX": NaN,
        "STREET_NAME_ENG": NaN,
        "STREET_NAME_CHN": NaN,
        "AREA_DESC_ENG": NaN,
        "AREA_DESC_CHN": NaN,
        "FREE_FORMAT_ADDR_ENG": "FLAT B4 ON 7/F IN BLOCK B SIU YAT BUILDING NO. 1 SAI KUNG HOI PONG SQUARE SAI KUNG NEW TERRITORIES",
        "FREE_FORMAT_ADDR_CHN": NaN,
        "DEV_NAME_ENG": "SIU YAT BUILDING",
        "DEV_NAME_CHN": "兆日大廈",
        "FIRST_REFERENCE_LOT_PRN": "C3646063"
    },
    {
        "PRN": "B5014913",
        "SEQ_NUM": 1,
        "BLOCK": "A",
        "FLOOR": "7",
        "FLAT": "A2",
        "HOUSE_NUM_PREFIX": NaN,
        "STREET_NAME_ENG": NaN,
        "STREET_NAME_CHN": NaN,
        "AREA_DESC_ENG": NaN,
        "AREA_DESC_CHN": NaN,
        "FREE_FORMAT_ADDR_ENG": "FLAT A2 ON 7/F IN BLOCK A SIU YAT BUILDING NO. 1 SAI KUNG HOI PONG SQUARE SAI KUNG NEW TERRITORIES",
        "FREE_FORMAT_ADDR_CHN": NaN,
        "DEV_NAME_ENG": "SIU YAT BUILDING",
        "DEV_NAME_CHN": "兆日大廈",
        "FIRST_REFERENCE_LOT_PRN": "C3646063"
    },
    {
        "PRN": "B5014922",
        "SEQ_NUM": 1,
        "BLOCK": "A",
        "FLOOR": "2",
        "FLAT": "A4",
        "HOUSE_NUM_PREFIX": NaN,
        "STREET_NAME_ENG": NaN,
        "STREET_NAME_CHN": NaN,
        "AREA_DESC_ENG": NaN,
        "AREA_DESC_CHN": NaN,
        "FREE_FORMAT_ADDR_ENG": "FLAT A4 WITH A PORTION OF FLAT ROOF ON 2/F IN BLOCK A SIU YAT BUILDING NO. 1 SAI KUNG HOI PONG SQUARE SAI KUNG NEW TERRITORIES",
        "FREE_FORMAT_ADDR_CHN": NaN,
        "DEV_NAME_ENG": "SIU YAT BUILDING",
        "DEV_NAME_CHN": "兆日大廈",
        "FIRST_REFERENCE_LOT_PRN": "C3646063"
    },
    {
        "PRN": "B5014984",
        "SEQ_NUM": 1,
        "BLOCK": "B",
        "FLOOR": "10",
        "FLAT": "B1",
        "HOUSE_NUM_PREFIX": NaN,
        "STREET_NAME_ENG": NaN,
        "STREET_NAME_CHN": NaN,
        "AREA_DESC_ENG": NaN,
        "AREA_DESC_CHN": NaN,
        "FREE_FORMAT_ADDR_ENG": "FLAT B1-B3 ON 10/F IN BLOCK B SIU YAT BUILDING NO. 1 SAI KUNG HOI PONG SQUARE SAI KUNG NEW TERRITORIES",
        "FREE_FORMAT_ADDR_CHN": NaN,
        "DEV_NAME_ENG": "SIU YAT BUILDING",
        "DEV_NAME_CHN": "兆日大廈",
        "FIRST_REFERENCE_LOT_PRN": "C3646063"
    },
    {
        "PRN": "B5014990",
        "SEQ_NUM": 1,
        "BLOCK": "B",
        "FLOOR": "7",
        "FLAT": "B1",
        "HOUSE_NUM_PREFIX": NaN,
        "STREET_NAME_ENG": NaN,
        "STREET_NAME_CHN": NaN,
        "AREA_DESC_ENG": NaN,
        "AREA_DESC_CHN": NaN,
        "FREE_FORMAT_ADDR_ENG": "FLAT B1 ON 7/F IN BLOCK B SIU YAT BUILDING NO. 1 SAI KUNG HOI PONG SQUARE SAI KUNG NEW TERRITORIES",
        "FREE_FORMAT_ADDR_CHN": NaN,
        "DEV_NAME_ENG": "SIU YAT BUILDING",
        "DEV_NAME_CHN": "兆日大廈",
        "FIRST_REFERENCE_LOT_PRN": "C3646063"
    },
    {
        "PRN": "B5015002",
        "SEQ_NUM": 1,
        "BLOCK": "B",
        "FLOOR": "2",
        "FLAT": "B3",
        "HOUSE_NUM_PREFIX": NaN,
        "STREET_NAME_ENG": NaN,
        "STREET_NAME_CHN": NaN,
        "AREA_DESC_ENG": NaN,
        "AREA_DESC_CHN": NaN,
        "FREE_FORMAT_ADDR_ENG": "FLAT B3 WITH A PORTION OF FLAT ROOF ON 2/F IN BLOCK B SIU YAT BUILDING NO. 1 SAI KUNG HOI PONG SQUARE SAI KUNG NEW TERRITORIES",
        "FREE_FORMAT_ADDR_CHN": NaN,
        "DEV_NAME_ENG": "SIU YAT BUILDING",
        "DEV_NAME_CHN": "兆日大廈",
        "FIRST_REFERENCE_LOT_PRN": "C3646063"
    },
    {
        "PRN": "B5015011",
        "SEQ_NUM": 1,
        "BLOCK": "B",
        "FLOOR": "3",
        "FLAT": "B4",
        "HOUSE_NUM_PREFIX": NaN,
        "STREET_NAME_ENG": NaN,
        "STREET_NAME_CHN": NaN,
        "AREA_DESC_ENG": NaN,
        "AREA_DESC_CHN": NaN,
        "FREE_FORMAT_ADDR_ENG": "FLAT B4 ON 3/F IN BLOCK B SIU YAT BUILDING NO. 1 SAI KUNG HOI PONG SQUARE SAI KUNG NEW TERRITORIES",
        "FREE_FORMAT_ADDR_CHN": NaN,
        "DEV_NAME_ENG": "SIU YAT BUILDING",
        "DEV_NAME_CHN": "兆日大廈",
        "FIRST_REFERENCE_LOT_PRN": "C3646063"
    },
    {
        "PRN": "B5015022",
        "SEQ_NUM": 1,
        "BLOCK": "B",
        "FLOOR": "8",
        "FLAT": "B4",
        "HOUSE_NUM_PREFIX": NaN,
        "STREET_NAME_ENG": NaN,
        "STREET_NAME_CHN": NaN,
        "AREA_DESC_ENG": NaN,
        "AREA_DESC_CHN": NaN,
        "FREE_FORMAT_ADDR_ENG": "FLAT B4 ON 8/F IN BLOCK B SIU YAT BUILDING NO. 1 SAI KUNG HOI PONG SQUARE SAI KUNG NEW TERRITORIES",
        "FREE_FORMAT_ADDR_CHN": NaN,
        "DEV_NAME_ENG": "SIU YAT BUILDING",
        "DEV_NAME_CHN": "兆日大廈",
        "FIRST_REFERENCE_LOT_PRN": "C3646063"
    },
    {
        "PRN": "B5019086",
        "SEQ_NUM": 1,
        "BLOCK": "B",
        "FLOOR": "2",
        "FLAT": "B4",
        "HOUSE_NUM_PREFIX": NaN,
        "STREET_NAME_ENG": NaN,
        "STREET_NAME_CHN": NaN,
        "AREA_DESC_ENG": NaN,
        "AREA_DESC_CHN": NaN,
        "FREE_FORMAT_ADDR_ENG": "FLAT B4 WITH A PORTION OF FLAT ROOF ON 2/F IN BLOCK B SIU YAT BUILDING NO. 1 SAI KUNG HOI PONG SQUARE SAI KUNG NEW TERRITORIES",
        "FREE_FORMAT_ADDR_CHN": NaN,
        "DEV_NAME_ENG": "SIU YAT BUILDING",
        "DEV_NAME_CHN": "兆日大廈",
        "FIRST_REFERENCE_LOT_PRN": "C3646063"
    },
    {
        "PRN": "B5376862",
        "SEQ_NUM": 1,
        "BLOCK": "A",
        "FLOOR": "6",
        "FLAT": "A1",
        "HOUSE_NUM_PREFIX": NaN,
        "STREET_NAME_ENG": NaN,
        "STREET_NAME_CHN": NaN,
        "AREA_DESC_ENG": NaN,
        "AREA_DESC_CHN": NaN,
        "FREE_FORMAT_ADDR_ENG": "FLAT A1 ON 6/F IN BLOCK A SIU YAT BUILDING NO. 1 SAI KUNG HOI PONG SQUARE SAI KUNG NEW TERRITORIES",
        "FREE_FORMAT_ADDR_CHN": NaN,
        "DEV_NAME_ENG": "SIU YAT BUILDING",
        "DEV_NAME_CHN": "兆日大廈",
        "FIRST_REFERENCE_LOT_PRN": "C3646063"
    },
    {
        "PRN": "B5376872",
        "SEQ_NUM": 1,
        "BLOCK": "A",
        "FLOOR": "3",
        "FLAT": "A2",
        "HOUSE_NUM_PREFIX": NaN,
        "STREET_NAME_ENG": NaN,
        "STREET_NAME_CHN": NaN,
        "AREA_DESC_ENG": NaN,
        "AREA_DESC_CHN": NaN,
        "FREE_FORMAT_ADDR_ENG": "FLAT A2 ON 3/F IN BLOCK A SIU YAT BUILDING NO. 1 SAI KUNG HOI PONG SQUARE SAI KUNG NEW TERRITORIES",
        "FREE_FORMAT_ADDR_CHN": NaN,
        "DEV_NAME_ENG": "SIU YAT BUILDING",
        "DEV_NAME_CHN": "兆日大廈",
        "FIRST_REFERENCE_LOT_PRN": "C3646063"
    },
    {
        "PRN": "B5376888",
        "SEQ_NUM": 1,
        "BLOCK": "B",
        "FLOOR": "3",
        "FLAT": "B2",
        "HOUSE_NUM_PREFIX": NaN,
        "STREET_NAME_ENG": NaN,
        "STREET_NAME_CHN": NaN,
        "AREA_DESC_ENG": NaN,
        "AREA_DESC_CHN": NaN,
        "FREE_FORMAT_ADDR_ENG": "FLAT B2 ON 3/F IN BLOCK B SIU YAT BUILDING NO. 1 SAI KUNG HOI PONG SQUARE SAI KUNG NEW TERRITORIES",
        "FREE_FORMAT_ADDR_CHN": NaN,
        "DEV_NAME_ENG": "SIU YAT BUILDING",
        "DEV_NAME_CHN": "兆日大廈",
        "FIRST_REFERENCE_LOT_PRN": "C3646063"
    },
    {
        "PRN": "B7701568",
        "SEQ_NUM": 1,
        "BLOCK": "A",
        "FLOOR": "4",
        "FLAT": "A1",
        "HOUSE_NUM_PREFIX": NaN,
        "STREET_NAME_ENG": NaN,
        "STREET_NAME_CHN": NaN,
        "AREA_DESC_ENG": NaN,
        "AREA_DESC_CHN": NaN,
        "FREE_FORMAT_ADDR_ENG": "FLAT A1 ON 4/F IN BLOCK A SIU YAT BUILDING NO. 1 SAI KUNG HOI PONG SQUARE SAI KUNG NEW TERRITORIES",
        "FREE_FORMAT_ADDR_CHN": NaN,
        "DEV_NAME_ENG": "SIU YAT BUILDING",
        "DEV_NAME_CHN": "兆日大廈",
        "FIRST_REFERENCE_LOT_PRN": "C3646063"
    },
    {
        "PRN": "B7701572",
        "SEQ_NUM": 1,
        "BLOCK": "A",
        "FLOOR": "7",
        "FLAT": "A1",
        "HOUSE_NUM_PREFIX": NaN,
        "STREET_NAME_ENG": NaN,
        "STREET_NAME_CHN": NaN,
        "AREA_DESC_ENG": NaN,
        "AREA_DESC_CHN": NaN,
        "FREE_FORMAT_ADDR_ENG": "FLAT A1 ON 7/F IN BLOCK A SIU YAT BUILDING NO. 1 SAI KUNG HOI PONG SQUARE SAI KUNG NEW TERRITORIES",
        "FREE_FORMAT_ADDR_CHN": NaN,
        "DEV_NAME_ENG": "SIU YAT BUILDING",
        "DEV_NAME_CHN": "兆日大廈",
        "FIRST_REFERENCE_LOT_PRN": "C3646063"
    },
    {
        "PRN": "B7701584",
        "SEQ_NUM": 1,
        "BLOCK": "A",
        "FLOOR": "3",
        "FLAT": "A3",
        "HOUSE_NUM_PREFIX": NaN,
        "STREET_NAME_ENG": NaN,
        "STREET_NAME_CHN": NaN,
        "AREA_DESC_ENG": NaN,
        "AREA_DESC_CHN": NaN,
        "FREE_FORMAT_ADDR_ENG": "FLAT A3 ON 3/F IN BLOCK A SIU YAT BUILDING NO. 1 SAI KUNG HOI PONG SQUARE SAI KUNG NEW TERRITORIES",
        "FREE_FORMAT_ADDR_CHN": NaN,
        "DEV_NAME_ENG": "SIU YAT BUILDING",
        "DEV_NAME_CHN": "兆日大廈",
        "FIRST_REFERENCE_LOT_PRN": "C3646063"
    },
    {
        "PRN": "B7701592",
        "SEQ_NUM": 1,
        "BLOCK": "A",
        "FLOOR": "8",
        "FLAT": "A3",
        "HOUSE_NUM_PREFIX": NaN,
        "STREET_NAME_ENG": NaN,
        "STREET_NAME_CHN": NaN,
        "AREA_DESC_ENG": NaN,
        "AREA_DESC_CHN": NaN,
        "FREE_FORMAT_ADDR_ENG": "FLAT A3 ON 8/F IN BLOCK A SIU YAT BUILDING NO. 1 SAI KUNG HOI PONG SQUARE SAI KUNG NEW TERRITORIES",
        "FREE_FORMAT_ADDR_CHN": NaN,
        "DEV_NAME_ENG": "SIU YAT BUILDING",
        "DEV_NAME_CHN": "兆日大廈",
        "FIRST_REFERENCE_LOT_PRN": "C3646063"
    },
    {
        "PRN": "B7705583",
        "SEQ_NUM": 1,
        "BLOCK": "B",
        "FLOOR": "6",
        "FLAT": "B1",
        "HOUSE_NUM_PREFIX": NaN,
        "STREET_NAME_ENG": NaN,
        "STREET_NAME_CHN": NaN,
        "AREA_DESC_ENG": NaN,
        "AREA_DESC_CHN": NaN,
        "FREE_FORMAT_ADDR_ENG": "FLAT B1 ON 6/F IN BLOCK B SIU YAT BUILDING NO. 1 SAI KUNG HOI PONG SQUARE SAI KUNG NEW TERRITORIES",
        "FREE_FORMAT_ADDR_CHN": NaN,
        "DEV_NAME_ENG": "SIU YAT BUILDING",
        "DEV_NAME_CHN": "兆日大廈",
        "FIRST_REFERENCE_LOT_PRN": "C3646063"
    },
    {
        "PRN": "B8397243",
        "SEQ_NUM": 1,
        "BLOCK": "A",
        "FLOOR": "2",
        "FLAT": "A1",
        "HOUSE_NUM_PREFIX": NaN,
        "STREET_NAME_ENG": NaN,
        "STREET_NAME_CHN": NaN,
        "AREA_DESC_ENG": NaN,
        "AREA_DESC_CHN": NaN,
        "FREE_FORMAT_ADDR_ENG": "FLAT A1 WITH A PORTION OF FLAT ROOF ON 2/F IN BLOCK A NO. 1 SAI KUNG HOI PONG SQUARE SAI KUNG NEW TERRITORIES",
        "FREE_FORMAT_ADDR_CHN": NaN,
        "DEV_NAME_ENG": "SIU YAT BUILDING",
        "DEV_NAME_CHN": "兆日大廈",
        "FIRST_REFERENCE_LOT_PRN": "C3646063"
    },
    {
        "PRN": "B8397260",
        "SEQ_NUM": 1,
        "BLOCK": "B",
        "FLOOR": "8",
        "FLAT": "B2",
        "HOUSE_NUM_PREFIX": NaN,
        "STREET_NAME_ENG": NaN,
        "STREET_NAME_CHN": NaN,
        "AREA_DESC_ENG": NaN,
        "AREA_DESC_CHN": NaN,
        "FREE_FORMAT_ADDR_ENG": "FLAT B2 ON 8/F IN BLOCK B SIU YAT BUILDING NO. 1 SAI KUNG HOI PONG SQUARE SAI KUNG NEW TERRITORIES",
        "FREE_FORMAT_ADDR_CHN": NaN,
        "DEV_NAME_ENG": "SIU YAT BUILDING",
        "DEV_NAME_CHN": "兆日大廈",
        "FIRST_REFERENCE_LOT_PRN": "C3646063"
    },
    {
        "PRN": "B8397273",
        "SEQ_NUM": 1,
        "BLOCK": "B",
        "FLOOR": "9",
        "FLAT": "B4",
        "HOUSE_NUM_PREFIX": NaN,
        "STREET_NAME_ENG": NaN,
        "STREET_NAME_CHN": NaN,
        "AREA_DESC_ENG": NaN,
        "AREA_DESC_CHN": NaN,
        "FREE_FORMAT_ADDR_ENG": "FLAT B4 ON 9/F IN BLOCK B SIU YAT BUILDING NO. 1 SAI KUNG HOI PONG SQUARE SAI KUNG NEW TERRITORIES",
        "FREE_FORMAT_ADDR_CHN": NaN,
        "DEV_NAME_ENG": "SIU YAT BUILDING",
        "DEV_NAME_CHN": "兆日大廈",
        "FIRST_REFERENCE_LOT_PRN": "C3646063"
    },
    {
        "PRN": "C0381119",
        "SEQ_NUM": 1,
        "BLOCK": "A",
        "FLOOR": "6",
        "FLAT": "A4",
        "HOUSE_NUM_PREFIX": NaN,
        "STREET_NAME_ENG": NaN,
        "STREET_NAME_CHN": NaN,
        "AREA_DESC_ENG": NaN,
        "AREA_DESC_CHN": NaN,
        "FREE_FORMAT_ADDR_ENG": "FLAT A4 ON 6/F IN BLOCK A SIU YAT BUILDING NO. 1 SAI KUNG HOI PONG SQUARE SAI KUNG NEW TERRITORIES",
        "FREE_FORMAT_ADDR_CHN": NaN,
        "DEV_NAME_ENG": "SIU YAT BUILDING",
        "DEV_NAME_CHN": "兆日大廈",
        "FIRST_REFERENCE_LOT_PRN": "C3646063"
    },
    {
        "PRN": "C0381154",
        "SEQ_NUM": 1,
        "BLOCK": "B",
        "FLOOR": "10",
        "FLAT": "B1A",
        "HOUSE_NUM_PREFIX": NaN,
        "STREET_NAME_ENG": NaN,
        "STREET_NAME_CHN": NaN,
        "AREA_DESC_ENG": NaN,
        "AREA_DESC_CHN": NaN,
        "FREE_FORMAT_ADDR_ENG": "FLAT B1A ON 10/F IN BLOCK B SIU YAT BUILDING NO. 1 SAI KUNG HOI PONG SQUARE SAI KUNG NEW TERRITORIES",
        "FREE_FORMAT_ADDR_CHN": NaN,
        "DEV_NAME_ENG": "SIU YAT BUILDING",
        "DEV_NAME_CHN": "兆日大廈",
        "FIRST_REFERENCE_LOT_PRN": "C3646063"
    },
    {
        "PRN": "C0381160",
        "SEQ_NUM": 1,
        "BLOCK": "B",
        "FLOOR": "10",
        "FLAT": "B2",
        "HOUSE_NUM_PREFIX": NaN,
        "STREET_NAME_ENG": NaN,
        "STREET_NAME_CHN": NaN,
        "AREA_DESC_ENG": NaN,
        "AREA_DESC_CHN": NaN,
        "FREE_FORMAT_ADDR_ENG": "FLAT B2 ON 10/F IN BLOCK B SIU YAT BUILDING NO. 1 SAI KUNG HOI PONG SQUARE SAI KUNG NEW TERRITORIES",
        "FREE_FORMAT_ADDR_CHN": NaN,
        "DEV_NAME_ENG": "SIU YAT BUILDING",
        "DEV_NAME_CHN": "兆日大廈",
        "FIRST_REFERENCE_LOT_PRN": "C3646063"
    },
    {
        "PRN": "C0381172",
        "SEQ_NUM": 1,
        "BLOCK": "B",
        "FLOOR": "9",
        "FLAT": "B2",
        "HOUSE_NUM_PREFIX": NaN,
        "STREET_NAME_ENG": NaN,
        "STREET_NAME_CHN": NaN,
        "AREA_DESC_ENG": NaN,
        "AREA_DESC_CHN": NaN,
        "FREE_FORMAT_ADDR_ENG": "FLAT B2 ON 9/F IN BLOCK B SIU YAT BUILDING NO. 1 SAI KUNG HOI PONG SQUARE SAI KUNG NEW TERRITORIES",
        "FREE_FORMAT_ADDR_CHN": NaN,
        "DEV_NAME_ENG": "SIU YAT BUILDING",
        "DEV_NAME_CHN": "兆日大廈",
        "FIRST_REFERENCE_LOT_PRN": "C3646063"
    },
    {
        "PRN": "C0381184",
        "SEQ_NUM": 1,
        "BLOCK": "B",
        "FLOOR": "10",
        "FLAT": "B3",
        "HOUSE_NUM_PREFIX": NaN,
        "STREET_NAME_ENG": NaN,
        "STREET_NAME_CHN": NaN,
        "AREA_DESC_ENG": NaN,
        "AREA_DESC_CHN": NaN,
        "FREE_FORMAT_ADDR_ENG": "FLAT B3 ON 10/F IN BLOCK B SIU YAT BUILDING NO. 1 SAI KUNG HOI PONG SQUARE SAI KUNG NEW TERRITORIES",
        "FREE_FORMAT_ADDR_CHN": NaN,
        "DEV_NAME_ENG": "SIU YAT BUILDING",
        "DEV_NAME_CHN": "兆日大廈",
        "FIRST_REFERENCE_LOT_PRN": "C3646063"
    },
    {
        "PRN": "C0745285",
        "SEQ_NUM": 1,
        "BLOCK": "A",
        "FLOOR": "4",
        "FLAT": "A4",
        "HOUSE_NUM_PREFIX": NaN,
        "STREET_NAME_ENG": NaN,
        "STREET_NAME_CHN": NaN,
        "AREA_DESC_ENG": NaN,
        "AREA_DESC_CHN": NaN,
        "FREE_FORMAT_ADDR_ENG": "FLAT A4 ON 4/F IN BLOCK A SIU YAT BUILDING NO. 1 SAI KUNG HOI PONG SQUARE SAI KUNG NEW TERRITORIES",
        "FREE_FORMAT_ADDR_CHN": NaN,
        "DEV_NAME_ENG": "SIU YAT BUILDING",
        "DEV_NAME_CHN": "兆日大廈",
        "FIRST_REFERENCE_LOT_PRN": "C3646063"
    },
    {
        "PRN": "C0745302",
        "SEQ_NUM": 1,
        "BLOCK": "B",
        "FLOOR": "5",
        "FLAT": "B3",
        "HOUSE_NUM_PREFIX": NaN,
        "STREET_NAME_ENG": NaN,
        "STREET_NAME_CHN": NaN,
        "AREA_DESC_ENG": NaN,
        "AREA_DESC_CHN": NaN,
        "FREE_FORMAT_ADDR_ENG": "FLAT B3 ON 5/F IN BLOCK B SIU YAT BUILDING NO. 1 SAI KUNG HOI PONG SQUARE SAI KUNG NEW TERRITORIES",
        "FREE_FORMAT_ADDR_CHN": NaN,
        "DEV_NAME_ENG": "SIU YAT BUILDING",
        "DEV_NAME_CHN": "兆日大廈",
        "FIRST_REFERENCE_LOT_PRN": "C3646063"
    },
    {
        "PRN": "C1079125",
        "SEQ_NUM": 1,
        "BLOCK": "A",
        "FLOOR": "3",
        "FLAT": "A1",
        "HOUSE_NUM_PREFIX": NaN,
        "STREET_NAME_ENG": NaN,
        "STREET_NAME_CHN": NaN,
        "AREA_DESC_ENG": NaN,
        "AREA_DESC_CHN": NaN,
        "FREE_FORMAT_ADDR_ENG": "FLAT A1 ON 3/F IN BLOCK A SIU YAT BUILDING NO. 1 SAI KUNG HOI PONG SQUARE SAI KUNG NEW TERRITORIES",
        "FREE_FORMAT_ADDR_CHN": NaN,
        "DEV_NAME_ENG": "SIU YAT BUILDING",
        "DEV_NAME_CHN": "兆日大廈",
        "FIRST_REFERENCE_LOT_PRN": "C3646063"
    },
    {
        "PRN": "C1079138",
        "SEQ_NUM": 1,
        "BLOCK": "A",
        "FLOOR": "4",
        "FLAT": "A3",
        "HOUSE_NUM_PREFIX": NaN,
        "STREET_NAME_ENG": NaN,
        "STREET_NAME_CHN": NaN,
        "AREA_DESC_ENG": NaN,
        "AREA_DESC_CHN": NaN,
        "FREE_FORMAT_ADDR_ENG": "FLAT A3 ON 4/F IN BLOCK A SIU YAT BUILDING NO. 1 SAI KUNG HOI PONG SQUARE SAI KUNG NEW TERRITORIES",
        "FREE_FORMAT_ADDR_CHN": NaN,
        "DEV_NAME_ENG": "SIU YAT BUILDING",
        "DEV_NAME_CHN": "兆日大廈",
        "FIRST_REFERENCE_LOT_PRN": "C3646063"
    },
    {
        "PRN": "C1079142",
        "SEQ_NUM": 1,
        "BLOCK": "B",
        "FLOOR": "7",
        "FLAT": "B3",
        "HOUSE_NUM_PREFIX": NaN,
        "STREET_NAME_ENG": NaN,
        "STREET_NAME_CHN": NaN,
        "AREA_DESC_ENG": NaN,
        "AREA_DESC_CHN": NaN,
        "FREE_FORMAT_ADDR_ENG": "FLAT B3 ON 7/F IN BLOCK B SIU YAT BUILDING NO. 1 SAI KUNG HOI PONG SQUARE SAI KUNG NEW TERRITORIES",
        "FREE_FORMAT_ADDR_CHN": NaN,
        "DEV_NAME_ENG": "SIU YAT BUILDING",
        "DEV_NAME_CHN": "兆日大廈",
        "FIRST_REFERENCE_LOT_PRN": "C3646063"
    },
    {
        "PRN": "C1410493",
        "SEQ_NUM": 1,
        "BLOCK": "A",
        "FLOOR": "11",
        "FLAT": "A4",
        "HOUSE_NUM_PREFIX": NaN,
        "STREET_NAME_ENG": NaN,
        "STREET_NAME_CHN": NaN,
        "AREA_DESC_ENG": NaN,
        "AREA_DESC_CHN": NaN,
        "FREE_FORMAT_ADDR_ENG": "FLAT A4 ON 11/F & A PORTION OF ROOF IMMEDIATELY ABOVE THEREOF IN BLK. A SIU YAT BUILDING NO. 1 SAI KUNG HOI PONG SQUARE SAI KUNG NEW TERRITORIES",
        "FREE_FORMAT_ADDR_CHN": NaN,
        "DEV_NAME_ENG": "SIU YAT BUILDING",
        "DEV_NAME_CHN": "兆日大廈",
        "FIRST_REFERENCE_LOT_PRN": "C3646063"
    }
]