[
    {
        "PRN": "A2388013",
        "SEQ_NUM": 1,
        "BLOCK": "B",
        "FLOOR": "G",
        "FLAT": "CP003",
        "HOUSE_NUM_PREFIX": 4.0,
        "STREET_NAME_ENG": "SOUTH BAY CLOSE",
        "STREET_NAME_CHN": "南灣坊",
        "AREA_DESC_ENG": "HONG KONG",
        "AREA_DESC_CHN": "香港",
        "FREE_FORMAT_ADDR_ENG": "CAR PARKING SPACE NO.3 ON G/F OF BLOCK B SOUTH BAY VILLA NO.4 SOUTH BAY CLOSE HONG KONG",
        "FREE_FORMAT_ADDR_CHN": NaN,
        "DEV_NAME_ENG": "SOUTH BAY VILLA",
        "DEV_NAME_CHN": "南灣新邨",
        "FIRST_REFERENCE_LOT_PRN": "C4717214"
    },
    {
        "PRN": "A2388029",
        "SEQ_NUM": 1,
        "BLOCK": "B",
        "FLOOR": "G",
        "FLAT": "CP004",
        "HOUSE_NUM_PREFIX": 4.0,
        "STREET_NAME_ENG": "SOUTH BAY CLOSE",
        "STREET_NAME_CHN": "南灣坊",
        "AREA_DESC_ENG": "HONG KONG",
        "AREA_DESC_CHN": "香港",
        "FREE_FORMAT_ADDR_ENG": "CAR PARKING SPACE NO.4 ON G/F OF BLOCK B SOUTH BAY VILLA NO.4 SOUTH BAY CLOSE HONG KONG",
        "FREE_FORMAT_ADDR_CHN": NaN,
        "DEV_NAME_ENG": "SOUTH BAY VILLA",
        "DEV_NAME_CHN": "南灣新邨",
        "FIRST_REFERENCE_LOT_PRN": "C4717214"
    },
    {
        "PRN": "A2388032",
        "SEQ_NUM": 1,
        "BLOCK": "B",
        "FLOOR": "G",
        "FLAT": "CP005",
        "HOUSE_NUM_PREFIX": 4.0,
        "STREET_NAME_ENG": "SOUTH BAY CLOSE",
        "STREET_NAME_CHN": "南灣坊",
        "AREA_DESC_ENG": "HONG KONG",
        "AREA_DESC_CHN": "香港",
        "FREE_FORMAT_ADDR_ENG": "CAR PARKING SPACE NO.5 ON G/F OF BLOCK B SOUTH BAY VILLA NO.4 SOUTH BAY CLOSE HONG KONG",
        "FREE_FORMAT_ADDR_CHN": NaN,
        "DEV_NAME_ENG": "SOUTH BAY VILLA",
        "DEV_NAME_CHN": "南灣新邨",
        "FIRST_REFERENCE_LOT_PRN": "C4717214"
    },
    {
        "PRN": "A2388040",
        "SEQ_NUM": 1,
        "BLOCK": "B",
        "FLOOR": "G",
        "FLAT": "CP006",
        "HOUSE_NUM_PREFIX": 4.0,
        "STREET_NAME_ENG": "SOUTH BAY CLOSE",
        "STREET_NAME_CHN": "南灣坊",
        "AREA_DESC_ENG": "HONG KONG",
        "AREA_DESC_CHN": "香港",
        "FREE_FORMAT_ADDR_ENG": "CAR PARKING SPACE NO.6 ON G/F OF BLOCK B SOUTH BAY VILLA NO.4 SOUTH BAY CLOSE HONG KONG",
        "FREE_FORMAT_ADDR_CHN": NaN,
        "DEV_NAME_ENG": "SOUTH BAY VILLA",
        "DEV_NAME_CHN": "南灣新邨",
        "FIRST_REFERENCE_LOT_PRN": "C4717214"
    },
    {
        "PRN": "A2388059",
        "SEQ_NUM": 1,
        "BLOCK": "B",
        "FLOOR": "G",
        "FLAT": "CP008",
        "HOUSE_NUM_PREFIX": 4.0,
        "STREET_NAME_ENG": "SOUTH BAY CLOSE",
        "STREET_NAME_CHN": "南灣坊",
        "AREA_DESC_ENG": "HONG KONG",
        "AREA_DESC_CHN": "香港",
        "FREE_FORMAT_ADDR_ENG": "CAR PARKING SPACE NO.8 ON G/F OF BLOCK B SOUTH BAY VILLA NO.4 SOUTH BAY CLOSE HONG KONG",
        "FREE_FORMAT_ADDR_CHN": NaN,
        "DEV_NAME_ENG": "SOUTH BAY VILLA",
        "DEV_NAME_CHN": "南灣新邨",
        "FIRST_REFERENCE_LOT_PRN": "C4717214"
    },
    {
        "PRN": "A2388066",
        "SEQ_NUM": 1,
        "BLOCK": "B",
        "FLOOR": "G",
        "FLAT": "CP009",
        "HOUSE_NUM_PREFIX": 4.0,
        "STREET_NAME_ENG": "SOUTH BAY CLOSE",
        "STREET_NAME_CHN": "南灣坊",
        "AREA_DESC_ENG": "HONG KONG",
        "AREA_DESC_CHN": "香港",
        "FREE_FORMAT_ADDR_ENG": "CAR PARKING SPACE NO.9 ON G/F SOUTH BAY VILLA BLOCK B NO.4 SOUTH BAY CLOSE HONG KONG",
        "FREE_FORMAT_ADDR_CHN": NaN,
        "DEV_NAME_ENG": "SOUTH BAY VILLA",
        "DEV_NAME_CHN": "南灣新邨",
        "FIRST_REFERENCE_LOT_PRN": "C4717214"
    },
    {
        "PRN": "A2388072",
        "SEQ_NUM": 1,
        "BLOCK": "B",
        "FLOOR": "G",
        "FLAT": "CP011",
        "HOUSE_NUM_PREFIX": 4.0,
        "STREET_NAME_ENG": "SOUTH BAY CLOSE",
        "STREET_NAME_CHN": "南灣坊",
        "AREA_DESC_ENG": "HONG KONG",
        "AREA_DESC_CHN": "香港",
        "FREE_FORMAT_ADDR_ENG": "CAR PARKING SPACE NO.11 ON G/F OF BLOCK B SOUTH BAY VILLA NO.4 SOUTH BAY CLOSE HONG KONG",
        "FREE_FORMAT_ADDR_CHN": NaN,
        "DEV_NAME_ENG": "SOUTH BAY VILLA",
        "DEV_NAME_CHN": "南灣新邨",
        "FIRST_REFERENCE_LOT_PRN": "C4717214"
    },
    {
        "PRN": "A2388084",
        "SEQ_NUM": 1,
        "BLOCK": "B",
        "FLOOR": "G",
        "FLAT": "CP014",
        "HOUSE_NUM_PREFIX": 4.0,
        "STREET_NAME_ENG": "SOUTH BAY CLOSE",
        "STREET_NAME_CHN": "南灣坊",
        "AREA_DESC_ENG": "HONG KONG",
        "AREA_DESC_CHN": "香港",
        "FREE_FORMAT_ADDR_ENG": "CAR PARKING SPACE NO. 14 ON G/F OF BLOCK B SOUTH BAY VILLA NO. 4 SOUTH BAY CLOSE HONG KONG",
        "FREE_FORMAT_ADDR_CHN": NaN,
        "DEV_NAME_ENG": "SOUTH BAY VILLA",
        "DEV_NAME_CHN": "南灣新邨",
        "FIRST_REFERENCE_LOT_PRN": "C4717214"
    },
    {
        "PRN": "A2388094",
        "SEQ_NUM": 1,
        "BLOCK": "B",
        "FLOOR": "G",
        "FLAT": "CP015",
        "HOUSE_NUM_PREFIX": 4.0,
        "STREET_NAME_ENG": "SOUTH BAY CLOSE",
        "STREET_NAME_CHN": "南灣坊",
        "AREA_DESC_ENG": "HONG KONG",
        "AREA_DESC_CHN": "香港",
        "FREE_FORMAT_ADDR_ENG": "CAR PARKING SPACE NO.15 ON G/F SOUTH BAY VILLA BLOCK B NO.4 SOUTH BAY CLOSE HONG KONG",
        "FREE_FORMAT_ADDR_CHN": NaN,
        "DEV_NAME_ENG": "SOUTH BAY VILLA",
        "DEV_NAME_CHN": "南灣新邨",
        "FIRST_REFERENCE_LOT_PRN": "C4717214"
    },
    {
        "PRN": "A2388106",
        "SEQ_NUM": 1,
        "BLOCK": "B",
        "FLOOR": "1",
        "FLAT": "1",
        "HOUSE_NUM_PREFIX": 4.0,
        "STREET_NAME_ENG": "SOUTH BAY CLOSE",
        "STREET_NAME_CHN": "南灣坊",
        "AREA_DESC_ENG": "HONG KONG",
        "AREA_DESC_CHN": "香港",
        "FREE_FORMAT_ADDR_ENG": "APARTMENT NO.1 ON 1/F & PORTION OF OPEN YARD OF BLOCK B SOUTH BAY VILLA NO.4 SOUTH BAY CLOSE HONG KONG",
        "FREE_FORMAT_ADDR_CHN": NaN,
        "DEV_NAME_ENG": "SOUTH BAY VILLA",
        "DEV_NAME_CHN": "南灣新邨",
        "FIRST_REFERENCE_LOT_PRN": "C4717214"
    },
    {
        "PRN": "A2388117",
        "SEQ_NUM": 1,
        "BLOCK": "B",
        "FLOOR": "5",
        "FLAT": "10",
        "HOUSE_NUM_PREFIX": 4.0,
        "STREET_NAME_ENG": "SOUTH BAY CLOSE",
        "STREET_NAME_CHN": "南灣坊",
        "AREA_DESC_ENG": "HONG KONG",
        "AREA_DESC_CHN": "香港",
        "FREE_FORMAT_ADDR_ENG": "APARTMENT NO. 10 ON 5/F SOUTH BAY VILLA OF BLOCK B NO. 4 SOUTH BAY CLOSE HONG KONG",
        "FREE_FORMAT_ADDR_CHN": NaN,
        "DEV_NAME_ENG": "SOUTH BAY VILLA",
        "DEV_NAME_CHN": "南灣新邨",
        "FIRST_REFERENCE_LOT_PRN": "C4717214"
    },
    {
        "PRN": "A2388123",
        "SEQ_NUM": 1,
        "BLOCK": "B",
        "FLOOR": "6",
        "FLAT": "11",
        "HOUSE_NUM_PREFIX": 4.0,
        "STREET_NAME_ENG": "SOUTH BAY CLOSE",
        "STREET_NAME_CHN": "南灣坊",
        "AREA_DESC_ENG": "HONG KONG",
        "AREA_DESC_CHN": "香港",
        "FREE_FORMAT_ADDR_ENG": "APARTMENT NO.11 (B11) ON 6TH FLOOR OF BLOCK B SOUTH BAY VILLA NO.4 SOUTH BAY CLOSE HONG KONG",
        "FREE_FORMAT_ADDR_CHN": NaN,
        "DEV_NAME_ENG": "SOUTH BAY VILLA",
        "DEV_NAME_CHN": "南灣新邨",
        "FIRST_REFERENCE_LOT_PRN": "C4717214"
    },
    {
        "PRN": "A2388136",
        "SEQ_NUM": 1,
        "BLOCK": "B",
        "FLOOR": "6",
        "FLAT": "12",
        "HOUSE_NUM_PREFIX": 4.0,
        "STREET_NAME_ENG": "SOUTH BAY CLOSE",
        "STREET_NAME_CHN": "南灣坊",
        "AREA_DESC_ENG": "HONG KONG",
        "AREA_DESC_CHN": "香港",
        "FREE_FORMAT_ADDR_ENG": "APARTMENT NO.12 ON 6/F OF BLOCK B SOUTH BAY VILLA NO.4 SOUTH BAY CLOSE HONG KONG",
        "FREE_FORMAT_ADDR_CHN": NaN,
        "DEV_NAME_ENG": "SOUTH BAY VILLA",
        "DEV_NAME_CHN": "南灣新邨",
        "FIRST_REFERENCE_LOT_PRN": "C4717214"
    },
    {
        "PRN": "A2388140",
        "SEQ_NUM": 1,
        "BLOCK": "B",
        "FLOOR": "7",
        "FLAT": "14",
        "HOUSE_NUM_PREFIX": 4.0,
        "STREET_NAME_ENG": "SOUTH BAY CLOSE",
        "STREET_NAME_CHN": "南灣坊",
        "AREA_DESC_ENG": "HONG KONG",
        "AREA_DESC_CHN": "香港",
        "FREE_FORMAT_ADDR_ENG": "APARTMENT NO.14 ON 7/F & PORTION OF THE ROOF OF BLOCK B SOUTH BAY VILLA NO.4 SOUTH BAY CLOSE HONG KONG",
        "FREE_FORMAT_ADDR_CHN": NaN,
        "DEV_NAME_ENG": "SOUTH BAY VILLA",
        "DEV_NAME_CHN": "南灣新邨",
        "FIRST_REFERENCE_LOT_PRN": "C4717214"
    },
    {
        "PRN": "A2388153",
        "SEQ_NUM": 1,
        "BLOCK": "B",
        "FLOOR": "7",
        "FLAT": "15",
        "HOUSE_NUM_PREFIX": 4.0,
        "STREET_NAME_ENG": "SOUTH BAY CLOSE",
        "STREET_NAME_CHN": "南灣坊",
        "AREA_DESC_ENG": "HONG KONG",
        "AREA_DESC_CHN": "香港",
        "FREE_FORMAT_ADDR_ENG": "APARTMENT NO.15 ON 7/F & PORTION OF THE ROOF OF BLOCK B SOUTH BAY VILLA NO.4 SOUTH BAY CLOSE HONG KONG",
        "FREE_FORMAT_ADDR_CHN": NaN,
        "DEV_NAME_ENG": "SOUTH BAY VILLA",
        "DEV_NAME_CHN": "南灣新邨",
        "FIRST_REFERENCE_LOT_PRN": "C4717214"
    },
    {
        "PRN": "A2388164",
        "SEQ_NUM": 1,
        "BLOCK": "B",
        "FLOOR": "1",
        "FLAT": "2",
        "HOUSE_NUM_PREFIX": 4.0,
        "STREET_NAME_ENG": "SOUTH BAY CLOSE",
        "STREET_NAME_CHN": "南灣坊",
        "AREA_DESC_ENG": "HONG KONG",
        "AREA_DESC_CHN": "香港",
        "FREE_FORMAT_ADDR_ENG": "APARTMENT NO.2 ON 1/F & PORTION OF OPEN YARD OF BLOCK B SOUTH BAY VILLA NO.4 SOUTH BAY CLOSE HONG KONG",
        "FREE_FORMAT_ADDR_CHN": NaN,
        "DEV_NAME_ENG": "SOUTH BAY VILLA",
        "DEV_NAME_CHN": "南灣新邨",
        "FIRST_REFERENCE_LOT_PRN": "C4717214"
    },
    {
        "PRN": "A2388174",
        "SEQ_NUM": 1,
        "BLOCK": "B",
        "FLOOR": "2",
        "FLAT": "4",
        "HOUSE_NUM_PREFIX": 4.0,
        "STREET_NAME_ENG": "SOUTH BAY CLOSE",
        "STREET_NAME_CHN": "南灣坊",
        "AREA_DESC_ENG": "HONG KONG",
        "AREA_DESC_CHN": "香港",
        "FREE_FORMAT_ADDR_ENG": "APARTMENT NO.4 ON 2/F OF BLOCK B SOUTH BAY VILLA NO.4 SOUTH BAY CLOSE HONG KONG",
        "FREE_FORMAT_ADDR_CHN": NaN,
        "DEV_NAME_ENG": "SOUTH BAY VILLA",
        "DEV_NAME_CHN": "南灣新邨",
        "FIRST_REFERENCE_LOT_PRN": "C4717214"
    },
    {
        "PRN": "A2388188",
        "SEQ_NUM": 1,
        "BLOCK": "B",
        "FLOOR": "3",
        "FLAT": "6",
        "HOUSE_NUM_PREFIX": 4.0,
        "STREET_NAME_ENG": "SOUTH BAY CLOSE",
        "STREET_NAME_CHN": "南灣坊",
        "AREA_DESC_ENG": "HONG KONG",
        "AREA_DESC_CHN": "香港",
        "FREE_FORMAT_ADDR_ENG": "APARTMENT NO. 6 ON 3/F OF BLOCK B SOUTH BAY VILLA NO. 4 SOUTH BAY CLOSE HONG KONG",
        "FREE_FORMAT_ADDR_CHN": NaN,
        "DEV_NAME_ENG": "SOUTH BAY VILLA",
        "DEV_NAME_CHN": "南灣新邨",
        "FIRST_REFERENCE_LOT_PRN": "C4717214"
    },
    {
        "PRN": "A2388190",
        "SEQ_NUM": 1,
        "BLOCK": "B",
        "FLOOR": "4",
        "FLAT": "7",
        "HOUSE_NUM_PREFIX": 4.0,
        "STREET_NAME_ENG": "SOUTH BAY CLOSE",
        "STREET_NAME_CHN": "南灣坊",
        "AREA_DESC_ENG": "HONG KONG",
        "AREA_DESC_CHN": "香港",
        "FREE_FORMAT_ADDR_ENG": "APARTMENT NO.7 ON 4/F SOUTH BAY VILLA OF BLOCK B NO.4 SOUTH BAY CLOSE HONG KONG",
        "FREE_FORMAT_ADDR_CHN": NaN,
        "DEV_NAME_ENG": "SOUTH BAY VILLA",
        "DEV_NAME_CHN": "南灣新邨",
        "FIRST_REFERENCE_LOT_PRN": "C4717214"
    },
    {
        "PRN": "A2388204",
        "SEQ_NUM": 1,
        "BLOCK": "B",
        "FLOOR": "5",
        "FLAT": "9",
        "HOUSE_NUM_PREFIX": 4.0,
        "STREET_NAME_ENG": "SOUTH BAY CLOSE",
        "STREET_NAME_CHN": "南灣坊",
        "AREA_DESC_ENG": "HONG KONG",
        "AREA_DESC_CHN": "香港",
        "FREE_FORMAT_ADDR_ENG": "APARTMENT NO.9 ON 5/F SOUTH BAY VILLA OF BLOCK B NO.4 SOUTH BAY CLOSE HONG KONG",
        "FREE_FORMAT_ADDR_CHN": NaN,
        "DEV_NAME_ENG": "SOUTH BAY VILLA",
        "DEV_NAME_CHN": "南灣新邨",
        "FIRST_REFERENCE_LOT_PRN": "C4717214"
    },
    {
        "PRN": "B3677428",
        "SEQ_NUM": 1,
        "BLOCK": "B",
        "FLOOR": "G",
        "FLAT": "CP001",
        "HOUSE_NUM_PREFIX": 4.0,
        "STREET_NAME_ENG": "SOUTH BAY CLOSE",
        "STREET_NAME_CHN": "南灣坊",
        "AREA_DESC_ENG": "HONG KONG",
        "AREA_DESC_CHN": "香港",
        "FREE_FORMAT_ADDR_ENG": "CAR PARKING SPACE NO.1 ON G/F OF BLOCK B SOUTH BAY VILLA NO.4 SOUTH BAY CLOSE HONG KONG",
        "FREE_FORMAT_ADDR_CHN": NaN,
        "DEV_NAME_ENG": "SOUTH BAY VILLA",
        "DEV_NAME_CHN": "南灣新邨",
        "FIRST_REFERENCE_LOT_PRN": "C4717214"
    },
    {
        "PRN": "B6355861",
        "SEQ_NUM": 1,
        "BLOCK": "B",
        "FLOOR": "G",
        "FLAT": "CP002",
        "HOUSE_NUM_PREFIX": 4.0,
        "STREET_NAME_ENG": "SOUTH BAY CLOSE",
        "STREET_NAME_CHN": "南灣坊",
        "AREA_DESC_ENG": "HONG KONG",
        "AREA_DESC_CHN": "香港",
        "FREE_FORMAT_ADDR_ENG": "CAR PARKING SPACE NO.2 ON G/F OF BLOCK B SOUTH BAY VILLA NO.4 SOUTH BAY CLOSE HONG KONG",
        "FREE_FORMAT_ADDR_CHN": NaN,
        "DEV_NAME_ENG": "SOUTH BAY VILLA",
        "DEV_NAME_CHN": "南灣新邨",
        "FIRST_REFERENCE_LOT_PRN": "C4717214"
    },
    {
        "PRN": "B6355873",
        "SEQ_NUM": 1,
        "BLOCK": "B",
        "FLOOR": "G",
        "FLAT": "CP012",
        "HOUSE_NUM_PREFIX": 4.0,
        "STREET_NAME_ENG": "SOUTH BAY CLOSE",
        "STREET_NAME_CHN": "南灣坊",
        "AREA_DESC_ENG": "HONG KONG",
        "AREA_DESC_CHN": "香港",
        "FREE_FORMAT_ADDR_ENG": "CAR PARKING SPACE NO.12 ON G/F OF BLOCK B SOUTH BAY VILLA NO.4 SOUTH BAY CLOSE HONG KONG",
        "FREE_FORMAT_ADDR_CHN": NaN,
        "DEV_NAME_ENG": "SOUTH BAY VILLA",
        "DEV_NAME_CHN": "南灣新邨",
        "FIRST_REFERENCE_LOT_PRN": "C4717214"
    },
    {
        "PRN": "B8462745",
        "SEQ_NUM": 1,
        "BLOCK": "B",
        "FLOOR": "G",
        "FLAT": "CP010",
        "HOUSE_NUM_PREFIX": 4.0,
        "STREET_NAME_ENG": "SOUTH BAY CLOSE",
        "STREET_NAME_CHN": "南灣坊",
        "AREA_DESC_ENG": "HONG KONG",
        "AREA_DESC_CHN": "香港",
        "FREE_FORMAT_ADDR_ENG": "CAR PARKING SPACE NO.10 ON G/F OF BLOCK B SOUTH BAY VILLA NO.4 SOUTH BAY CLOSE HONG KONG",
        "FREE_FORMAT_ADDR_CHN": NaN,
        "DEV_NAME_ENG": "SOUTH BAY VILLA",
        "DEV_NAME_CHN": "南灣新邨",
        "FIRST_REFERENCE_LOT_PRN": "C4717214"
    },
    {
        "PRN": "B9042452",
        "SEQ_NUM": 1,
        "BLOCK": "B",
        "FLOOR": "2",
        "FLAT": "3",
        "HOUSE_NUM_PREFIX": 4.0,
        "STREET_NAME_ENG": "SOUTH BAY CLOSE",
        "STREET_NAME_CHN": "南灣坊",
        "AREA_DESC_ENG": "HONG KONG",
        "AREA_DESC_CHN": "香港",
        "FREE_FORMAT_ADDR_ENG": "APARTMENT NO.3 ON 2/F OF BLOCK B SOUTH BAY VILLA NO.4 SOUTH BAY CLOSE HONG KONG",
        "FREE_FORMAT_ADDR_CHN": NaN,
        "DEV_NAME_ENG": "SOUTH BAY VILLA",
        "DEV_NAME_CHN": "南灣新邨",
        "FIRST_REFERENCE_LOT_PRN": "C4717214"
    },
    {
        "PRN": "B9042466",
        "SEQ_NUM": 1,
        "BLOCK": "B",
        "FLOOR": "3",
        "FLAT": "5",
        "HOUSE_NUM_PREFIX": 4.0,
        "STREET_NAME_ENG": "SOUTH BAY CLOSE",
        "STREET_NAME_CHN": "南灣坊",
        "AREA_DESC_ENG": "HONG KONG",
        "AREA_DESC_CHN": "香港",
        "FREE_FORMAT_ADDR_ENG": "APARTMENT NO. 5 ON 3/F OF BLOCK B SOUTH BAY VILLA NO. 4 SOUTH BAY CLOSE HONG KONG",
        "FREE_FORMAT_ADDR_CHN": NaN,
        "DEV_NAME_ENG": "SOUTH BAY VILLA",
        "DEV_NAME_CHN": "南灣新邨",
        "FIRST_REFERENCE_LOT_PRN": "C4717214"
    },
    {
        "PRN": "B9042478",
        "SEQ_NUM": 1,
        "BLOCK": "B",
        "FLOOR": "4",
        "FLAT": "8",
        "HOUSE_NUM_PREFIX": 4.0,
        "STREET_NAME_ENG": "SOUTH BAY CLOSE",
        "STREET_NAME_CHN": "南灣坊",
        "AREA_DESC_ENG": "HONG KONG",
        "AREA_DESC_CHN": "香港",
        "FREE_FORMAT_ADDR_ENG": "APARTMENT NO.8 ON 4/F OF BLOCK B SOUTH BAY VILLA NO.4 SOUTH BAY CLOSE HONG KONG",
        "FREE_FORMAT_ADDR_CHN": NaN,
        "DEV_NAME_ENG": "SOUTH BAY VILLA",
        "DEV_NAME_CHN": "南灣新邨",
        "FIRST_REFERENCE_LOT_PRN": "C4717214"
    },
    {
        "PRN": "C0811145",
        "SEQ_NUM": 1,
        "BLOCK": "B",
        "FLOOR": "G",
        "FLAT": "CP007",
        "HOUSE_NUM_PREFIX": 4.0,
        "STREET_NAME_ENG": "SOUTH BAY CLOSE",
        "STREET_NAME_CHN": "南灣坊",
        "AREA_DESC_ENG": "HONG KONG",
        "AREA_DESC_CHN": "香港",
        "FREE_FORMAT_ADDR_ENG": "CAR PARKING SPACE NO.7 ON G/F OF BLOCK B SOUTH BAY VILLA NO.4 SOUTH BAY CLOSE HONG KONG",
        "FREE_FORMAT_ADDR_CHN": NaN,
        "DEV_NAME_ENG": "SOUTH BAY VILLA",
        "DEV_NAME_CHN": "南灣新邨",
        "FIRST_REFERENCE_LOT_PRN": "C4717214"
    }
]