[
    {
        "PRN": "D1986478",
        "SEQ_NUM": 1,
        "BLOCK": "15",
        "FLOOR": "1",
        "FLAT": NaN,
        "HOUSE_NUM_PREFIX": NaN,
        "STREET_NAME_ENG": NaN,
        "STREET_NAME_CHN": NaN,
        "AREA_DESC_ENG": NaN,
        "AREA_DESC_CHN": NaN,
        "FREE_FORMAT_ADDR_ENG": "FIRST FLOOR BLOCK 15 OF THE PRESTIGE NO. 60 YUEN KONG SAN TSUEN PAT HEUNG YUEN LONG NEW TERRITORIES",
        "FREE_FORMAT_ADDR_CHN": NaN,
        "DEV_NAME_ENG": "THE PRESTIGE",
        "DEV_NAME_CHN": "偉賢薈",
        "FIRST_REFERENCE_LOT_PRN": "D1944268"
    },
    {
        "PRN": "D1986482",
        "SEQ_NUM": 1,
        "BLOCK": "15",
        "FLOOR": "2",
        "FLAT": NaN,
        "HOUSE_NUM_PREFIX": NaN,
        "STREET_NAME_ENG": NaN,
        "STREET_NAME_CHN": NaN,
        "AREA_DESC_ENG": NaN,
        "AREA_DESC_CHN": NaN,
        "FREE_FORMAT_ADDR_ENG": "SECOND FLOOR AND ROOF BLOCK 15 OF THE PRESTIGE NO. 60 YUEN KONG SAN TSUEN PAT HEUNG YUEN LONG NEW TERRITORIES",
        "FREE_FORMAT_ADDR_CHN": NaN,
        "DEV_NAME_ENG": "THE PRESTIGE",
        "DEV_NAME_CHN": "偉賢薈",
        "FIRST_REFERENCE_LOT_PRN": "D1944268"
    },
    {
        "PRN": "D1986499",
        "SEQ_NUM": 1,
        "BLOCK": "15",
        "FLOOR": "G",
        "FLAT": NaN,
        "HOUSE_NUM_PREFIX": NaN,
        "STREET_NAME_ENG": NaN,
        "STREET_NAME_CHN": NaN,
        "AREA_DESC_ENG": NaN,
        "AREA_DESC_CHN": NaN,
        "FREE_FORMAT_ADDR_ENG": "GROUND FLOOR AND GARDEN BLOCK 15 OF THE PRESTIGE NO. 60 YUEN KONG SAN TSUEN PAT HEUNG YUEN LONG NEW TERRITORIES",
        "FREE_FORMAT_ADDR_CHN": NaN,
        "DEV_NAME_ENG": "THE PRESTIGE",
        "DEV_NAME_CHN": "偉賢薈",
        "FIRST_REFERENCE_LOT_PRN": "D1944268"
    },
    {
        "PRN": "D2433150",
        "SEQ_NUM": 1,
        "BLOCK": "11",
        "FLOOR": "1",
        "FLAT": NaN,
        "HOUSE_NUM_PREFIX": NaN,
        "STREET_NAME_ENG": NaN,
        "STREET_NAME_CHN": NaN,
        "AREA_DESC_ENG": NaN,
        "AREA_DESC_CHN": NaN,
        "FREE_FORMAT_ADDR_ENG": "FIRST FLOOR BLOCK 11 OF THE PRESTIGE NO. 60 YUEN KONG SAN TSUEN PAT HEUNG YUEN LONG NEW TERRITORIES",
        "FREE_FORMAT_ADDR_CHN": NaN,
        "DEV_NAME_ENG": "THE PRESTIGE",
        "DEV_NAME_CHN": "偉賢薈",
        "FIRST_REFERENCE_LOT_PRN": "C2466471"
    },
    {
        "PRN": "D2433162",
        "SEQ_NUM": 1,
        "BLOCK": "11",
        "FLOOR": "2",
        "FLAT": NaN,
        "HOUSE_NUM_PREFIX": NaN,
        "STREET_NAME_ENG": NaN,
        "STREET_NAME_CHN": NaN,
        "AREA_DESC_ENG": NaN,
        "AREA_DESC_CHN": NaN,
        "FREE_FORMAT_ADDR_ENG": "SECOND FLOOR AND ROOF BLOCK 11 OF THE PRESTIGE NO. 60 YUEN KONG SAN TSUEN PAT HEUNG YUEN LONG NEW TERRITORIES",
        "FREE_FORMAT_ADDR_CHN": NaN,
        "DEV_NAME_ENG": "THE PRESTIGE",
        "DEV_NAME_CHN": "偉賢薈",
        "FIRST_REFERENCE_LOT_PRN": "C2466471"
    },
    {
        "PRN": "D2433179",
        "SEQ_NUM": 1,
        "BLOCK": "11",
        "FLOOR": "G",
        "FLAT": NaN,
        "HOUSE_NUM_PREFIX": NaN,
        "STREET_NAME_ENG": NaN,
        "STREET_NAME_CHN": NaN,
        "AREA_DESC_ENG": NaN,
        "AREA_DESC_CHN": NaN,
        "FREE_FORMAT_ADDR_ENG": "GROUND FLOOR AND THE GARDEN THEREOF BLOCK 11 OF THE PRESTIGE NO. 60 YUEN KONG SAN TSUEN PAT HEUNG YUEN LONG NEW TERRITORIES",
        "FREE_FORMAT_ADDR_CHN": NaN,
        "DEV_NAME_ENG": "THE PRESTIGE",
        "DEV_NAME_CHN": "偉賢薈",
        "FIRST_REFERENCE_LOT_PRN": "C2466471"
    },
    {
        "PRN": "D2512967",
        "SEQ_NUM": 1,
        "BLOCK": "10",
        "FLOOR": "1",
        "FLAT": NaN,
        "HOUSE_NUM_PREFIX": NaN,
        "STREET_NAME_ENG": NaN,
        "STREET_NAME_CHN": NaN,
        "AREA_DESC_ENG": NaN,
        "AREA_DESC_CHN": NaN,
        "FREE_FORMAT_ADDR_ENG": "FIRST FLOOR BLOCK 10 OF THE PRESTIGE NO. 60 YUEN KONG SAN TSUEN PAT HEUNG YUEN LONG NEW TERRITORIES",
        "FREE_FORMAT_ADDR_CHN": NaN,
        "DEV_NAME_ENG": "THE PRESTIGE",
        "DEV_NAME_CHN": "偉賢薈",
        "FIRST_REFERENCE_LOT_PRN": "D2396257"
    },
    {
        "PRN": "D2512973",
        "SEQ_NUM": 1,
        "BLOCK": "10",
        "FLOOR": "2",
        "FLAT": NaN,
        "HOUSE_NUM_PREFIX": NaN,
        "STREET_NAME_ENG": NaN,
        "STREET_NAME_CHN": NaN,
        "AREA_DESC_ENG": NaN,
        "AREA_DESC_CHN": NaN,
        "FREE_FORMAT_ADDR_ENG": "SECOND FLOOR AND ROOF BLOCK 10 OF THE PRESTIGE NO. 60 YUEN KONG SAN TSUEN PAT HEUNG YUEN LONG NEW TERRITORIES",
        "FREE_FORMAT_ADDR_CHN": NaN,
        "DEV_NAME_ENG": "THE PRESTIGE",
        "DEV_NAME_CHN": "偉賢薈",
        "FIRST_REFERENCE_LOT_PRN": "D2396257"
    },
    {
        "PRN": "D2512983",
        "SEQ_NUM": 1,
        "BLOCK": "10",
        "FLOOR": "G",
        "FLAT": NaN,
        "HOUSE_NUM_PREFIX": NaN,
        "STREET_NAME_ENG": NaN,
        "STREET_NAME_CHN": NaN,
        "AREA_DESC_ENG": NaN,
        "AREA_DESC_CHN": NaN,
        "FREE_FORMAT_ADDR_ENG": "GROUND FLOOR AND THE GARDEN THEREOF BLOCK 10 OF THE PRESTIGE NO. 60 YUEN KONG SAN TSUEN PAT HEUNG YUEN LONG NEW TERRITORIES",
        "FREE_FORMAT_ADDR_CHN": NaN,
        "DEV_NAME_ENG": "THE PRESTIGE",
        "DEV_NAME_CHN": "偉賢薈",
        "FIRST_REFERENCE_LOT_PRN": "D2396257"
    },
    {
        "PRN": "D2741341",
        "SEQ_NUM": 1,
        "BLOCK": "19",
        "FLOOR": "1",
        "FLAT": NaN,
        "HOUSE_NUM_PREFIX": NaN,
        "STREET_NAME_ENG": NaN,
        "STREET_NAME_CHN": NaN,
        "AREA_DESC_ENG": NaN,
        "AREA_DESC_CHN": NaN,
        "FREE_FORMAT_ADDR_ENG": "FIRST FLOOR BLOCK 19 OF THE PRESTIGE NO. 60 YUEN KONG SAN TSUEN PAT HEUNG YUEN LONG NEW TERRITORIES",
        "FREE_FORMAT_ADDR_CHN": NaN,
        "DEV_NAME_ENG": "THE PRESTIGE",
        "DEV_NAME_CHN": "偉賢薈",
        "FIRST_REFERENCE_LOT_PRN": "C5306548"
    },
    {
        "PRN": "D2741354",
        "SEQ_NUM": 1,
        "BLOCK": "19",
        "FLOOR": "2",
        "FLAT": NaN,
        "HOUSE_NUM_PREFIX": NaN,
        "STREET_NAME_ENG": NaN,
        "STREET_NAME_CHN": NaN,
        "AREA_DESC_ENG": NaN,
        "AREA_DESC_CHN": NaN,
        "FREE_FORMAT_ADDR_ENG": "SECOND FLOOR AND THE ROOF BLOCK 19 OF THE PRESTIGE NO. 60 YUEN KONG SAN TSUEN PAT HEUNG YUEN LONG NEW TERRITORIES",
        "FREE_FORMAT_ADDR_CHN": NaN,
        "DEV_NAME_ENG": "THE PRESTIGE",
        "DEV_NAME_CHN": "偉賢薈",
        "FIRST_REFERENCE_LOT_PRN": "C5306548"
    },
    {
        "PRN": "D2741367",
        "SEQ_NUM": 1,
        "BLOCK": "19",
        "FLOOR": "G",
        "FLAT": NaN,
        "HOUSE_NUM_PREFIX": NaN,
        "STREET_NAME_ENG": NaN,
        "STREET_NAME_CHN": NaN,
        "AREA_DESC_ENG": NaN,
        "AREA_DESC_CHN": NaN,
        "FREE_FORMAT_ADDR_ENG": "GROUND FLOOR AND THE GARDEN THEREOF BLOCK 19 OF THE PRESTIGE NO. 60 YUEN KONG SAN TSUEN PAT HEUNG YUEN LONG NEW TERRITORIES",
        "FREE_FORMAT_ADDR_CHN": NaN,
        "DEV_NAME_ENG": "THE PRESTIGE",
        "DEV_NAME_CHN": "偉賢薈",
        "FIRST_REFERENCE_LOT_PRN": "C5306548"
    },
    {
        "PRN": "D2819063",
        "SEQ_NUM": 1,
        "BLOCK": "18",
        "FLOOR": "1",
        "FLAT": NaN,
        "HOUSE_NUM_PREFIX": NaN,
        "STREET_NAME_ENG": NaN,
        "STREET_NAME_CHN": NaN,
        "AREA_DESC_ENG": NaN,
        "AREA_DESC_CHN": NaN,
        "FREE_FORMAT_ADDR_ENG": "FIRST FLOOR BLOCK 18 OF THE PRESTIGE NO. 60 YUEN KONG SAN TSUEN PAT HEUNG YUEN LONG NEW TERRITORIES",
        "FREE_FORMAT_ADDR_CHN": NaN,
        "DEV_NAME_ENG": "THE PRESTIGE",
        "DEV_NAME_CHN": "偉賢薈",
        "FIRST_REFERENCE_LOT_PRN": "D2538851"
    },
    {
        "PRN": "D2819079",
        "SEQ_NUM": 1,
        "BLOCK": "18",
        "FLOOR": "2",
        "FLAT": NaN,
        "HOUSE_NUM_PREFIX": NaN,
        "STREET_NAME_ENG": NaN,
        "STREET_NAME_CHN": NaN,
        "AREA_DESC_ENG": NaN,
        "AREA_DESC_CHN": NaN,
        "FREE_FORMAT_ADDR_ENG": "SECOND FLOOR AND THE ROOF BLOCK 18 OF THE PRESTIGE NO. 60 YUEN KONG SAN TSUEN PAT HEUNG YUEN LONG NEW TERRITORIES",
        "FREE_FORMAT_ADDR_CHN": NaN,
        "DEV_NAME_ENG": "THE PRESTIGE",
        "DEV_NAME_CHN": "偉賢薈",
        "FIRST_REFERENCE_LOT_PRN": "D2538851"
    },
    {
        "PRN": "D2819084",
        "SEQ_NUM": 1,
        "BLOCK": "18",
        "FLOOR": "G",
        "FLAT": NaN,
        "HOUSE_NUM_PREFIX": NaN,
        "STREET_NAME_ENG": NaN,
        "STREET_NAME_CHN": NaN,
        "AREA_DESC_ENG": NaN,
        "AREA_DESC_CHN": NaN,
        "FREE_FORMAT_ADDR_ENG": "GROUND FLOOR AND THE GARDEN THEREOF BLOCK 18 OF THE PRESTIGE NO. 60 YUEN KONG SAN TSUEN PAT HEUNG YUEN LONG NEW TERRITORIES",
        "FREE_FORMAT_ADDR_CHN": NaN,
        "DEV_NAME_ENG": "THE PRESTIGE",
        "DEV_NAME_CHN": "偉賢薈",
        "FIRST_REFERENCE_LOT_PRN": "D2538851"
    },
    {
        "PRN": "D2957397",
        "SEQ_NUM": 1,
        "BLOCK": "23",
        "FLOOR": "1",
        "FLAT": NaN,
        "HOUSE_NUM_PREFIX": NaN,
        "STREET_NAME_ENG": NaN,
        "STREET_NAME_CHN": NaN,
        "AREA_DESC_ENG": NaN,
        "AREA_DESC_CHN": NaN,
        "FREE_FORMAT_ADDR_ENG": "FIRST FLOOR BLOCK 23 OF THE PRESTIGE NO. 60 YUEN KONG SAN TSUEN PAT HEUNG YUEN LONG NEW TERRITORIES",
        "FREE_FORMAT_ADDR_CHN": NaN,
        "DEV_NAME_ENG": "THE PRESTIGE",
        "DEV_NAME_CHN": NaN,
        "FIRST_REFERENCE_LOT_PRN": "D1077927"
    },
    {
        "PRN": "D2957400",
        "SEQ_NUM": 1,
        "BLOCK": "23",
        "FLOOR": "2",
        "FLAT": NaN,
        "HOUSE_NUM_PREFIX": NaN,
        "STREET_NAME_ENG": NaN,
        "STREET_NAME_CHN": NaN,
        "AREA_DESC_ENG": NaN,
        "AREA_DESC_CHN": NaN,
        "FREE_FORMAT_ADDR_ENG": "SECOND FLOOR AND THE ROOF BLOCK 23 OF THE PRESTIGE NO. 60 YUEN KONG SAN TSUEN PAT HEUNG YUEN LONG NEW TERRITORIES",
        "FREE_FORMAT_ADDR_CHN": NaN,
        "DEV_NAME_ENG": "THE PRESTIGE",
        "DEV_NAME_CHN": NaN,
        "FIRST_REFERENCE_LOT_PRN": "D1077927"
    },
    {
        "PRN": "D2957418",
        "SEQ_NUM": 1,
        "BLOCK": "23",
        "FLOOR": "G",
        "FLAT": NaN,
        "HOUSE_NUM_PREFIX": NaN,
        "STREET_NAME_ENG": NaN,
        "STREET_NAME_CHN": NaN,
        "AREA_DESC_ENG": NaN,
        "AREA_DESC_CHN": NaN,
        "FREE_FORMAT_ADDR_ENG": "GROUND FLOOR AND THE GARDEN THEREOF BLOCK 23 OF THE PRESTIGE NO. 60 YUEN KONG SAN TSUEN PAT HEUNG YUEN LONG NEW TERRITORIES",
        "FREE_FORMAT_ADDR_CHN": NaN,
        "DEV_NAME_ENG": "THE PRESTIGE",
        "DEV_NAME_CHN": NaN,
        "FIRST_REFERENCE_LOT_PRN": "D1077927"
    },
    {
        "PRN": "D2958859",
        "SEQ_NUM": 1,
        "BLOCK": "2",
        "FLOOR": "1",
        "FLAT": NaN,
        "HOUSE_NUM_PREFIX": NaN,
        "STREET_NAME_ENG": NaN,
        "STREET_NAME_CHN": NaN,
        "AREA_DESC_ENG": NaN,
        "AREA_DESC_CHN": NaN,
        "FREE_FORMAT_ADDR_ENG": "FIRST FLOOR BLOCK 2 OF THE PRESTIGE NO. 60 YUEN KONG SAN TSUEN PAT HEUNG YUEN LONG NEW TERRITORIES",
        "FREE_FORMAT_ADDR_CHN": NaN,
        "DEV_NAME_ENG": "THE PRESTIGE",
        "DEV_NAME_CHN": "偉賢薈",
        "FIRST_REFERENCE_LOT_PRN": "D0736622"
    },
    {
        "PRN": "D2958860",
        "SEQ_NUM": 1,
        "BLOCK": "2",
        "FLOOR": "2",
        "FLAT": NaN,
        "HOUSE_NUM_PREFIX": NaN,
        "STREET_NAME_ENG": NaN,
        "STREET_NAME_CHN": NaN,
        "AREA_DESC_ENG": NaN,
        "AREA_DESC_CHN": NaN,
        "FREE_FORMAT_ADDR_ENG": "SECOND FLOOR AND ROOF BLOCK 2 OF THE PRESTIGE NO. 60 YUEN KONG SAN TSUEN PAT HEUNG YUEN LONG NEW TERRITORIES",
        "FREE_FORMAT_ADDR_CHN": NaN,
        "DEV_NAME_ENG": "THE PRESTIGE",
        "DEV_NAME_CHN": "偉賢薈",
        "FIRST_REFERENCE_LOT_PRN": "D0736622"
    },
    {
        "PRN": "D2958870",
        "SEQ_NUM": 1,
        "BLOCK": "2",
        "FLOOR": "G",
        "FLAT": NaN,
        "HOUSE_NUM_PREFIX": NaN,
        "STREET_NAME_ENG": NaN,
        "STREET_NAME_CHN": NaN,
        "AREA_DESC_ENG": NaN,
        "AREA_DESC_CHN": NaN,
        "FREE_FORMAT_ADDR_ENG": "GROUND FLOOR AND THE GARDEN THEREOF BLOCK 2 OF THE PRESTIGE NO. 60 YUEN KONG SAN TSUEN PAT HEUNG YUEN LONG NEW TERRITORIES",
        "FREE_FORMAT_ADDR_CHN": NaN,
        "DEV_NAME_ENG": "THE PRESTIGE",
        "DEV_NAME_CHN": "偉賢薈",
        "FIRST_REFERENCE_LOT_PRN": "D0736622"
    },
    {
        "PRN": "D3086231",
        "SEQ_NUM": 1,
        "BLOCK": "1",
        "FLOOR": "1",
        "FLAT": NaN,
        "HOUSE_NUM_PREFIX": NaN,
        "STREET_NAME_ENG": NaN,
        "STREET_NAME_CHN": NaN,
        "AREA_DESC_ENG": NaN,
        "AREA_DESC_CHN": NaN,
        "FREE_FORMAT_ADDR_ENG": "FIRST FLOOR BLOCK 1 OF THE PRESTIGE THE REMAINING PORTION OF SECTION D OF LOT NO. 1889 IN DD106 YUEN LONG NEW TERRITORIES",
        "FREE_FORMAT_ADDR_CHN": NaN,
        "DEV_NAME_ENG": "THE PRESTIGE",
        "DEV_NAME_CHN": "偉賢薈",
        "FIRST_REFERENCE_LOT_PRN": "D2989830"
    },
    {
        "PRN": "D3086246",
        "SEQ_NUM": 1,
        "BLOCK": "1",
        "FLOOR": "2",
        "FLAT": NaN,
        "HOUSE_NUM_PREFIX": NaN,
        "STREET_NAME_ENG": NaN,
        "STREET_NAME_CHN": NaN,
        "AREA_DESC_ENG": NaN,
        "AREA_DESC_CHN": NaN,
        "FREE_FORMAT_ADDR_ENG": "SECOND FLOOR AND THE ROOF THEREOF BLOCK 1 OF THE PRESTIGE THE REMAINING PORTION OF SECTION D OF LOT NO. 1889 IN DD106 YUEN LONG NEW TERRITORIES",
        "FREE_FORMAT_ADDR_CHN": NaN,
        "DEV_NAME_ENG": "THE PRESTIGE",
        "DEV_NAME_CHN": "偉賢薈",
        "FIRST_REFERENCE_LOT_PRN": "D2989830"
    },
    {
        "PRN": "D3086259",
        "SEQ_NUM": 1,
        "BLOCK": "1",
        "FLOOR": "G",
        "FLAT": NaN,
        "HOUSE_NUM_PREFIX": NaN,
        "STREET_NAME_ENG": NaN,
        "STREET_NAME_CHN": NaN,
        "AREA_DESC_ENG": NaN,
        "AREA_DESC_CHN": NaN,
        "FREE_FORMAT_ADDR_ENG": "GROUND FLOOR AND THE GARDEN THEREOF BLOCK 1 OF THE PRESTIGE THE REMAINING PORTION OF SECTION D OF LOT NO. 1889 IN DD106 YUEN LONG NEW TERRITORIES",
        "FREE_FORMAT_ADDR_CHN": NaN,
        "DEV_NAME_ENG": "THE PRESTIGE",
        "DEV_NAME_CHN": "偉賢薈",
        "FIRST_REFERENCE_LOT_PRN": "D2989830"
    },
    {
        "PRN": "D3156539",
        "SEQ_NUM": 1,
        "BLOCK": "3",
        "FLOOR": "2",
        "FLAT": NaN,
        "HOUSE_NUM_PREFIX": NaN,
        "STREET_NAME_ENG": NaN,
        "STREET_NAME_CHN": NaN,
        "AREA_DESC_ENG": NaN,
        "AREA_DESC_CHN": NaN,
        "FREE_FORMAT_ADDR_ENG": "SECOND FLOOR INCLUDING THE BALCONY APPURTENANT THERETO AND THE ROOF THEREABOVE TOGETHER WITH THE WHOLE STAIRCASES FROM THE GROUND FLOOR LANDING TO THE SECOND FLOOR BLOCK 3 OF THE PRESTIGE SUB-SECTION 3 OF SECTION G OF LOT NO. 235 IN DD106 YUEN LONG NEW TERRITORIES",
        "FREE_FORMAT_ADDR_CHN": NaN,
        "DEV_NAME_ENG": "THE PRESTIGE",
        "DEV_NAME_CHN": "偉賢薈",
        "FIRST_REFERENCE_LOT_PRN": "D3037486"
    },
    {
        "PRN": "D3156541",
        "SEQ_NUM": 1,
        "BLOCK": "3",
        "FLOOR": "G",
        "FLAT": NaN,
        "HOUSE_NUM_PREFIX": NaN,
        "STREET_NAME_ENG": NaN,
        "STREET_NAME_CHN": NaN,
        "AREA_DESC_ENG": NaN,
        "AREA_DESC_CHN": NaN,
        "FREE_FORMAT_ADDR_ENG": "GROUND FLOOR TOGETHER WITH THE GARDEN AND FIRST FLOOR INCLUDING THE BALCONY APPURTENANT THERETO DUPLEX UNIT BLOCK 3 OF THE PRESTIGE SUB-SECTION 3 OF SECTION G OF LOT NO. 235 IN DD106 YUEN LONG NEW TERRITORIES",
        "FREE_FORMAT_ADDR_CHN": NaN,
        "DEV_NAME_ENG": "THE PRESTIGE",
        "DEV_NAME_CHN": "偉賢薈",
        "FIRST_REFERENCE_LOT_PRN": "D3037486"
    },
    {
        "PRN": "D3183912",
        "SEQ_NUM": 1,
        "BLOCK": "22",
        "FLOOR": "1",
        "FLAT": NaN,
        "HOUSE_NUM_PREFIX": NaN,
        "STREET_NAME_ENG": NaN,
        "STREET_NAME_CHN": NaN,
        "AREA_DESC_ENG": NaN,
        "AREA_DESC_CHN": NaN,
        "FREE_FORMAT_ADDR_ENG": "FIRST FLOOR AND THE BALCONY THEREOF BLOCK 22 OF THE PRESTIGE NO. 60 YUEN KONG SAN TSUEN PAT HEUNG YUEN LONG NEW TERRITORIES",
        "FREE_FORMAT_ADDR_CHN": NaN,
        "DEV_NAME_ENG": "THE PRESTIGE",
        "DEV_NAME_CHN": "偉賢薈",
        "FIRST_REFERENCE_LOT_PRN": "D1077825"
    },
    {
        "PRN": "D3183928",
        "SEQ_NUM": 1,
        "BLOCK": "22",
        "FLOOR": "2",
        "FLAT": NaN,
        "HOUSE_NUM_PREFIX": NaN,
        "STREET_NAME_ENG": NaN,
        "STREET_NAME_CHN": NaN,
        "AREA_DESC_ENG": NaN,
        "AREA_DESC_CHN": NaN,
        "FREE_FORMAT_ADDR_ENG": "SECOND FLOOR AND THE BALCONY THEREOF AND THE ROOF THEREABOVE AND THE STAIRCASE FROM THE 1ST FLOOR LANDING TO THE 2ND FLOOR AND THE STORE ROOM UNDERNEATH STAIRCASE BLOCK 22 OF THE PRESTIGE NO. 60 YUEN KONG SAN TSUEN PAT HEUNG YUEN LONG NEW TERRITORIES",
        "FREE_FORMAT_ADDR_CHN": NaN,
        "DEV_NAME_ENG": "THE PRESTIGE",
        "DEV_NAME_CHN": "偉賢薈",
        "FIRST_REFERENCE_LOT_PRN": "D1077825"
    },
    {
        "PRN": "D3183934",
        "SEQ_NUM": 1,
        "BLOCK": "22",
        "FLOOR": "G",
        "FLAT": NaN,
        "HOUSE_NUM_PREFIX": NaN,
        "STREET_NAME_ENG": NaN,
        "STREET_NAME_CHN": NaN,
        "AREA_DESC_ENG": NaN,
        "AREA_DESC_CHN": NaN,
        "FREE_FORMAT_ADDR_ENG": "GROUND FLOOR TOGETHER WITH THE GARDEN APPERTAINING THERETO BLOCK 22 OF THE PRESTIGE NO. 60 YUEN KONG SAN TSUEN PAT HEUNG YUEN LONG NEW TERRITORIES",
        "FREE_FORMAT_ADDR_CHN": NaN,
        "DEV_NAME_ENG": "THE PRESTIGE",
        "DEV_NAME_CHN": "偉賢薈",
        "FIRST_REFERENCE_LOT_PRN": "D1077825"
    }
]