[
    {
        "PRN": "A1981766",
        "SEQ_NUM": 1,
        "BLOCK": "A",
        "FLOOR": "R",
        "FLAT": "A",
        "HOUSE_NUM_PREFIX": 82.0,
        "STREET_NAME_ENG": "REPULSE BAY ROAD",
        "STREET_NAME_CHN": "淺水灣道",
        "AREA_DESC_ENG": "HONG KONG",
        "AREA_DESC_CHN": "香港",
        "FREE_FORMAT_ADDR_ENG": "FLAT NO.A ON ROOF OF BLOCK A THE BEACHSIDE NO.82 REPULSE BAY ROAD HONG KONG",
        "FREE_FORMAT_ADDR_CHN": NaN,
        "DEV_NAME_ENG": "THE BEACHSIDE",
        "DEV_NAME_CHN": NaN,
        "FIRST_REFERENCE_LOT_PRN": "C6136706"
    },
    {
        "PRN": "A1981776",
        "SEQ_NUM": 1,
        "BLOCK": "A",
        "FLOOR": "4",
        "FLAT": "A",
        "HOUSE_NUM_PREFIX": 82.0,
        "STREET_NAME_ENG": "REPULSE BAY ROAD",
        "STREET_NAME_CHN": "淺水灣道",
        "AREA_DESC_ENG": "HONG KONG",
        "AREA_DESC_CHN": "香港",
        "FREE_FORMAT_ADDR_ENG": "FLAT NO.A ON 4TH FLOOR OF BLOCK A THE BEACHSIDE NO.82 REPULSE BAY ROAD HONG KONG",
        "FREE_FORMAT_ADDR_CHN": NaN,
        "DEV_NAME_ENG": "THE BEACHSIDE",
        "DEV_NAME_CHN": NaN,
        "FIRST_REFERENCE_LOT_PRN": "C6136706"
    },
    {
        "PRN": "A1981781",
        "SEQ_NUM": 1,
        "BLOCK": "A",
        "FLOOR": "1",
        "FLAT": "B",
        "HOUSE_NUM_PREFIX": 82.0,
        "STREET_NAME_ENG": "REPULSE BAY ROAD",
        "STREET_NAME_CHN": "淺水灣道",
        "AREA_DESC_ENG": "HONG KONG",
        "AREA_DESC_CHN": "香港",
        "FREE_FORMAT_ADDR_ENG": "FLAT NO.B ON 1ST FLOOR OF BLOCK A THE BEACHSIDE NO.82 REPULSE BAY ROAD HONG KONG",
        "FREE_FORMAT_ADDR_CHN": NaN,
        "DEV_NAME_ENG": "THE BEACHSIDE",
        "DEV_NAME_CHN": NaN,
        "FIRST_REFERENCE_LOT_PRN": "C6136706"
    },
    {
        "PRN": "A1981793",
        "SEQ_NUM": 1,
        "BLOCK": "A",
        "FLOOR": "4",
        "FLAT": "B",
        "HOUSE_NUM_PREFIX": 82.0,
        "STREET_NAME_ENG": "REPULSE BAY ROAD",
        "STREET_NAME_CHN": "淺水灣道",
        "AREA_DESC_ENG": "HONG KONG",
        "AREA_DESC_CHN": "香港",
        "FREE_FORMAT_ADDR_ENG": "FLAT NO.B ON 4TH FLOOR OF BLOCK A THE BEACHSIDE NO.82 REPULSE BAY ROAD HONG KONG",
        "FREE_FORMAT_ADDR_CHN": NaN,
        "DEV_NAME_ENG": "THE BEACHSIDE",
        "DEV_NAME_CHN": NaN,
        "FIRST_REFERENCE_LOT_PRN": "C6136706"
    },
    {
        "PRN": "A1981804",
        "SEQ_NUM": 1,
        "BLOCK": "A",
        "FLOOR": "R",
        "FLAT": "C",
        "HOUSE_NUM_PREFIX": 82.0,
        "STREET_NAME_ENG": "REPULSE BAY ROAD",
        "STREET_NAME_CHN": "淺水灣道",
        "AREA_DESC_ENG": "HONG KONG",
        "AREA_DESC_CHN": "香港",
        "FREE_FORMAT_ADDR_ENG": "FLAT NO.C ON ROOF OF BLOCK A THE BEACHSIDE NO.82 REPULSE BAY ROAD HONG KONG",
        "FREE_FORMAT_ADDR_CHN": NaN,
        "DEV_NAME_ENG": "THE BEACHSIDE",
        "DEV_NAME_CHN": NaN,
        "FIRST_REFERENCE_LOT_PRN": "C6136706"
    },
    {
        "PRN": "A1981818",
        "SEQ_NUM": 1,
        "BLOCK": "A",
        "FLOOR": "1",
        "FLAT": "C",
        "HOUSE_NUM_PREFIX": 82.0,
        "STREET_NAME_ENG": "REPULSE BAY ROAD",
        "STREET_NAME_CHN": "淺水灣道",
        "AREA_DESC_ENG": "HONG KONG",
        "AREA_DESC_CHN": "香港",
        "FREE_FORMAT_ADDR_ENG": "FLAT NO.C ON 1ST FLOOR OF BLOCK A THE BEACHSIDE NO.82 REPULSE BAY ROAD HONG KONG",
        "FREE_FORMAT_ADDR_CHN": NaN,
        "DEV_NAME_ENG": "THE BEACHSIDE",
        "DEV_NAME_CHN": NaN,
        "FIRST_REFERENCE_LOT_PRN": "C6136706"
    },
    {
        "PRN": "A1981828",
        "SEQ_NUM": 1,
        "BLOCK": "A",
        "FLOOR": "4",
        "FLAT": "C",
        "HOUSE_NUM_PREFIX": 82.0,
        "STREET_NAME_ENG": "REPULSE BAY ROAD",
        "STREET_NAME_CHN": "淺水灣道",
        "AREA_DESC_ENG": "HONG KONG",
        "AREA_DESC_CHN": "香港",
        "FREE_FORMAT_ADDR_ENG": "FLAT NO.C ON 4TH FLOOR OF BLOCK A THE BEACHSIDE NO.82 REPULSE BAY ROAD HONG KONG",
        "FREE_FORMAT_ADDR_CHN": NaN,
        "DEV_NAME_ENG": "THE BEACHSIDE",
        "DEV_NAME_CHN": NaN,
        "FIRST_REFERENCE_LOT_PRN": "C6136706"
    },
    {
        "PRN": "A1981837",
        "SEQ_NUM": 1,
        "BLOCK": "A",
        "FLOOR": "G",
        "FLAT": "CPP11",
        "HOUSE_NUM_PREFIX": 82.0,
        "STREET_NAME_ENG": "REPULSE BAY ROAD",
        "STREET_NAME_CHN": "淺水灣道",
        "AREA_DESC_ENG": "HONG KONG",
        "AREA_DESC_CHN": "香港",
        "FREE_FORMAT_ADDR_ENG": "CAR PARKING SPACE NO.P11 ON GROUND FLOOR OF BLOCK A THE BEACHSIDE NO.82 REPULSE BAY ROAD HONG KONG",
        "FREE_FORMAT_ADDR_CHN": NaN,
        "DEV_NAME_ENG": "THE BEACHSIDE",
        "DEV_NAME_CHN": NaN,
        "FIRST_REFERENCE_LOT_PRN": "C6136706"
    },
    {
        "PRN": "A1981846",
        "SEQ_NUM": 1,
        "BLOCK": "A",
        "FLOOR": "G",
        "FLAT": "CPP14",
        "HOUSE_NUM_PREFIX": 82.0,
        "STREET_NAME_ENG": "REPULSE BAY ROAD",
        "STREET_NAME_CHN": "淺水灣道",
        "AREA_DESC_ENG": "HONG KONG",
        "AREA_DESC_CHN": "香港",
        "FREE_FORMAT_ADDR_ENG": "CAR PARKING SPACE NO.P14 ON GROUND FLOOR OF BLOCK A THE BEACHSIDE NO.82 REPULSE BAY ROAD HONG KONG",
        "FREE_FORMAT_ADDR_CHN": NaN,
        "DEV_NAME_ENG": "THE BEACHSIDE",
        "DEV_NAME_CHN": NaN,
        "FIRST_REFERENCE_LOT_PRN": "C6136706"
    },
    {
        "PRN": "A1981856",
        "SEQ_NUM": 1,
        "BLOCK": "A",
        "FLOOR": "G",
        "FLAT": "CPP15",
        "HOUSE_NUM_PREFIX": 82.0,
        "STREET_NAME_ENG": "REPULSE BAY ROAD",
        "STREET_NAME_CHN": "淺水灣道",
        "AREA_DESC_ENG": "HONG KONG",
        "AREA_DESC_CHN": "香港",
        "FREE_FORMAT_ADDR_ENG": "CAR PARKING SPACE NO.P15 ON GROUND FLOOR OF BLOCK A THE BEACHSIDE NO.82 REPULSE BAY ROAD HONG KONG",
        "FREE_FORMAT_ADDR_CHN": NaN,
        "DEV_NAME_ENG": "THE BEACHSIDE",
        "DEV_NAME_CHN": NaN,
        "FIRST_REFERENCE_LOT_PRN": "C6136706"
    },
    {
        "PRN": "A1981864",
        "SEQ_NUM": 1,
        "BLOCK": "A",
        "FLOOR": "G",
        "FLAT": "CPP16",
        "HOUSE_NUM_PREFIX": 82.0,
        "STREET_NAME_ENG": "REPULSE BAY ROAD",
        "STREET_NAME_CHN": "淺水灣道",
        "AREA_DESC_ENG": "HONG KONG",
        "AREA_DESC_CHN": "香港",
        "FREE_FORMAT_ADDR_ENG": "CAR PARKING SPACE NO.P16 ON GROUND FLOOR OF BLOCK A THE BEACHSIDE NO.82 REPULSE BAY ROAD HONG KONG",
        "FREE_FORMAT_ADDR_CHN": NaN,
        "DEV_NAME_ENG": "THE BEACHSIDE",
        "DEV_NAME_CHN": NaN,
        "FIRST_REFERENCE_LOT_PRN": "C6136706"
    },
    {
        "PRN": "A1981873",
        "SEQ_NUM": 1,
        "BLOCK": "A",
        "FLOOR": "G",
        "FLAT": "CPP17",
        "HOUSE_NUM_PREFIX": 82.0,
        "STREET_NAME_ENG": "REPULSE BAY ROAD",
        "STREET_NAME_CHN": "淺水灣道",
        "AREA_DESC_ENG": "HONG KONG",
        "AREA_DESC_CHN": "香港",
        "FREE_FORMAT_ADDR_ENG": "CAR PARKING SPACE NO.P17 ON GROUND FLOOR OF BLOCK A THE BEACHSIDE NO.82 REPULSE BAY ROAD HONG KONG",
        "FREE_FORMAT_ADDR_CHN": NaN,
        "DEV_NAME_ENG": "THE BEACHSIDE",
        "DEV_NAME_CHN": NaN,
        "FIRST_REFERENCE_LOT_PRN": "C6136706"
    },
    {
        "PRN": "A1981881",
        "SEQ_NUM": 1,
        "BLOCK": "A",
        "FLOOR": "G",
        "FLAT": "CPP22",
        "HOUSE_NUM_PREFIX": 82.0,
        "STREET_NAME_ENG": "REPULSE BAY ROAD",
        "STREET_NAME_CHN": "淺水灣道",
        "AREA_DESC_ENG": "HONG KONG",
        "AREA_DESC_CHN": "香港",
        "FREE_FORMAT_ADDR_ENG": "CAR PARKING SPACE NO.P22 ON GROUND FLOOR OF BLOCK A THE BEACHSIDE NO.82 REPULSE BAY ROAD HONG KONG",
        "FREE_FORMAT_ADDR_CHN": NaN,
        "DEV_NAME_ENG": "THE BEACHSIDE",
        "DEV_NAME_CHN": NaN,
        "FIRST_REFERENCE_LOT_PRN": "C6136706"
    },
    {
        "PRN": "A1981891",
        "SEQ_NUM": 1,
        "BLOCK": "A",
        "FLOOR": "G",
        "FLAT": "CPP24",
        "HOUSE_NUM_PREFIX": 82.0,
        "STREET_NAME_ENG": "REPULSE BAY ROAD",
        "STREET_NAME_CHN": "淺水灣道",
        "AREA_DESC_ENG": "HONG KONG",
        "AREA_DESC_CHN": "香港",
        "FREE_FORMAT_ADDR_ENG": "CAR PARKING SPACE NO.P24 ON GROUND FLOOR OF BLOCK A THE BEACHSIDE NO.82 REPULSE BAY ROAD HONG KONG",
        "FREE_FORMAT_ADDR_CHN": NaN,
        "DEV_NAME_ENG": "THE BEACHSIDE",
        "DEV_NAME_CHN": NaN,
        "FIRST_REFERENCE_LOT_PRN": "C6136706"
    },
    {
        "PRN": "A1981905",
        "SEQ_NUM": 1,
        "BLOCK": "A",
        "FLOOR": "G",
        "FLAT": "CPP25",
        "HOUSE_NUM_PREFIX": 82.0,
        "STREET_NAME_ENG": "REPULSE BAY ROAD",
        "STREET_NAME_CHN": "淺水灣道",
        "AREA_DESC_ENG": "HONG KONG",
        "AREA_DESC_CHN": "香港",
        "FREE_FORMAT_ADDR_ENG": "CAR PARKING SPACE NO.P25 ON GROUND FLOOR OF BLOCK A THE BEACHSIDE NO.82 REPULSE BAY ROAD HONG KONG",
        "FREE_FORMAT_ADDR_CHN": NaN,
        "DEV_NAME_ENG": "THE BEACHSIDE",
        "DEV_NAME_CHN": NaN,
        "FIRST_REFERENCE_LOT_PRN": "C6136706"
    },
    {
        "PRN": "A1981910",
        "SEQ_NUM": 1,
        "BLOCK": "A",
        "FLOOR": "G",
        "FLAT": "CPP28",
        "HOUSE_NUM_PREFIX": 82.0,
        "STREET_NAME_ENG": "REPULSE BAY ROAD",
        "STREET_NAME_CHN": "淺水灣道",
        "AREA_DESC_ENG": "HONG KONG",
        "AREA_DESC_CHN": "香港",
        "FREE_FORMAT_ADDR_ENG": "CAR PARKING SPACE NO.P28 ON GROUND FLOOR OF BLOCK A THE BEACHSIDE NO.82 REPULSE BAY ROAD HONG KONG",
        "FREE_FORMAT_ADDR_CHN": NaN,
        "DEV_NAME_ENG": "THE BEACHSIDE",
        "DEV_NAME_CHN": NaN,
        "FIRST_REFERENCE_LOT_PRN": "C6136706"
    },
    {
        "PRN": "A1981929",
        "SEQ_NUM": 1,
        "BLOCK": "A",
        "FLOOR": "G",
        "FLAT": "CPP31",
        "HOUSE_NUM_PREFIX": 82.0,
        "STREET_NAME_ENG": "REPULSE BAY ROAD",
        "STREET_NAME_CHN": "淺水灣道",
        "AREA_DESC_ENG": "HONG KONG",
        "AREA_DESC_CHN": "香港",
        "FREE_FORMAT_ADDR_ENG": "CAR PARKING SPACE NO.P31 ON GROUND FLOOR OF BLOCK A THE BEACHSIDE NO.82 REPULSE BAY ROAD HONG KONG",
        "FREE_FORMAT_ADDR_CHN": NaN,
        "DEV_NAME_ENG": "THE BEACHSIDE",
        "DEV_NAME_CHN": NaN,
        "FIRST_REFERENCE_LOT_PRN": "C6136706"
    },
    {
        "PRN": "A1981938",
        "SEQ_NUM": 1,
        "BLOCK": "A",
        "FLOOR": "G",
        "FLAT": "CPP33",
        "HOUSE_NUM_PREFIX": 82.0,
        "STREET_NAME_ENG": "REPULSE BAY ROAD",
        "STREET_NAME_CHN": "淺水灣道",
        "AREA_DESC_ENG": "HONG KONG",
        "AREA_DESC_CHN": "香港",
        "FREE_FORMAT_ADDR_ENG": "CAR PARKING SPACE NO.P33 ON GROUND FLOOR OF BLOCK A THE BEACHSIDE NO.82 REPULSE BAY ROAD HONG KONG",
        "FREE_FORMAT_ADDR_CHN": NaN,
        "DEV_NAME_ENG": "THE BEACHSIDE",
        "DEV_NAME_CHN": NaN,
        "FIRST_REFERENCE_LOT_PRN": "C6136706"
    },
    {
        "PRN": "A1981945",
        "SEQ_NUM": 1,
        "BLOCK": "A",
        "FLOOR": "G",
        "FLAT": "CPP34",
        "HOUSE_NUM_PREFIX": 82.0,
        "STREET_NAME_ENG": "REPULSE BAY ROAD",
        "STREET_NAME_CHN": "淺水灣道",
        "AREA_DESC_ENG": "HONG KONG",
        "AREA_DESC_CHN": "香港",
        "FREE_FORMAT_ADDR_ENG": "CAR PARKING SPACE NO.P34 ON GROUND FLOOR OF BLOCK A THE BEACHSIDE NO.82 REPULSE BAY ROAD HONG KONG",
        "FREE_FORMAT_ADDR_CHN": NaN,
        "DEV_NAME_ENG": "THE BEACHSIDE",
        "DEV_NAME_CHN": NaN,
        "FIRST_REFERENCE_LOT_PRN": "C6136706"
    },
    {
        "PRN": "A1981958",
        "SEQ_NUM": 1,
        "BLOCK": "A",
        "FLOOR": "G",
        "FLAT": "CPP35",
        "HOUSE_NUM_PREFIX": 82.0,
        "STREET_NAME_ENG": "REPULSE BAY ROAD",
        "STREET_NAME_CHN": "淺水灣道",
        "AREA_DESC_ENG": "HONG KONG",
        "AREA_DESC_CHN": "香港",
        "FREE_FORMAT_ADDR_ENG": "CAR PARKING SPACE NO.P35 ON GROUND FLOOR OF BLOCK A THE BEACHSIDE NO.82 REPULSE BAY ROAD HONG KONG",
        "FREE_FORMAT_ADDR_CHN": NaN,
        "DEV_NAME_ENG": "THE BEACHSIDE",
        "DEV_NAME_CHN": NaN,
        "FIRST_REFERENCE_LOT_PRN": "C6136706"
    },
    {
        "PRN": "A1981965",
        "SEQ_NUM": 1,
        "BLOCK": "A",
        "FLOOR": "G",
        "FLAT": "CPP36",
        "HOUSE_NUM_PREFIX": 82.0,
        "STREET_NAME_ENG": "REPULSE BAY ROAD",
        "STREET_NAME_CHN": "淺水灣道",
        "AREA_DESC_ENG": "HONG KONG",
        "AREA_DESC_CHN": "香港",
        "FREE_FORMAT_ADDR_ENG": "CAR PARKING SPACE NO.P36 ON GROUND FLOOR OF BLOCK A THE BEACHSIDE NO.82 REPULSE BAY ROAD HONG KONG",
        "FREE_FORMAT_ADDR_CHN": NaN,
        "DEV_NAME_ENG": "THE BEACHSIDE",
        "DEV_NAME_CHN": NaN,
        "FIRST_REFERENCE_LOT_PRN": "C6136706"
    },
    {
        "PRN": "A1981970",
        "SEQ_NUM": 1,
        "BLOCK": "A",
        "FLOOR": "G",
        "FLAT": "CP0P1",
        "HOUSE_NUM_PREFIX": 82.0,
        "STREET_NAME_ENG": "REPULSE BAY ROAD",
        "STREET_NAME_CHN": "淺水灣道",
        "AREA_DESC_ENG": "HONG KONG",
        "AREA_DESC_CHN": "香港",
        "FREE_FORMAT_ADDR_ENG": "CAR PARKING SPACE NO.P1 ON GROUND FLOOR OF BLOCK A THE BEACHSIDE NO.82 REPULSE BAY ROAD HONG KONG",
        "FREE_FORMAT_ADDR_CHN": NaN,
        "DEV_NAME_ENG": "THE BEACHSIDE",
        "DEV_NAME_CHN": NaN,
        "FIRST_REFERENCE_LOT_PRN": "C6136706"
    },
    {
        "PRN": "A1981986",
        "SEQ_NUM": 1,
        "BLOCK": "A",
        "FLOOR": "G",
        "FLAT": "CP0P2",
        "HOUSE_NUM_PREFIX": 82.0,
        "STREET_NAME_ENG": "REPULSE BAY ROAD",
        "STREET_NAME_CHN": "淺水灣道",
        "AREA_DESC_ENG": "HONG KONG",
        "AREA_DESC_CHN": "香港",
        "FREE_FORMAT_ADDR_ENG": "CAR PARKING SPACE NO.P2 ON GROUND FLOOR OF BLOCK A THE BEACHSIDE NO.82 REPULSE BAY ROAD HONG KONG",
        "FREE_FORMAT_ADDR_CHN": NaN,
        "DEV_NAME_ENG": "THE BEACHSIDE",
        "DEV_NAME_CHN": NaN,
        "FIRST_REFERENCE_LOT_PRN": "C6136706"
    },
    {
        "PRN": "A1981998",
        "SEQ_NUM": 1,
        "BLOCK": "A",
        "FLOOR": "G",
        "FLAT": "CP0P4",
        "HOUSE_NUM_PREFIX": 82.0,
        "STREET_NAME_ENG": "REPULSE BAY ROAD",
        "STREET_NAME_CHN": "淺水灣道",
        "AREA_DESC_ENG": "HONG KONG",
        "AREA_DESC_CHN": "香港",
        "FREE_FORMAT_ADDR_ENG": "CAR PARKING SPACE NO.P4 ON GROUND FLOOR OF BLOCK A THE BEACHSIDE NO.82 REPULSE BAY ROAD HONG KONG",
        "FREE_FORMAT_ADDR_CHN": NaN,
        "DEV_NAME_ENG": "THE BEACHSIDE",
        "DEV_NAME_CHN": NaN,
        "FIRST_REFERENCE_LOT_PRN": "C6136706"
    },
    {
        "PRN": "A1982007",
        "SEQ_NUM": 1,
        "BLOCK": "A",
        "FLOOR": "G",
        "FLAT": "CP0P5",
        "HOUSE_NUM_PREFIX": 82.0,
        "STREET_NAME_ENG": "REPULSE BAY ROAD",
        "STREET_NAME_CHN": "淺水灣道",
        "AREA_DESC_ENG": "HONG KONG",
        "AREA_DESC_CHN": "香港",
        "FREE_FORMAT_ADDR_ENG": "CAR PARKING SPACE NO.P5 ON GROUND FLOOR OF BLOCK A THE BEACHSIDE NO.82 REPULSE BAY ROAD HONG KONG",
        "FREE_FORMAT_ADDR_CHN": NaN,
        "DEV_NAME_ENG": "THE BEACHSIDE",
        "DEV_NAME_CHN": NaN,
        "FIRST_REFERENCE_LOT_PRN": "C6136706"
    },
    {
        "PRN": "A1982011",
        "SEQ_NUM": 1,
        "BLOCK": "A",
        "FLOOR": "G",
        "FLAT": "CP0P6",
        "HOUSE_NUM_PREFIX": 82.0,
        "STREET_NAME_ENG": "REPULSE BAY ROAD",
        "STREET_NAME_CHN": "淺水灣道",
        "AREA_DESC_ENG": "HONG KONG",
        "AREA_DESC_CHN": "香港",
        "FREE_FORMAT_ADDR_ENG": "CAR PARKING SPACE NO.P6 ON GROUND FLOOR OF BLOCK A THE BEACHSIDE NO.82 REPULSE BAY ROAD HONG KONG",
        "FREE_FORMAT_ADDR_CHN": NaN,
        "DEV_NAME_ENG": "THE BEACHSIDE",
        "DEV_NAME_CHN": NaN,
        "FIRST_REFERENCE_LOT_PRN": "C6136706"
    },
    {
        "PRN": "A1982021",
        "SEQ_NUM": 1,
        "BLOCK": "A",
        "FLOOR": "G",
        "FLAT": "CP0P7",
        "HOUSE_NUM_PREFIX": 82.0,
        "STREET_NAME_ENG": "REPULSE BAY ROAD",
        "STREET_NAME_CHN": "淺水灣道",
        "AREA_DESC_ENG": "HONG KONG",
        "AREA_DESC_CHN": "香港",
        "FREE_FORMAT_ADDR_ENG": "CAR PARKING SPACE NO.P7 ON GROUND FLOOR OF BLOCK A THE BEACHSIDE NO.82 REPULSE BAY ROAD HONG KONG",
        "FREE_FORMAT_ADDR_CHN": NaN,
        "DEV_NAME_ENG": "THE BEACHSIDE",
        "DEV_NAME_CHN": NaN,
        "FIRST_REFERENCE_LOT_PRN": "C6136706"
    },
    {
        "PRN": "A1982038",
        "SEQ_NUM": 1,
        "BLOCK": "A",
        "FLOOR": "G",
        "FLAT": "CP0P8",
        "HOUSE_NUM_PREFIX": 82.0,
        "STREET_NAME_ENG": "REPULSE BAY ROAD",
        "STREET_NAME_CHN": "淺水灣道",
        "AREA_DESC_ENG": "HONG KONG",
        "AREA_DESC_CHN": "香港",
        "FREE_FORMAT_ADDR_ENG": "CAR PARKING SPACE NO.P8 ON GROUND FLOOR OF BLOCK A THE BEACHSIDE NO.82 REPULSE BAY ROAD HONG KONG",
        "FREE_FORMAT_ADDR_CHN": NaN,
        "DEV_NAME_ENG": "THE BEACHSIDE",
        "DEV_NAME_CHN": NaN,
        "FIRST_REFERENCE_LOT_PRN": "C6136706"
    },
    {
        "PRN": "A1982045",
        "SEQ_NUM": 1,
        "BLOCK": "A",
        "FLOOR": "G",
        "FLAT": "CP0P9",
        "HOUSE_NUM_PREFIX": 82.0,
        "STREET_NAME_ENG": "REPULSE BAY ROAD",
        "STREET_NAME_CHN": "淺水灣道",
        "AREA_DESC_ENG": "HONG KONG",
        "AREA_DESC_CHN": "香港",
        "FREE_FORMAT_ADDR_ENG": "CAR PARKING SPACE NO.P9 ON GROUND FLOOR OF BLOCK A THE BEACHSIDE NO.82 REPULSE BAY ROAD HONG KONG",
        "FREE_FORMAT_ADDR_CHN": NaN,
        "DEV_NAME_ENG": "THE BEACHSIDE",
        "DEV_NAME_CHN": NaN,
        "FIRST_REFERENCE_LOT_PRN": "C6136706"
    },
    {
        "PRN": "A1982051",
        "SEQ_NUM": 1,
        "BLOCK": "A",
        "FLOOR": "2",
        "FLAT": "D",
        "HOUSE_NUM_PREFIX": 82.0,
        "STREET_NAME_ENG": "REPULSE BAY ROAD",
        "STREET_NAME_CHN": "淺水灣道",
        "AREA_DESC_ENG": "HONG KONG",
        "AREA_DESC_CHN": "香港",
        "FREE_FORMAT_ADDR_ENG": "FLAT NO.D ON 2ND FLOOR OF BLOCK A THE BEACHSIDE NO.82 REPULSE BAY ROAD HONG KONG",
        "FREE_FORMAT_ADDR_CHN": NaN,
        "DEV_NAME_ENG": "THE BEACHSIDE",
        "DEV_NAME_CHN": NaN,
        "FIRST_REFERENCE_LOT_PRN": "C6136706"
    },
    {
        "PRN": "A1982063",
        "SEQ_NUM": 1,
        "BLOCK": "A",
        "FLOOR": "3",
        "FLAT": "D",
        "HOUSE_NUM_PREFIX": 82.0,
        "STREET_NAME_ENG": "REPULSE BAY ROAD",
        "STREET_NAME_CHN": "淺水灣道",
        "AREA_DESC_ENG": "HONG KONG",
        "AREA_DESC_CHN": "香港",
        "FREE_FORMAT_ADDR_ENG": "FLAT NO.D ON 3RD FLOOR OF BLOCK A THE BEACHSIDE NO.82 REPULSE BAY ROAD HONG KONG",
        "FREE_FORMAT_ADDR_CHN": NaN,
        "DEV_NAME_ENG": "THE BEACHSIDE",
        "DEV_NAME_CHN": NaN,
        "FIRST_REFERENCE_LOT_PRN": "C6136706"
    },
    {
        "PRN": "A1982073",
        "SEQ_NUM": 1,
        "BLOCK": "A",
        "FLOOR": "4",
        "FLAT": "D",
        "HOUSE_NUM_PREFIX": 82.0,
        "STREET_NAME_ENG": "REPULSE BAY ROAD",
        "STREET_NAME_CHN": "淺水灣道",
        "AREA_DESC_ENG": "HONG KONG",
        "AREA_DESC_CHN": "香港",
        "FREE_FORMAT_ADDR_ENG": "FLAT NO.D ON 4TH FLOOR OF BLOCK A THE BEACHSIDE NO.82 REPULSE BAY ROAD HONG KONG",
        "FREE_FORMAT_ADDR_CHN": NaN,
        "DEV_NAME_ENG": "THE BEACHSIDE",
        "DEV_NAME_CHN": NaN,
        "FIRST_REFERENCE_LOT_PRN": "C6136706"
    },
    {
        "PRN": "A1982081",
        "SEQ_NUM": 1,
        "BLOCK": "A",
        "FLOOR": "1",
        "FLAT": "E",
        "HOUSE_NUM_PREFIX": 82.0,
        "STREET_NAME_ENG": "REPULSE BAY ROAD",
        "STREET_NAME_CHN": "淺水灣道",
        "AREA_DESC_ENG": "HONG KONG",
        "AREA_DESC_CHN": "香港",
        "FREE_FORMAT_ADDR_ENG": "FLAT NO.E ON 1ST FLOOR OF BLOCK A THE BEACHSIDE NO.82 REPULSE BAY ROAD HONG KONG",
        "FREE_FORMAT_ADDR_CHN": NaN,
        "DEV_NAME_ENG": "THE BEACHSIDE",
        "DEV_NAME_CHN": NaN,
        "FIRST_REFERENCE_LOT_PRN": "C6136706"
    },
    {
        "PRN": "A1982092",
        "SEQ_NUM": 1,
        "BLOCK": "A",
        "FLOOR": "2",
        "FLAT": "E",
        "HOUSE_NUM_PREFIX": 82.0,
        "STREET_NAME_ENG": "REPULSE BAY ROAD",
        "STREET_NAME_CHN": "淺水灣道",
        "AREA_DESC_ENG": "HONG KONG",
        "AREA_DESC_CHN": "香港",
        "FREE_FORMAT_ADDR_ENG": "FLAT NO.E ON 2ND FLOOR OF BLOCK A THE BEACHSIDE NO.82 REPULSE BAY ROAD HONG KONG",
        "FREE_FORMAT_ADDR_CHN": NaN,
        "DEV_NAME_ENG": "THE BEACHSIDE",
        "DEV_NAME_CHN": NaN,
        "FIRST_REFERENCE_LOT_PRN": "C6136706"
    },
    {
        "PRN": "A1982106",
        "SEQ_NUM": 1,
        "BLOCK": "A",
        "FLOOR": "3",
        "FLAT": "E",
        "HOUSE_NUM_PREFIX": 82.0,
        "STREET_NAME_ENG": "REPULSE BAY ROAD",
        "STREET_NAME_CHN": "淺水灣道",
        "AREA_DESC_ENG": "HONG KONG",
        "AREA_DESC_CHN": "香港",
        "FREE_FORMAT_ADDR_ENG": "FLAT NO.E ON 3RD FLOOR OF BLOCK A THE BEACHSIDE NO.82 REPULSE BAY ROAD HONG KONG",
        "FREE_FORMAT_ADDR_CHN": NaN,
        "DEV_NAME_ENG": "THE BEACHSIDE",
        "DEV_NAME_CHN": NaN,
        "FIRST_REFERENCE_LOT_PRN": "C6136706"
    },
    {
        "PRN": "A1982119",
        "SEQ_NUM": 1,
        "BLOCK": "A",
        "FLOOR": "4",
        "FLAT": "E",
        "HOUSE_NUM_PREFIX": 82.0,
        "STREET_NAME_ENG": "REPULSE BAY ROAD",
        "STREET_NAME_CHN": "淺水灣道",
        "AREA_DESC_ENG": "HONG KONG",
        "AREA_DESC_CHN": "香港",
        "FREE_FORMAT_ADDR_ENG": "FLAT NO.E ON 4TH FLOOR OF BLOCK A THE BEACHSIDE NO.82 REPULSE BAY ROAD HONG KONG",
        "FREE_FORMAT_ADDR_CHN": NaN,
        "DEV_NAME_ENG": "THE BEACHSIDE",
        "DEV_NAME_CHN": NaN,
        "FIRST_REFERENCE_LOT_PRN": "C6136706"
    },
    {
        "PRN": "A1982120",
        "SEQ_NUM": 1,
        "BLOCK": "A",
        "FLOOR": "2",
        "FLAT": "F",
        "HOUSE_NUM_PREFIX": 82.0,
        "STREET_NAME_ENG": "REPULSE BAY ROAD",
        "STREET_NAME_CHN": "淺水灣道",
        "AREA_DESC_ENG": "HONG KONG",
        "AREA_DESC_CHN": "香港",
        "FREE_FORMAT_ADDR_ENG": "FLAT NO.F ON 2ND FLOOR OF BLOCK A THE BEACHSIDE NO.82 REPULSE BAY ROAD HONG KONG",
        "FREE_FORMAT_ADDR_CHN": NaN,
        "DEV_NAME_ENG": "THE BEACHSIDE",
        "DEV_NAME_CHN": NaN,
        "FIRST_REFERENCE_LOT_PRN": "C6136706"
    },
    {
        "PRN": "A1982139",
        "SEQ_NUM": 1,
        "BLOCK": "A",
        "FLOOR": "3",
        "FLAT": "F",
        "HOUSE_NUM_PREFIX": 82.0,
        "STREET_NAME_ENG": "REPULSE BAY ROAD",
        "STREET_NAME_CHN": "淺水灣道",
        "AREA_DESC_ENG": "HONG KONG",
        "AREA_DESC_CHN": "香港",
        "FREE_FORMAT_ADDR_ENG": "FLAT NO.F ON 3RD FLOOR OF BLOCK A THE BEACHSIDE NO.82 REPULSE BAY ROAD HONG KONG",
        "FREE_FORMAT_ADDR_CHN": NaN,
        "DEV_NAME_ENG": "THE BEACHSIDE",
        "DEV_NAME_CHN": NaN,
        "FIRST_REFERENCE_LOT_PRN": "C6136706"
    },
    {
        "PRN": "A1982149",
        "SEQ_NUM": 1,
        "BLOCK": "A",
        "FLOOR": "4",
        "FLAT": "F",
        "HOUSE_NUM_PREFIX": 82.0,
        "STREET_NAME_ENG": "REPULSE BAY ROAD",
        "STREET_NAME_CHN": "淺水灣道",
        "AREA_DESC_ENG": "HONG KONG",
        "AREA_DESC_CHN": "香港",
        "FREE_FORMAT_ADDR_ENG": "FLAT NO.F ON 4TH FLOOR OF BLOCK A THE BEACHSIDE NO.82 REPULSE BAY ROAD HONG KONG",
        "FREE_FORMAT_ADDR_CHN": NaN,
        "DEV_NAME_ENG": "THE BEACHSIDE",
        "DEV_NAME_CHN": NaN,
        "FIRST_REFERENCE_LOT_PRN": "C6136706"
    },
    {
        "PRN": "A1982151",
        "SEQ_NUM": 1,
        "BLOCK": "A",
        "FLOOR": "1",
        "FLAT": "GD00A",
        "HOUSE_NUM_PREFIX": 82.0,
        "STREET_NAME_ENG": "REPULSE BAY ROAD",
        "STREET_NAME_CHN": "淺水灣道",
        "AREA_DESC_ENG": "HONG KONG",
        "AREA_DESC_CHN": "香港",
        "FREE_FORMAT_ADDR_ENG": "GARDEN OF FLAT A ON 1ST FLOOR OF BLOCK A THE BEACHSIDE NO.82 REPULSE BAY ROAD HONG KONG ",
        "FREE_FORMAT_ADDR_CHN": NaN,
        "DEV_NAME_ENG": "THE BEACHSIDE",
        "DEV_NAME_CHN": NaN,
        "FIRST_REFERENCE_LOT_PRN": "C6136706"
    },
    {
        "PRN": "A1982163",
        "SEQ_NUM": 1,
        "BLOCK": "A",
        "FLOOR": "1",
        "FLAT": "GD00B",
        "HOUSE_NUM_PREFIX": 82.0,
        "STREET_NAME_ENG": "REPULSE BAY ROAD",
        "STREET_NAME_CHN": "淺水灣道",
        "AREA_DESC_ENG": "HONG KONG",
        "AREA_DESC_CHN": "香港",
        "FREE_FORMAT_ADDR_ENG": "GARDEN OF FLAT B ON 1ST FLOOR OF BLOCK A THE BEACHSIDE NO.82 REPULSE BAY ROAD HONG KONG ",
        "FREE_FORMAT_ADDR_CHN": NaN,
        "DEV_NAME_ENG": "THE BEACHSIDE",
        "DEV_NAME_CHN": NaN,
        "FIRST_REFERENCE_LOT_PRN": "C6136706"
    },
    {
        "PRN": "A1982179",
        "SEQ_NUM": 1,
        "BLOCK": "A",
        "FLOOR": "1",
        "FLAT": "GD00C",
        "HOUSE_NUM_PREFIX": 82.0,
        "STREET_NAME_ENG": "REPULSE BAY ROAD",
        "STREET_NAME_CHN": "淺水灣道",
        "AREA_DESC_ENG": "HONG KONG",
        "AREA_DESC_CHN": "香港",
        "FREE_FORMAT_ADDR_ENG": "GARDEN OF FLAT C ON 1ST FLOOR OF BLOCK A THE BEACHSIDE NO.82 REPULSE BAY ROAD HONG KONG ",
        "FREE_FORMAT_ADDR_CHN": NaN,
        "DEV_NAME_ENG": "THE BEACHSIDE",
        "DEV_NAME_CHN": NaN,
        "FIRST_REFERENCE_LOT_PRN": "C6136706"
    },
    {
        "PRN": "A1982188",
        "SEQ_NUM": 1,
        "BLOCK": "A",
        "FLOOR": "1",
        "FLAT": "GD00D",
        "HOUSE_NUM_PREFIX": 82.0,
        "STREET_NAME_ENG": "REPULSE BAY ROAD",
        "STREET_NAME_CHN": "淺水灣道",
        "AREA_DESC_ENG": "HONG KONG",
        "AREA_DESC_CHN": "香港",
        "FREE_FORMAT_ADDR_ENG": "GARDEN OF FLAT D ON 1ST FLOOR OF BLOCK A THE BEACHSIDE NO.82 REPULSE BAY ROAD HONG KONG ",
        "FREE_FORMAT_ADDR_CHN": NaN,
        "DEV_NAME_ENG": "THE BEACHSIDE",
        "DEV_NAME_CHN": NaN,
        "FIRST_REFERENCE_LOT_PRN": "C6136706"
    },
    {
        "PRN": "A1982192",
        "SEQ_NUM": 1,
        "BLOCK": "A",
        "FLOOR": "1",
        "FLAT": "GD00F",
        "HOUSE_NUM_PREFIX": 82.0,
        "STREET_NAME_ENG": "REPULSE BAY ROAD",
        "STREET_NAME_CHN": "淺水灣道",
        "AREA_DESC_ENG": "HONG KONG",
        "AREA_DESC_CHN": "香港",
        "FREE_FORMAT_ADDR_ENG": "GARDEN OF FLAT F ON 1ST FLOOR OF BLOCK A THE BEACHSIDE NO.82 REPULSE BAY ROAD HONG KONG ",
        "FREE_FORMAT_ADDR_CHN": NaN,
        "DEV_NAME_ENG": "THE BEACHSIDE",
        "DEV_NAME_CHN": NaN,
        "FIRST_REFERENCE_LOT_PRN": "C6136706"
    },
    {
        "PRN": "A1982201",
        "SEQ_NUM": 1,
        "BLOCK": "AB",
        "FLOOR": NaN,
        "FLAT": "MM001",
        "HOUSE_NUM_PREFIX": 82.0,
        "STREET_NAME_ENG": "REPULSE BAY ROAD",
        "STREET_NAME_CHN": "淺水灣道",
        "AREA_DESC_ENG": "HONG KONG",
        "AREA_DESC_CHN": "香港",
        "FREE_FORMAT_ADDR_ENG": "ESTATE COMMON AREAS AND COMMON FACILITIES OF BLOCKS A & B THE BEACHSIDE NOS.82 & 86 REPULSE BAY ROAD HONG KONG",
        "FREE_FORMAT_ADDR_CHN": NaN,
        "DEV_NAME_ENG": "THE BEACHSIDE",
        "DEV_NAME_CHN": NaN,
        "FIRST_REFERENCE_LOT_PRN": "C6136706"
    },
    {
        "PRN": "A1982216",
        "SEQ_NUM": 1,
        "BLOCK": "B",
        "FLOOR": "MR",
        "FLAT": NaN,
        "HOUSE_NUM_PREFIX": 86.0,
        "STREET_NAME_ENG": "REPULSE BAY ROAD",
        "STREET_NAME_CHN": "淺水灣道",
        "AREA_DESC_ENG": "HONG KONG",
        "AREA_DESC_CHN": "香港",
        "FREE_FORMAT_ADDR_ENG": "MAIN ROOF OF BLOCK B THE BEACHSIDE NO.86 REPULSE BAY ROAD HONG KONG  ",
        "FREE_FORMAT_ADDR_CHN": NaN,
        "DEV_NAME_ENG": "THE BEACHSIDE",
        "DEV_NAME_CHN": NaN,
        "FIRST_REFERENCE_LOT_PRN": "C6136706"
    },
    {
        "PRN": "A1982228",
        "SEQ_NUM": 1,
        "BLOCK": "B",
        "FLOOR": "UR",
        "FLAT": NaN,
        "HOUSE_NUM_PREFIX": 86.0,
        "STREET_NAME_ENG": "REPULSE BAY ROAD",
        "STREET_NAME_CHN": "淺水灣道",
        "AREA_DESC_ENG": "HONG KONG",
        "AREA_DESC_CHN": "香港",
        "FREE_FORMAT_ADDR_ENG": "UPPER ROOF OF BLOCK B THE BEACHSIDE NO.86 REPULSE BAY ROAD HONG KONG  ",
        "FREE_FORMAT_ADDR_CHN": NaN,
        "DEV_NAME_ENG": "THE BEACHSIDE",
        "DEV_NAME_CHN": NaN,
        "FIRST_REFERENCE_LOT_PRN": "C6136706"
    },
    {
        "PRN": "A1982232",
        "SEQ_NUM": 1,
        "BLOCK": "B",
        "FLOOR": "1",
        "FLAT": NaN,
        "HOUSE_NUM_PREFIX": 86.0,
        "STREET_NAME_ENG": "REPULSE BAY ROAD",
        "STREET_NAME_CHN": "淺水灣道",
        "AREA_DESC_ENG": "HONG KONG",
        "AREA_DESC_CHN": "香港",
        "FREE_FORMAT_ADDR_ENG": "1ST FLOOR OF BLOCK B THE BEACHSIDE NO.86 REPULSE BAY ROAD HONG KONG  ",
        "FREE_FORMAT_ADDR_CHN": NaN,
        "DEV_NAME_ENG": "THE BEACHSIDE",
        "DEV_NAME_CHN": NaN,
        "FIRST_REFERENCE_LOT_PRN": "C6136706"
    },
    {
        "PRN": "A1982242",
        "SEQ_NUM": 1,
        "BLOCK": "B",
        "FLOOR": "4",
        "FLAT": NaN,
        "HOUSE_NUM_PREFIX": 86.0,
        "STREET_NAME_ENG": "REPULSE BAY ROAD",
        "STREET_NAME_CHN": "淺水灣道",
        "AREA_DESC_ENG": "HONG KONG",
        "AREA_DESC_CHN": "香港",
        "FREE_FORMAT_ADDR_ENG": "4TH FLOOR OF BLOCK B THE BEACHSIDE NO.86 REPULSE BAY ROAD HONG KONG  ",
        "FREE_FORMAT_ADDR_CHN": NaN,
        "DEV_NAME_ENG": "THE BEACHSIDE",
        "DEV_NAME_CHN": NaN,
        "FIRST_REFERENCE_LOT_PRN": "C6136706"
    },
    {
        "PRN": "A1982250",
        "SEQ_NUM": 1,
        "BLOCK": "B",
        "FLOOR": "G",
        "FLAT": "CP0P1",
        "HOUSE_NUM_PREFIX": 86.0,
        "STREET_NAME_ENG": "REPULSE BAY ROAD",
        "STREET_NAME_CHN": "淺水灣道",
        "AREA_DESC_ENG": "HONG KONG",
        "AREA_DESC_CHN": "香港",
        "FREE_FORMAT_ADDR_ENG": "CAR PARKING SPACE NO.P1 ON GROUND FLOOR OF BLOCK B THE BEACHSIDE NO.86 REPULSE BAY ROAD HONG KONG",
        "FREE_FORMAT_ADDR_CHN": NaN,
        "DEV_NAME_ENG": "THE BEACHSIDE",
        "DEV_NAME_CHN": NaN,
        "FIRST_REFERENCE_LOT_PRN": "C6136706"
    },
    {
        "PRN": "A1982260",
        "SEQ_NUM": 1,
        "BLOCK": "B",
        "FLOOR": "G",
        "FLAT": "CP0P3",
        "HOUSE_NUM_PREFIX": 86.0,
        "STREET_NAME_ENG": "REPULSE BAY ROAD",
        "STREET_NAME_CHN": "淺水灣道",
        "AREA_DESC_ENG": "HONG KONG",
        "AREA_DESC_CHN": "香港",
        "FREE_FORMAT_ADDR_ENG": "CAR PARKING SPACE NO.P3 ON GROUND FLOOR OF BLOCK B THE BEACHSIDE NO.86 REPULSE BAY ROAD HONG KONG",
        "FREE_FORMAT_ADDR_CHN": NaN,
        "DEV_NAME_ENG": "THE BEACHSIDE",
        "DEV_NAME_CHN": NaN,
        "FIRST_REFERENCE_LOT_PRN": "C6136706"
    },
    {
        "PRN": "A1982271",
        "SEQ_NUM": 1,
        "BLOCK": "B",
        "FLOOR": "G",
        "FLAT": "CP0P4",
        "HOUSE_NUM_PREFIX": 86.0,
        "STREET_NAME_ENG": "REPULSE BAY ROAD",
        "STREET_NAME_CHN": "淺水灣道",
        "AREA_DESC_ENG": "HONG KONG",
        "AREA_DESC_CHN": "香港",
        "FREE_FORMAT_ADDR_ENG": "CAR PARKING SPACE NO.P4 ON GROUND FLOOR OF BLOCK B THE BEACHSIDE NO.86 REPULSE BAY ROAD HONG KONG",
        "FREE_FORMAT_ADDR_CHN": NaN,
        "DEV_NAME_ENG": "THE BEACHSIDE",
        "DEV_NAME_CHN": NaN,
        "FIRST_REFERENCE_LOT_PRN": "C6136706"
    },
    {
        "PRN": "A1982284",
        "SEQ_NUM": 1,
        "BLOCK": "B",
        "FLOOR": "G",
        "FLAT": "CP0P5",
        "HOUSE_NUM_PREFIX": 86.0,
        "STREET_NAME_ENG": "REPULSE BAY ROAD",
        "STREET_NAME_CHN": "淺水灣道",
        "AREA_DESC_ENG": "HONG KONG",
        "AREA_DESC_CHN": "香港",
        "FREE_FORMAT_ADDR_ENG": "CAR PARKING SPACE NO.P5 ON GROUND FLOOR OF BLOCK B THE BEACHSIDE NO.86 REPULSE BAY ROAD HONG KONG",
        "FREE_FORMAT_ADDR_CHN": NaN,
        "DEV_NAME_ENG": "THE BEACHSIDE",
        "DEV_NAME_CHN": NaN,
        "FIRST_REFERENCE_LOT_PRN": "C6136706"
    },
    {
        "PRN": "A1982290",
        "SEQ_NUM": 1,
        "BLOCK": "B",
        "FLOOR": "G",
        "FLAT": "VCP",
        "HOUSE_NUM_PREFIX": 86.0,
        "STREET_NAME_ENG": "REPULSE BAY ROAD",
        "STREET_NAME_CHN": "淺水灣道",
        "AREA_DESC_ENG": "HONG KONG",
        "AREA_DESC_CHN": "香港",
        "FREE_FORMAT_ADDR_ENG": "2 VISITOR CAR PARKING SPACES ON G/F OF BLOCK B THE BEACHSIDE NO.86 REPULSE BAY ROAD HONG KONG",
        "FREE_FORMAT_ADDR_CHN": NaN,
        "DEV_NAME_ENG": "THE BEACHSIDE",
        "DEV_NAME_CHN": NaN,
        "FIRST_REFERENCE_LOT_PRN": "C6136706"
    },
    {
        "PRN": "B3626471",
        "SEQ_NUM": 1,
        "BLOCK": "A",
        "FLOOR": "3",
        "FLAT": "B",
        "HOUSE_NUM_PREFIX": 82.0,
        "STREET_NAME_ENG": "REPULSE BAY ROAD",
        "STREET_NAME_CHN": "淺水灣道",
        "AREA_DESC_ENG": "HONG KONG",
        "AREA_DESC_CHN": "香港",
        "FREE_FORMAT_ADDR_ENG": "FLAT NO.B ON 3RD FLOOR OF BLOCK A THE BEACHSIDE NO.82 REPULSE BAY ROAD HONG KONG",
        "FREE_FORMAT_ADDR_CHN": NaN,
        "DEV_NAME_ENG": "THE BEACHSIDE",
        "DEV_NAME_CHN": NaN,
        "FIRST_REFERENCE_LOT_PRN": "C6136706"
    },
    {
        "PRN": "B3626481",
        "SEQ_NUM": 1,
        "BLOCK": "A",
        "FLOOR": "2",
        "FLAT": "C",
        "HOUSE_NUM_PREFIX": 82.0,
        "STREET_NAME_ENG": "REPULSE BAY ROAD",
        "STREET_NAME_CHN": "淺水灣道",
        "AREA_DESC_ENG": "HONG KONG",
        "AREA_DESC_CHN": "香港",
        "FREE_FORMAT_ADDR_ENG": "FLAT NO.C ON 2ND FLOOR OF BLOCK A THE BEACHSIDE NO.82 REPULSE BAY ROAD HONG KONG",
        "FREE_FORMAT_ADDR_CHN": NaN,
        "DEV_NAME_ENG": "THE BEACHSIDE",
        "DEV_NAME_CHN": NaN,
        "FIRST_REFERENCE_LOT_PRN": "C6136706"
    },
    {
        "PRN": "B3626492",
        "SEQ_NUM": 1,
        "BLOCK": "A",
        "FLOOR": "3",
        "FLAT": "C",
        "HOUSE_NUM_PREFIX": 82.0,
        "STREET_NAME_ENG": "REPULSE BAY ROAD",
        "STREET_NAME_CHN": "淺水灣道",
        "AREA_DESC_ENG": "HONG KONG",
        "AREA_DESC_CHN": "香港",
        "FREE_FORMAT_ADDR_ENG": "FLAT NO.C ON 3RD FLOOR OF BLOCK A THE BEACHSIDE NO.82 REPULSE BAY ROAD HONG KONG",
        "FREE_FORMAT_ADDR_CHN": NaN,
        "DEV_NAME_ENG": "THE BEACHSIDE",
        "DEV_NAME_CHN": NaN,
        "FIRST_REFERENCE_LOT_PRN": "C6136706"
    },
    {
        "PRN": "B3626500",
        "SEQ_NUM": 1,
        "BLOCK": "A",
        "FLOOR": "G",
        "FLAT": "CPP13",
        "HOUSE_NUM_PREFIX": 82.0,
        "STREET_NAME_ENG": "REPULSE BAY ROAD",
        "STREET_NAME_CHN": "淺水灣道",
        "AREA_DESC_ENG": "HONG KONG",
        "AREA_DESC_CHN": "香港",
        "FREE_FORMAT_ADDR_ENG": "CAR PARKING SPACE NO.P13 ON GROUND FLOOR OF BLOCK A THE BEACHSIDE NO.82 REPULSE BAY ROAD HONG KONG",
        "FREE_FORMAT_ADDR_CHN": NaN,
        "DEV_NAME_ENG": "THE BEACHSIDE",
        "DEV_NAME_CHN": NaN,
        "FIRST_REFERENCE_LOT_PRN": "C6136706"
    },
    {
        "PRN": "B3626516",
        "SEQ_NUM": 1,
        "BLOCK": "A",
        "FLOOR": "G",
        "FLAT": "CPP21",
        "HOUSE_NUM_PREFIX": 82.0,
        "STREET_NAME_ENG": "REPULSE BAY ROAD",
        "STREET_NAME_CHN": "淺水灣道",
        "AREA_DESC_ENG": "HONG KONG",
        "AREA_DESC_CHN": "香港",
        "FREE_FORMAT_ADDR_ENG": "CAR PARKING SPACE NO.P21 ON GROUND FLOOR OF BLOCK A THE BEACHSIDE NO.82 REPULSE BAY ROAD HONG KONG",
        "FREE_FORMAT_ADDR_CHN": NaN,
        "DEV_NAME_ENG": "THE BEACHSIDE",
        "DEV_NAME_CHN": NaN,
        "FIRST_REFERENCE_LOT_PRN": "C6136706"
    },
    {
        "PRN": "B3626526",
        "SEQ_NUM": 1,
        "BLOCK": "A",
        "FLOOR": "G",
        "FLAT": "CPP27",
        "HOUSE_NUM_PREFIX": 82.0,
        "STREET_NAME_ENG": "REPULSE BAY ROAD",
        "STREET_NAME_CHN": "淺水灣道",
        "AREA_DESC_ENG": "HONG KONG",
        "AREA_DESC_CHN": "香港",
        "FREE_FORMAT_ADDR_ENG": "CAR PARKING SPACE NO.P27 ON GROUND FLOOR OF BLOCK A THE BEACHSIDE NO.82 REPULSE BAY ROAD HONG KONG",
        "FREE_FORMAT_ADDR_CHN": NaN,
        "DEV_NAME_ENG": "THE BEACHSIDE",
        "DEV_NAME_CHN": NaN,
        "FIRST_REFERENCE_LOT_PRN": "C6136706"
    },
    {
        "PRN": "B3626533",
        "SEQ_NUM": 1,
        "BLOCK": "B",
        "FLOOR": "2",
        "FLAT": NaN,
        "HOUSE_NUM_PREFIX": 86.0,
        "STREET_NAME_ENG": "REPULSE BAY ROAD",
        "STREET_NAME_CHN": "淺水灣道",
        "AREA_DESC_ENG": "HONG KONG",
        "AREA_DESC_CHN": "香港",
        "FREE_FORMAT_ADDR_ENG": "2ND FLOOR OF BLOCK B THE BEACHSIDE NO.86 REPULSE BAY ROAD HONG KONG  ",
        "FREE_FORMAT_ADDR_CHN": NaN,
        "DEV_NAME_ENG": "THE BEACHSIDE",
        "DEV_NAME_CHN": NaN,
        "FIRST_REFERENCE_LOT_PRN": "C6136706"
    },
    {
        "PRN": "B3626540",
        "SEQ_NUM": 1,
        "BLOCK": "B",
        "FLOOR": "G",
        "FLAT": "CP0P2",
        "HOUSE_NUM_PREFIX": 86.0,
        "STREET_NAME_ENG": "REPULSE BAY ROAD",
        "STREET_NAME_CHN": "淺水灣道",
        "AREA_DESC_ENG": "HONG KONG",
        "AREA_DESC_CHN": "香港",
        "FREE_FORMAT_ADDR_ENG": "CAR PARKING SPACE NO.P2 ON GROUND FLOOR OF BLOCK B THE BEACHSIDE NO.86 REPULSE BAY ROAD HONG KONG",
        "FREE_FORMAT_ADDR_CHN": NaN,
        "DEV_NAME_ENG": "THE BEACHSIDE",
        "DEV_NAME_CHN": NaN,
        "FIRST_REFERENCE_LOT_PRN": "C6136706"
    },
    {
        "PRN": "B5098850",
        "SEQ_NUM": 1,
        "BLOCK": "A",
        "FLOOR": "G",
        "FLAT": "CPP10",
        "HOUSE_NUM_PREFIX": 82.0,
        "STREET_NAME_ENG": "REPULSE BAY ROAD",
        "STREET_NAME_CHN": "淺水灣道",
        "AREA_DESC_ENG": "HONG KONG",
        "AREA_DESC_CHN": "香港",
        "FREE_FORMAT_ADDR_ENG": "CAR PARKING SPACE NO.P10 ON GROUND FLOOR OF BLOCK A THE BEACHSIDE NO.82 REPULSE BAY ROAD HONG KONG",
        "FREE_FORMAT_ADDR_CHN": NaN,
        "DEV_NAME_ENG": "THE BEACHSIDE",
        "DEV_NAME_CHN": NaN,
        "FIRST_REFERENCE_LOT_PRN": "C6136706"
    },
    {
        "PRN": "B5432641",
        "SEQ_NUM": 1,
        "BLOCK": "A",
        "FLOOR": "2",
        "FLAT": "B",
        "HOUSE_NUM_PREFIX": 82.0,
        "STREET_NAME_ENG": "REPULSE BAY ROAD",
        "STREET_NAME_CHN": "淺水灣道",
        "AREA_DESC_ENG": "HONG KONG",
        "AREA_DESC_CHN": "香港",
        "FREE_FORMAT_ADDR_ENG": "FLAT NO.B ON 2ND FLOOR OF BLOCK A THE BEACHSIDE NO.82 REPULSE BAY ROAD HONG KONG",
        "FREE_FORMAT_ADDR_CHN": NaN,
        "DEV_NAME_ENG": "THE BEACHSIDE",
        "DEV_NAME_CHN": NaN,
        "FIRST_REFERENCE_LOT_PRN": "C6136706"
    },
    {
        "PRN": "B6304793",
        "SEQ_NUM": 1,
        "BLOCK": "A",
        "FLOOR": "1",
        "FLAT": "A",
        "HOUSE_NUM_PREFIX": 82.0,
        "STREET_NAME_ENG": "REPULSE BAY ROAD",
        "STREET_NAME_CHN": "淺水灣道",
        "AREA_DESC_ENG": "HONG KONG",
        "AREA_DESC_CHN": "香港",
        "FREE_FORMAT_ADDR_ENG": "FLAT NO.A ON 1ST FLOOR OF BLOCK A THE BEACHSIDE NO.82 REPULSE BAY ROAD HONG KONG",
        "FREE_FORMAT_ADDR_CHN": NaN,
        "DEV_NAME_ENG": "THE BEACHSIDE",
        "DEV_NAME_CHN": NaN,
        "FIRST_REFERENCE_LOT_PRN": "C6136706"
    },
    {
        "PRN": "B6304808",
        "SEQ_NUM": 1,
        "BLOCK": "A",
        "FLOOR": "2",
        "FLAT": "A",
        "HOUSE_NUM_PREFIX": 82.0,
        "STREET_NAME_ENG": "REPULSE BAY ROAD",
        "STREET_NAME_CHN": "淺水灣道",
        "AREA_DESC_ENG": "HONG KONG",
        "AREA_DESC_CHN": "香港",
        "FREE_FORMAT_ADDR_ENG": "FLAT NO.A ON 2ND FLOOR OF BLOCK A THE BEACHSIDE NO.82 REPULSE BAY ROAD HONG KONG",
        "FREE_FORMAT_ADDR_CHN": NaN,
        "DEV_NAME_ENG": "THE BEACHSIDE",
        "DEV_NAME_CHN": NaN,
        "FIRST_REFERENCE_LOT_PRN": "C6136706"
    },
    {
        "PRN": "B6304817",
        "SEQ_NUM": 1,
        "BLOCK": "A",
        "FLOOR": "R",
        "FLAT": "B",
        "HOUSE_NUM_PREFIX": 82.0,
        "STREET_NAME_ENG": "REPULSE BAY ROAD",
        "STREET_NAME_CHN": "淺水灣道",
        "AREA_DESC_ENG": "HONG KONG",
        "AREA_DESC_CHN": "香港",
        "FREE_FORMAT_ADDR_ENG": "FLAT NO.B ON ROOF OF BLOCK A THE BEACHSIDE NO.82 REPULSE BAY ROAD HONG KONG",
        "FREE_FORMAT_ADDR_CHN": NaN,
        "DEV_NAME_ENG": "THE BEACHSIDE",
        "DEV_NAME_CHN": NaN,
        "FIRST_REFERENCE_LOT_PRN": "C6136706"
    },
    {
        "PRN": "B6304826",
        "SEQ_NUM": 1,
        "BLOCK": "A",
        "FLOOR": "G",
        "FLAT": "CPP18",
        "HOUSE_NUM_PREFIX": 82.0,
        "STREET_NAME_ENG": "REPULSE BAY ROAD",
        "STREET_NAME_CHN": "淺水灣道",
        "AREA_DESC_ENG": "HONG KONG",
        "AREA_DESC_CHN": "香港",
        "FREE_FORMAT_ADDR_ENG": "CAR PARKING SPACE NO.P18 ON GROUND FLOOR OF BLOCK A THE BEACHSIDE NO.82 REPULSE BAY ROAD HONG KONG",
        "FREE_FORMAT_ADDR_CHN": NaN,
        "DEV_NAME_ENG": "THE BEACHSIDE",
        "DEV_NAME_CHN": NaN,
        "FIRST_REFERENCE_LOT_PRN": "C6136706"
    },
    {
        "PRN": "B6304837",
        "SEQ_NUM": 1,
        "BLOCK": "A",
        "FLOOR": "G",
        "FLAT": "CPP19",
        "HOUSE_NUM_PREFIX": 82.0,
        "STREET_NAME_ENG": "REPULSE BAY ROAD",
        "STREET_NAME_CHN": "淺水灣道",
        "AREA_DESC_ENG": "HONG KONG",
        "AREA_DESC_CHN": "香港",
        "FREE_FORMAT_ADDR_ENG": "CAR PARKING SPACE NO.P19 ON GROUND FLOOR OF BLOCK A THE BEACHSIDE NO.82 REPULSE BAY ROAD HONG KONG",
        "FREE_FORMAT_ADDR_CHN": NaN,
        "DEV_NAME_ENG": "THE BEACHSIDE",
        "DEV_NAME_CHN": NaN,
        "FIRST_REFERENCE_LOT_PRN": "C6136706"
    },
    {
        "PRN": "B6304844",
        "SEQ_NUM": 1,
        "BLOCK": "A",
        "FLOOR": "G",
        "FLAT": "CPP20",
        "HOUSE_NUM_PREFIX": 82.0,
        "STREET_NAME_ENG": "REPULSE BAY ROAD",
        "STREET_NAME_CHN": "淺水灣道",
        "AREA_DESC_ENG": "HONG KONG",
        "AREA_DESC_CHN": "香港",
        "FREE_FORMAT_ADDR_ENG": "CAR PARKING SPACE NO.P20 ON GROUND FLOOR OF BLOCK A THE BEACHSIDE NO.82 REPULSE BAY ROAD HONG KONG",
        "FREE_FORMAT_ADDR_CHN": NaN,
        "DEV_NAME_ENG": "THE BEACHSIDE",
        "DEV_NAME_CHN": NaN,
        "FIRST_REFERENCE_LOT_PRN": "C6136706"
    },
    {
        "PRN": "B6304850",
        "SEQ_NUM": 1,
        "BLOCK": "A",
        "FLOOR": "G",
        "FLAT": "CPP30",
        "HOUSE_NUM_PREFIX": 82.0,
        "STREET_NAME_ENG": "REPULSE BAY ROAD",
        "STREET_NAME_CHN": "淺水灣道",
        "AREA_DESC_ENG": "HONG KONG",
        "AREA_DESC_CHN": "香港",
        "FREE_FORMAT_ADDR_ENG": "CAR PARKING SPACE NO.P30 ON GROUND FLOOR OF BLOCK A THE BEACHSIDE NO.82 REPULSE BAY ROAD HONG KONG",
        "FREE_FORMAT_ADDR_CHN": NaN,
        "DEV_NAME_ENG": "THE BEACHSIDE",
        "DEV_NAME_CHN": NaN,
        "FIRST_REFERENCE_LOT_PRN": "C6136706"
    },
    {
        "PRN": "B6304863",
        "SEQ_NUM": 1,
        "BLOCK": "A",
        "FLOOR": "R",
        "FLAT": "E",
        "HOUSE_NUM_PREFIX": 82.0,
        "STREET_NAME_ENG": "REPULSE BAY ROAD",
        "STREET_NAME_CHN": "淺水灣道",
        "AREA_DESC_ENG": "HONG KONG",
        "AREA_DESC_CHN": "香港",
        "FREE_FORMAT_ADDR_ENG": "ROOF E ON THE ROOF FLOOR OF BLOCK A THE BEACHSIDE NO. 82 REPULSE BAY ROAD HONG KONG",
        "FREE_FORMAT_ADDR_CHN": NaN,
        "DEV_NAME_ENG": "THE BEACHSIDE",
        "DEV_NAME_CHN": NaN,
        "FIRST_REFERENCE_LOT_PRN": "C6136706"
    },
    {
        "PRN": "B6304872",
        "SEQ_NUM": 1,
        "BLOCK": "A",
        "FLOOR": "1",
        "FLAT": "F",
        "HOUSE_NUM_PREFIX": 82.0,
        "STREET_NAME_ENG": "REPULSE BAY ROAD",
        "STREET_NAME_CHN": "淺水灣道",
        "AREA_DESC_ENG": "HONG KONG",
        "AREA_DESC_CHN": "香港",
        "FREE_FORMAT_ADDR_ENG": "FLAT NO.F ON 1ST FLOOR OF BLOCK A THE BEACHSIDE NO.82 REPULSE BAY ROAD HONG KONG",
        "FREE_FORMAT_ADDR_CHN": NaN,
        "DEV_NAME_ENG": "THE BEACHSIDE",
        "DEV_NAME_CHN": NaN,
        "FIRST_REFERENCE_LOT_PRN": "C6136706"
    },
    {
        "PRN": "B6304883",
        "SEQ_NUM": 1,
        "BLOCK": "B",
        "FLOOR": "3",
        "FLAT": NaN,
        "HOUSE_NUM_PREFIX": 86.0,
        "STREET_NAME_ENG": "REPULSE BAY ROAD",
        "STREET_NAME_CHN": "淺水灣道",
        "AREA_DESC_ENG": "HONG KONG",
        "AREA_DESC_CHN": "香港",
        "FREE_FORMAT_ADDR_ENG": "3RD FLOOR OF BLOCK B THE BEACHSIDE NO.86 REPULSE BAY ROAD HONG KONG  ",
        "FREE_FORMAT_ADDR_CHN": NaN,
        "DEV_NAME_ENG": "THE BEACHSIDE",
        "DEV_NAME_CHN": NaN,
        "FIRST_REFERENCE_LOT_PRN": "C6136706"
    },
    {
        "PRN": "B6304890",
        "SEQ_NUM": 1,
        "BLOCK": "B",
        "FLOOR": "1",
        "FLAT": "FR",
        "HOUSE_NUM_PREFIX": 86.0,
        "STREET_NAME_ENG": "REPULSE BAY ROAD",
        "STREET_NAME_CHN": "淺水灣道",
        "AREA_DESC_ENG": "HONG KONG",
        "AREA_DESC_CHN": "香港",
        "FREE_FORMAT_ADDR_ENG": "FLAT ROOF ON 1ST FLOOR OF BLOCK B THE BEACHSIDE NO.86 REPULSE BAY ROAD HONG KONG ",
        "FREE_FORMAT_ADDR_CHN": NaN,
        "DEV_NAME_ENG": "THE BEACHSIDE",
        "DEV_NAME_CHN": NaN,
        "FIRST_REFERENCE_LOT_PRN": "C6136706"
    },
    {
        "PRN": "B7784592",
        "SEQ_NUM": 1,
        "BLOCK": "A",
        "FLOOR": "G",
        "FLAT": "CPP29",
        "HOUSE_NUM_PREFIX": 82.0,
        "STREET_NAME_ENG": "REPULSE BAY ROAD",
        "STREET_NAME_CHN": "淺水灣道",
        "AREA_DESC_ENG": "HONG KONG",
        "AREA_DESC_CHN": "香港",
        "FREE_FORMAT_ADDR_ENG": "CAR PARKING SPACE NO.P29 ON GROUND FLOOR OF BLOCK A THE BEACHSIDE NO.82 REPULSE BAY ROAD HONG KONG",
        "FREE_FORMAT_ADDR_CHN": NaN,
        "DEV_NAME_ENG": "THE BEACHSIDE",
        "DEV_NAME_CHN": NaN,
        "FIRST_REFERENCE_LOT_PRN": "C6136706"
    },
    {
        "PRN": "B7784600",
        "SEQ_NUM": 1,
        "BLOCK": "A",
        "FLOOR": NaN,
        "FLAT": "MM001",
        "HOUSE_NUM_PREFIX": 82.0,
        "STREET_NAME_ENG": "REPULSE BAY ROAD",
        "STREET_NAME_CHN": "淺水灣道",
        "AREA_DESC_ENG": "HONG KONG",
        "AREA_DESC_CHN": "香港",
        "FREE_FORMAT_ADDR_ENG": "COMMON AREAS AND COMMON FACILITIES OF BLOCK A THE BEACHSIDE NO.82 REPULSE BAY ROAD HONG KONG ",
        "FREE_FORMAT_ADDR_CHN": NaN,
        "DEV_NAME_ENG": "THE BEACHSIDE",
        "DEV_NAME_CHN": NaN,
        "FIRST_REFERENCE_LOT_PRN": "C6136706"
    },
    {
        "PRN": "B8452633",
        "SEQ_NUM": 1,
        "BLOCK": "A",
        "FLOOR": "G",
        "FLAT": "CPP23",
        "HOUSE_NUM_PREFIX": 82.0,
        "STREET_NAME_ENG": "REPULSE BAY ROAD",
        "STREET_NAME_CHN": "淺水灣道",
        "AREA_DESC_ENG": "HONG KONG",
        "AREA_DESC_CHN": "香港",
        "FREE_FORMAT_ADDR_ENG": "CAR PARKING SPACE NO.P23 ON GROUND FLOOR OF BLOCK A THE BEACHSIDE NO.82 REPULSE BAY ROAD HONG KONG",
        "FREE_FORMAT_ADDR_CHN": NaN,
        "DEV_NAME_ENG": "THE BEACHSIDE",
        "DEV_NAME_CHN": NaN,
        "FIRST_REFERENCE_LOT_PRN": "C6136706"
    },
    {
        "PRN": "B8452641",
        "SEQ_NUM": 1,
        "BLOCK": "B",
        "FLOOR": "G",
        "FLAT": "CP",
        "HOUSE_NUM_PREFIX": 86.0,
        "STREET_NAME_ENG": "REPULSE BAY ROAD",
        "STREET_NAME_CHN": "淺水灣道",
        "AREA_DESC_ENG": "HONG KONG",
        "AREA_DESC_CHN": "香港",
        "FREE_FORMAT_ADDR_ENG": "SEVEN CAR PARKS FOR ONE SHARE EACH ON GROUND FLOOR OF BLOCK B THE BEACHSIDE NO. 86 REPULSE BAY ROAD HONG KONG",
        "FREE_FORMAT_ADDR_CHN": NaN,
        "DEV_NAME_ENG": "THE BEACHSIDE",
        "DEV_NAME_CHN": NaN,
        "FIRST_REFERENCE_LOT_PRN": "C6136706"
    },
    {
        "PRN": "B8991189",
        "SEQ_NUM": 1,
        "BLOCK": "A",
        "FLOOR": "G",
        "FLAT": "CPP26",
        "HOUSE_NUM_PREFIX": 82.0,
        "STREET_NAME_ENG": "REPULSE BAY ROAD",
        "STREET_NAME_CHN": "淺水灣道",
        "AREA_DESC_ENG": "HONG KONG",
        "AREA_DESC_CHN": "香港",
        "FREE_FORMAT_ADDR_ENG": "CAR PARKING SPACE NO.P26 ON GROUND FLOOR OF BLOCK A THE BEACHSIDE NO.82 REPULSE BAY ROAD HONG KONG",
        "FREE_FORMAT_ADDR_CHN": NaN,
        "DEV_NAME_ENG": "THE BEACHSIDE",
        "DEV_NAME_CHN": NaN,
        "FIRST_REFERENCE_LOT_PRN": "C6136706"
    },
    {
        "PRN": "B8991195",
        "SEQ_NUM": 1,
        "BLOCK": "A",
        "FLOOR": "1",
        "FLAT": "D",
        "HOUSE_NUM_PREFIX": 82.0,
        "STREET_NAME_ENG": "REPULSE BAY ROAD",
        "STREET_NAME_CHN": "淺水灣道",
        "AREA_DESC_ENG": "HONG KONG",
        "AREA_DESC_CHN": "香港",
        "FREE_FORMAT_ADDR_ENG": "FLAT NO.D ON 1ST FLOOR OF BLOCK A THE BEACHSIDE NO.82 REPULSE BAY ROAD HONG KONG",
        "FREE_FORMAT_ADDR_CHN": NaN,
        "DEV_NAME_ENG": "THE BEACHSIDE",
        "DEV_NAME_CHN": NaN,
        "FIRST_REFERENCE_LOT_PRN": "C6136706"
    },
    {
        "PRN": "B8991205",
        "SEQ_NUM": 1,
        "BLOCK": "A",
        "FLOOR": "R",
        "FLAT": "F",
        "HOUSE_NUM_PREFIX": 82.0,
        "STREET_NAME_ENG": "REPULSE BAY ROAD",
        "STREET_NAME_CHN": "淺水灣道",
        "AREA_DESC_ENG": "HONG KONG",
        "AREA_DESC_CHN": "香港",
        "FREE_FORMAT_ADDR_ENG": "ROOF F ON ROOF FLOOR OF BLOCK A THE BEACHSIDE NO. 82 REPULSE BAY ROAD HONG KONG",
        "FREE_FORMAT_ADDR_CHN": NaN,
        "DEV_NAME_ENG": "THE BEACHSIDE",
        "DEV_NAME_CHN": NaN,
        "FIRST_REFERENCE_LOT_PRN": "C6136706"
    },
    {
        "PRN": "B8991214",
        "SEQ_NUM": 1,
        "BLOCK": "A",
        "FLOOR": "1",
        "FLAT": "GD00E",
        "HOUSE_NUM_PREFIX": 82.0,
        "STREET_NAME_ENG": "REPULSE BAY ROAD",
        "STREET_NAME_CHN": "淺水灣道",
        "AREA_DESC_ENG": "HONG KONG",
        "AREA_DESC_CHN": "香港",
        "FREE_FORMAT_ADDR_ENG": "GARDEN OF FLAT E ON 1ST FLOOR OF BLOCK A THE BEACHSIDE NO.82 REPULSE BAY ROAD HONG KONG ",
        "FREE_FORMAT_ADDR_CHN": NaN,
        "DEV_NAME_ENG": "THE BEACHSIDE",
        "DEV_NAME_CHN": NaN,
        "FIRST_REFERENCE_LOT_PRN": "C6136706"
    },
    {
        "PRN": "B8991224",
        "SEQ_NUM": 1,
        "BLOCK": "B",
        "FLOOR": NaN,
        "FLAT": "MM001",
        "HOUSE_NUM_PREFIX": 86.0,
        "STREET_NAME_ENG": "REPULSE BAY ROAD",
        "STREET_NAME_CHN": "淺水灣道",
        "AREA_DESC_ENG": "HONG KONG",
        "AREA_DESC_CHN": "香港",
        "FREE_FORMAT_ADDR_ENG": "COMMON AREAS AND COMMON FACILITIES OF BLOCK B THE BEACHSIDE NO.86 REPULSE BAY ROAD HONG KONG ",
        "FREE_FORMAT_ADDR_CHN": NaN,
        "DEV_NAME_ENG": "THE BEACHSIDE",
        "DEV_NAME_CHN": NaN,
        "FIRST_REFERENCE_LOT_PRN": "C6136706"
    },
    {
        "PRN": "C0465521",
        "SEQ_NUM": 1,
        "BLOCK": "A",
        "FLOOR": "3",
        "FLAT": "A",
        "HOUSE_NUM_PREFIX": 82.0,
        "STREET_NAME_ENG": "REPULSE BAY ROAD",
        "STREET_NAME_CHN": "淺水灣道",
        "AREA_DESC_ENG": "HONG KONG",
        "AREA_DESC_CHN": "香港",
        "FREE_FORMAT_ADDR_ENG": "FLAT NO.A ON 3RD FLOOR OF BLOCK A THE BEACHSIDE NO.82 REPULSE BAY ROAD HONG KONG",
        "FREE_FORMAT_ADDR_CHN": NaN,
        "DEV_NAME_ENG": "THE BEACHSIDE",
        "DEV_NAME_CHN": NaN,
        "FIRST_REFERENCE_LOT_PRN": "C6136706"
    },
    {
        "PRN": "C0465533",
        "SEQ_NUM": 1,
        "BLOCK": "A",
        "FLOOR": "G",
        "FLAT": "CPP12",
        "HOUSE_NUM_PREFIX": 82.0,
        "STREET_NAME_ENG": "REPULSE BAY ROAD",
        "STREET_NAME_CHN": "淺水灣道",
        "AREA_DESC_ENG": "HONG KONG",
        "AREA_DESC_CHN": "香港",
        "FREE_FORMAT_ADDR_ENG": "CAR PARKING SPACE NO.P12 ON GROUND FLOOR OF BLOCK A THE BEACHSIDE NO.82 REPULSE BAY ROAD HONG KONG",
        "FREE_FORMAT_ADDR_CHN": NaN,
        "DEV_NAME_ENG": "THE BEACHSIDE",
        "DEV_NAME_CHN": NaN,
        "FIRST_REFERENCE_LOT_PRN": "C6136706"
    },
    {
        "PRN": "C0465541",
        "SEQ_NUM": 1,
        "BLOCK": "A",
        "FLOOR": "R",
        "FLAT": "D",
        "HOUSE_NUM_PREFIX": 82.0,
        "STREET_NAME_ENG": "REPULSE BAY ROAD",
        "STREET_NAME_CHN": "淺水灣道",
        "AREA_DESC_ENG": "HONG KONG",
        "AREA_DESC_CHN": "香港",
        "FREE_FORMAT_ADDR_ENG": "FLAT NO.D ON ROOF OF BLOCK A THE BEACHSIDE NO.82 REPULSE BAY ROAD HONG KONG",
        "FREE_FORMAT_ADDR_CHN": NaN,
        "DEV_NAME_ENG": "THE BEACHSIDE",
        "DEV_NAME_CHN": NaN,
        "FIRST_REFERENCE_LOT_PRN": "C6136706"
    },
    {
        "PRN": "C0801327",
        "SEQ_NUM": 1,
        "BLOCK": "A",
        "FLOOR": "G",
        "FLAT": "CPP32",
        "HOUSE_NUM_PREFIX": 82.0,
        "STREET_NAME_ENG": "REPULSE BAY ROAD",
        "STREET_NAME_CHN": "淺水灣道",
        "AREA_DESC_ENG": "HONG KONG",
        "AREA_DESC_CHN": "香港",
        "FREE_FORMAT_ADDR_ENG": "CAR PARKING SPACE NO.P32 ON GROUND FLOOR OF BLOCK A THE BEACHSIDE NO.82 REPULSE BAY ROAD HONG KONG",
        "FREE_FORMAT_ADDR_CHN": NaN,
        "DEV_NAME_ENG": "THE BEACHSIDE",
        "DEV_NAME_CHN": NaN,
        "FIRST_REFERENCE_LOT_PRN": "C6136706"
    },
    {
        "PRN": "C0801333",
        "SEQ_NUM": 1,
        "BLOCK": "A",
        "FLOOR": "G",
        "FLAT": "CP0P3",
        "HOUSE_NUM_PREFIX": 82.0,
        "STREET_NAME_ENG": "REPULSE BAY ROAD",
        "STREET_NAME_CHN": "淺水灣道",
        "AREA_DESC_ENG": "HONG KONG",
        "AREA_DESC_CHN": "香港",
        "FREE_FORMAT_ADDR_ENG": "CAR PARKING SPACE NO.P3 ON GROUND FLOOR OF BLOCK A THE BEACHSIDE NO.82 REPULSE BAY ROAD HONG KONG",
        "FREE_FORMAT_ADDR_CHN": NaN,
        "DEV_NAME_ENG": "THE BEACHSIDE",
        "DEV_NAME_CHN": NaN,
        "FIRST_REFERENCE_LOT_PRN": "C6136706"
    }
]