[
    {
        "PRN": "D0708383",
        "SEQ_NUM": 1,
        "BLOCK": "CHFA",
        "FLOOR": NaN,
        "FLAT": NaN,
        "HOUSE_NUM_PREFIX": 73.0,
        "STREET_NAME_ENG": "TIN SHUI ROAD",
        "STREET_NAME_CHN": "天瑞路",
        "AREA_DESC_ENG": "YUEN LONG",
        "AREA_DESC_CHN": "元朗",
        "FREE_FORMAT_ADDR_ENG": "CHAK FAI HOUSE TIN CHAK ESTATE NO.73 TIN SHUI ROAD TIN SHUI WAI NEW TERRITORIES",
        "FREE_FORMAT_ADDR_CHN": NaN,
        "DEV_NAME_ENG": "TIN CHAK ESTATE",
        "DEV_NAME_CHN": "天澤邨",
        "FIRST_REFERENCE_LOT_PRN": "D0326395"
    },
    {
        "PRN": "D0708397",
        "SEQ_NUM": 1,
        "BLOCK": "CHSI",
        "FLOOR": NaN,
        "FLAT": NaN,
        "HOUSE_NUM_PREFIX": 73.0,
        "STREET_NAME_ENG": "TIN SHUI ROAD",
        "STREET_NAME_CHN": "天瑞路",
        "AREA_DESC_ENG": "YUEN LONG",
        "AREA_DESC_CHN": "元朗",
        "FREE_FORMAT_ADDR_ENG": "CHAK SING HOUSE TIN CHAK ESTATE NO.73 TIN SHUI ROAD TIN SHUI WAI NEW TERRITORIES",
        "FREE_FORMAT_ADDR_CHN": NaN,
        "DEV_NAME_ENG": "TIN CHAK ESTATE",
        "DEV_NAME_CHN": "天澤邨",
        "FIRST_REFERENCE_LOT_PRN": "D0326395"
    },
    {
        "PRN": "D0708405",
        "SEQ_NUM": 1,
        "BLOCK": "CHSU",
        "FLOOR": NaN,
        "FLAT": NaN,
        "HOUSE_NUM_PREFIX": 73.0,
        "STREET_NAME_ENG": "TIN SHUI ROAD",
        "STREET_NAME_CHN": "天瑞路",
        "AREA_DESC_ENG": "YUEN LONG",
        "AREA_DESC_CHN": "元朗",
        "FREE_FORMAT_ADDR_ENG": "CHAK SUN HOUSE TIN CHAK ESTATE NO.73 TIN SHUI ROAD TIN SHUI WAI NEW TERRITORIES",
        "FREE_FORMAT_ADDR_CHN": NaN,
        "DEV_NAME_ENG": "TIN CHAK ESTATE",
        "DEV_NAME_CHN": "天澤邨",
        "FIRST_REFERENCE_LOT_PRN": "D0326395"
    },
    {
        "PRN": "D0708418",
        "SEQ_NUM": 1,
        "BLOCK": "CYU",
        "FLOOR": NaN,
        "FLAT": NaN,
        "HOUSE_NUM_PREFIX": 73.0,
        "STREET_NAME_ENG": "TIN SHUI ROAD",
        "STREET_NAME_CHN": "天瑞路",
        "AREA_DESC_ENG": "YUEN LONG",
        "AREA_DESC_CHN": "元朗",
        "FREE_FORMAT_ADDR_ENG": "CHAK YU HOUSE TIN CHAK ESTATE NO.73 TIN SHUI ROAD TIN SHUI WAI NEW TERRITORIES",
        "FREE_FORMAT_ADDR_CHN": NaN,
        "DEV_NAME_ENG": "TIN CHAK ESTATE",
        "DEV_NAME_CHN": "天澤邨",
        "FIRST_REFERENCE_LOT_PRN": "D0326395"
    },
    {
        "PRN": "D0708428",
        "SEQ_NUM": 1,
        "BLOCK": "CYUN",
        "FLOOR": NaN,
        "FLAT": NaN,
        "HOUSE_NUM_PREFIX": 73.0,
        "STREET_NAME_ENG": "TIN SHUI ROAD",
        "STREET_NAME_CHN": "天瑞路",
        "AREA_DESC_ENG": "YUEN LONG",
        "AREA_DESC_CHN": "元朗",
        "FREE_FORMAT_ADDR_ENG": "CHAK YUN HOUSE TIN CHAK ESTATE NO.73 TIN SHUI ROAD TIN SHUI WAI NEW TERRITORIES",
        "FREE_FORMAT_ADDR_CHN": NaN,
        "DEV_NAME_ENG": "TIN CHAK ESTATE",
        "DEV_NAME_CHN": "天澤邨",
        "FIRST_REFERENCE_LOT_PRN": "D0326395"
    }
]