[
    {
        "PRN": "B1931152",
        "SEQ_NUM": 1,
        "BLOCK": "A",
        "FLOOR": "1",
        "FLAT": NaN,
        "HOUSE_NUM_PREFIX": NaN,
        "STREET_NAME_ENG": NaN,
        "STREET_NAME_CHN": NaN,
        "AREA_DESC_ENG": NaN,
        "AREA_DESC_CHN": NaN,
        "FREE_FORMAT_ADDR_ENG": "1/F OF MESSUAGE NO.A & THE BALCONY TING KOK BUILDING NO.17 TING KOK ROAD TAI PO NEW TERRITORIES",
        "FREE_FORMAT_ADDR_CHN": NaN,
        "DEV_NAME_ENG": "TING KOK BUILDING",
        "DEV_NAME_CHN": "汀角樓",
        "FIRST_REFERENCE_LOT_PRN": "C4889229"
    },
    {
        "PRN": "B1931199",
        "SEQ_NUM": 1,
        "BLOCK": "A",
        "FLOOR": "3",
        "FLAT": NaN,
        "HOUSE_NUM_PREFIX": NaN,
        "STREET_NAME_ENG": NaN,
        "STREET_NAME_CHN": NaN,
        "AREA_DESC_ENG": NaN,
        "AREA_DESC_CHN": NaN,
        "FREE_FORMAT_ADDR_ENG": "3/F OF BLOCK A TING KOK BUILDING NO.17 TING KOK ROAD TAI PO NEW TERRITORIES",
        "FREE_FORMAT_ADDR_CHN": NaN,
        "DEV_NAME_ENG": "TING KOK BUILDING",
        "DEV_NAME_CHN": "汀角樓",
        "FIRST_REFERENCE_LOT_PRN": "C4889229"
    },
    {
        "PRN": "B1931202",
        "SEQ_NUM": 1,
        "BLOCK": "A",
        "FLOOR": "4",
        "FLAT": NaN,
        "HOUSE_NUM_PREFIX": NaN,
        "STREET_NAME_ENG": NaN,
        "STREET_NAME_CHN": NaN,
        "AREA_DESC_ENG": NaN,
        "AREA_DESC_CHN": NaN,
        "FREE_FORMAT_ADDR_ENG": "4/F OF MESSUAGE NO. A TING KOK BUILDING NO.17 TING KOK ROAD TAI PO NEW TERRITORIES",
        "FREE_FORMAT_ADDR_CHN": NaN,
        "DEV_NAME_ENG": "TING KOK BUILDING",
        "DEV_NAME_CHN": "汀角樓",
        "FIRST_REFERENCE_LOT_PRN": "C4889229"
    },
    {
        "PRN": "B1931220",
        "SEQ_NUM": 1,
        "BLOCK": "A",
        "FLOOR": "5",
        "FLAT": NaN,
        "HOUSE_NUM_PREFIX": NaN,
        "STREET_NAME_ENG": NaN,
        "STREET_NAME_CHN": NaN,
        "AREA_DESC_ENG": NaN,
        "AREA_DESC_CHN": NaN,
        "FREE_FORMAT_ADDR_ENG": "5/F AND THE ROOF OF BLOCK A TING KOK BUILDING NO.17 TING KOK ROAD TAI PO NEW TERRITORIES",
        "FREE_FORMAT_ADDR_CHN": NaN,
        "DEV_NAME_ENG": "TING KOK BUILDING",
        "DEV_NAME_CHN": "汀角樓",
        "FIRST_REFERENCE_LOT_PRN": "C4889229"
    },
    {
        "PRN": "B1931839",
        "SEQ_NUM": 1,
        "BLOCK": "B",
        "FLOOR": "2",
        "FLAT": NaN,
        "HOUSE_NUM_PREFIX": NaN,
        "STREET_NAME_ENG": NaN,
        "STREET_NAME_CHN": NaN,
        "AREA_DESC_ENG": NaN,
        "AREA_DESC_CHN": NaN,
        "FREE_FORMAT_ADDR_ENG": "2/F OF BLOCK B TING KOK BUILDING NO.17 TING KOK ROAD TAI PO NEW TERRITORIES",
        "FREE_FORMAT_ADDR_CHN": NaN,
        "DEV_NAME_ENG": "TING KOK BUILDING",
        "DEV_NAME_CHN": "汀角樓",
        "FIRST_REFERENCE_LOT_PRN": "C4889229"
    },
    {
        "PRN": "B1931849",
        "SEQ_NUM": 1,
        "BLOCK": "B",
        "FLOOR": "4",
        "FLAT": NaN,
        "HOUSE_NUM_PREFIX": NaN,
        "STREET_NAME_ENG": NaN,
        "STREET_NAME_CHN": NaN,
        "AREA_DESC_ENG": NaN,
        "AREA_DESC_CHN": NaN,
        "FREE_FORMAT_ADDR_ENG": "4/F OF BLOCK B TING KOK BUILDING NO.17 TING KOK ROAD TAI PO NEW TERRITORIES",
        "FREE_FORMAT_ADDR_CHN": NaN,
        "DEV_NAME_ENG": "TING KOK BUILDING",
        "DEV_NAME_CHN": "汀角樓",
        "FIRST_REFERENCE_LOT_PRN": "C4889229"
    },
    {
        "PRN": "B1931868",
        "SEQ_NUM": 1,
        "BLOCK": "B",
        "FLOOR": "5",
        "FLAT": NaN,
        "HOUSE_NUM_PREFIX": NaN,
        "STREET_NAME_ENG": NaN,
        "STREET_NAME_CHN": NaN,
        "AREA_DESC_ENG": NaN,
        "AREA_DESC_CHN": NaN,
        "FREE_FORMAT_ADDR_ENG": "5/F AND THE ROOF OF BLOCK B TING KOK BUILDING NO.17 TING KOK ROAD TAI PO NEW TERRITORIES",
        "FREE_FORMAT_ADDR_CHN": NaN,
        "DEV_NAME_ENG": "TING KOK BUILDING",
        "DEV_NAME_CHN": "汀角樓",
        "FIRST_REFERENCE_LOT_PRN": "C4889229"
    },
    {
        "PRN": "B1932473",
        "SEQ_NUM": 1,
        "BLOCK": "C",
        "FLOOR": "2",
        "FLAT": NaN,
        "HOUSE_NUM_PREFIX": NaN,
        "STREET_NAME_ENG": NaN,
        "STREET_NAME_CHN": NaN,
        "AREA_DESC_ENG": NaN,
        "AREA_DESC_CHN": NaN,
        "FREE_FORMAT_ADDR_ENG": "2/F OF BLOCK C TING KOK BUILDING NO.17 TING KOK ROAD TAI PO NEW TERRITORIES",
        "FREE_FORMAT_ADDR_CHN": NaN,
        "DEV_NAME_ENG": "TING KOK BUILDING",
        "DEV_NAME_CHN": "汀角樓",
        "FIRST_REFERENCE_LOT_PRN": "C4889229"
    },
    {
        "PRN": "B1932489",
        "SEQ_NUM": 1,
        "BLOCK": "C",
        "FLOOR": "3",
        "FLAT": NaN,
        "HOUSE_NUM_PREFIX": NaN,
        "STREET_NAME_ENG": NaN,
        "STREET_NAME_CHN": NaN,
        "AREA_DESC_ENG": NaN,
        "AREA_DESC_CHN": NaN,
        "FREE_FORMAT_ADDR_ENG": "3/F OF BLOCK C TING KOK BUILDING NO.17 TING KOK ROAD TAI PO NEW TERRITORIES",
        "FREE_FORMAT_ADDR_CHN": NaN,
        "DEV_NAME_ENG": "TING KOK BUILDING",
        "DEV_NAME_CHN": "汀角樓",
        "FIRST_REFERENCE_LOT_PRN": "C4889229"
    },
    {
        "PRN": "B1932495",
        "SEQ_NUM": 1,
        "BLOCK": "C",
        "FLOOR": "5",
        "FLAT": NaN,
        "HOUSE_NUM_PREFIX": NaN,
        "STREET_NAME_ENG": NaN,
        "STREET_NAME_CHN": NaN,
        "AREA_DESC_ENG": NaN,
        "AREA_DESC_CHN": NaN,
        "FREE_FORMAT_ADDR_ENG": "5/F AND THE ROOF OF BLOCK C TING KOK BUILDING NO.17 TING KOK ROAD TAI PO NEW TERRITORIES",
        "FREE_FORMAT_ADDR_CHN": NaN,
        "DEV_NAME_ENG": "TING KOK BUILDING",
        "DEV_NAME_CHN": "汀角樓",
        "FIRST_REFERENCE_LOT_PRN": "C4889229"
    },
    {
        "PRN": "B1932882",
        "SEQ_NUM": 1,
        "BLOCK": "D",
        "FLOOR": "G",
        "FLAT": NaN,
        "HOUSE_NUM_PREFIX": NaN,
        "STREET_NAME_ENG": NaN,
        "STREET_NAME_CHN": NaN,
        "AREA_DESC_ENG": NaN,
        "AREA_DESC_CHN": NaN,
        "FREE_FORMAT_ADDR_ENG": "G/F OF BLOCK D TING KOK BUILDING NO.17 TING KOK ROAD TAI PO NEW TERRITORIES",
        "FREE_FORMAT_ADDR_CHN": NaN,
        "DEV_NAME_ENG": "TING KOK BUILDING",
        "DEV_NAME_CHN": "汀角樓",
        "FIRST_REFERENCE_LOT_PRN": "C4889229"
    },
    {
        "PRN": "B1932891",
        "SEQ_NUM": 1,
        "BLOCK": "D",
        "FLOOR": "1",
        "FLAT": NaN,
        "HOUSE_NUM_PREFIX": NaN,
        "STREET_NAME_ENG": NaN,
        "STREET_NAME_CHN": NaN,
        "AREA_DESC_ENG": NaN,
        "AREA_DESC_CHN": NaN,
        "FREE_FORMAT_ADDR_ENG": "1/F OF BLOCK D TING KOK BUILDING NO.17 TING KOK ROAD TAI PO NEW TERRITORIES",
        "FREE_FORMAT_ADDR_CHN": NaN,
        "DEV_NAME_ENG": "TING KOK BUILDING",
        "DEV_NAME_CHN": "汀角樓",
        "FIRST_REFERENCE_LOT_PRN": "C4889229"
    },
    {
        "PRN": "B1932908",
        "SEQ_NUM": 1,
        "BLOCK": "D",
        "FLOOR": "4",
        "FLAT": NaN,
        "HOUSE_NUM_PREFIX": NaN,
        "STREET_NAME_ENG": NaN,
        "STREET_NAME_CHN": NaN,
        "AREA_DESC_ENG": NaN,
        "AREA_DESC_CHN": NaN,
        "FREE_FORMAT_ADDR_ENG": "4/F OF BLOCK D TING KOK BUILDING NO.17 TING KOK ROAD TAI PO NEW TERRITORIES",
        "FREE_FORMAT_ADDR_CHN": NaN,
        "DEV_NAME_ENG": "TING KOK BUILDING",
        "DEV_NAME_CHN": "汀角樓",
        "FIRST_REFERENCE_LOT_PRN": "C4889229"
    },
    {
        "PRN": "B1932916",
        "SEQ_NUM": 1,
        "BLOCK": "E",
        "FLOOR": "G",
        "FLAT": NaN,
        "HOUSE_NUM_PREFIX": NaN,
        "STREET_NAME_ENG": NaN,
        "STREET_NAME_CHN": NaN,
        "AREA_DESC_ENG": NaN,
        "AREA_DESC_CHN": NaN,
        "FREE_FORMAT_ADDR_ENG": "G/F OF BLOCK E TING KOK BUILDING NO.17 TING KOK ROAD TAI PO NEW TERRITORIES",
        "FREE_FORMAT_ADDR_CHN": NaN,
        "DEV_NAME_ENG": "TING KOK BUILDING",
        "DEV_NAME_CHN": "汀角樓",
        "FIRST_REFERENCE_LOT_PRN": "C4889229"
    },
    {
        "PRN": "B1932926",
        "SEQ_NUM": 1,
        "BLOCK": "E",
        "FLOOR": "1",
        "FLAT": NaN,
        "HOUSE_NUM_PREFIX": NaN,
        "STREET_NAME_ENG": NaN,
        "STREET_NAME_CHN": NaN,
        "AREA_DESC_ENG": NaN,
        "AREA_DESC_CHN": NaN,
        "FREE_FORMAT_ADDR_ENG": "1/F OF BLOCK E TING KOK BUILDING NO.17 TING KOK ROAD TAI PO NEW TERRITORIES",
        "FREE_FORMAT_ADDR_CHN": NaN,
        "DEV_NAME_ENG": "TING KOK BUILDING",
        "DEV_NAME_CHN": "汀角樓",
        "FIRST_REFERENCE_LOT_PRN": "C4889229"
    },
    {
        "PRN": "B1932939",
        "SEQ_NUM": 1,
        "BLOCK": "E",
        "FLOOR": "3",
        "FLAT": NaN,
        "HOUSE_NUM_PREFIX": NaN,
        "STREET_NAME_ENG": NaN,
        "STREET_NAME_CHN": NaN,
        "AREA_DESC_ENG": NaN,
        "AREA_DESC_CHN": NaN,
        "FREE_FORMAT_ADDR_ENG": "3/F OF BLOCK E TING KOK BUILDING NO.17 TING KOK ROAD TAI PO NEW TERRITORIES",
        "FREE_FORMAT_ADDR_CHN": NaN,
        "DEV_NAME_ENG": "TING KOK BUILDING",
        "DEV_NAME_CHN": "汀角樓",
        "FIRST_REFERENCE_LOT_PRN": "C4889229"
    },
    {
        "PRN": "B1932942",
        "SEQ_NUM": 1,
        "BLOCK": "E",
        "FLOOR": "4",
        "FLAT": NaN,
        "HOUSE_NUM_PREFIX": NaN,
        "STREET_NAME_ENG": NaN,
        "STREET_NAME_CHN": NaN,
        "AREA_DESC_ENG": NaN,
        "AREA_DESC_CHN": NaN,
        "FREE_FORMAT_ADDR_ENG": "4/F OF BLOCK E TING KOK BUILDING NO.17 TING KOK ROAD TAI PO NEW TERRITORIES",
        "FREE_FORMAT_ADDR_CHN": NaN,
        "DEV_NAME_ENG": "TING KOK BUILDING",
        "DEV_NAME_CHN": "汀角樓",
        "FIRST_REFERENCE_LOT_PRN": "C4889229"
    },
    {
        "PRN": "B1932950",
        "SEQ_NUM": 1,
        "BLOCK": "E",
        "FLOOR": "5",
        "FLAT": NaN,
        "HOUSE_NUM_PREFIX": NaN,
        "STREET_NAME_ENG": NaN,
        "STREET_NAME_CHN": NaN,
        "AREA_DESC_ENG": NaN,
        "AREA_DESC_CHN": NaN,
        "FREE_FORMAT_ADDR_ENG": "5/F AND THE ROOF OF BLOCK E TING KOK BUILDING NO.17 TING KOK ROAD TAI PO NEW TERRITORIES",
        "FREE_FORMAT_ADDR_CHN": NaN,
        "DEV_NAME_ENG": "TING KOK BUILDING",
        "DEV_NAME_CHN": "汀角樓",
        "FIRST_REFERENCE_LOT_PRN": "C4889229"
    },
    {
        "PRN": "B1932965",
        "SEQ_NUM": 1,
        "BLOCK": "F",
        "FLOOR": "2",
        "FLAT": NaN,
        "HOUSE_NUM_PREFIX": NaN,
        "STREET_NAME_ENG": NaN,
        "STREET_NAME_CHN": NaN,
        "AREA_DESC_ENG": NaN,
        "AREA_DESC_CHN": NaN,
        "FREE_FORMAT_ADDR_ENG": "2/F OF BLOCK F TING KOK BUILDING NO.17 TING KOK ROAD TAI PO NEW TERRITORIES",
        "FREE_FORMAT_ADDR_CHN": NaN,
        "DEV_NAME_ENG": "TING KOK BUILDING",
        "DEV_NAME_CHN": "汀角樓",
        "FIRST_REFERENCE_LOT_PRN": "C4889229"
    },
    {
        "PRN": "B1932971",
        "SEQ_NUM": 1,
        "BLOCK": "F",
        "FLOOR": "3",
        "FLAT": NaN,
        "HOUSE_NUM_PREFIX": NaN,
        "STREET_NAME_ENG": NaN,
        "STREET_NAME_CHN": NaN,
        "AREA_DESC_ENG": NaN,
        "AREA_DESC_CHN": NaN,
        "FREE_FORMAT_ADDR_ENG": "THIRD FLOOR OF MESSUAGE NO.F AND THE BALCONY TING KOK BUILDING NO.17 TING KOK ROAD TAI PO NEW TERRITORIES",
        "FREE_FORMAT_ADDR_CHN": NaN,
        "DEV_NAME_ENG": "TING KOK BUILDING",
        "DEV_NAME_CHN": "汀角樓",
        "FIRST_REFERENCE_LOT_PRN": "C4889229"
    },
    {
        "PRN": "B1932981",
        "SEQ_NUM": 1,
        "BLOCK": "F",
        "FLOOR": "4",
        "FLAT": NaN,
        "HOUSE_NUM_PREFIX": NaN,
        "STREET_NAME_ENG": NaN,
        "STREET_NAME_CHN": NaN,
        "AREA_DESC_ENG": NaN,
        "AREA_DESC_CHN": NaN,
        "FREE_FORMAT_ADDR_ENG": "4/F OF BLOCK F TING KOK BUILDING NO.17 TING KOK ROAD TAI PO NEW TERRITORIES",
        "FREE_FORMAT_ADDR_CHN": NaN,
        "DEV_NAME_ENG": "TING KOK BUILDING",
        "DEV_NAME_CHN": "汀角樓",
        "FIRST_REFERENCE_LOT_PRN": "C4889229"
    },
    {
        "PRN": "B1932991",
        "SEQ_NUM": 1,
        "BLOCK": "F",
        "FLOOR": "5",
        "FLAT": NaN,
        "HOUSE_NUM_PREFIX": NaN,
        "STREET_NAME_ENG": NaN,
        "STREET_NAME_CHN": NaN,
        "AREA_DESC_ENG": NaN,
        "AREA_DESC_CHN": NaN,
        "FREE_FORMAT_ADDR_ENG": "5/F AND ROOF OF BLOCK F TING KOK BUILDING NO.17 TING KOK ROAD TAI PO NEW TERRITORIES",
        "FREE_FORMAT_ADDR_CHN": NaN,
        "DEV_NAME_ENG": "TING KOK BUILDING",
        "DEV_NAME_CHN": "汀角樓",
        "FIRST_REFERENCE_LOT_PRN": "C4889229"
    },
    {
        "PRN": "B1937351",
        "SEQ_NUM": 1,
        "BLOCK": "B",
        "FLOOR": "G",
        "FLAT": NaN,
        "HOUSE_NUM_PREFIX": NaN,
        "STREET_NAME_ENG": NaN,
        "STREET_NAME_CHN": NaN,
        "AREA_DESC_ENG": NaN,
        "AREA_DESC_CHN": NaN,
        "FREE_FORMAT_ADDR_ENG": "G/F OF BLOCK B TING KOK BUILDING NO.17 TING KOK ROAD TAI PO NEW TERRITORIES",
        "FREE_FORMAT_ADDR_CHN": NaN,
        "DEV_NAME_ENG": "TING KOK BUILDING",
        "DEV_NAME_CHN": "汀角樓",
        "FIRST_REFERENCE_LOT_PRN": "C4889229"
    },
    {
        "PRN": "B4867502",
        "SEQ_NUM": 1,
        "BLOCK": "A",
        "FLOOR": "G",
        "FLAT": NaN,
        "HOUSE_NUM_PREFIX": NaN,
        "STREET_NAME_ENG": NaN,
        "STREET_NAME_CHN": NaN,
        "AREA_DESC_ENG": NaN,
        "AREA_DESC_CHN": NaN,
        "FREE_FORMAT_ADDR_ENG": "G/F OF BLOCK A TING KOK BUILDING NO.17 TING KOK ROAD TAI PO NEW TERRITORIES",
        "FREE_FORMAT_ADDR_CHN": NaN,
        "DEV_NAME_ENG": "TING KOK BUILDING",
        "DEV_NAME_CHN": "汀角樓",
        "FIRST_REFERENCE_LOT_PRN": "C4889229"
    },
    {
        "PRN": "B4867557",
        "SEQ_NUM": 1,
        "BLOCK": "B",
        "FLOOR": "1",
        "FLAT": NaN,
        "HOUSE_NUM_PREFIX": NaN,
        "STREET_NAME_ENG": NaN,
        "STREET_NAME_CHN": NaN,
        "AREA_DESC_ENG": NaN,
        "AREA_DESC_CHN": NaN,
        "FREE_FORMAT_ADDR_ENG": "1/F OF BLOCK B TING KOK BUILDING NO.17 TING KOK ROAD TAI PO NEW TERRITORIES",
        "FREE_FORMAT_ADDR_CHN": NaN,
        "DEV_NAME_ENG": "TING KOK BUILDING",
        "DEV_NAME_CHN": "汀角樓",
        "FIRST_REFERENCE_LOT_PRN": "C4889229"
    },
    {
        "PRN": "B4867617",
        "SEQ_NUM": 1,
        "BLOCK": "C",
        "FLOOR": "G",
        "FLAT": NaN,
        "HOUSE_NUM_PREFIX": NaN,
        "STREET_NAME_ENG": NaN,
        "STREET_NAME_CHN": NaN,
        "AREA_DESC_ENG": NaN,
        "AREA_DESC_CHN": NaN,
        "FREE_FORMAT_ADDR_ENG": "G/F OF BLOCK C TING KOK BUILDING NO.17 TING KOK ROAD TAI PO NEW TERRITORIES",
        "FREE_FORMAT_ADDR_CHN": NaN,
        "DEV_NAME_ENG": "TING KOK BUILDING",
        "DEV_NAME_CHN": "汀角樓",
        "FIRST_REFERENCE_LOT_PRN": "C4889229"
    },
    {
        "PRN": "B4867741",
        "SEQ_NUM": 1,
        "BLOCK": "E",
        "FLOOR": "2",
        "FLAT": NaN,
        "HOUSE_NUM_PREFIX": NaN,
        "STREET_NAME_ENG": NaN,
        "STREET_NAME_CHN": NaN,
        "AREA_DESC_ENG": NaN,
        "AREA_DESC_CHN": NaN,
        "FREE_FORMAT_ADDR_ENG": "2/F OF BLOCK E TING KOK BUILDING NO.17 TING KOK ROAD TAI PO NEW TERRITORIES",
        "FREE_FORMAT_ADDR_CHN": NaN,
        "DEV_NAME_ENG": "TING KOK BUILDING",
        "DEV_NAME_CHN": "汀角樓",
        "FIRST_REFERENCE_LOT_PRN": "C4889229"
    },
    {
        "PRN": "B4867751",
        "SEQ_NUM": 1,
        "BLOCK": "F",
        "FLOOR": "1",
        "FLAT": NaN,
        "HOUSE_NUM_PREFIX": NaN,
        "STREET_NAME_ENG": NaN,
        "STREET_NAME_CHN": NaN,
        "AREA_DESC_ENG": NaN,
        "AREA_DESC_CHN": NaN,
        "FREE_FORMAT_ADDR_ENG": "1/F OF BLOCK F TING KOK BUILDING NO.17 TING KOK ROAD TAI PO NEW TERRITORIES",
        "FREE_FORMAT_ADDR_CHN": NaN,
        "DEV_NAME_ENG": "TING KOK BUILDING",
        "DEV_NAME_CHN": "汀角樓",
        "FIRST_REFERENCE_LOT_PRN": "C4889229"
    },
    {
        "PRN": "B7553092",
        "SEQ_NUM": 1,
        "BLOCK": "C",
        "FLOOR": "1",
        "FLAT": NaN,
        "HOUSE_NUM_PREFIX": NaN,
        "STREET_NAME_ENG": NaN,
        "STREET_NAME_CHN": NaN,
        "AREA_DESC_ENG": NaN,
        "AREA_DESC_CHN": NaN,
        "FREE_FORMAT_ADDR_ENG": "1/F OF BLOCK C TING KOK BUILDING NO.17 TING KOK ROAD TAI PO NEW TERRITORIES",
        "FREE_FORMAT_ADDR_CHN": NaN,
        "DEV_NAME_ENG": "TING KOK BUILDING",
        "DEV_NAME_CHN": "汀角樓",
        "FIRST_REFERENCE_LOT_PRN": "C4889229"
    },
    {
        "PRN": "B7553181",
        "SEQ_NUM": 1,
        "BLOCK": "D",
        "FLOOR": "2",
        "FLAT": NaN,
        "HOUSE_NUM_PREFIX": NaN,
        "STREET_NAME_ENG": NaN,
        "STREET_NAME_CHN": NaN,
        "AREA_DESC_ENG": NaN,
        "AREA_DESC_CHN": NaN,
        "FREE_FORMAT_ADDR_ENG": "2/F OF BLOCK D TING KOK BUILDING NO.17 TING KOK ROAD TAI PO NEW TERRITORIES",
        "FREE_FORMAT_ADDR_CHN": NaN,
        "DEV_NAME_ENG": "TING KOK BUILDING",
        "DEV_NAME_CHN": "汀角樓",
        "FIRST_REFERENCE_LOT_PRN": "C4889229"
    },
    {
        "PRN": "B7553192",
        "SEQ_NUM": 1,
        "BLOCK": "D",
        "FLOOR": "3",
        "FLAT": NaN,
        "HOUSE_NUM_PREFIX": NaN,
        "STREET_NAME_ENG": NaN,
        "STREET_NAME_CHN": NaN,
        "AREA_DESC_ENG": NaN,
        "AREA_DESC_CHN": NaN,
        "FREE_FORMAT_ADDR_ENG": "3/F OF MESSUAGE NO. D AND BALCONY TING KOK BUILDING NO.17 TING KOK ROAD TAI PO NEW TERRITORIES",
        "FREE_FORMAT_ADDR_CHN": NaN,
        "DEV_NAME_ENG": "TING KOK BUILDING",
        "DEV_NAME_CHN": "汀角樓",
        "FIRST_REFERENCE_LOT_PRN": "C4889229"
    },
    {
        "PRN": "B7553204",
        "SEQ_NUM": 1,
        "BLOCK": "D",
        "FLOOR": "5",
        "FLAT": NaN,
        "HOUSE_NUM_PREFIX": NaN,
        "STREET_NAME_ENG": NaN,
        "STREET_NAME_CHN": NaN,
        "AREA_DESC_ENG": NaN,
        "AREA_DESC_CHN": NaN,
        "FREE_FORMAT_ADDR_ENG": "5/F AND THE ROOF OF BLOCK D TING KOK BUILDING NO.17 TING KOK ROAD TAI PO NEW TERRITORIES",
        "FREE_FORMAT_ADDR_CHN": NaN,
        "DEV_NAME_ENG": "TING KOK BUILDING",
        "DEV_NAME_CHN": "汀角樓",
        "FIRST_REFERENCE_LOT_PRN": "C4889229"
    },
    {
        "PRN": "B8368237",
        "SEQ_NUM": 1,
        "BLOCK": "C",
        "FLOOR": "4",
        "FLAT": NaN,
        "HOUSE_NUM_PREFIX": NaN,
        "STREET_NAME_ENG": NaN,
        "STREET_NAME_CHN": NaN,
        "AREA_DESC_ENG": NaN,
        "AREA_DESC_CHN": NaN,
        "FREE_FORMAT_ADDR_ENG": "4/F OF BLOCK C TING KOK BUILDING NO.17 TING KOK ROAD TAI PO NEW TERRITORIES",
        "FREE_FORMAT_ADDR_CHN": NaN,
        "DEV_NAME_ENG": "TING KOK BUILDING",
        "DEV_NAME_CHN": "汀角樓",
        "FIRST_REFERENCE_LOT_PRN": "C4889229"
    },
    {
        "PRN": "C0233776",
        "SEQ_NUM": 1,
        "BLOCK": "B",
        "FLOOR": "3",
        "FLAT": NaN,
        "HOUSE_NUM_PREFIX": NaN,
        "STREET_NAME_ENG": NaN,
        "STREET_NAME_CHN": NaN,
        "AREA_DESC_ENG": NaN,
        "AREA_DESC_CHN": NaN,
        "FREE_FORMAT_ADDR_ENG": "3/F OF BLOCK B TING KOK BUILDING NO.17 TING KOK ROAD TAI PO NEW TERRITORIES",
        "FREE_FORMAT_ADDR_CHN": NaN,
        "DEV_NAME_ENG": "TING KOK BUILDING",
        "DEV_NAME_CHN": "汀角樓",
        "FIRST_REFERENCE_LOT_PRN": "C4889229"
    },
    {
        "PRN": "C0233876",
        "SEQ_NUM": 1,
        "BLOCK": "F",
        "FLOOR": "G",
        "FLAT": NaN,
        "HOUSE_NUM_PREFIX": NaN,
        "STREET_NAME_ENG": NaN,
        "STREET_NAME_CHN": NaN,
        "AREA_DESC_ENG": NaN,
        "AREA_DESC_CHN": NaN,
        "FREE_FORMAT_ADDR_ENG": "G/F OF BLOCK F TING KOK BUILDING NO.17 TING KOK ROAD TAI PO NEW TERRITORIES",
        "FREE_FORMAT_ADDR_CHN": NaN,
        "DEV_NAME_ENG": "TING KOK BUILDING",
        "DEV_NAME_CHN": "汀角樓",
        "FIRST_REFERENCE_LOT_PRN": "C4889229"
    },
    {
        "PRN": "C0715177",
        "SEQ_NUM": 1,
        "BLOCK": "A",
        "FLOOR": "2",
        "FLAT": NaN,
        "HOUSE_NUM_PREFIX": NaN,
        "STREET_NAME_ENG": NaN,
        "STREET_NAME_CHN": NaN,
        "AREA_DESC_ENG": NaN,
        "AREA_DESC_CHN": NaN,
        "FREE_FORMAT_ADDR_ENG": "2/F OF BLOCK A TING KOK BUILDING NO.17 TING KOK ROAD TAI PO NEW TERRITORIES",
        "FREE_FORMAT_ADDR_CHN": NaN,
        "DEV_NAME_ENG": "TING KOK BUILDING",
        "DEV_NAME_CHN": "汀角樓",
        "FIRST_REFERENCE_LOT_PRN": "C4889229"
    }
]