[
    {
        "PRN": "D3092671",
        "SEQ_NUM": 1,
        "BLOCK": "D3",
        "FLOOR": "1",
        "FLAT": NaN,
        "HOUSE_NUM_PREFIX": NaN,
        "STREET_NAME_ENG": NaN,
        "STREET_NAME_CHN": NaN,
        "AREA_DESC_ENG": NaN,
        "AREA_DESC_CHN": NaN,
        "FREE_FORMAT_ADDR_ENG": "FIRST FLOOR (WITH BALCONY) BLOCK D3 OF TMT 222 NO. 222 TAI MEI TUK TAI PO NEW TERRITORIES",
        "FREE_FORMAT_ADDR_CHN": NaN,
        "DEV_NAME_ENG": "TMT 222",
        "DEV_NAME_CHN": "大美督",
        "FIRST_REFERENCE_LOT_PRN": "D0333323"
    },
    {
        "PRN": "D3092687",
        "SEQ_NUM": 1,
        "BLOCK": "D3",
        "FLOOR": "2",
        "FLAT": NaN,
        "HOUSE_NUM_PREFIX": NaN,
        "STREET_NAME_ENG": NaN,
        "STREET_NAME_CHN": NaN,
        "AREA_DESC_ENG": NaN,
        "AREA_DESC_CHN": NaN,
        "FREE_FORMAT_ADDR_ENG": "SECOND FLOOR (WITH BALCONY) AND ROOF BLOCK D3 OF TMT 222 NO. 222 TAI MEI TUK TAI PO NEW TERRITORIES",
        "FREE_FORMAT_ADDR_CHN": NaN,
        "DEV_NAME_ENG": "TMT 222",
        "DEV_NAME_CHN": "大美督",
        "FIRST_REFERENCE_LOT_PRN": "D0333323"
    },
    {
        "PRN": "D3092691",
        "SEQ_NUM": 1,
        "BLOCK": "D3",
        "FLOOR": "G",
        "FLAT": NaN,
        "HOUSE_NUM_PREFIX": NaN,
        "STREET_NAME_ENG": NaN,
        "STREET_NAME_CHN": NaN,
        "AREA_DESC_ENG": NaN,
        "AREA_DESC_CHN": NaN,
        "FREE_FORMAT_ADDR_ENG": "GROUND FLOOR AND THE GARDEN THERETO BLOCK D3 OF TMT 222 NO. 222 TAI MEI TUK TAI PO NEW TERRITORIES",
        "FREE_FORMAT_ADDR_CHN": NaN,
        "DEV_NAME_ENG": "TMT 222",
        "DEV_NAME_CHN": "大美督",
        "FIRST_REFERENCE_LOT_PRN": "D0333323"
    },
    {
        "PRN": "D3102314",
        "SEQ_NUM": 1,
        "BLOCK": "E17",
        "FLOOR": "1",
        "FLAT": NaN,
        "HOUSE_NUM_PREFIX": NaN,
        "STREET_NAME_ENG": NaN,
        "STREET_NAME_CHN": NaN,
        "AREA_DESC_ENG": NaN,
        "AREA_DESC_CHN": NaN,
        "FREE_FORMAT_ADDR_ENG": "FIRST FLOOR (WITH BALCONY) BLOCK E17 OF TMT 222 LOT NO. 957 IN DD28 * (SEE PROPERTY REMARKS) TAI PO NEW TERRITORIES",
        "FREE_FORMAT_ADDR_CHN": NaN,
        "DEV_NAME_ENG": "TMT 222",
        "DEV_NAME_CHN": "大美督 222",
        "FIRST_REFERENCE_LOT_PRN": "D1699354"
    },
    {
        "PRN": "D3102320",
        "SEQ_NUM": 1,
        "BLOCK": "E17",
        "FLOOR": "2",
        "FLAT": NaN,
        "HOUSE_NUM_PREFIX": NaN,
        "STREET_NAME_ENG": NaN,
        "STREET_NAME_CHN": NaN,
        "AREA_DESC_ENG": NaN,
        "AREA_DESC_CHN": NaN,
        "FREE_FORMAT_ADDR_ENG": "SECOND FLOOR (WITH BALCONY) AND THE ROOF BLOCK E17 OF TMT 222 LOT NO. 957 IN DD28 * (SEE PROPERTY REMARKS) TAI PO NEW TERRITORIES",
        "FREE_FORMAT_ADDR_CHN": NaN,
        "DEV_NAME_ENG": "TMT 222",
        "DEV_NAME_CHN": "大美督 222",
        "FIRST_REFERENCE_LOT_PRN": "D1699354"
    },
    {
        "PRN": "D3102333",
        "SEQ_NUM": 1,
        "BLOCK": "E17",
        "FLOOR": "G",
        "FLAT": NaN,
        "HOUSE_NUM_PREFIX": NaN,
        "STREET_NAME_ENG": NaN,
        "STREET_NAME_CHN": NaN,
        "AREA_DESC_ENG": NaN,
        "AREA_DESC_CHN": NaN,
        "FREE_FORMAT_ADDR_ENG": "GROUND FLOOR AND THE GARDEN THERETO BLOCK E17 OF TMT 222 LOT NO. 957 IN DD28 * (SEE PROPERTY REMARKS) TAI PO NEW TERRITORIES",
        "FREE_FORMAT_ADDR_CHN": NaN,
        "DEV_NAME_ENG": "TMT 222",
        "DEV_NAME_CHN": "大美督 222",
        "FIRST_REFERENCE_LOT_PRN": "D1699354"
    },
    {
        "PRN": "D3148525",
        "SEQ_NUM": 1,
        "BLOCK": "D5",
        "FLOOR": "1",
        "FLAT": NaN,
        "HOUSE_NUM_PREFIX": NaN,
        "STREET_NAME_ENG": NaN,
        "STREET_NAME_CHN": NaN,
        "AREA_DESC_ENG": NaN,
        "AREA_DESC_CHN": NaN,
        "FREE_FORMAT_ADDR_ENG": "FIRST FLOOR (WITH BALCONY) BLOCK D5 OF TMT 222 NO. 222 TAI MEI TUK TAI PO NEW TERRITORIES",
        "FREE_FORMAT_ADDR_CHN": NaN,
        "DEV_NAME_ENG": "TMT 222",
        "DEV_NAME_CHN": NaN,
        "FIRST_REFERENCE_LOT_PRN": "D0333310"
    },
    {
        "PRN": "D3148538",
        "SEQ_NUM": 1,
        "BLOCK": "D5",
        "FLOOR": "2",
        "FLAT": NaN,
        "HOUSE_NUM_PREFIX": NaN,
        "STREET_NAME_ENG": NaN,
        "STREET_NAME_CHN": NaN,
        "AREA_DESC_ENG": NaN,
        "AREA_DESC_CHN": NaN,
        "FREE_FORMAT_ADDR_ENG": "SECOND FLOOR (WITH BALCONY) AND THE ROOF BLOCK D5 OF TMT 222 NO. 222 TAI MEI TUK TAI PO NEW TERRITORIES",
        "FREE_FORMAT_ADDR_CHN": NaN,
        "DEV_NAME_ENG": "TMT 222",
        "DEV_NAME_CHN": NaN,
        "FIRST_REFERENCE_LOT_PRN": "D0333310"
    },
    {
        "PRN": "D3148540",
        "SEQ_NUM": 1,
        "BLOCK": "D5",
        "FLOOR": "G",
        "FLAT": NaN,
        "HOUSE_NUM_PREFIX": NaN,
        "STREET_NAME_ENG": NaN,
        "STREET_NAME_CHN": NaN,
        "AREA_DESC_ENG": NaN,
        "AREA_DESC_CHN": NaN,
        "FREE_FORMAT_ADDR_ENG": "GROUND FLOOR AND THE GARDEN THERETO BLOCK D5 OF TMT 222 NO. 222 TAI MEI TUK TAI PO NEW TERRITORIES",
        "FREE_FORMAT_ADDR_CHN": NaN,
        "DEV_NAME_ENG": "TMT 222",
        "DEV_NAME_CHN": NaN,
        "FIRST_REFERENCE_LOT_PRN": "D0333310"
    },
    {
        "PRN": "D3178301",
        "SEQ_NUM": 1,
        "BLOCK": "D2",
        "FLOOR": "1",
        "FLAT": NaN,
        "HOUSE_NUM_PREFIX": NaN,
        "STREET_NAME_ENG": NaN,
        "STREET_NAME_CHN": NaN,
        "AREA_DESC_ENG": NaN,
        "AREA_DESC_CHN": NaN,
        "FREE_FORMAT_ADDR_ENG": "FIRST FLOOR (WITH BALCONY) BLOCK D2 OF TMT 222 NO. 222 TAI MEI TUK TAI PO NEW TERRITORIES",
        "FREE_FORMAT_ADDR_CHN": NaN,
        "DEV_NAME_ENG": "TMT 222",
        "DEV_NAME_CHN": "大美督 222",
        "FIRST_REFERENCE_LOT_PRN": "C1823166"
    },
    {
        "PRN": "D3178315",
        "SEQ_NUM": 1,
        "BLOCK": "D2",
        "FLOOR": "2",
        "FLAT": NaN,
        "HOUSE_NUM_PREFIX": NaN,
        "STREET_NAME_ENG": NaN,
        "STREET_NAME_CHN": NaN,
        "AREA_DESC_ENG": NaN,
        "AREA_DESC_CHN": NaN,
        "FREE_FORMAT_ADDR_ENG": "SECOND FLOOR (WITH BALCONY) AND THE ROOF BLOCK D2 OF TMT 222 NO. 222 TAI MEI TUK TAI PO NEW TERRITORIES",
        "FREE_FORMAT_ADDR_CHN": NaN,
        "DEV_NAME_ENG": "TMT 222",
        "DEV_NAME_CHN": "大美督 222",
        "FIRST_REFERENCE_LOT_PRN": "C1823166"
    },
    {
        "PRN": "D3178320",
        "SEQ_NUM": 1,
        "BLOCK": "D2",
        "FLOOR": "G",
        "FLAT": NaN,
        "HOUSE_NUM_PREFIX": NaN,
        "STREET_NAME_ENG": NaN,
        "STREET_NAME_CHN": NaN,
        "AREA_DESC_ENG": NaN,
        "AREA_DESC_CHN": NaN,
        "FREE_FORMAT_ADDR_ENG": "GROUND FLOOR AND THE GARDEN THERETO BLOCK D2 OF TMT 222 NO. 222 TAI MEI TUK TAI PO NEW TERRITORIES",
        "FREE_FORMAT_ADDR_CHN": NaN,
        "DEV_NAME_ENG": "TMT 222",
        "DEV_NAME_CHN": "大美督 222",
        "FIRST_REFERENCE_LOT_PRN": "C1823166"
    },
    {
        "PRN": "D3205175",
        "SEQ_NUM": 1,
        "BLOCK": "E7",
        "FLOOR": "1",
        "FLAT": NaN,
        "HOUSE_NUM_PREFIX": NaN,
        "STREET_NAME_ENG": NaN,
        "STREET_NAME_CHN": NaN,
        "AREA_DESC_ENG": NaN,
        "AREA_DESC_CHN": NaN,
        "FREE_FORMAT_ADDR_ENG": "FIRST FLOOR (WITH BALCONY) BLOCK E7 OF TMT 222 NO. 222 TAI MEI TUK TAI PO NEW TERRITORIES",
        "FREE_FORMAT_ADDR_CHN": NaN,
        "DEV_NAME_ENG": "TMT 222",
        "DEV_NAME_CHN": "大美督 222",
        "FIRST_REFERENCE_LOT_PRN": "D0328212"
    },
    {
        "PRN": "D3205187",
        "SEQ_NUM": 1,
        "BLOCK": "E7",
        "FLOOR": "2",
        "FLAT": NaN,
        "HOUSE_NUM_PREFIX": NaN,
        "STREET_NAME_ENG": NaN,
        "STREET_NAME_CHN": NaN,
        "AREA_DESC_ENG": NaN,
        "AREA_DESC_CHN": NaN,
        "FREE_FORMAT_ADDR_ENG": "SECOND FLOOR (WITH BALCONY) AND THE ROOF BLOCK E7 OF TMT 222 NO. 222 TAI MEI TUK TAI PO NEW TERRITORIES",
        "FREE_FORMAT_ADDR_CHN": NaN,
        "DEV_NAME_ENG": "TMT 222",
        "DEV_NAME_CHN": "大美督 222",
        "FIRST_REFERENCE_LOT_PRN": "D0328212"
    },
    {
        "PRN": "D3205194",
        "SEQ_NUM": 1,
        "BLOCK": "E7",
        "FLOOR": "G",
        "FLAT": NaN,
        "HOUSE_NUM_PREFIX": NaN,
        "STREET_NAME_ENG": NaN,
        "STREET_NAME_CHN": NaN,
        "AREA_DESC_ENG": NaN,
        "AREA_DESC_CHN": NaN,
        "FREE_FORMAT_ADDR_ENG": "GROUND FLOOR AND THE GARDEN THERETO BLOCK E7 OF TMT 222 NO. 222 TAI MEI TUK TAI PO NEW TERRITORIES",
        "FREE_FORMAT_ADDR_CHN": NaN,
        "DEV_NAME_ENG": "TMT 222",
        "DEV_NAME_CHN": "大美督 222",
        "FIRST_REFERENCE_LOT_PRN": "D0328212"
    },
    {
        "PRN": "D3260009",
        "SEQ_NUM": 1,
        "BLOCK": "D1",
        "FLOOR": "1",
        "FLAT": NaN,
        "HOUSE_NUM_PREFIX": NaN,
        "STREET_NAME_ENG": NaN,
        "STREET_NAME_CHN": NaN,
        "AREA_DESC_ENG": NaN,
        "AREA_DESC_CHN": NaN,
        "FREE_FORMAT_ADDR_ENG": "FIRST FLOOR (WITH BALCONY) BLOCK D1 OF TMT 222 SECTION A OF LOT NO. 523 IN DD28 * (SEE PROPERTY REMARKS) TAI PO NEW TERRITORIES",
        "FREE_FORMAT_ADDR_CHN": NaN,
        "DEV_NAME_ENG": "TMT 222",
        "DEV_NAME_CHN": NaN,
        "FIRST_REFERENCE_LOT_PRN": "C1823173"
    },
    {
        "PRN": "D3260011",
        "SEQ_NUM": 1,
        "BLOCK": "D1",
        "FLOOR": "2",
        "FLAT": NaN,
        "HOUSE_NUM_PREFIX": NaN,
        "STREET_NAME_ENG": NaN,
        "STREET_NAME_CHN": NaN,
        "AREA_DESC_ENG": NaN,
        "AREA_DESC_CHN": NaN,
        "FREE_FORMAT_ADDR_ENG": "SECOND FLOOR (WITH BALCONY) AND THE ROOF BLOCK D1 OF TMT 222 SECTION A OF LOT NO. 523 IN DD28 * (SEE PROPERTY REMARKS) TAI PO NEW TERRITORIES",
        "FREE_FORMAT_ADDR_CHN": NaN,
        "DEV_NAME_ENG": "TMT 222",
        "DEV_NAME_CHN": NaN,
        "FIRST_REFERENCE_LOT_PRN": "C1823173"
    },
    {
        "PRN": "D3260025",
        "SEQ_NUM": 1,
        "BLOCK": "D1",
        "FLOOR": "G",
        "FLAT": NaN,
        "HOUSE_NUM_PREFIX": NaN,
        "STREET_NAME_ENG": NaN,
        "STREET_NAME_CHN": NaN,
        "AREA_DESC_ENG": NaN,
        "AREA_DESC_CHN": NaN,
        "FREE_FORMAT_ADDR_ENG": "GROUND FLOOR AND THE GARDEN THERETO BLOCK D1 OF TMT 222 SECTION A OF LOT NO. 523 IN DD28 * (SEE PROPERTY REMARKS) TAI PO NEW TERRITORIES",
        "FREE_FORMAT_ADDR_CHN": NaN,
        "DEV_NAME_ENG": "TMT 222",
        "DEV_NAME_CHN": NaN,
        "FIRST_REFERENCE_LOT_PRN": "C1823173"
    },
    {
        "PRN": "D3270211",
        "SEQ_NUM": 1,
        "BLOCK": "E8",
        "FLOOR": "1",
        "FLAT": NaN,
        "HOUSE_NUM_PREFIX": NaN,
        "STREET_NAME_ENG": NaN,
        "STREET_NAME_CHN": NaN,
        "AREA_DESC_ENG": NaN,
        "AREA_DESC_CHN": NaN,
        "FREE_FORMAT_ADDR_ENG": "FIRST FLOOR (WITH BALCONY) BLOCK E8 OF TMT 222 SUB-SECTION 2 OF SECTION G OF LOT NO. 769 IN DD28 * (SEE PROPERTY REMARKS) TAI PO NEW TERRITORIES",
        "FREE_FORMAT_ADDR_CHN": NaN,
        "DEV_NAME_ENG": "TMT 222",
        "DEV_NAME_CHN": "大美督 222",
        "FIRST_REFERENCE_LOT_PRN": "D0328236"
    },
    {
        "PRN": "D3270223",
        "SEQ_NUM": 1,
        "BLOCK": "E8",
        "FLOOR": "2",
        "FLAT": NaN,
        "HOUSE_NUM_PREFIX": NaN,
        "STREET_NAME_ENG": NaN,
        "STREET_NAME_CHN": NaN,
        "AREA_DESC_ENG": NaN,
        "AREA_DESC_CHN": NaN,
        "FREE_FORMAT_ADDR_ENG": "SECOND FLOOR (WITH BALCONY) AND THE ROOF AND THE GARDEN THERETO BLOCK E8 OF TMT 222 SUB-SECTION 2 OF SECTION G OF LOT NO. 769 IN DD28 * (SEE PROPERTY REMARKS) TAI PO NEW TERRITORIES",
        "FREE_FORMAT_ADDR_CHN": NaN,
        "DEV_NAME_ENG": "TMT 222",
        "DEV_NAME_CHN": "大美督 222",
        "FIRST_REFERENCE_LOT_PRN": "D0328236"
    },
    {
        "PRN": "D3270230",
        "SEQ_NUM": 1,
        "BLOCK": "E8",
        "FLOOR": "G",
        "FLAT": NaN,
        "HOUSE_NUM_PREFIX": NaN,
        "STREET_NAME_ENG": NaN,
        "STREET_NAME_CHN": NaN,
        "AREA_DESC_ENG": NaN,
        "AREA_DESC_CHN": NaN,
        "FREE_FORMAT_ADDR_ENG": "GROUND FLOOR AND THE GARDEN THERETO BLOCK E8 OF TMT 222 SUB-SECTION 2 OF SECTION G OF LOT NO. 769 IN DD28 * (SEE PROPERTY REMARKS) TAI PO NEW TERRITORIES",
        "FREE_FORMAT_ADDR_CHN": NaN,
        "DEV_NAME_ENG": "TMT 222",
        "DEV_NAME_CHN": "大美督 222",
        "FIRST_REFERENCE_LOT_PRN": "D0328236"
    },
    {
        "PRN": "D3381366",
        "SEQ_NUM": 1,
        "BLOCK": "E3",
        "FLOOR": "1",
        "FLAT": NaN,
        "HOUSE_NUM_PREFIX": NaN,
        "STREET_NAME_ENG": NaN,
        "STREET_NAME_CHN": NaN,
        "AREA_DESC_ENG": NaN,
        "AREA_DESC_CHN": NaN,
        "FREE_FORMAT_ADDR_ENG": "FIRST FLOOR (WITH BALCONY) BLOCK E3 OF TMT 222 NO. 222 TAI MEI TUK TAI PO NEW TERRITORIES",
        "FREE_FORMAT_ADDR_CHN": NaN,
        "DEV_NAME_ENG": "TMT 222",
        "DEV_NAME_CHN": "大美督 222",
        "FIRST_REFERENCE_LOT_PRN": "D0328281"
    },
    {
        "PRN": "D3381375",
        "SEQ_NUM": 1,
        "BLOCK": "E3",
        "FLOOR": "2",
        "FLAT": NaN,
        "HOUSE_NUM_PREFIX": NaN,
        "STREET_NAME_ENG": NaN,
        "STREET_NAME_CHN": NaN,
        "AREA_DESC_ENG": NaN,
        "AREA_DESC_CHN": NaN,
        "FREE_FORMAT_ADDR_ENG": "SECOND FLOOR (WITH BALCONY) AND THE ROOF BLOCK E3 OF TMT 222 NO. 222 TAI MEI TUK TAI PO NEW TERRITORIES",
        "FREE_FORMAT_ADDR_CHN": NaN,
        "DEV_NAME_ENG": "TMT 222",
        "DEV_NAME_CHN": "大美督 222",
        "FIRST_REFERENCE_LOT_PRN": "D0328281"
    },
    {
        "PRN": "D3381385",
        "SEQ_NUM": 1,
        "BLOCK": "E3",
        "FLOOR": "G",
        "FLAT": NaN,
        "HOUSE_NUM_PREFIX": NaN,
        "STREET_NAME_ENG": NaN,
        "STREET_NAME_CHN": NaN,
        "AREA_DESC_ENG": NaN,
        "AREA_DESC_CHN": NaN,
        "FREE_FORMAT_ADDR_ENG": "GROUND FLOOR AND THE GARDEN THERETO BLOCK E3 OF TMT 222 NO. 222 TAI MEI TUK TAI PO NEW TERRITORIES",
        "FREE_FORMAT_ADDR_CHN": NaN,
        "DEV_NAME_ENG": "TMT 222",
        "DEV_NAME_CHN": "大美督 222",
        "FIRST_REFERENCE_LOT_PRN": "D0328281"
    },
    {
        "PRN": "D3385786",
        "SEQ_NUM": 1,
        "BLOCK": "E5",
        "FLOOR": "1",
        "FLAT": NaN,
        "HOUSE_NUM_PREFIX": NaN,
        "STREET_NAME_ENG": NaN,
        "STREET_NAME_CHN": NaN,
        "AREA_DESC_ENG": NaN,
        "AREA_DESC_CHN": NaN,
        "FREE_FORMAT_ADDR_ENG": "FIRST FLOOR (WITH BALCONY) BLOCK E5 OF TMT 222 NO. 222 TAI MEI TUK TAI PO NEW TERRITORIES",
        "FREE_FORMAT_ADDR_CHN": NaN,
        "DEV_NAME_ENG": "TMT 222",
        "DEV_NAME_CHN": NaN,
        "FIRST_REFERENCE_LOT_PRN": "D0328303"
    },
    {
        "PRN": "D3385798",
        "SEQ_NUM": 1,
        "BLOCK": "E5",
        "FLOOR": "2",
        "FLAT": NaN,
        "HOUSE_NUM_PREFIX": NaN,
        "STREET_NAME_ENG": NaN,
        "STREET_NAME_CHN": NaN,
        "AREA_DESC_ENG": NaN,
        "AREA_DESC_CHN": NaN,
        "FREE_FORMAT_ADDR_ENG": "SECOND FLOOR (WITH BALCONY) AND THE ROOF BLOCK E5 OF TMT 222 NO. 222 TAI MEI TUK TAI PO NEW TERRITORIES",
        "FREE_FORMAT_ADDR_CHN": NaN,
        "DEV_NAME_ENG": "TMT 222",
        "DEV_NAME_CHN": NaN,
        "FIRST_REFERENCE_LOT_PRN": "D0328303"
    },
    {
        "PRN": "D3385805",
        "SEQ_NUM": 1,
        "BLOCK": "E5",
        "FLOOR": "G",
        "FLAT": NaN,
        "HOUSE_NUM_PREFIX": NaN,
        "STREET_NAME_ENG": NaN,
        "STREET_NAME_CHN": NaN,
        "AREA_DESC_ENG": NaN,
        "AREA_DESC_CHN": NaN,
        "FREE_FORMAT_ADDR_ENG": "GROUND FLOOR AND THE GARDEN THERETO BLOCK E5 OF TMT 222 NO. 222 TAI MEI TUK TAI PO NEW TERRITORIES",
        "FREE_FORMAT_ADDR_CHN": NaN,
        "DEV_NAME_ENG": "TMT 222",
        "DEV_NAME_CHN": NaN,
        "FIRST_REFERENCE_LOT_PRN": "D0328303"
    }
]