[
    {
        "PRN": "B1959172",
        "SEQ_NUM": 1,
        "BLOCK": "11",
        "FLOOR": "G",
        "FLAT": NaN,
        "HOUSE_NUM_PREFIX": NaN,
        "STREET_NAME_ENG": NaN,
        "STREET_NAME_CHN": NaN,
        "AREA_DESC_ENG": NaN,
        "AREA_DESC_CHN": NaN,
        "FREE_FORMAT_ADDR_ENG": "G/F TSE CHONG BUILDING NO.11 WAI YAN STREET TAI PO NEW TERRITORIES",
        "FREE_FORMAT_ADDR_CHN": NaN,
        "DEV_NAME_ENG": "TSE CHONG BUILDING",
        "DEV_NAME_CHN": NaN,
        "FIRST_REFERENCE_LOT_PRN": "C1939452"
    },
    {
        "PRN": "B1959182",
        "SEQ_NUM": 1,
        "BLOCK": "11",
        "FLOOR": "1",
        "FLAT": NaN,
        "HOUSE_NUM_PREFIX": NaN,
        "STREET_NAME_ENG": NaN,
        "STREET_NAME_CHN": NaN,
        "AREA_DESC_ENG": NaN,
        "AREA_DESC_CHN": NaN,
        "FREE_FORMAT_ADDR_ENG": "1/F TSE CHONG BUILDING NO.11 WAI YAN STREET TAI PO NEW TERRITORIES",
        "FREE_FORMAT_ADDR_CHN": NaN,
        "DEV_NAME_ENG": "TSE CHONG BUILDING",
        "DEV_NAME_CHN": NaN,
        "FIRST_REFERENCE_LOT_PRN": "C1939452"
    },
    {
        "PRN": "B1959205",
        "SEQ_NUM": 1,
        "BLOCK": "11",
        "FLOOR": "2",
        "FLAT": NaN,
        "HOUSE_NUM_PREFIX": NaN,
        "STREET_NAME_ENG": NaN,
        "STREET_NAME_CHN": NaN,
        "AREA_DESC_ENG": NaN,
        "AREA_DESC_CHN": NaN,
        "FREE_FORMAT_ADDR_ENG": "2/F TSE CHONG BUILDING NO.11 WAI YAN STREET TAI PO NEW TERRITORIES",
        "FREE_FORMAT_ADDR_CHN": NaN,
        "DEV_NAME_ENG": "TSE CHONG BUILDING",
        "DEV_NAME_CHN": NaN,
        "FIRST_REFERENCE_LOT_PRN": "C1939452"
    },
    {
        "PRN": "B1959227",
        "SEQ_NUM": 1,
        "BLOCK": "11",
        "FLOOR": "4",
        "FLAT": NaN,
        "HOUSE_NUM_PREFIX": NaN,
        "STREET_NAME_ENG": NaN,
        "STREET_NAME_CHN": NaN,
        "AREA_DESC_ENG": NaN,
        "AREA_DESC_CHN": NaN,
        "FREE_FORMAT_ADDR_ENG": "4/F TSE CHONG BUILDING NO.11 WAI YAN STREET TAI PO NEW TERRITORIES",
        "FREE_FORMAT_ADDR_CHN": NaN,
        "DEV_NAME_ENG": "TSE CHONG BUILDING",
        "DEV_NAME_CHN": NaN,
        "FIRST_REFERENCE_LOT_PRN": "C1939452"
    },
    {
        "PRN": "B1959234",
        "SEQ_NUM": 1,
        "BLOCK": "11",
        "FLOOR": "5",
        "FLAT": NaN,
        "HOUSE_NUM_PREFIX": NaN,
        "STREET_NAME_ENG": NaN,
        "STREET_NAME_CHN": NaN,
        "AREA_DESC_ENG": NaN,
        "AREA_DESC_CHN": NaN,
        "FREE_FORMAT_ADDR_ENG": "5/F TSE CHONG BUILDING NO.11 WAI YAN STREET TAI PO NEW TERRITORIES",
        "FREE_FORMAT_ADDR_CHN": NaN,
        "DEV_NAME_ENG": "TSE CHONG BUILDING",
        "DEV_NAME_CHN": NaN,
        "FIRST_REFERENCE_LOT_PRN": "C1939452"
    },
    {
        "PRN": "B1959289",
        "SEQ_NUM": 1,
        "BLOCK": "13",
        "FLOOR": "G",
        "FLAT": NaN,
        "HOUSE_NUM_PREFIX": NaN,
        "STREET_NAME_ENG": NaN,
        "STREET_NAME_CHN": NaN,
        "AREA_DESC_ENG": NaN,
        "AREA_DESC_CHN": NaN,
        "FREE_FORMAT_ADDR_ENG": "G/F TSE CHONG BUILDING NO.13 WAI YAN STREET TAI PO NEW TERRITORIES",
        "FREE_FORMAT_ADDR_CHN": NaN,
        "DEV_NAME_ENG": "TSE CHONG BUILDING",
        "DEV_NAME_CHN": NaN,
        "FIRST_REFERENCE_LOT_PRN": "C1939452"
    },
    {
        "PRN": "B1959315",
        "SEQ_NUM": 1,
        "BLOCK": "13",
        "FLOOR": "3",
        "FLAT": NaN,
        "HOUSE_NUM_PREFIX": NaN,
        "STREET_NAME_ENG": NaN,
        "STREET_NAME_CHN": NaN,
        "AREA_DESC_ENG": NaN,
        "AREA_DESC_CHN": NaN,
        "FREE_FORMAT_ADDR_ENG": "3/F TSE CHONG BUILDING NO.13 WAI YAN STREET TAI PO NEW TERRITORIES",
        "FREE_FORMAT_ADDR_CHN": NaN,
        "DEV_NAME_ENG": "TSE CHONG BUILDING",
        "DEV_NAME_CHN": NaN,
        "FIRST_REFERENCE_LOT_PRN": "C1939452"
    },
    {
        "PRN": "B1959325",
        "SEQ_NUM": 1,
        "BLOCK": "13",
        "FLOOR": "6",
        "FLAT": NaN,
        "HOUSE_NUM_PREFIX": NaN,
        "STREET_NAME_ENG": NaN,
        "STREET_NAME_CHN": NaN,
        "AREA_DESC_ENG": NaN,
        "AREA_DESC_CHN": NaN,
        "FREE_FORMAT_ADDR_ENG": "6/F TSE CHONG BUILDING NO.13 WAI YAN STREET TAI PO NEW TERRITORIES",
        "FREE_FORMAT_ADDR_CHN": NaN,
        "DEV_NAME_ENG": "TSE CHONG BUILDING",
        "DEV_NAME_CHN": NaN,
        "FIRST_REFERENCE_LOT_PRN": "C1939452"
    },
    {
        "PRN": "B1959339",
        "SEQ_NUM": 1,
        "BLOCK": "13",
        "FLOOR": "7",
        "FLAT": NaN,
        "HOUSE_NUM_PREFIX": NaN,
        "STREET_NAME_ENG": NaN,
        "STREET_NAME_CHN": NaN,
        "AREA_DESC_ENG": NaN,
        "AREA_DESC_CHN": NaN,
        "FREE_FORMAT_ADDR_ENG": "7/F TSE CHONG BUILDING NO.13 WAI YAN STREET TAI PO NEW TERRITORIES",
        "FREE_FORMAT_ADDR_CHN": NaN,
        "DEV_NAME_ENG": "TSE CHONG BUILDING",
        "DEV_NAME_CHN": NaN,
        "FIRST_REFERENCE_LOT_PRN": "C1939452"
    },
    {
        "PRN": "B1959341",
        "SEQ_NUM": 1,
        "BLOCK": "13",
        "FLOOR": "8",
        "FLAT": NaN,
        "HOUSE_NUM_PREFIX": NaN,
        "STREET_NAME_ENG": NaN,
        "STREET_NAME_CHN": NaN,
        "AREA_DESC_ENG": NaN,
        "AREA_DESC_CHN": NaN,
        "FREE_FORMAT_ADDR_ENG": "8/F TSE CHONG BUILDING NO.13 WAI YAN STREET TAI PO NEW TERRITORIES",
        "FREE_FORMAT_ADDR_CHN": NaN,
        "DEV_NAME_ENG": "TSE CHONG BUILDING",
        "DEV_NAME_CHN": NaN,
        "FIRST_REFERENCE_LOT_PRN": "C1939452"
    },
    {
        "PRN": "B1959354",
        "SEQ_NUM": 1,
        "BLOCK": "13",
        "FLOOR": "9",
        "FLAT": NaN,
        "HOUSE_NUM_PREFIX": NaN,
        "STREET_NAME_ENG": NaN,
        "STREET_NAME_CHN": NaN,
        "AREA_DESC_ENG": NaN,
        "AREA_DESC_CHN": NaN,
        "FREE_FORMAT_ADDR_ENG": "9/F & ROOFTOP TSE CHONG BUILDING NO.13 WAI YAN STREET TAI PO NEW TERRITORIES",
        "FREE_FORMAT_ADDR_CHN": NaN,
        "DEV_NAME_ENG": "TSE CHONG BUILDING",
        "DEV_NAME_CHN": NaN,
        "FIRST_REFERENCE_LOT_PRN": "C1939452"
    },
    {
        "PRN": "B1959948",
        "SEQ_NUM": 1,
        "BLOCK": "3",
        "FLOOR": "G",
        "FLAT": NaN,
        "HOUSE_NUM_PREFIX": NaN,
        "STREET_NAME_ENG": NaN,
        "STREET_NAME_CHN": NaN,
        "AREA_DESC_ENG": NaN,
        "AREA_DESC_CHN": NaN,
        "FREE_FORMAT_ADDR_ENG": "G/F TSE CHONG BUILDING NO.3 WAI YAN STREET TAI PO NEW TERRITORIES",
        "FREE_FORMAT_ADDR_CHN": NaN,
        "DEV_NAME_ENG": "TSE CHONG BUILDING",
        "DEV_NAME_CHN": NaN,
        "FIRST_REFERENCE_LOT_PRN": "C1939452"
    },
    {
        "PRN": "B1959987",
        "SEQ_NUM": 1,
        "BLOCK": "3",
        "FLOOR": "2",
        "FLAT": NaN,
        "HOUSE_NUM_PREFIX": NaN,
        "STREET_NAME_ENG": NaN,
        "STREET_NAME_CHN": NaN,
        "AREA_DESC_ENG": NaN,
        "AREA_DESC_CHN": NaN,
        "FREE_FORMAT_ADDR_ENG": "2/F TSE CHONG BUILDING NO.3 WAI YAN STREET TAI PO NEW TERRITORIES",
        "FREE_FORMAT_ADDR_CHN": NaN,
        "DEV_NAME_ENG": "TSE CHONG BUILDING",
        "DEV_NAME_CHN": NaN,
        "FIRST_REFERENCE_LOT_PRN": "C1939452"
    },
    {
        "PRN": "B1960027",
        "SEQ_NUM": 1,
        "BLOCK": "3",
        "FLOOR": "6",
        "FLAT": NaN,
        "HOUSE_NUM_PREFIX": NaN,
        "STREET_NAME_ENG": NaN,
        "STREET_NAME_CHN": NaN,
        "AREA_DESC_ENG": NaN,
        "AREA_DESC_CHN": NaN,
        "FREE_FORMAT_ADDR_ENG": "6/F TSE CHONG BUILDING NO.3 WAI YAN STREET TAI PO NEW TERRITORIES",
        "FREE_FORMAT_ADDR_CHN": NaN,
        "DEV_NAME_ENG": "TSE CHONG BUILDING",
        "DEV_NAME_CHN": NaN,
        "FIRST_REFERENCE_LOT_PRN": "C1939452"
    },
    {
        "PRN": "B1960033",
        "SEQ_NUM": 1,
        "BLOCK": "3",
        "FLOOR": "8",
        "FLAT": NaN,
        "HOUSE_NUM_PREFIX": NaN,
        "STREET_NAME_ENG": NaN,
        "STREET_NAME_CHN": NaN,
        "AREA_DESC_ENG": NaN,
        "AREA_DESC_CHN": NaN,
        "FREE_FORMAT_ADDR_ENG": "8/F TSE CHONG BUILDING NO.3 WAI YAN STREET TAI PO NEW TERRITORIES",
        "FREE_FORMAT_ADDR_CHN": NaN,
        "DEV_NAME_ENG": "TSE CHONG BUILDING",
        "DEV_NAME_CHN": NaN,
        "FIRST_REFERENCE_LOT_PRN": "C1939452"
    },
    {
        "PRN": "B1960503",
        "SEQ_NUM": 1,
        "BLOCK": "5",
        "FLOOR": "G",
        "FLAT": NaN,
        "HOUSE_NUM_PREFIX": NaN,
        "STREET_NAME_ENG": NaN,
        "STREET_NAME_CHN": NaN,
        "AREA_DESC_ENG": NaN,
        "AREA_DESC_CHN": NaN,
        "FREE_FORMAT_ADDR_ENG": "G/F TSE CHONG BUILDING NO.5 WAI YAN STREET TAI PO NEW TERRITORIES",
        "FREE_FORMAT_ADDR_CHN": NaN,
        "DEV_NAME_ENG": "TSE CHONG BUILDING",
        "DEV_NAME_CHN": NaN,
        "FIRST_REFERENCE_LOT_PRN": "C1939452"
    },
    {
        "PRN": "B1960526",
        "SEQ_NUM": 1,
        "BLOCK": "5",
        "FLOOR": "2",
        "FLAT": NaN,
        "HOUSE_NUM_PREFIX": NaN,
        "STREET_NAME_ENG": NaN,
        "STREET_NAME_CHN": NaN,
        "AREA_DESC_ENG": NaN,
        "AREA_DESC_CHN": NaN,
        "FREE_FORMAT_ADDR_ENG": "2/F TSE CHONG BUILDING NO.5 WAI YAN STREET TAI PO NEW TERRITORIES",
        "FREE_FORMAT_ADDR_CHN": NaN,
        "DEV_NAME_ENG": "TSE CHONG BUILDING",
        "DEV_NAME_CHN": NaN,
        "FIRST_REFERENCE_LOT_PRN": "C1939452"
    },
    {
        "PRN": "B1960549",
        "SEQ_NUM": 1,
        "BLOCK": "5",
        "FLOOR": "3",
        "FLAT": NaN,
        "HOUSE_NUM_PREFIX": NaN,
        "STREET_NAME_ENG": NaN,
        "STREET_NAME_CHN": NaN,
        "AREA_DESC_ENG": NaN,
        "AREA_DESC_CHN": NaN,
        "FREE_FORMAT_ADDR_ENG": "3/F TSE CHONG BUILDING NO.5 WAI YAN STREET TAI PO NEW TERRITORIES",
        "FREE_FORMAT_ADDR_CHN": NaN,
        "DEV_NAME_ENG": "TSE CHONG BUILDING",
        "DEV_NAME_CHN": NaN,
        "FIRST_REFERENCE_LOT_PRN": "C1939452"
    },
    {
        "PRN": "B1960555",
        "SEQ_NUM": 1,
        "BLOCK": "5",
        "FLOOR": "4",
        "FLAT": NaN,
        "HOUSE_NUM_PREFIX": NaN,
        "STREET_NAME_ENG": NaN,
        "STREET_NAME_CHN": NaN,
        "AREA_DESC_ENG": NaN,
        "AREA_DESC_CHN": NaN,
        "FREE_FORMAT_ADDR_ENG": "4/F TSE CHONG BUILDING NO.5 WAI YAN STREET TAI PO NEW TERRITORIES",
        "FREE_FORMAT_ADDR_CHN": NaN,
        "DEV_NAME_ENG": "TSE CHONG BUILDING",
        "DEV_NAME_CHN": NaN,
        "FIRST_REFERENCE_LOT_PRN": "C1939452"
    },
    {
        "PRN": "B1960562",
        "SEQ_NUM": 1,
        "BLOCK": "5",
        "FLOOR": "5",
        "FLAT": NaN,
        "HOUSE_NUM_PREFIX": NaN,
        "STREET_NAME_ENG": NaN,
        "STREET_NAME_CHN": NaN,
        "AREA_DESC_ENG": NaN,
        "AREA_DESC_CHN": NaN,
        "FREE_FORMAT_ADDR_ENG": "5/F TSE CHONG BUILDING NO.5 WAI YAN STREET TAI PO NEW TERRITORIES",
        "FREE_FORMAT_ADDR_CHN": NaN,
        "DEV_NAME_ENG": "TSE CHONG BUILDING",
        "DEV_NAME_CHN": NaN,
        "FIRST_REFERENCE_LOT_PRN": "C1939452"
    },
    {
        "PRN": "B1960575",
        "SEQ_NUM": 1,
        "BLOCK": "5",
        "FLOOR": "6",
        "FLAT": NaN,
        "HOUSE_NUM_PREFIX": NaN,
        "STREET_NAME_ENG": NaN,
        "STREET_NAME_CHN": NaN,
        "AREA_DESC_ENG": NaN,
        "AREA_DESC_CHN": NaN,
        "FREE_FORMAT_ADDR_ENG": "6/F TSE CHONG BUILDING NO.5 WAI YAN STREET TAI PO NEW TERRITORIES",
        "FREE_FORMAT_ADDR_CHN": NaN,
        "DEV_NAME_ENG": "TSE CHONG BUILDING",
        "DEV_NAME_CHN": NaN,
        "FIRST_REFERENCE_LOT_PRN": "C1939452"
    },
    {
        "PRN": "B1960582",
        "SEQ_NUM": 1,
        "BLOCK": "5",
        "FLOOR": "7",
        "FLAT": NaN,
        "HOUSE_NUM_PREFIX": NaN,
        "STREET_NAME_ENG": NaN,
        "STREET_NAME_CHN": NaN,
        "AREA_DESC_ENG": NaN,
        "AREA_DESC_CHN": NaN,
        "FREE_FORMAT_ADDR_ENG": "7/F TSE CHONG BUILDING NO.5 WAI YAN STREET TAI PO NEW TERRITORIES",
        "FREE_FORMAT_ADDR_CHN": NaN,
        "DEV_NAME_ENG": "TSE CHONG BUILDING",
        "DEV_NAME_CHN": NaN,
        "FIRST_REFERENCE_LOT_PRN": "C1939452"
    },
    {
        "PRN": "B1960590",
        "SEQ_NUM": 1,
        "BLOCK": "5",
        "FLOOR": "8",
        "FLAT": NaN,
        "HOUSE_NUM_PREFIX": NaN,
        "STREET_NAME_ENG": NaN,
        "STREET_NAME_CHN": NaN,
        "AREA_DESC_ENG": NaN,
        "AREA_DESC_CHN": NaN,
        "FREE_FORMAT_ADDR_ENG": "8/F TSE CHONG BUILDING NO.5 WAI YAN STREET TAI PO NEW TERRITORIES",
        "FREE_FORMAT_ADDR_CHN": NaN,
        "DEV_NAME_ENG": "TSE CHONG BUILDING",
        "DEV_NAME_CHN": NaN,
        "FIRST_REFERENCE_LOT_PRN": "C1939452"
    },
    {
        "PRN": "B1960602",
        "SEQ_NUM": 1,
        "BLOCK": "5",
        "FLOOR": "9",
        "FLAT": NaN,
        "HOUSE_NUM_PREFIX": NaN,
        "STREET_NAME_ENG": NaN,
        "STREET_NAME_CHN": NaN,
        "AREA_DESC_ENG": NaN,
        "AREA_DESC_CHN": NaN,
        "FREE_FORMAT_ADDR_ENG": "9/F & ROOFTOP TSE CHONG BUILDING NO.5 WAI YAN STREET TAI PO NEW TERRITORIES",
        "FREE_FORMAT_ADDR_CHN": NaN,
        "DEV_NAME_ENG": "TSE CHONG BUILDING",
        "DEV_NAME_CHN": NaN,
        "FIRST_REFERENCE_LOT_PRN": "C1939452"
    },
    {
        "PRN": "B1960770",
        "SEQ_NUM": 1,
        "BLOCK": "7",
        "FLOOR": "G",
        "FLAT": NaN,
        "HOUSE_NUM_PREFIX": NaN,
        "STREET_NAME_ENG": NaN,
        "STREET_NAME_CHN": NaN,
        "AREA_DESC_ENG": NaN,
        "AREA_DESC_CHN": NaN,
        "FREE_FORMAT_ADDR_ENG": "G/F TSE CHONG BUILDING NO.7 WAI YAN STREET TAI PO NEW TERRITORIES",
        "FREE_FORMAT_ADDR_CHN": NaN,
        "DEV_NAME_ENG": "TSE CHONG BUILDING",
        "DEV_NAME_CHN": NaN,
        "FIRST_REFERENCE_LOT_PRN": "C1939452"
    },
    {
        "PRN": "B1960789",
        "SEQ_NUM": 1,
        "BLOCK": "7",
        "FLOOR": "1",
        "FLAT": NaN,
        "HOUSE_NUM_PREFIX": NaN,
        "STREET_NAME_ENG": NaN,
        "STREET_NAME_CHN": NaN,
        "AREA_DESC_ENG": NaN,
        "AREA_DESC_CHN": NaN,
        "FREE_FORMAT_ADDR_ENG": "1/F TSE CHONG BUILDING NO.7 WAI YAN STREET TAI PO NEW TERRITORIES",
        "FREE_FORMAT_ADDR_CHN": NaN,
        "DEV_NAME_ENG": "TSE CHONG BUILDING",
        "DEV_NAME_CHN": NaN,
        "FIRST_REFERENCE_LOT_PRN": "C1939452"
    },
    {
        "PRN": "B1960790",
        "SEQ_NUM": 1,
        "BLOCK": "7",
        "FLOOR": "2",
        "FLAT": NaN,
        "HOUSE_NUM_PREFIX": NaN,
        "STREET_NAME_ENG": NaN,
        "STREET_NAME_CHN": NaN,
        "AREA_DESC_ENG": NaN,
        "AREA_DESC_CHN": NaN,
        "FREE_FORMAT_ADDR_ENG": "2/F TSE CHONG BUILDING NO.7 WAI YAN STREET TAI PO NEW TERRITORIES",
        "FREE_FORMAT_ADDR_CHN": NaN,
        "DEV_NAME_ENG": "TSE CHONG BUILDING",
        "DEV_NAME_CHN": NaN,
        "FIRST_REFERENCE_LOT_PRN": "C1939452"
    },
    {
        "PRN": "B1960805",
        "SEQ_NUM": 1,
        "BLOCK": "7",
        "FLOOR": "6",
        "FLAT": NaN,
        "HOUSE_NUM_PREFIX": NaN,
        "STREET_NAME_ENG": NaN,
        "STREET_NAME_CHN": NaN,
        "AREA_DESC_ENG": NaN,
        "AREA_DESC_CHN": NaN,
        "FREE_FORMAT_ADDR_ENG": "6/F TSE CHONG BUILDING NO.7 WAI YAN STREET TAI PO NEW TERRITORIES",
        "FREE_FORMAT_ADDR_CHN": NaN,
        "DEV_NAME_ENG": "TSE CHONG BUILDING",
        "DEV_NAME_CHN": NaN,
        "FIRST_REFERENCE_LOT_PRN": "C1939452"
    },
    {
        "PRN": "B1960815",
        "SEQ_NUM": 1,
        "BLOCK": "7",
        "FLOOR": "8",
        "FLAT": NaN,
        "HOUSE_NUM_PREFIX": NaN,
        "STREET_NAME_ENG": NaN,
        "STREET_NAME_CHN": NaN,
        "AREA_DESC_ENG": NaN,
        "AREA_DESC_CHN": NaN,
        "FREE_FORMAT_ADDR_ENG": "8/F TSE CHONG BUILDING NO.7 WAI YAN STREET TAI PO NEW TERRITORIES",
        "FREE_FORMAT_ADDR_CHN": NaN,
        "DEV_NAME_ENG": "TSE CHONG BUILDING",
        "DEV_NAME_CHN": NaN,
        "FIRST_REFERENCE_LOT_PRN": "C1939452"
    },
    {
        "PRN": "B1960852",
        "SEQ_NUM": 1,
        "BLOCK": "9",
        "FLOOR": "1",
        "FLAT": NaN,
        "HOUSE_NUM_PREFIX": NaN,
        "STREET_NAME_ENG": NaN,
        "STREET_NAME_CHN": NaN,
        "AREA_DESC_ENG": NaN,
        "AREA_DESC_CHN": NaN,
        "FREE_FORMAT_ADDR_ENG": "1/F TSE CHONG BUILDING NO.9 WAI YAN STREET TAI PO NEW TERRITORIES",
        "FREE_FORMAT_ADDR_CHN": NaN,
        "DEV_NAME_ENG": "TSE CHONG BUILDING",
        "DEV_NAME_CHN": NaN,
        "FIRST_REFERENCE_LOT_PRN": "C1939452"
    },
    {
        "PRN": "B1960862",
        "SEQ_NUM": 1,
        "BLOCK": "9",
        "FLOOR": "2",
        "FLAT": NaN,
        "HOUSE_NUM_PREFIX": NaN,
        "STREET_NAME_ENG": NaN,
        "STREET_NAME_CHN": NaN,
        "AREA_DESC_ENG": NaN,
        "AREA_DESC_CHN": NaN,
        "FREE_FORMAT_ADDR_ENG": "2/F AND PORTION OF THE FLAT ROOF TSE CHONG BUILDING NO. 9 WAI YAN STREET TAI PO NEW TERRITORIES",
        "FREE_FORMAT_ADDR_CHN": NaN,
        "DEV_NAME_ENG": "TSE CHONG BUILDING",
        "DEV_NAME_CHN": NaN,
        "FIRST_REFERENCE_LOT_PRN": "C1939452"
    },
    {
        "PRN": "B1960876",
        "SEQ_NUM": 1,
        "BLOCK": "9",
        "FLOOR": "3",
        "FLAT": NaN,
        "HOUSE_NUM_PREFIX": NaN,
        "STREET_NAME_ENG": NaN,
        "STREET_NAME_CHN": NaN,
        "AREA_DESC_ENG": NaN,
        "AREA_DESC_CHN": NaN,
        "FREE_FORMAT_ADDR_ENG": "3/F TSE CHONG BUILDING NO.9 WAI YAN STREET TAI PO NEW TERRITORIES",
        "FREE_FORMAT_ADDR_CHN": NaN,
        "DEV_NAME_ENG": "TSE CHONG BUILDING",
        "DEV_NAME_CHN": NaN,
        "FIRST_REFERENCE_LOT_PRN": "C1939452"
    },
    {
        "PRN": "B1960880",
        "SEQ_NUM": 1,
        "BLOCK": "9",
        "FLOOR": "5",
        "FLAT": NaN,
        "HOUSE_NUM_PREFIX": NaN,
        "STREET_NAME_ENG": NaN,
        "STREET_NAME_CHN": NaN,
        "AREA_DESC_ENG": NaN,
        "AREA_DESC_CHN": NaN,
        "FREE_FORMAT_ADDR_ENG": "5/F TSE CHONG BUILDING NO.9 WAI YAN STREET TAI PO NEW TERRITORIES",
        "FREE_FORMAT_ADDR_CHN": NaN,
        "DEV_NAME_ENG": "TSE CHONG BUILDING",
        "DEV_NAME_CHN": NaN,
        "FIRST_REFERENCE_LOT_PRN": "C1939452"
    },
    {
        "PRN": "B1960891",
        "SEQ_NUM": 1,
        "BLOCK": "9",
        "FLOOR": "6",
        "FLAT": NaN,
        "HOUSE_NUM_PREFIX": NaN,
        "STREET_NAME_ENG": NaN,
        "STREET_NAME_CHN": NaN,
        "AREA_DESC_ENG": NaN,
        "AREA_DESC_CHN": NaN,
        "FREE_FORMAT_ADDR_ENG": "6/F TSE CHONG BUILDING NO.9 WAI YAN STREET TAI PO NEW TERRITORIES",
        "FREE_FORMAT_ADDR_CHN": NaN,
        "DEV_NAME_ENG": "TSE CHONG BUILDING",
        "DEV_NAME_CHN": NaN,
        "FIRST_REFERENCE_LOT_PRN": "C1939452"
    },
    {
        "PRN": "B1960906",
        "SEQ_NUM": 1,
        "BLOCK": "9",
        "FLOOR": "8",
        "FLAT": NaN,
        "HOUSE_NUM_PREFIX": NaN,
        "STREET_NAME_ENG": NaN,
        "STREET_NAME_CHN": NaN,
        "AREA_DESC_ENG": NaN,
        "AREA_DESC_CHN": NaN,
        "FREE_FORMAT_ADDR_ENG": "8/F TSE CHONG BUILDING NO.9 WAI YAN STREET TAI PO NEW TERRITORIES",
        "FREE_FORMAT_ADDR_CHN": NaN,
        "DEV_NAME_ENG": "TSE CHONG BUILDING",
        "DEV_NAME_CHN": NaN,
        "FIRST_REFERENCE_LOT_PRN": "C1939452"
    },
    {
        "PRN": "B1960914",
        "SEQ_NUM": 1,
        "BLOCK": "9",
        "FLOOR": "9",
        "FLAT": NaN,
        "HOUSE_NUM_PREFIX": NaN,
        "STREET_NAME_ENG": NaN,
        "STREET_NAME_CHN": NaN,
        "AREA_DESC_ENG": NaN,
        "AREA_DESC_CHN": NaN,
        "FREE_FORMAT_ADDR_ENG": "9/F & ROOFTOP TSE CHONG BUILDING NO.9 WAI YAN STREET TAI PO NEW TERRITORIES",
        "FREE_FORMAT_ADDR_CHN": NaN,
        "DEV_NAME_ENG": "TSE CHONG BUILDING",
        "DEV_NAME_CHN": NaN,
        "FIRST_REFERENCE_LOT_PRN": "C1939452"
    },
    {
        "PRN": "B1963534",
        "SEQ_NUM": 1,
        "BLOCK": "11",
        "FLOOR": "3",
        "FLAT": NaN,
        "HOUSE_NUM_PREFIX": NaN,
        "STREET_NAME_ENG": NaN,
        "STREET_NAME_CHN": NaN,
        "AREA_DESC_ENG": NaN,
        "AREA_DESC_CHN": NaN,
        "FREE_FORMAT_ADDR_ENG": "3/F TSE CHONG BUILDING NO.11 WAI YAN STREET TAI PO NEW TERRITORIES",
        "FREE_FORMAT_ADDR_CHN": NaN,
        "DEV_NAME_ENG": "TSE CHONG BUILDING",
        "DEV_NAME_CHN": NaN,
        "FIRST_REFERENCE_LOT_PRN": "C1939452"
    },
    {
        "PRN": "B1963552",
        "SEQ_NUM": 1,
        "BLOCK": "13",
        "FLOOR": "4",
        "FLAT": NaN,
        "HOUSE_NUM_PREFIX": NaN,
        "STREET_NAME_ENG": NaN,
        "STREET_NAME_CHN": NaN,
        "AREA_DESC_ENG": NaN,
        "AREA_DESC_CHN": NaN,
        "FREE_FORMAT_ADDR_ENG": "4/F TSE CHONG BUILDING NO.13 WAI YAN STREET TAI PO NEW TERRITORIES",
        "FREE_FORMAT_ADDR_CHN": NaN,
        "DEV_NAME_ENG": "TSE CHONG BUILDING",
        "DEV_NAME_CHN": NaN,
        "FIRST_REFERENCE_LOT_PRN": "C1939452"
    },
    {
        "PRN": "B1963609",
        "SEQ_NUM": 1,
        "BLOCK": "3",
        "FLOOR": "7",
        "FLAT": NaN,
        "HOUSE_NUM_PREFIX": NaN,
        "STREET_NAME_ENG": NaN,
        "STREET_NAME_CHN": NaN,
        "AREA_DESC_ENG": NaN,
        "AREA_DESC_CHN": NaN,
        "FREE_FORMAT_ADDR_ENG": "7/F TSE CHONG BUILDING NO.3 WAI YAN STREET TAI PO NEW TERRITORIES",
        "FREE_FORMAT_ADDR_CHN": NaN,
        "DEV_NAME_ENG": "TSE CHONG BUILDING",
        "DEV_NAME_CHN": NaN,
        "FIRST_REFERENCE_LOT_PRN": "C1939452"
    },
    {
        "PRN": "B4871082",
        "SEQ_NUM": 1,
        "BLOCK": "13",
        "FLOOR": "5",
        "FLAT": NaN,
        "HOUSE_NUM_PREFIX": NaN,
        "STREET_NAME_ENG": NaN,
        "STREET_NAME_CHN": NaN,
        "AREA_DESC_ENG": NaN,
        "AREA_DESC_CHN": NaN,
        "FREE_FORMAT_ADDR_ENG": "5/F TSE CHONG BUILDING NO.13 WAI YAN STREET TAI PO NEW TERRITORIES",
        "FREE_FORMAT_ADDR_CHN": NaN,
        "DEV_NAME_ENG": "TSE CHONG BUILDING",
        "DEV_NAME_CHN": NaN,
        "FIRST_REFERENCE_LOT_PRN": "C1939452"
    },
    {
        "PRN": "B4871193",
        "SEQ_NUM": 1,
        "BLOCK": "3",
        "FLOOR": "9",
        "FLAT": NaN,
        "HOUSE_NUM_PREFIX": NaN,
        "STREET_NAME_ENG": NaN,
        "STREET_NAME_CHN": NaN,
        "AREA_DESC_ENG": NaN,
        "AREA_DESC_CHN": NaN,
        "FREE_FORMAT_ADDR_ENG": "9/F & ROOFTOP TSE CHONG BUILDING NO.3 WAI YAN STREET TAI PO NEW TERRITORIES",
        "FREE_FORMAT_ADDR_CHN": NaN,
        "DEV_NAME_ENG": "TSE CHONG BUILDING",
        "DEV_NAME_CHN": NaN,
        "FIRST_REFERENCE_LOT_PRN": "C1939452"
    },
    {
        "PRN": "B5683859",
        "SEQ_NUM": 1,
        "BLOCK": "3",
        "FLOOR": "3",
        "FLAT": NaN,
        "HOUSE_NUM_PREFIX": NaN,
        "STREET_NAME_ENG": NaN,
        "STREET_NAME_CHN": NaN,
        "AREA_DESC_ENG": NaN,
        "AREA_DESC_CHN": NaN,
        "FREE_FORMAT_ADDR_ENG": "3/F TSE CHONG BUILDING NO.3 WAI YAN STREET TAI PO NEW TERRITORIES",
        "FREE_FORMAT_ADDR_CHN": NaN,
        "DEV_NAME_ENG": "TSE CHONG BUILDING",
        "DEV_NAME_CHN": NaN,
        "FIRST_REFERENCE_LOT_PRN": "C1939452"
    },
    {
        "PRN": "B5683871",
        "SEQ_NUM": 1,
        "BLOCK": "7",
        "FLOOR": "4",
        "FLAT": NaN,
        "HOUSE_NUM_PREFIX": NaN,
        "STREET_NAME_ENG": NaN,
        "STREET_NAME_CHN": NaN,
        "AREA_DESC_ENG": NaN,
        "AREA_DESC_CHN": NaN,
        "FREE_FORMAT_ADDR_ENG": "4/F TSE CHONG BUILDING NO.7 WAI YAN STREET TAI PO NEW TERRITORIES",
        "FREE_FORMAT_ADDR_CHN": NaN,
        "DEV_NAME_ENG": "TSE CHONG BUILDING",
        "DEV_NAME_CHN": NaN,
        "FIRST_REFERENCE_LOT_PRN": "C1939452"
    },
    {
        "PRN": "B6019687",
        "SEQ_NUM": 1,
        "BLOCK": "11",
        "FLOOR": "6",
        "FLAT": NaN,
        "HOUSE_NUM_PREFIX": NaN,
        "STREET_NAME_ENG": NaN,
        "STREET_NAME_CHN": NaN,
        "AREA_DESC_ENG": NaN,
        "AREA_DESC_CHN": NaN,
        "FREE_FORMAT_ADDR_ENG": "6/F TSE CHONG BUILDING NO.11 WAI YAN STREET TAI PO NEW TERRITORIES",
        "FREE_FORMAT_ADDR_CHN": NaN,
        "DEV_NAME_ENG": "TSE CHONG BUILDING",
        "DEV_NAME_CHN": NaN,
        "FIRST_REFERENCE_LOT_PRN": "C1939452"
    },
    {
        "PRN": "B6019691",
        "SEQ_NUM": 1,
        "BLOCK": "11",
        "FLOOR": "9",
        "FLAT": NaN,
        "HOUSE_NUM_PREFIX": NaN,
        "STREET_NAME_ENG": NaN,
        "STREET_NAME_CHN": NaN,
        "AREA_DESC_ENG": NaN,
        "AREA_DESC_CHN": NaN,
        "FREE_FORMAT_ADDR_ENG": "9/F & ROOFTOP TSE CHONG BUILDING NO.11 WAI YAN STREET TAI PO NEW TERRITORIES",
        "FREE_FORMAT_ADDR_CHN": NaN,
        "DEV_NAME_ENG": "TSE CHONG BUILDING",
        "DEV_NAME_CHN": NaN,
        "FIRST_REFERENCE_LOT_PRN": "C1939452"
    },
    {
        "PRN": "B7556482",
        "SEQ_NUM": 1,
        "BLOCK": "11",
        "FLOOR": "8",
        "FLAT": NaN,
        "HOUSE_NUM_PREFIX": NaN,
        "STREET_NAME_ENG": NaN,
        "STREET_NAME_CHN": NaN,
        "AREA_DESC_ENG": NaN,
        "AREA_DESC_CHN": NaN,
        "FREE_FORMAT_ADDR_ENG": "8/F TSE CHONG BUILDING NO.11 WAI YAN STREET TAI PO NEW TERRITORIES",
        "FREE_FORMAT_ADDR_CHN": NaN,
        "DEV_NAME_ENG": "TSE CHONG BUILDING",
        "DEV_NAME_CHN": NaN,
        "FIRST_REFERENCE_LOT_PRN": "C1939452"
    },
    {
        "PRN": "B7556491",
        "SEQ_NUM": 1,
        "BLOCK": "13",
        "FLOOR": "2",
        "FLAT": NaN,
        "HOUSE_NUM_PREFIX": NaN,
        "STREET_NAME_ENG": NaN,
        "STREET_NAME_CHN": NaN,
        "AREA_DESC_ENG": NaN,
        "AREA_DESC_CHN": NaN,
        "FREE_FORMAT_ADDR_ENG": "2/F TSE CHONG BUILDING NO.13 WAI YAN STREET TAI PO NEW TERRITORIES",
        "FREE_FORMAT_ADDR_CHN": NaN,
        "DEV_NAME_ENG": "TSE CHONG BUILDING",
        "DEV_NAME_CHN": NaN,
        "FIRST_REFERENCE_LOT_PRN": "C1939452"
    },
    {
        "PRN": "B7556566",
        "SEQ_NUM": 1,
        "BLOCK": "3",
        "FLOOR": "4",
        "FLAT": NaN,
        "HOUSE_NUM_PREFIX": NaN,
        "STREET_NAME_ENG": NaN,
        "STREET_NAME_CHN": NaN,
        "AREA_DESC_ENG": NaN,
        "AREA_DESC_CHN": NaN,
        "FREE_FORMAT_ADDR_ENG": "4/F TSE CHONG BUILDING NO.3 WAI YAN STREET TAI PO NEW TERRITORIES",
        "FREE_FORMAT_ADDR_CHN": NaN,
        "DEV_NAME_ENG": "TSE CHONG BUILDING",
        "DEV_NAME_CHN": NaN,
        "FIRST_REFERENCE_LOT_PRN": "C1939452"
    },
    {
        "PRN": "B7556689",
        "SEQ_NUM": 1,
        "BLOCK": "7",
        "FLOOR": "5",
        "FLAT": NaN,
        "HOUSE_NUM_PREFIX": NaN,
        "STREET_NAME_ENG": NaN,
        "STREET_NAME_CHN": NaN,
        "AREA_DESC_ENG": NaN,
        "AREA_DESC_CHN": NaN,
        "FREE_FORMAT_ADDR_ENG": "5/F TSE CHONG BUILDING NO.7 WAI YAN STREET TAI PO NEW TERRITORIES",
        "FREE_FORMAT_ADDR_CHN": NaN,
        "DEV_NAME_ENG": "TSE CHONG BUILDING",
        "DEV_NAME_CHN": NaN,
        "FIRST_REFERENCE_LOT_PRN": "C1939452"
    },
    {
        "PRN": "B7556703",
        "SEQ_NUM": 1,
        "BLOCK": "9",
        "FLOOR": "4",
        "FLAT": NaN,
        "HOUSE_NUM_PREFIX": NaN,
        "STREET_NAME_ENG": NaN,
        "STREET_NAME_CHN": NaN,
        "AREA_DESC_ENG": NaN,
        "AREA_DESC_CHN": NaN,
        "FREE_FORMAT_ADDR_ENG": "4/F TSE CHONG BUILDING NO.9 WAI YAN STREET TAI PO NEW TERRITORIES",
        "FREE_FORMAT_ADDR_CHN": NaN,
        "DEV_NAME_ENG": "TSE CHONG BUILDING",
        "DEV_NAME_CHN": NaN,
        "FIRST_REFERENCE_LOT_PRN": "C1939452"
    },
    {
        "PRN": "B7556714",
        "SEQ_NUM": 1,
        "BLOCK": "9",
        "FLOOR": "7",
        "FLAT": NaN,
        "HOUSE_NUM_PREFIX": NaN,
        "STREET_NAME_ENG": NaN,
        "STREET_NAME_CHN": NaN,
        "AREA_DESC_ENG": NaN,
        "AREA_DESC_CHN": NaN,
        "FREE_FORMAT_ADDR_ENG": "7/F TSE CHONG BUILDING NO.9 WAI YAN STREET TAI PO NEW TERRITORIES",
        "FREE_FORMAT_ADDR_CHN": NaN,
        "DEV_NAME_ENG": "TSE CHONG BUILDING",
        "DEV_NAME_CHN": NaN,
        "FIRST_REFERENCE_LOT_PRN": "C1939452"
    },
    {
        "PRN": "B8034301",
        "SEQ_NUM": 1,
        "BLOCK": "11",
        "FLOOR": "7",
        "FLAT": NaN,
        "HOUSE_NUM_PREFIX": NaN,
        "STREET_NAME_ENG": NaN,
        "STREET_NAME_CHN": NaN,
        "AREA_DESC_ENG": NaN,
        "AREA_DESC_CHN": NaN,
        "FREE_FORMAT_ADDR_ENG": "7/F TSE CHONG BUILDING NO.11 WAI YAN STREET TAI PO NEW TERRITORIES",
        "FREE_FORMAT_ADDR_CHN": NaN,
        "DEV_NAME_ENG": "TSE CHONG BUILDING",
        "DEV_NAME_CHN": NaN,
        "FIRST_REFERENCE_LOT_PRN": "C1939452"
    },
    {
        "PRN": "B8034342",
        "SEQ_NUM": 1,
        "BLOCK": "7",
        "FLOOR": "9",
        "FLAT": NaN,
        "HOUSE_NUM_PREFIX": NaN,
        "STREET_NAME_ENG": NaN,
        "STREET_NAME_CHN": NaN,
        "AREA_DESC_ENG": NaN,
        "AREA_DESC_CHN": NaN,
        "FREE_FORMAT_ADDR_ENG": "9/F & ROOFTOP TSE CHONG BUILDING NO.7 WAI YAN STREET TAI PO NEW TERRITORIES",
        "FREE_FORMAT_ADDR_CHN": NaN,
        "DEV_NAME_ENG": "TSE CHONG BUILDING",
        "DEV_NAME_CHN": NaN,
        "FIRST_REFERENCE_LOT_PRN": "C1939452"
    },
    {
        "PRN": "C0237520",
        "SEQ_NUM": 1,
        "BLOCK": "13",
        "FLOOR": "1",
        "FLAT": NaN,
        "HOUSE_NUM_PREFIX": NaN,
        "STREET_NAME_ENG": NaN,
        "STREET_NAME_CHN": NaN,
        "AREA_DESC_ENG": NaN,
        "AREA_DESC_CHN": NaN,
        "FREE_FORMAT_ADDR_ENG": "1/F TSE CHONG BUILDING NO.13 WAI YAN STREET TAI PO NEW TERRITORIES",
        "FREE_FORMAT_ADDR_CHN": NaN,
        "DEV_NAME_ENG": "TSE CHONG BUILDING",
        "DEV_NAME_CHN": NaN,
        "FIRST_REFERENCE_LOT_PRN": "C1939452"
    },
    {
        "PRN": "C0237655",
        "SEQ_NUM": 1,
        "BLOCK": "5",
        "FLOOR": "1",
        "FLAT": NaN,
        "HOUSE_NUM_PREFIX": NaN,
        "STREET_NAME_ENG": NaN,
        "STREET_NAME_CHN": NaN,
        "AREA_DESC_ENG": NaN,
        "AREA_DESC_CHN": NaN,
        "FREE_FORMAT_ADDR_ENG": "1/F TSE CHONG BUILDING NO.5 WAI YAN STREET TAI PO NEW TERRITORIES",
        "FREE_FORMAT_ADDR_CHN": NaN,
        "DEV_NAME_ENG": "TSE CHONG BUILDING",
        "DEV_NAME_CHN": NaN,
        "FIRST_REFERENCE_LOT_PRN": "C1939452"
    },
    {
        "PRN": "C0237676",
        "SEQ_NUM": 1,
        "BLOCK": "7",
        "FLOOR": "3",
        "FLAT": NaN,
        "HOUSE_NUM_PREFIX": NaN,
        "STREET_NAME_ENG": NaN,
        "STREET_NAME_CHN": NaN,
        "AREA_DESC_ENG": NaN,
        "AREA_DESC_CHN": NaN,
        "FREE_FORMAT_ADDR_ENG": "3/F TSE CHONG BUILDING NO.7 WAI YAN STREET TAI PO NEW TERRITORIES",
        "FREE_FORMAT_ADDR_CHN": NaN,
        "DEV_NAME_ENG": "TSE CHONG BUILDING",
        "DEV_NAME_CHN": NaN,
        "FIRST_REFERENCE_LOT_PRN": "C1939452"
    },
    {
        "PRN": "C0715917",
        "SEQ_NUM": 1,
        "BLOCK": "9",
        "FLOOR": "G",
        "FLAT": NaN,
        "HOUSE_NUM_PREFIX": NaN,
        "STREET_NAME_ENG": NaN,
        "STREET_NAME_CHN": NaN,
        "AREA_DESC_ENG": NaN,
        "AREA_DESC_CHN": NaN,
        "FREE_FORMAT_ADDR_ENG": "G/F TSE CHONG BUILDING NO.9 WAI YAN STREET TAI PO NEW TERRITORIES",
        "FREE_FORMAT_ADDR_CHN": NaN,
        "DEV_NAME_ENG": "TSE CHONG BUILDING",
        "DEV_NAME_CHN": NaN,
        "FIRST_REFERENCE_LOT_PRN": "C1939452"
    },
    {
        "PRN": "C1050311",
        "SEQ_NUM": 1,
        "BLOCK": "3",
        "FLOOR": "5",
        "FLAT": NaN,
        "HOUSE_NUM_PREFIX": NaN,
        "STREET_NAME_ENG": NaN,
        "STREET_NAME_CHN": NaN,
        "AREA_DESC_ENG": NaN,
        "AREA_DESC_CHN": NaN,
        "FREE_FORMAT_ADDR_ENG": "5/F TSE CHONG BUILDING NO.3 WAI YAN STREET TAI PO NEW TERRITORIES",
        "FREE_FORMAT_ADDR_CHN": NaN,
        "DEV_NAME_ENG": "TSE CHONG BUILDING",
        "DEV_NAME_CHN": NaN,
        "FIRST_REFERENCE_LOT_PRN": "C1939452"
    },
    {
        "PRN": "C1381195",
        "SEQ_NUM": 1,
        "BLOCK": "3",
        "FLOOR": "1",
        "FLAT": NaN,
        "HOUSE_NUM_PREFIX": NaN,
        "STREET_NAME_ENG": NaN,
        "STREET_NAME_CHN": NaN,
        "AREA_DESC_ENG": NaN,
        "AREA_DESC_CHN": NaN,
        "FREE_FORMAT_ADDR_ENG": "1/F TSE CHONG BUILDING NO.3 WAI YAN STREET TAI PO NEW TERRITORIES",
        "FREE_FORMAT_ADDR_CHN": NaN,
        "DEV_NAME_ENG": "TSE CHONG BUILDING",
        "DEV_NAME_CHN": NaN,
        "FIRST_REFERENCE_LOT_PRN": "C1939452"
    },
    {
        "PRN": "C1381217",
        "SEQ_NUM": 1,
        "BLOCK": "7",
        "FLOOR": "7",
        "FLAT": NaN,
        "HOUSE_NUM_PREFIX": NaN,
        "STREET_NAME_ENG": NaN,
        "STREET_NAME_CHN": NaN,
        "AREA_DESC_ENG": NaN,
        "AREA_DESC_CHN": NaN,
        "FREE_FORMAT_ADDR_ENG": "7/F TSE CHONG BUILDING NO.7 WAI YAN STREET TAI PO NEW TERRITORIES",
        "FREE_FORMAT_ADDR_CHN": NaN,
        "DEV_NAME_ENG": "TSE CHONG BUILDING",
        "DEV_NAME_CHN": NaN,
        "FIRST_REFERENCE_LOT_PRN": "C1939452"
    }
]