[
    {
        "PRN": "D1726235",
        "SEQ_NUM": 1,
        "BLOCK": "CARP",
        "FLOOR": NaN,
        "FLAT": NaN,
        "HOUSE_NUM_PREFIX": 18.0,
        "STREET_NAME_ENG": "TSUI PING ROAD",
        "STREET_NAME_CHN": "翠屏道",
        "AREA_DESC_ENG": "KOWLOON",
        "AREA_DESC_CHN": "九龍",
        "FREE_FORMAT_ADDR_ENG": "CAR PARK BLOCK TSUI PING (SOUTH) ESTATE NO.18 TSUI PING ROAD KOWLOON",
        "FREE_FORMAT_ADDR_CHN": NaN,
        "DEV_NAME_ENG": "TSUI PING (SOUTH) ESTATE",
        "DEV_NAME_CHN": "翠屏南邨",
        "FIRST_REFERENCE_LOT_PRN": "D1643121"
    },
    {
        "PRN": "D1726244",
        "SEQ_NUM": 1,
        "BLOCK": "TSCH",
        "FLOOR": NaN,
        "FLAT": NaN,
        "HOUSE_NUM_PREFIX": 18.0,
        "STREET_NAME_ENG": "TSUI PING ROAD",
        "STREET_NAME_CHN": "翠屏道",
        "AREA_DESC_ENG": "KOWLOON",
        "AREA_DESC_CHN": "九龍",
        "FREE_FORMAT_ADDR_ENG": "TSUI CHUNG HOUSE TSUI PING (SOUTH) ESTATE NO.18 TSUI PING ROAD KOWLOON",
        "FREE_FORMAT_ADDR_CHN": NaN,
        "DEV_NAME_ENG": "TSUI PING (SOUTH) ESTATE",
        "DEV_NAME_CHN": "翠屏南邨",
        "FIRST_REFERENCE_LOT_PRN": "D1643121"
    },
    {
        "PRN": "D1726255",
        "SEQ_NUM": 1,
        "BLOCK": "TSHE",
        "FLOOR": NaN,
        "FLAT": NaN,
        "HOUSE_NUM_PREFIX": 18.0,
        "STREET_NAME_ENG": "TSUI PING ROAD",
        "STREET_NAME_CHN": "翠屏道",
        "AREA_DESC_ENG": "KOWLOON",
        "AREA_DESC_CHN": "九龍",
        "FREE_FORMAT_ADDR_ENG": "TSUI HENG HOUSE TSUI PING (SOUTH) ESTATE NO.18 TSUI PING ROAD KOWLOON",
        "FREE_FORMAT_ADDR_CHN": NaN,
        "DEV_NAME_ENG": "TSUI PING (SOUTH) ESTATE",
        "DEV_NAME_CHN": "翠屏南邨",
        "FIRST_REFERENCE_LOT_PRN": "D1643121"
    },
    {
        "PRN": "D1726265",
        "SEQ_NUM": 1,
        "BLOCK": "TSHO",
        "FLOOR": NaN,
        "FLAT": NaN,
        "HOUSE_NUM_PREFIX": 18.0,
        "STREET_NAME_ENG": "TSUI PING ROAD",
        "STREET_NAME_CHN": "翠屏道",
        "AREA_DESC_ENG": "KOWLOON",
        "AREA_DESC_CHN": "九龍",
        "FREE_FORMAT_ADDR_ENG": "TSUI HON HOUSE TSUI PING (SOUTH) ESTATE NO.18 TSUI PING ROAD KOWLOON",
        "FREE_FORMAT_ADDR_CHN": NaN,
        "DEV_NAME_ENG": "TSUI PING (SOUTH) ESTATE",
        "DEV_NAME_CHN": "翠屏南邨",
        "FIRST_REFERENCE_LOT_PRN": "D1643121"
    },
    {
        "PRN": "D1726276",
        "SEQ_NUM": 1,
        "BLOCK": "TSLO",
        "FLOOR": NaN,
        "FLAT": NaN,
        "HOUSE_NUM_PREFIX": 18.0,
        "STREET_NAME_ENG": "TSUI PING ROAD",
        "STREET_NAME_CHN": "翠屏道",
        "AREA_DESC_ENG": "KOWLOON",
        "AREA_DESC_CHN": "九龍",
        "FREE_FORMAT_ADDR_ENG": "TSUI LOK HOUSE TSUI PING (SOUTH) ESTATE NO.18 TSUI PING ROAD KOWLOON",
        "FREE_FORMAT_ADDR_CHN": NaN,
        "DEV_NAME_ENG": "TSUI PING (SOUTH) ESTATE",
        "DEV_NAME_CHN": "翠屏南邨",
        "FIRST_REFERENCE_LOT_PRN": "D1643121"
    },
    {
        "PRN": "D1726283",
        "SEQ_NUM": 1,
        "BLOCK": "TSTU",
        "FLOOR": NaN,
        "FLAT": NaN,
        "HOUSE_NUM_PREFIX": 18.0,
        "STREET_NAME_ENG": "TSUI PING ROAD",
        "STREET_NAME_CHN": "翠屏道",
        "AREA_DESC_ENG": "KOWLOON",
        "AREA_DESC_CHN": "九龍",
        "FREE_FORMAT_ADDR_ENG": "TSUI TUNG HOUSE TSUI PING (SOUTH) ESTATE NO.18 TSUI PING ROAD KOWLOON",
        "FREE_FORMAT_ADDR_CHN": NaN,
        "DEV_NAME_ENG": "TSUI PING (SOUTH) ESTATE",
        "DEV_NAME_CHN": "翠屏南邨",
        "FIRST_REFERENCE_LOT_PRN": "D1643121"
    },
    {
        "PRN": "D1726297",
        "SEQ_NUM": 1,
        "BLOCK": "TSWI",
        "FLOOR": NaN,
        "FLAT": NaN,
        "HOUSE_NUM_PREFIX": 18.0,
        "STREET_NAME_ENG": "TSUI PING ROAD",
        "STREET_NAME_CHN": "翠屏道",
        "AREA_DESC_ENG": "KOWLOON",
        "AREA_DESC_CHN": "九龍",
        "FREE_FORMAT_ADDR_ENG": "TSUI WING HOUSE TSUI PING (SOUTH) ESTATE NO.18 TSUI PING ROAD KOWLOON",
        "FREE_FORMAT_ADDR_CHN": NaN,
        "DEV_NAME_ENG": "TSUI PING (SOUTH) ESTATE",
        "DEV_NAME_CHN": "翠屏南邨",
        "FIRST_REFERENCE_LOT_PRN": "D1643121"
    },
    {
        "PRN": "D1726302",
        "SEQ_NUM": 1,
        "BLOCK": "TSYI",
        "FLOOR": NaN,
        "FLAT": NaN,
        "HOUSE_NUM_PREFIX": 18.0,
        "STREET_NAME_ENG": "TSUI PING ROAD",
        "STREET_NAME_CHN": "翠屏道",
        "AREA_DESC_ENG": "KOWLOON",
        "AREA_DESC_CHN": "九龍",
        "FREE_FORMAT_ADDR_ENG": "TSUI YING HOUSE TSUI PING (SOUTH) ESTATE NO.18 TSUI PING ROAD KOWLOON",
        "FREE_FORMAT_ADDR_CHN": NaN,
        "DEV_NAME_ENG": "TSUI PING (SOUTH) ESTATE",
        "DEV_NAME_CHN": "翠屏南邨",
        "FIRST_REFERENCE_LOT_PRN": "D1643121"
    }
]