[
    {
        "PRN": "A1187862",
        "SEQ_NUM": 1,
        "BLOCK": "1",
        "FLOOR": "R",
        "FLAT": "B1",
        "HOUSE_NUM_PREFIX": 18.0,
        "STREET_NAME_ENG": "KIN WAH STREET",
        "STREET_NAME_CHN": "建華街",
        "AREA_DESC_ENG": "HONG KONG",
        "AREA_DESC_CHN": "香港",
        "FREE_FORMAT_ADDR_ENG": "ROOF ON FLAT B1 ON BLOCK 1 UNIVERSAL TOWERS NOS. 18-26 KIN WAH STREET HONG KONG ",
        "FREE_FORMAT_ADDR_CHN": NaN,
        "DEV_NAME_ENG": "UNIVERSAL TOWERS",
        "DEV_NAME_CHN": NaN,
        "FIRST_REFERENCE_LOT_PRN": "C5443229"
    },
    {
        "PRN": "A1187875",
        "SEQ_NUM": 1,
        "BLOCK": "1",
        "FLOOR": "13",
        "FLAT": "B1",
        "HOUSE_NUM_PREFIX": 18.0,
        "STREET_NAME_ENG": "KIN WAH STREET",
        "STREET_NAME_CHN": "建華街",
        "AREA_DESC_ENG": "HONG KONG",
        "AREA_DESC_CHN": "香港",
        "FREE_FORMAT_ADDR_ENG": "FLAT B1 ON 13TH FLOOR OF BLOCK 1 UNIVERSAL TOWERS NOS. 18-26 KIN WAH STREET HONG KONG ",
        "FREE_FORMAT_ADDR_CHN": NaN,
        "DEV_NAME_ENG": "UNIVERSAL TOWERS",
        "DEV_NAME_CHN": NaN,
        "FIRST_REFERENCE_LOT_PRN": "C5443229"
    },
    {
        "PRN": "A1187880",
        "SEQ_NUM": 1,
        "BLOCK": "1",
        "FLOOR": "14",
        "FLAT": "B1",
        "HOUSE_NUM_PREFIX": 18.0,
        "STREET_NAME_ENG": "KIN WAH STREET",
        "STREET_NAME_CHN": "建華街",
        "AREA_DESC_ENG": "HONG KONG",
        "AREA_DESC_CHN": "香港",
        "FREE_FORMAT_ADDR_ENG": "FLAT B1 ON 14TH FLOOR OF BLOCK 1 UNIVERSAL TOWERS NOS. 18-26 KIN WAH STREET HONG KONG ",
        "FREE_FORMAT_ADDR_CHN": NaN,
        "DEV_NAME_ENG": "UNIVERSAL TOWERS",
        "DEV_NAME_CHN": NaN,
        "FIRST_REFERENCE_LOT_PRN": "C5443229"
    },
    {
        "PRN": "A1187893",
        "SEQ_NUM": 1,
        "BLOCK": "1",
        "FLOOR": "15",
        "FLAT": "B1",
        "HOUSE_NUM_PREFIX": 18.0,
        "STREET_NAME_ENG": "KIN WAH STREET",
        "STREET_NAME_CHN": "建華街",
        "AREA_DESC_ENG": "HONG KONG",
        "AREA_DESC_CHN": "香港",
        "FREE_FORMAT_ADDR_ENG": "FLAT B1 ON 15TH FLOOR OF BLOCK 1 UNIVERSAL TOWERS NOS. 18-26 KIN WAH STREET HONG KONG ",
        "FREE_FORMAT_ADDR_CHN": NaN,
        "DEV_NAME_ENG": "UNIVERSAL TOWERS",
        "DEV_NAME_CHN": NaN,
        "FIRST_REFERENCE_LOT_PRN": "C5443229"
    },
    {
        "PRN": "A1187900",
        "SEQ_NUM": 1,
        "BLOCK": "1",
        "FLOOR": "16",
        "FLAT": "B1",
        "HOUSE_NUM_PREFIX": 18.0,
        "STREET_NAME_ENG": "KIN WAH STREET",
        "STREET_NAME_CHN": "建華街",
        "AREA_DESC_ENG": "HONG KONG",
        "AREA_DESC_CHN": "香港",
        "FREE_FORMAT_ADDR_ENG": "FLAT B1 ON 16TH FLOOR ON BLOCK 1 UNIVERSAL TOWERS NOS. 18-26 KIN WAH STREET HONG KONG",
        "FREE_FORMAT_ADDR_CHN": NaN,
        "DEV_NAME_ENG": "UNIVERSAL TOWERS",
        "DEV_NAME_CHN": NaN,
        "FIRST_REFERENCE_LOT_PRN": "C5443229"
    },
    {
        "PRN": "A1187918",
        "SEQ_NUM": 1,
        "BLOCK": "1",
        "FLOOR": "17",
        "FLAT": "B1",
        "HOUSE_NUM_PREFIX": 18.0,
        "STREET_NAME_ENG": "KIN WAH STREET",
        "STREET_NAME_CHN": "建華街",
        "AREA_DESC_ENG": "HONG KONG",
        "AREA_DESC_CHN": "香港",
        "FREE_FORMAT_ADDR_ENG": "FLAT B1 ON 17TH FLOOR OF BLOCK 1 UNIVERSAL TOWERS NOS. 18-26 KIN WAH STREET HONG KONG ",
        "FREE_FORMAT_ADDR_CHN": NaN,
        "DEV_NAME_ENG": "UNIVERSAL TOWERS",
        "DEV_NAME_CHN": NaN,
        "FIRST_REFERENCE_LOT_PRN": "C5443229"
    },
    {
        "PRN": "A1187922",
        "SEQ_NUM": 1,
        "BLOCK": "1",
        "FLOOR": "19",
        "FLAT": "B1",
        "HOUSE_NUM_PREFIX": 18.0,
        "STREET_NAME_ENG": "KIN WAH STREET",
        "STREET_NAME_CHN": "建華街",
        "AREA_DESC_ENG": "HONG KONG",
        "AREA_DESC_CHN": "香港",
        "FREE_FORMAT_ADDR_ENG": "FLAT B1 ON 19TH FLOOR OF BLOCK 1 UNIVERSAL TOWERS NOS. 18-26 KIN WAH STREET HONG KONG ",
        "FREE_FORMAT_ADDR_CHN": NaN,
        "DEV_NAME_ENG": "UNIVERSAL TOWERS",
        "DEV_NAME_CHN": NaN,
        "FIRST_REFERENCE_LOT_PRN": "C5443229"
    },
    {
        "PRN": "A1187937",
        "SEQ_NUM": 1,
        "BLOCK": "1",
        "FLOOR": "20",
        "FLAT": "B1",
        "HOUSE_NUM_PREFIX": 18.0,
        "STREET_NAME_ENG": "KIN WAH STREET",
        "STREET_NAME_CHN": "建華街",
        "AREA_DESC_ENG": "HONG KONG",
        "AREA_DESC_CHN": "香港",
        "FREE_FORMAT_ADDR_ENG": "FLAT B1 ON 20TH FLOOR OF BLOCK 1 UNIVERSAL TOWERS NOS. 18-26 KIN WAH STREET HONG KONG ",
        "FREE_FORMAT_ADDR_CHN": NaN,
        "DEV_NAME_ENG": "UNIVERSAL TOWERS",
        "DEV_NAME_CHN": NaN,
        "FIRST_REFERENCE_LOT_PRN": "C5443229"
    },
    {
        "PRN": "A1187940",
        "SEQ_NUM": 1,
        "BLOCK": "1",
        "FLOOR": "21",
        "FLAT": "B1",
        "HOUSE_NUM_PREFIX": 18.0,
        "STREET_NAME_ENG": "KIN WAH STREET",
        "STREET_NAME_CHN": "建華街",
        "AREA_DESC_ENG": "HONG KONG",
        "AREA_DESC_CHN": "香港",
        "FREE_FORMAT_ADDR_ENG": "FLAT B1 ON 21ST FLOOR WITH ITS FLAT ROOF OF BLOCK 1 UNIVERSAL TOWERS NOS. 18-26 KIN WAH STREET HONG KONG",
        "FREE_FORMAT_ADDR_CHN": NaN,
        "DEV_NAME_ENG": "UNIVERSAL TOWERS",
        "DEV_NAME_CHN": NaN,
        "FIRST_REFERENCE_LOT_PRN": "C5443229"
    },
    {
        "PRN": "A1187955",
        "SEQ_NUM": 1,
        "BLOCK": "1",
        "FLOOR": "22",
        "FLAT": "B1",
        "HOUSE_NUM_PREFIX": 18.0,
        "STREET_NAME_ENG": "KIN WAH STREET",
        "STREET_NAME_CHN": "建華街",
        "AREA_DESC_ENG": "HONG KONG",
        "AREA_DESC_CHN": "香港",
        "FREE_FORMAT_ADDR_ENG": "FLAT B1 ON 22ND FLOOR OF BLOCK 1 UNIVERSAL TOWERS NOS. 18-26 KIN WAH STREET HONG KONG ",
        "FREE_FORMAT_ADDR_CHN": NaN,
        "DEV_NAME_ENG": "UNIVERSAL TOWERS",
        "DEV_NAME_CHN": NaN,
        "FIRST_REFERENCE_LOT_PRN": "C5443229"
    },
    {
        "PRN": "A1187965",
        "SEQ_NUM": 1,
        "BLOCK": "1",
        "FLOOR": "23",
        "FLAT": "B1",
        "HOUSE_NUM_PREFIX": 18.0,
        "STREET_NAME_ENG": "KIN WAH STREET",
        "STREET_NAME_CHN": "建華街",
        "AREA_DESC_ENG": "HONG KONG",
        "AREA_DESC_CHN": "香港",
        "FREE_FORMAT_ADDR_ENG": "FLAT B1 ON 23RD FLOOR OF BLOCK 1 UNIVERSAL TOWERS NOS. 18-26 KIN WAH STREET HONG KONG ",
        "FREE_FORMAT_ADDR_CHN": NaN,
        "DEV_NAME_ENG": "UNIVERSAL TOWERS",
        "DEV_NAME_CHN": NaN,
        "FIRST_REFERENCE_LOT_PRN": "C5443229"
    },
    {
        "PRN": "A1187971",
        "SEQ_NUM": 1,
        "BLOCK": "1",
        "FLOOR": "24",
        "FLAT": "B1",
        "HOUSE_NUM_PREFIX": 18.0,
        "STREET_NAME_ENG": "KIN WAH STREET",
        "STREET_NAME_CHN": "建華街",
        "AREA_DESC_ENG": "HONG KONG",
        "AREA_DESC_CHN": "香港",
        "FREE_FORMAT_ADDR_ENG": "FLAT B1 ON 24TH FLOOR OF BLOCK 1 UNIVERSAL TOWERS NOS. 18-26 KIN WAH STREET HONG KONG ",
        "FREE_FORMAT_ADDR_CHN": NaN,
        "DEV_NAME_ENG": "UNIVERSAL TOWERS",
        "DEV_NAME_CHN": NaN,
        "FIRST_REFERENCE_LOT_PRN": "C5443229"
    },
    {
        "PRN": "A1187982",
        "SEQ_NUM": 1,
        "BLOCK": "1",
        "FLOOR": "3",
        "FLAT": "B1",
        "HOUSE_NUM_PREFIX": 18.0,
        "STREET_NAME_ENG": "KIN WAH STREET",
        "STREET_NAME_CHN": "建華街",
        "AREA_DESC_ENG": "HONG KONG",
        "AREA_DESC_CHN": "香港",
        "FREE_FORMAT_ADDR_ENG": "FLAT B1 ON THE 3RD FLOOR OF BLOCK 1 UNIVERSAL TOWERS NOS. 18-26 KIN WAH STREET HONG KONG ",
        "FREE_FORMAT_ADDR_CHN": NaN,
        "DEV_NAME_ENG": "UNIVERSAL TOWERS",
        "DEV_NAME_CHN": NaN,
        "FIRST_REFERENCE_LOT_PRN": "C5443229"
    },
    {
        "PRN": "A1187998",
        "SEQ_NUM": 1,
        "BLOCK": "1",
        "FLOOR": "4",
        "FLAT": "B1",
        "HOUSE_NUM_PREFIX": 18.0,
        "STREET_NAME_ENG": "KIN WAH STREET",
        "STREET_NAME_CHN": "建華街",
        "AREA_DESC_ENG": "HONG KONG",
        "AREA_DESC_CHN": "香港",
        "FREE_FORMAT_ADDR_ENG": "FLAT B1 ON 4TH FLOOR OF BLOCK 1 UNIVERSAL TOWERS NOS. 18-26 KIN WAH STREET HONG KONG ",
        "FREE_FORMAT_ADDR_CHN": NaN,
        "DEV_NAME_ENG": "UNIVERSAL TOWERS",
        "DEV_NAME_CHN": NaN,
        "FIRST_REFERENCE_LOT_PRN": "C5443229"
    },
    {
        "PRN": "A1188002",
        "SEQ_NUM": 1,
        "BLOCK": "1",
        "FLOOR": "5",
        "FLAT": "B1",
        "HOUSE_NUM_PREFIX": 18.0,
        "STREET_NAME_ENG": "KIN WAH STREET",
        "STREET_NAME_CHN": "建華街",
        "AREA_DESC_ENG": "HONG KONG",
        "AREA_DESC_CHN": "香港",
        "FREE_FORMAT_ADDR_ENG": "FLAT B1 ON 5TH FLOOR OF BLOCK 1 UNIVERSAL TOWERS NOS. 18-26 KIN WAH STREET HONG KONG ",
        "FREE_FORMAT_ADDR_CHN": NaN,
        "DEV_NAME_ENG": "UNIVERSAL TOWERS",
        "DEV_NAME_CHN": NaN,
        "FIRST_REFERENCE_LOT_PRN": "C5443229"
    },
    {
        "PRN": "A1188011",
        "SEQ_NUM": 1,
        "BLOCK": "1",
        "FLOOR": "6",
        "FLAT": "B1",
        "HOUSE_NUM_PREFIX": 18.0,
        "STREET_NAME_ENG": "KIN WAH STREET",
        "STREET_NAME_CHN": "建華街",
        "AREA_DESC_ENG": "HONG KONG",
        "AREA_DESC_CHN": "香港",
        "FREE_FORMAT_ADDR_ENG": "FLAT B1 ON 6TH FLOOR OF BLOCK 1 UNIVERSAL TOWERS NOS. 18-26 KIN WAH STREET HONG KONG ",
        "FREE_FORMAT_ADDR_CHN": NaN,
        "DEV_NAME_ENG": "UNIVERSAL TOWERS",
        "DEV_NAME_CHN": NaN,
        "FIRST_REFERENCE_LOT_PRN": "C5443229"
    },
    {
        "PRN": "A1188021",
        "SEQ_NUM": 1,
        "BLOCK": "1",
        "FLOOR": "7",
        "FLAT": "B1",
        "HOUSE_NUM_PREFIX": 18.0,
        "STREET_NAME_ENG": "KIN WAH STREET",
        "STREET_NAME_CHN": "建華街",
        "AREA_DESC_ENG": "HONG KONG",
        "AREA_DESC_CHN": "香港",
        "FREE_FORMAT_ADDR_ENG": "FLAT B1 ON 7TH FLOOR OF BLOCK 1 UNIVERSAL TOWERS NOS. 18-26 KIN WAH STREET HONG KONG",
        "FREE_FORMAT_ADDR_CHN": NaN,
        "DEV_NAME_ENG": "UNIVERSAL TOWERS",
        "DEV_NAME_CHN": NaN,
        "FIRST_REFERENCE_LOT_PRN": "C5443229"
    },
    {
        "PRN": "A1188031",
        "SEQ_NUM": 1,
        "BLOCK": "1",
        "FLOOR": "8",
        "FLAT": "B1",
        "HOUSE_NUM_PREFIX": 18.0,
        "STREET_NAME_ENG": "KIN WAH STREET",
        "STREET_NAME_CHN": "建華街",
        "AREA_DESC_ENG": "HONG KONG",
        "AREA_DESC_CHN": "香港",
        "FREE_FORMAT_ADDR_ENG": "FLAT B1 ON 8TH FLOOR OF BLOCK 1 UNIVERSAL TOWERS NOS. 18-26 KIN WAH STREET HONG KONG ",
        "FREE_FORMAT_ADDR_CHN": NaN,
        "DEV_NAME_ENG": "UNIVERSAL TOWERS",
        "DEV_NAME_CHN": NaN,
        "FIRST_REFERENCE_LOT_PRN": "C5443229"
    },
    {
        "PRN": "A1188047",
        "SEQ_NUM": 1,
        "BLOCK": "1",
        "FLOOR": "10",
        "FLAT": "B2",
        "HOUSE_NUM_PREFIX": 18.0,
        "STREET_NAME_ENG": "KIN WAH STREET",
        "STREET_NAME_CHN": "建華街",
        "AREA_DESC_ENG": "HONG KONG",
        "AREA_DESC_CHN": "香港",
        "FREE_FORMAT_ADDR_ENG": "FLAT B2 ON 10TH FLOOR OF BLOCK 1 UNIVERSAL TOWERS NOS. 18-26 KIN WAH STREET HONG KONG ",
        "FREE_FORMAT_ADDR_CHN": NaN,
        "DEV_NAME_ENG": "UNIVERSAL TOWERS",
        "DEV_NAME_CHN": NaN,
        "FIRST_REFERENCE_LOT_PRN": "C5443229"
    },
    {
        "PRN": "A1188058",
        "SEQ_NUM": 1,
        "BLOCK": "1",
        "FLOOR": "11",
        "FLAT": "B2",
        "HOUSE_NUM_PREFIX": 18.0,
        "STREET_NAME_ENG": "KIN WAH STREET",
        "STREET_NAME_CHN": "建華街",
        "AREA_DESC_ENG": "HONG KONG",
        "AREA_DESC_CHN": "香港",
        "FREE_FORMAT_ADDR_ENG": "FLAT B2 ON 11TH FLOOR OF BLOCK 1 UNIVERSAL TOWERS NOS. 18-26 KIN WAH STREET HONG KONG ",
        "FREE_FORMAT_ADDR_CHN": NaN,
        "DEV_NAME_ENG": "UNIVERSAL TOWERS",
        "DEV_NAME_CHN": NaN,
        "FIRST_REFERENCE_LOT_PRN": "C5443229"
    },
    {
        "PRN": "A1188068",
        "SEQ_NUM": 1,
        "BLOCK": "1",
        "FLOOR": "12",
        "FLAT": "B2",
        "HOUSE_NUM_PREFIX": 18.0,
        "STREET_NAME_ENG": "KIN WAH STREET",
        "STREET_NAME_CHN": "建華街",
        "AREA_DESC_ENG": "HONG KONG",
        "AREA_DESC_CHN": "香港",
        "FREE_FORMAT_ADDR_ENG": "FLAT B2 ON 12TH FLOOR OF BLOCK 1 UNIVERSAL TOWERS NOS. 18-26 KIN WAH STREET HONG KONG",
        "FREE_FORMAT_ADDR_CHN": NaN,
        "DEV_NAME_ENG": "UNIVERSAL TOWERS",
        "DEV_NAME_CHN": NaN,
        "FIRST_REFERENCE_LOT_PRN": "C5443229"
    },
    {
        "PRN": "A1188079",
        "SEQ_NUM": 1,
        "BLOCK": "1",
        "FLOOR": "13",
        "FLAT": "B2",
        "HOUSE_NUM_PREFIX": 18.0,
        "STREET_NAME_ENG": "KIN WAH STREET",
        "STREET_NAME_CHN": "建華街",
        "AREA_DESC_ENG": "HONG KONG",
        "AREA_DESC_CHN": "香港",
        "FREE_FORMAT_ADDR_ENG": "FLAT B2 ON 13TH FLOOR OF BLOCK 1 UNIVERSAL TOWERS NOS. 18-26 KIN WAH STREET HONG KONG",
        "FREE_FORMAT_ADDR_CHN": NaN,
        "DEV_NAME_ENG": "UNIVERSAL TOWERS",
        "DEV_NAME_CHN": NaN,
        "FIRST_REFERENCE_LOT_PRN": "C5443229"
    },
    {
        "PRN": "A1188089",
        "SEQ_NUM": 1,
        "BLOCK": "1",
        "FLOOR": "14",
        "FLAT": "B2",
        "HOUSE_NUM_PREFIX": 18.0,
        "STREET_NAME_ENG": "KIN WAH STREET",
        "STREET_NAME_CHN": "建華街",
        "AREA_DESC_ENG": "HONG KONG",
        "AREA_DESC_CHN": "香港",
        "FREE_FORMAT_ADDR_ENG": "FLAT B2 ON 14TH FLOOR OF BLOCK 1 UNIVERSAL TOWERS NOS. 18-26 KIN WAH STREET HONG KONG ",
        "FREE_FORMAT_ADDR_CHN": NaN,
        "DEV_NAME_ENG": "UNIVERSAL TOWERS",
        "DEV_NAME_CHN": NaN,
        "FIRST_REFERENCE_LOT_PRN": "C5443229"
    },
    {
        "PRN": "A1188096",
        "SEQ_NUM": 1,
        "BLOCK": "1",
        "FLOOR": "17",
        "FLAT": "B2",
        "HOUSE_NUM_PREFIX": 18.0,
        "STREET_NAME_ENG": "KIN WAH STREET",
        "STREET_NAME_CHN": "建華街",
        "AREA_DESC_ENG": "HONG KONG",
        "AREA_DESC_CHN": "香港",
        "FREE_FORMAT_ADDR_ENG": "FLAT B2 ON 17TH FLOOR OF BLOCK 1 UNIVERSAL TOWERS NOS. 18-26 KIN WAH STREET HONG KONG ",
        "FREE_FORMAT_ADDR_CHN": NaN,
        "DEV_NAME_ENG": "UNIVERSAL TOWERS",
        "DEV_NAME_CHN": NaN,
        "FIRST_REFERENCE_LOT_PRN": "C5443229"
    },
    {
        "PRN": "A1188103",
        "SEQ_NUM": 1,
        "BLOCK": "1",
        "FLOOR": "19",
        "FLAT": "B2",
        "HOUSE_NUM_PREFIX": 18.0,
        "STREET_NAME_ENG": "KIN WAH STREET",
        "STREET_NAME_CHN": "建華街",
        "AREA_DESC_ENG": "HONG KONG",
        "AREA_DESC_CHN": "香港",
        "FREE_FORMAT_ADDR_ENG": "FLAT B2 ON 19TH FLOOR OF BLOCK 1 UNIVERSAL TOWERS NOS. 18-26 KIN WAH STREET HONG KONG ",
        "FREE_FORMAT_ADDR_CHN": NaN,
        "DEV_NAME_ENG": "UNIVERSAL TOWERS",
        "DEV_NAME_CHN": NaN,
        "FIRST_REFERENCE_LOT_PRN": "C5443229"
    },
    {
        "PRN": "A1188118",
        "SEQ_NUM": 1,
        "BLOCK": "1",
        "FLOOR": "20",
        "FLAT": "B2",
        "HOUSE_NUM_PREFIX": 18.0,
        "STREET_NAME_ENG": "KIN WAH STREET",
        "STREET_NAME_CHN": "建華街",
        "AREA_DESC_ENG": "HONG KONG",
        "AREA_DESC_CHN": "香港",
        "FREE_FORMAT_ADDR_ENG": "FLAT B2 ON 20TH FLOOR OF BLOCK 1 UNIVERSAL TOWERS NOS. 18-26 KIN WAH STREET HONG KONG ",
        "FREE_FORMAT_ADDR_CHN": NaN,
        "DEV_NAME_ENG": "UNIVERSAL TOWERS",
        "DEV_NAME_CHN": NaN,
        "FIRST_REFERENCE_LOT_PRN": "C5443229"
    },
    {
        "PRN": "A1188126",
        "SEQ_NUM": 1,
        "BLOCK": "1",
        "FLOOR": "22",
        "FLAT": "B2",
        "HOUSE_NUM_PREFIX": 18.0,
        "STREET_NAME_ENG": "KIN WAH STREET",
        "STREET_NAME_CHN": "建華街",
        "AREA_DESC_ENG": "HONG KONG",
        "AREA_DESC_CHN": "香港",
        "FREE_FORMAT_ADDR_ENG": "FLAT B2 ON 22ND FLOOR OF BLOCK 1 UNIVERSAL TOWERS NOS. 18-26 KIN WAH STREET HONG KONG ",
        "FREE_FORMAT_ADDR_CHN": NaN,
        "DEV_NAME_ENG": "UNIVERSAL TOWERS",
        "DEV_NAME_CHN": NaN,
        "FIRST_REFERENCE_LOT_PRN": "C5443229"
    },
    {
        "PRN": "A1188132",
        "SEQ_NUM": 1,
        "BLOCK": "1",
        "FLOOR": "23",
        "FLAT": "B2",
        "HOUSE_NUM_PREFIX": 18.0,
        "STREET_NAME_ENG": "KIN WAH STREET",
        "STREET_NAME_CHN": "建華街",
        "AREA_DESC_ENG": "HONG KONG",
        "AREA_DESC_CHN": "香港",
        "FREE_FORMAT_ADDR_ENG": "FLAT B2 ON 23RD FLOOR OF BLOCK 1 UNIVERSAL TOWERS NOS. 18-26 KIN WAH STREET HONG KONG ",
        "FREE_FORMAT_ADDR_CHN": NaN,
        "DEV_NAME_ENG": "UNIVERSAL TOWERS",
        "DEV_NAME_CHN": NaN,
        "FIRST_REFERENCE_LOT_PRN": "C5443229"
    },
    {
        "PRN": "A1188149",
        "SEQ_NUM": 1,
        "BLOCK": "1",
        "FLOOR": "4",
        "FLAT": "B2",
        "HOUSE_NUM_PREFIX": 18.0,
        "STREET_NAME_ENG": "KIN WAH STREET",
        "STREET_NAME_CHN": "建華街",
        "AREA_DESC_ENG": "HONG KONG",
        "AREA_DESC_CHN": "香港",
        "FREE_FORMAT_ADDR_ENG": "FLAT B2 ON 4TH FLOOR OF BLOCK 1 UNIVERSAL TOWERS NOS. 18-26 KIN WAH STREET HONG KONG ",
        "FREE_FORMAT_ADDR_CHN": NaN,
        "DEV_NAME_ENG": "UNIVERSAL TOWERS",
        "DEV_NAME_CHN": NaN,
        "FIRST_REFERENCE_LOT_PRN": "C5443229"
    },
    {
        "PRN": "A1188152",
        "SEQ_NUM": 1,
        "BLOCK": "1",
        "FLOOR": "5",
        "FLAT": "B2",
        "HOUSE_NUM_PREFIX": 18.0,
        "STREET_NAME_ENG": "KIN WAH STREET",
        "STREET_NAME_CHN": "建華街",
        "AREA_DESC_ENG": "HONG KONG",
        "AREA_DESC_CHN": "香港",
        "FREE_FORMAT_ADDR_ENG": "FLAT B2 ON 5TH FLOOR OF BLOCK 1 UNIVERSAL TOWERS NOS. 18-26 KIN WAH STREET HONG KONG ",
        "FREE_FORMAT_ADDR_CHN": NaN,
        "DEV_NAME_ENG": "UNIVERSAL TOWERS",
        "DEV_NAME_CHN": NaN,
        "FIRST_REFERENCE_LOT_PRN": "C5443229"
    },
    {
        "PRN": "A1188166",
        "SEQ_NUM": 1,
        "BLOCK": "1",
        "FLOOR": "6",
        "FLAT": "B2",
        "HOUSE_NUM_PREFIX": 18.0,
        "STREET_NAME_ENG": "KIN WAH STREET",
        "STREET_NAME_CHN": "建華街",
        "AREA_DESC_ENG": "HONG KONG",
        "AREA_DESC_CHN": "香港",
        "FREE_FORMAT_ADDR_ENG": "FLAT B2 ON 6TH FLOOR OF BLOCK 1 UNIVERSAL TOWERS NOS. 18-26 KIN WAH STREET HONG KONG ",
        "FREE_FORMAT_ADDR_CHN": NaN,
        "DEV_NAME_ENG": "UNIVERSAL TOWERS",
        "DEV_NAME_CHN": NaN,
        "FIRST_REFERENCE_LOT_PRN": "C5443229"
    },
    {
        "PRN": "A1188175",
        "SEQ_NUM": 1,
        "BLOCK": "1",
        "FLOOR": "7",
        "FLAT": "B2",
        "HOUSE_NUM_PREFIX": 18.0,
        "STREET_NAME_ENG": "KIN WAH STREET",
        "STREET_NAME_CHN": "建華街",
        "AREA_DESC_ENG": "HONG KONG",
        "AREA_DESC_CHN": "香港",
        "FREE_FORMAT_ADDR_ENG": "FLAT B2 ON 7TH FLOOR OF BLOCK 1 UNIVERSAL TOWERS NOS. 18-26 KIN WAH STREET HONG KONG ",
        "FREE_FORMAT_ADDR_CHN": NaN,
        "DEV_NAME_ENG": "UNIVERSAL TOWERS",
        "DEV_NAME_CHN": NaN,
        "FIRST_REFERENCE_LOT_PRN": "C5443229"
    },
    {
        "PRN": "A1188187",
        "SEQ_NUM": 1,
        "BLOCK": "1",
        "FLOOR": "9",
        "FLAT": "B2",
        "HOUSE_NUM_PREFIX": 18.0,
        "STREET_NAME_ENG": "KIN WAH STREET",
        "STREET_NAME_CHN": "建華街",
        "AREA_DESC_ENG": "HONG KONG",
        "AREA_DESC_CHN": "香港",
        "FREE_FORMAT_ADDR_ENG": "FLAT B2 ON 9TH FLOOR OF BLOCK 1 UNIVERSAL TOWERS NOS.18-26 KIN WAH STREET HONG KONG",
        "FREE_FORMAT_ADDR_CHN": NaN,
        "DEV_NAME_ENG": "UNIVERSAL TOWERS",
        "DEV_NAME_CHN": NaN,
        "FIRST_REFERENCE_LOT_PRN": "C5443229"
    },
    {
        "PRN": "A1188199",
        "SEQ_NUM": 1,
        "BLOCK": "2",
        "FLOOR": "R",
        "FLAT": "A1",
        "HOUSE_NUM_PREFIX": 18.0,
        "STREET_NAME_ENG": "KIN WAH STREET",
        "STREET_NAME_CHN": "建華街",
        "AREA_DESC_ENG": "HONG KONG",
        "AREA_DESC_CHN": "香港",
        "FREE_FORMAT_ADDR_ENG": "ROOF ON FLAT A1 ON BLOCK 2 UNIVERSAL TOWERS NOS. 18-26 KIN WAH STREET HONG KONG ",
        "FREE_FORMAT_ADDR_CHN": NaN,
        "DEV_NAME_ENG": "UNIVERSAL TOWERS",
        "DEV_NAME_CHN": NaN,
        "FIRST_REFERENCE_LOT_PRN": "C5443229"
    },
    {
        "PRN": "A1188200",
        "SEQ_NUM": 1,
        "BLOCK": "2",
        "FLOOR": "12",
        "FLAT": "A1",
        "HOUSE_NUM_PREFIX": 18.0,
        "STREET_NAME_ENG": "KIN WAH STREET",
        "STREET_NAME_CHN": "建華街",
        "AREA_DESC_ENG": "HONG KONG",
        "AREA_DESC_CHN": "香港",
        "FREE_FORMAT_ADDR_ENG": "FLAT A1 ON 12TH FLOOR OF BLOCK 2 UNIVERSAL TOWERS NOS. 18-26 KIN WAH STREET HONG KONG ",
        "FREE_FORMAT_ADDR_CHN": NaN,
        "DEV_NAME_ENG": "UNIVERSAL TOWERS",
        "DEV_NAME_CHN": NaN,
        "FIRST_REFERENCE_LOT_PRN": "C5443229"
    },
    {
        "PRN": "A1188219",
        "SEQ_NUM": 1,
        "BLOCK": "2",
        "FLOOR": "15",
        "FLAT": "A1",
        "HOUSE_NUM_PREFIX": 18.0,
        "STREET_NAME_ENG": "KIN WAH STREET",
        "STREET_NAME_CHN": "建華街",
        "AREA_DESC_ENG": "HONG KONG",
        "AREA_DESC_CHN": "香港",
        "FREE_FORMAT_ADDR_ENG": "FLAT A1 ON 15TH FLOOR OF BLOCK 2 UNIVERSAL TOWERS NOS. 18-26 KIN WAH STREET HONG KONG ",
        "FREE_FORMAT_ADDR_CHN": NaN,
        "DEV_NAME_ENG": "UNIVERSAL TOWERS",
        "DEV_NAME_CHN": NaN,
        "FIRST_REFERENCE_LOT_PRN": "C5443229"
    },
    {
        "PRN": "A1188226",
        "SEQ_NUM": 1,
        "BLOCK": "2",
        "FLOOR": "16",
        "FLAT": "A1",
        "HOUSE_NUM_PREFIX": 18.0,
        "STREET_NAME_ENG": "KIN WAH STREET",
        "STREET_NAME_CHN": "建華街",
        "AREA_DESC_ENG": "HONG KONG",
        "AREA_DESC_CHN": "香港",
        "FREE_FORMAT_ADDR_ENG": "FLAT A1 ON 16TH FLOOR OF BLOCK 2 UNIVERSAL TOWERS NOS. 18-26 KIN WAH STREET HONG KONG ",
        "FREE_FORMAT_ADDR_CHN": NaN,
        "DEV_NAME_ENG": "UNIVERSAL TOWERS",
        "DEV_NAME_CHN": NaN,
        "FIRST_REFERENCE_LOT_PRN": "C5443229"
    },
    {
        "PRN": "A1188236",
        "SEQ_NUM": 1,
        "BLOCK": "2",
        "FLOOR": "18",
        "FLAT": "A1",
        "HOUSE_NUM_PREFIX": 18.0,
        "STREET_NAME_ENG": "KIN WAH STREET",
        "STREET_NAME_CHN": "建華街",
        "AREA_DESC_ENG": "HONG KONG",
        "AREA_DESC_CHN": "香港",
        "FREE_FORMAT_ADDR_ENG": "FLAT A1 ON 18TH FLOOR OF BLOCK 2 UNIVERSAL TOWERS NOS. 18-26 KIN WAH STREET HONG KONG ",
        "FREE_FORMAT_ADDR_CHN": NaN,
        "DEV_NAME_ENG": "UNIVERSAL TOWERS",
        "DEV_NAME_CHN": NaN,
        "FIRST_REFERENCE_LOT_PRN": "C5443229"
    },
    {
        "PRN": "A1188246",
        "SEQ_NUM": 1,
        "BLOCK": "2",
        "FLOOR": "19",
        "FLAT": "A1",
        "HOUSE_NUM_PREFIX": 18.0,
        "STREET_NAME_ENG": "KIN WAH STREET",
        "STREET_NAME_CHN": "建華街",
        "AREA_DESC_ENG": "HONG KONG",
        "AREA_DESC_CHN": "香港",
        "FREE_FORMAT_ADDR_ENG": "FLAT A1 ON 19TH FLOOR OF BLOCK 2 UNIVERSAL TOWERS NOS. 18-26 KIN WAH STREET HONG KONG ",
        "FREE_FORMAT_ADDR_CHN": NaN,
        "DEV_NAME_ENG": "UNIVERSAL TOWERS",
        "DEV_NAME_CHN": NaN,
        "FIRST_REFERENCE_LOT_PRN": "C5443229"
    },
    {
        "PRN": "A1188252",
        "SEQ_NUM": 1,
        "BLOCK": "2",
        "FLOOR": "2",
        "FLAT": "A1",
        "HOUSE_NUM_PREFIX": 18.0,
        "STREET_NAME_ENG": "KIN WAH STREET",
        "STREET_NAME_CHN": "建華街",
        "AREA_DESC_ENG": "HONG KONG",
        "AREA_DESC_CHN": "香港",
        "FREE_FORMAT_ADDR_ENG": "FLAT A1 WITH ITS FLAT ROOF AND ITS CANOPY ON 2ND FLOOR OF BLOCK 2 UNIVERSAL TOWERS NOS. 18-26 KIN WAH STREET HONG KONG",
        "FREE_FORMAT_ADDR_CHN": NaN,
        "DEV_NAME_ENG": "UNIVERSAL TOWERS",
        "DEV_NAME_CHN": NaN,
        "FIRST_REFERENCE_LOT_PRN": "C5443229"
    },
    {
        "PRN": "A1188260",
        "SEQ_NUM": 1,
        "BLOCK": "2",
        "FLOOR": "22",
        "FLAT": "A1",
        "HOUSE_NUM_PREFIX": 18.0,
        "STREET_NAME_ENG": "KIN WAH STREET",
        "STREET_NAME_CHN": "建華街",
        "AREA_DESC_ENG": "HONG KONG",
        "AREA_DESC_CHN": "香港",
        "FREE_FORMAT_ADDR_ENG": "FLAT A1 ON 22ND FLOOR OF BLOCK 2 UNIVERSAL TOWERS NOS. 18-26 KIN WAH STREET HONG KONG ",
        "FREE_FORMAT_ADDR_CHN": NaN,
        "DEV_NAME_ENG": "UNIVERSAL TOWERS",
        "DEV_NAME_CHN": NaN,
        "FIRST_REFERENCE_LOT_PRN": "C5443229"
    },
    {
        "PRN": "A1188273",
        "SEQ_NUM": 1,
        "BLOCK": "2",
        "FLOOR": "23",
        "FLAT": "A1",
        "HOUSE_NUM_PREFIX": 18.0,
        "STREET_NAME_ENG": "KIN WAH STREET",
        "STREET_NAME_CHN": "建華街",
        "AREA_DESC_ENG": "HONG KONG",
        "AREA_DESC_CHN": "香港",
        "FREE_FORMAT_ADDR_ENG": "FLAT A1 ON 23RD FLOOR OF BLOCK 2 UNIVERSAL TOWERS NOS. 18-26 KIN WAH STREET HONG KONG ",
        "FREE_FORMAT_ADDR_CHN": NaN,
        "DEV_NAME_ENG": "UNIVERSAL TOWERS",
        "DEV_NAME_CHN": NaN,
        "FIRST_REFERENCE_LOT_PRN": "C5443229"
    },
    {
        "PRN": "A1188285",
        "SEQ_NUM": 1,
        "BLOCK": "2",
        "FLOOR": "24",
        "FLAT": "A1",
        "HOUSE_NUM_PREFIX": 18.0,
        "STREET_NAME_ENG": "KIN WAH STREET",
        "STREET_NAME_CHN": "建華街",
        "AREA_DESC_ENG": "HONG KONG",
        "AREA_DESC_CHN": "香港",
        "FREE_FORMAT_ADDR_ENG": "FLAT A1 ON 24TH FLOOR OF BLOCK 2 UNIVERSAL TOWERS NOS. 18-26 KIN WAH STREET HONG KONG",
        "FREE_FORMAT_ADDR_CHN": NaN,
        "DEV_NAME_ENG": "UNIVERSAL TOWERS",
        "DEV_NAME_CHN": NaN,
        "FIRST_REFERENCE_LOT_PRN": "C5443229"
    },
    {
        "PRN": "A1188291",
        "SEQ_NUM": 1,
        "BLOCK": "2",
        "FLOOR": "4",
        "FLAT": "A1",
        "HOUSE_NUM_PREFIX": 18.0,
        "STREET_NAME_ENG": "KIN WAH STREET",
        "STREET_NAME_CHN": "建華街",
        "AREA_DESC_ENG": "HONG KONG",
        "AREA_DESC_CHN": "香港",
        "FREE_FORMAT_ADDR_ENG": "FLAT A1 ON 4TH FLOOR OF BLOCK 2 UNIVERSAL TOWERS NOS. 18-26 KIN WAH STREET HONG KONG ",
        "FREE_FORMAT_ADDR_CHN": NaN,
        "DEV_NAME_ENG": "UNIVERSAL TOWERS",
        "DEV_NAME_CHN": NaN,
        "FIRST_REFERENCE_LOT_PRN": "C5443229"
    },
    {
        "PRN": "A1188305",
        "SEQ_NUM": 1,
        "BLOCK": "2",
        "FLOOR": "5",
        "FLAT": "A1",
        "HOUSE_NUM_PREFIX": 18.0,
        "STREET_NAME_ENG": "KIN WAH STREET",
        "STREET_NAME_CHN": "建華街",
        "AREA_DESC_ENG": "HONG KONG",
        "AREA_DESC_CHN": "香港",
        "FREE_FORMAT_ADDR_ENG": "FLAT A1 ON 5TH FLOOR OF BLOCK 2 UNIVERSAL TOWERS NOS. 18-26 KIN WAH STREET HONG KONG ",
        "FREE_FORMAT_ADDR_CHN": NaN,
        "DEV_NAME_ENG": "UNIVERSAL TOWERS",
        "DEV_NAME_CHN": NaN,
        "FIRST_REFERENCE_LOT_PRN": "C5443229"
    },
    {
        "PRN": "A1188316",
        "SEQ_NUM": 1,
        "BLOCK": "2",
        "FLOOR": "6",
        "FLAT": "A1",
        "HOUSE_NUM_PREFIX": 18.0,
        "STREET_NAME_ENG": "KIN WAH STREET",
        "STREET_NAME_CHN": "建華街",
        "AREA_DESC_ENG": "HONG KONG",
        "AREA_DESC_CHN": "香港",
        "FREE_FORMAT_ADDR_ENG": "FLAT A1 ON 6TH FLOOR OF BLOCK 2 UNIVERSAL TOWERS 18-26 KIN WAH STREET HONG KONG ",
        "FREE_FORMAT_ADDR_CHN": NaN,
        "DEV_NAME_ENG": "UNIVERSAL TOWERS",
        "DEV_NAME_CHN": NaN,
        "FIRST_REFERENCE_LOT_PRN": "C5443229"
    },
    {
        "PRN": "A1188327",
        "SEQ_NUM": 1,
        "BLOCK": "2",
        "FLOOR": "7",
        "FLAT": "A1",
        "HOUSE_NUM_PREFIX": 18.0,
        "STREET_NAME_ENG": "KIN WAH STREET",
        "STREET_NAME_CHN": "建華街",
        "AREA_DESC_ENG": "HONG KONG",
        "AREA_DESC_CHN": "香港",
        "FREE_FORMAT_ADDR_ENG": "FLAT A1 ON 7TH FLOOR OF BLOCK 2 UNIVERSAL TOWERS 18-26 KIN WAH STREET HONG KONG ",
        "FREE_FORMAT_ADDR_CHN": NaN,
        "DEV_NAME_ENG": "UNIVERSAL TOWERS",
        "DEV_NAME_CHN": NaN,
        "FIRST_REFERENCE_LOT_PRN": "C5443229"
    },
    {
        "PRN": "A1188331",
        "SEQ_NUM": 1,
        "BLOCK": "2",
        "FLOOR": "8",
        "FLAT": "A1",
        "HOUSE_NUM_PREFIX": 18.0,
        "STREET_NAME_ENG": "KIN WAH STREET",
        "STREET_NAME_CHN": "建華街",
        "AREA_DESC_ENG": "HONG KONG",
        "AREA_DESC_CHN": "香港",
        "FREE_FORMAT_ADDR_ENG": "FLAT A1 ON 8TH FLOOR OF BLOCK 2 UNIVERSAL TOWERS NOS. 18-26 KIN WAH STREET HONG KONG ",
        "FREE_FORMAT_ADDR_CHN": NaN,
        "DEV_NAME_ENG": "UNIVERSAL TOWERS",
        "DEV_NAME_CHN": NaN,
        "FIRST_REFERENCE_LOT_PRN": "C5443229"
    },
    {
        "PRN": "A1188348",
        "SEQ_NUM": 1,
        "BLOCK": "2",
        "FLOOR": "10",
        "FLAT": "A2",
        "HOUSE_NUM_PREFIX": 18.0,
        "STREET_NAME_ENG": "KIN WAH STREET",
        "STREET_NAME_CHN": "建華街",
        "AREA_DESC_ENG": "HONG KONG",
        "AREA_DESC_CHN": "香港",
        "FREE_FORMAT_ADDR_ENG": "FLAT A2 ON 10TH FLOOR OF BLOCK 2 UNIVERSAL TOWERS NOS. 18-26 KIN WAH STREET HONG KONG ",
        "FREE_FORMAT_ADDR_CHN": NaN,
        "DEV_NAME_ENG": "UNIVERSAL TOWERS",
        "DEV_NAME_CHN": NaN,
        "FIRST_REFERENCE_LOT_PRN": "C5443229"
    },
    {
        "PRN": "A1188358",
        "SEQ_NUM": 1,
        "BLOCK": "2",
        "FLOOR": "12",
        "FLAT": "A2",
        "HOUSE_NUM_PREFIX": 18.0,
        "STREET_NAME_ENG": "KIN WAH STREET",
        "STREET_NAME_CHN": "建華街",
        "AREA_DESC_ENG": "HONG KONG",
        "AREA_DESC_CHN": "香港",
        "FREE_FORMAT_ADDR_ENG": "FLAT A2 ON 12TH FLOOR OF BLOCK 2 UNIVERSAL TOWERS NOS. 18-26 KIN WAH STREET HONG KONG ",
        "FREE_FORMAT_ADDR_CHN": NaN,
        "DEV_NAME_ENG": "UNIVERSAL TOWERS",
        "DEV_NAME_CHN": NaN,
        "FIRST_REFERENCE_LOT_PRN": "C5443229"
    },
    {
        "PRN": "A1188369",
        "SEQ_NUM": 1,
        "BLOCK": "2",
        "FLOOR": "13",
        "FLAT": "A2",
        "HOUSE_NUM_PREFIX": 18.0,
        "STREET_NAME_ENG": "KIN WAH STREET",
        "STREET_NAME_CHN": "建華街",
        "AREA_DESC_ENG": "HONG KONG",
        "AREA_DESC_CHN": "香港",
        "FREE_FORMAT_ADDR_ENG": "FLAT A2 ON 13TH FLOOR OF BLOCK 2 UNIVERSAL TOWERS NOS. 18-26 KIN WAH STREET HONG KONG ",
        "FREE_FORMAT_ADDR_CHN": NaN,
        "DEV_NAME_ENG": "UNIVERSAL TOWERS",
        "DEV_NAME_CHN": NaN,
        "FIRST_REFERENCE_LOT_PRN": "C5443229"
    },
    {
        "PRN": "A1188378",
        "SEQ_NUM": 1,
        "BLOCK": "2",
        "FLOOR": "14",
        "FLAT": "A2",
        "HOUSE_NUM_PREFIX": 18.0,
        "STREET_NAME_ENG": "KIN WAH STREET",
        "STREET_NAME_CHN": "建華街",
        "AREA_DESC_ENG": "HONG KONG",
        "AREA_DESC_CHN": "香港",
        "FREE_FORMAT_ADDR_ENG": "FLAT A2 ON 14TH FLOOR OF BLOCK 2 UNIVERSAL TOWERS NOS. 18-26 KIN WAH STREET HONG KONG ",
        "FREE_FORMAT_ADDR_CHN": NaN,
        "DEV_NAME_ENG": "UNIVERSAL TOWERS",
        "DEV_NAME_CHN": NaN,
        "FIRST_REFERENCE_LOT_PRN": "C5443229"
    },
    {
        "PRN": "A1188383",
        "SEQ_NUM": 1,
        "BLOCK": "2",
        "FLOOR": "15",
        "FLAT": "A2",
        "HOUSE_NUM_PREFIX": 18.0,
        "STREET_NAME_ENG": "KIN WAH STREET",
        "STREET_NAME_CHN": "建華街",
        "AREA_DESC_ENG": "HONG KONG",
        "AREA_DESC_CHN": "香港",
        "FREE_FORMAT_ADDR_ENG": "FLAT A2 ON 15TH FLOOR OF BLOCK 2 UNIVERSAL TOWERS NOS. 18-26 KIN WAH STREET HONG KONG",
        "FREE_FORMAT_ADDR_CHN": NaN,
        "DEV_NAME_ENG": "UNIVERSAL TOWERS",
        "DEV_NAME_CHN": NaN,
        "FIRST_REFERENCE_LOT_PRN": "C5443229"
    },
    {
        "PRN": "A1188397",
        "SEQ_NUM": 1,
        "BLOCK": "2",
        "FLOOR": "19",
        "FLAT": "A2",
        "HOUSE_NUM_PREFIX": 18.0,
        "STREET_NAME_ENG": "KIN WAH STREET",
        "STREET_NAME_CHN": "建華街",
        "AREA_DESC_ENG": "HONG KONG",
        "AREA_DESC_CHN": "香港",
        "FREE_FORMAT_ADDR_ENG": "FLAT A2 ON 19TH FLOOR OF BLOCK 2 UNIVERSAL TOWERS NOS. 18-26 KIN WAH STREET HONG KONG ",
        "FREE_FORMAT_ADDR_CHN": NaN,
        "DEV_NAME_ENG": "UNIVERSAL TOWERS",
        "DEV_NAME_CHN": NaN,
        "FIRST_REFERENCE_LOT_PRN": "C5443229"
    },
    {
        "PRN": "A1188401",
        "SEQ_NUM": 1,
        "BLOCK": "2",
        "FLOOR": "2",
        "FLAT": "A2",
        "HOUSE_NUM_PREFIX": 18.0,
        "STREET_NAME_ENG": "KIN WAH STREET",
        "STREET_NAME_CHN": "建華街",
        "AREA_DESC_ENG": "HONG KONG",
        "AREA_DESC_CHN": "香港",
        "FREE_FORMAT_ADDR_ENG": "FLAT A2 WITH ITS FLAT ROOF AND ITS CANOPY ON 2ND FLOOR OF BLOCK 2 UNIVERSAL TOWERS NOS. 18-26 KIN WAH STREET HONG KONG",
        "FREE_FORMAT_ADDR_CHN": NaN,
        "DEV_NAME_ENG": "UNIVERSAL TOWERS",
        "DEV_NAME_CHN": NaN,
        "FIRST_REFERENCE_LOT_PRN": "C5443229"
    },
    {
        "PRN": "A1188413",
        "SEQ_NUM": 1,
        "BLOCK": "2",
        "FLOOR": "21",
        "FLAT": "A2",
        "HOUSE_NUM_PREFIX": 18.0,
        "STREET_NAME_ENG": "KIN WAH STREET",
        "STREET_NAME_CHN": "建華街",
        "AREA_DESC_ENG": "HONG KONG",
        "AREA_DESC_CHN": "香港",
        "FREE_FORMAT_ADDR_ENG": "FLAT A2 ON 21ST FLOOR WITH ITS FLAT ROOF OF BLOCK 2 UNIVERSAL TOWERS NOS. 18-26 KIN WAH STREET HONG KONG",
        "FREE_FORMAT_ADDR_CHN": NaN,
        "DEV_NAME_ENG": "UNIVERSAL TOWERS",
        "DEV_NAME_CHN": NaN,
        "FIRST_REFERENCE_LOT_PRN": "C5443229"
    },
    {
        "PRN": "A1188429",
        "SEQ_NUM": 1,
        "BLOCK": "2",
        "FLOOR": "22",
        "FLAT": "A2",
        "HOUSE_NUM_PREFIX": 18.0,
        "STREET_NAME_ENG": "KIN WAH STREET",
        "STREET_NAME_CHN": "建華街",
        "AREA_DESC_ENG": "HONG KONG",
        "AREA_DESC_CHN": "香港",
        "FREE_FORMAT_ADDR_ENG": "FLAT A2 ON 22ND FLOOR OF BLOCK 2 UNIVERSAL TOWERS NOS. 18-26 KIN WAH STREET HONG KONG ",
        "FREE_FORMAT_ADDR_CHN": NaN,
        "DEV_NAME_ENG": "UNIVERSAL TOWERS",
        "DEV_NAME_CHN": NaN,
        "FIRST_REFERENCE_LOT_PRN": "C5443229"
    },
    {
        "PRN": "A1188437",
        "SEQ_NUM": 1,
        "BLOCK": "2",
        "FLOOR": "24",
        "FLAT": "A2",
        "HOUSE_NUM_PREFIX": 18.0,
        "STREET_NAME_ENG": "KIN WAH STREET",
        "STREET_NAME_CHN": "建華街",
        "AREA_DESC_ENG": "HONG KONG",
        "AREA_DESC_CHN": "香港",
        "FREE_FORMAT_ADDR_ENG": "FLAT A2 ON 24TH FLOOR OF BLOCK 2 UNIVERSAL TOWERS NOS. 18-26 KIN WAH STREET HONG KONG ",
        "FREE_FORMAT_ADDR_CHN": NaN,
        "DEV_NAME_ENG": "UNIVERSAL TOWERS",
        "DEV_NAME_CHN": NaN,
        "FIRST_REFERENCE_LOT_PRN": "C5443229"
    },
    {
        "PRN": "A1188448",
        "SEQ_NUM": 1,
        "BLOCK": "2",
        "FLOOR": "4",
        "FLAT": "A2",
        "HOUSE_NUM_PREFIX": 18.0,
        "STREET_NAME_ENG": "KIN WAH STREET",
        "STREET_NAME_CHN": "建華街",
        "AREA_DESC_ENG": "HONG KONG",
        "AREA_DESC_CHN": "香港",
        "FREE_FORMAT_ADDR_ENG": "FLAT A2 ON THE 4TH FLOOR OF BLOCK 2 UNIVERSAL TOWERS NOS. 18-26 KIN WAH STREET HONG KONG ",
        "FREE_FORMAT_ADDR_CHN": NaN,
        "DEV_NAME_ENG": "UNIVERSAL TOWERS",
        "DEV_NAME_CHN": NaN,
        "FIRST_REFERENCE_LOT_PRN": "C5443229"
    },
    {
        "PRN": "A1188452",
        "SEQ_NUM": 1,
        "BLOCK": "2",
        "FLOOR": "5",
        "FLAT": "A2",
        "HOUSE_NUM_PREFIX": 18.0,
        "STREET_NAME_ENG": "KIN WAH STREET",
        "STREET_NAME_CHN": "建華街",
        "AREA_DESC_ENG": "HONG KONG",
        "AREA_DESC_CHN": "香港",
        "FREE_FORMAT_ADDR_ENG": "FLAT A2 ON 5TH FLOOR OF BLOCK 2 UNIVERSAL TOWERS NOS. 18-26 KIN WAH STREET HONG KONG ",
        "FREE_FORMAT_ADDR_CHN": NaN,
        "DEV_NAME_ENG": "UNIVERSAL TOWERS",
        "DEV_NAME_CHN": NaN,
        "FIRST_REFERENCE_LOT_PRN": "C5443229"
    },
    {
        "PRN": "A1188469",
        "SEQ_NUM": 1,
        "BLOCK": "2",
        "FLOOR": "8",
        "FLAT": "A2",
        "HOUSE_NUM_PREFIX": 18.0,
        "STREET_NAME_ENG": "KIN WAH STREET",
        "STREET_NAME_CHN": "建華街",
        "AREA_DESC_ENG": "HONG KONG",
        "AREA_DESC_CHN": "香港",
        "FREE_FORMAT_ADDR_ENG": "FLAT A2 ON 8TH FLOOR OF BLOCK 2 UNIVERSAL TOWERS NOS. 18-26 KIN WAH STREET HONG KONG ",
        "FREE_FORMAT_ADDR_CHN": NaN,
        "DEV_NAME_ENG": "UNIVERSAL TOWERS",
        "DEV_NAME_CHN": NaN,
        "FIRST_REFERENCE_LOT_PRN": "C5443229"
    },
    {
        "PRN": "B3528980",
        "SEQ_NUM": 1,
        "BLOCK": "1",
        "FLOOR": "18",
        "FLAT": "B2",
        "HOUSE_NUM_PREFIX": 18.0,
        "STREET_NAME_ENG": "KIN WAH STREET",
        "STREET_NAME_CHN": "建華街",
        "AREA_DESC_ENG": "HONG KONG",
        "AREA_DESC_CHN": "香港",
        "FREE_FORMAT_ADDR_ENG": "FLAT B2 ON 18TH FLOOR OF BLOCK 1 UNIVERSAL TOWERS NOS. 18-26 KIN WAH STREET HONG KONG ",
        "FREE_FORMAT_ADDR_CHN": NaN,
        "DEV_NAME_ENG": "UNIVERSAL TOWERS",
        "DEV_NAME_CHN": NaN,
        "FIRST_REFERENCE_LOT_PRN": "C5443229"
    },
    {
        "PRN": "B3528998",
        "SEQ_NUM": 1,
        "BLOCK": "2",
        "FLOOR": "17",
        "FLAT": "A1",
        "HOUSE_NUM_PREFIX": 18.0,
        "STREET_NAME_ENG": "KIN WAH STREET",
        "STREET_NAME_CHN": "建華街",
        "AREA_DESC_ENG": "HONG KONG",
        "AREA_DESC_CHN": "香港",
        "FREE_FORMAT_ADDR_ENG": "FLAT A1 ON 17TH FLOOR OF BLOCK 2 UNIVERSAL TOWERS NOS. 18-26 KIN WAH STREET HONG KONG ",
        "FREE_FORMAT_ADDR_CHN": NaN,
        "DEV_NAME_ENG": "UNIVERSAL TOWERS",
        "DEV_NAME_CHN": NaN,
        "FIRST_REFERENCE_LOT_PRN": "C5443229"
    },
    {
        "PRN": "B3529000",
        "SEQ_NUM": 1,
        "BLOCK": "2",
        "FLOOR": "11",
        "FLAT": "A2",
        "HOUSE_NUM_PREFIX": 18.0,
        "STREET_NAME_ENG": "KIN WAH STREET",
        "STREET_NAME_CHN": "建華街",
        "AREA_DESC_ENG": "HONG KONG",
        "AREA_DESC_CHN": "香港",
        "FREE_FORMAT_ADDR_ENG": "FLAT A2 ON 11TH FLOOR OF BLOCK 2 UNIVERSAL TOWERS 18-26 KIN WAH STREET HONG KONG ",
        "FREE_FORMAT_ADDR_CHN": NaN,
        "DEV_NAME_ENG": "UNIVERSAL TOWERS",
        "DEV_NAME_CHN": NaN,
        "FIRST_REFERENCE_LOT_PRN": "C5443229"
    },
    {
        "PRN": "B3529013",
        "SEQ_NUM": 1,
        "BLOCK": "2",
        "FLOOR": "18",
        "FLAT": "A2",
        "HOUSE_NUM_PREFIX": 18.0,
        "STREET_NAME_ENG": "KIN WAH STREET",
        "STREET_NAME_CHN": "建華街",
        "AREA_DESC_ENG": "HONG KONG",
        "AREA_DESC_CHN": "香港",
        "FREE_FORMAT_ADDR_ENG": "FLAT A2 ON 18TH FLOOR OF BLOCK 2 UNIVERSAL TOWERS NOS. 18-26 KIN WAH STREET HONG KONG ",
        "FREE_FORMAT_ADDR_CHN": NaN,
        "DEV_NAME_ENG": "UNIVERSAL TOWERS",
        "DEV_NAME_CHN": NaN,
        "FIRST_REFERENCE_LOT_PRN": "C5443229"
    },
    {
        "PRN": "B5079525",
        "SEQ_NUM": 1,
        "BLOCK": "1",
        "FLOOR": "18",
        "FLAT": "B1",
        "HOUSE_NUM_PREFIX": 18.0,
        "STREET_NAME_ENG": "KIN WAH STREET",
        "STREET_NAME_CHN": "建華街",
        "AREA_DESC_ENG": "HONG KONG",
        "AREA_DESC_CHN": "香港",
        "FREE_FORMAT_ADDR_ENG": "FLAT B1 ON 18TH FLOOR OF BLOCK 1 UNIVERSAL TOWERS NOS. 18-26 KIN WAH STREET HONG KONG ",
        "FREE_FORMAT_ADDR_CHN": NaN,
        "DEV_NAME_ENG": "UNIVERSAL TOWERS",
        "DEV_NAME_CHN": NaN,
        "FIRST_REFERENCE_LOT_PRN": "C5443229"
    },
    {
        "PRN": "B5079537",
        "SEQ_NUM": 1,
        "BLOCK": "1",
        "FLOOR": "15",
        "FLAT": "B2",
        "HOUSE_NUM_PREFIX": 18.0,
        "STREET_NAME_ENG": "KIN WAH STREET",
        "STREET_NAME_CHN": "建華街",
        "AREA_DESC_ENG": "HONG KONG",
        "AREA_DESC_CHN": "香港",
        "FREE_FORMAT_ADDR_ENG": "FLAT B2 ON 15TH FLOOR OF BLOCK 1 UNIVERSAL TOWERS NOS. 18-26 KIN WAH STREET HONG KONG ",
        "FREE_FORMAT_ADDR_CHN": NaN,
        "DEV_NAME_ENG": "UNIVERSAL TOWERS",
        "DEV_NAME_CHN": NaN,
        "FIRST_REFERENCE_LOT_PRN": "C5443229"
    },
    {
        "PRN": "B5079543",
        "SEQ_NUM": 1,
        "BLOCK": "1",
        "FLOOR": "21",
        "FLAT": "B2",
        "HOUSE_NUM_PREFIX": 18.0,
        "STREET_NAME_ENG": "KIN WAH STREET",
        "STREET_NAME_CHN": "建華街",
        "AREA_DESC_ENG": "HONG KONG",
        "AREA_DESC_CHN": "香港",
        "FREE_FORMAT_ADDR_ENG": "FLAT B2 ON 21ST FLOOR WITH ITS FLAT ROOF OF BLOCK 1 UNIVERSAL TOWERS NOS. 18-26 KIN WAH STREET HONG KONG",
        "FREE_FORMAT_ADDR_CHN": NaN,
        "DEV_NAME_ENG": "UNIVERSAL TOWERS",
        "DEV_NAME_CHN": NaN,
        "FIRST_REFERENCE_LOT_PRN": "C5443229"
    },
    {
        "PRN": "B5413319",
        "SEQ_NUM": 1,
        "BLOCK": "1",
        "FLOOR": "12",
        "FLAT": "B1",
        "HOUSE_NUM_PREFIX": 18.0,
        "STREET_NAME_ENG": "KIN WAH STREET",
        "STREET_NAME_CHN": "建華街",
        "AREA_DESC_ENG": "HONG KONG",
        "AREA_DESC_CHN": "香港",
        "FREE_FORMAT_ADDR_ENG": "FLAT B1 ON 12TH FLOOR ON BLOCK 1 UNIVERSAL TOWERS NOS. 18-26 KIN WAH STREET HONG KONG ",
        "FREE_FORMAT_ADDR_CHN": NaN,
        "DEV_NAME_ENG": "UNIVERSAL TOWERS",
        "DEV_NAME_CHN": NaN,
        "FIRST_REFERENCE_LOT_PRN": "C5443229"
    },
    {
        "PRN": "B5413322",
        "SEQ_NUM": 1,
        "BLOCK": "1",
        "FLOOR": "16",
        "FLAT": "B2",
        "HOUSE_NUM_PREFIX": 18.0,
        "STREET_NAME_ENG": "KIN WAH STREET",
        "STREET_NAME_CHN": "建華街",
        "AREA_DESC_ENG": "HONG KONG",
        "AREA_DESC_CHN": "香港",
        "FREE_FORMAT_ADDR_ENG": "FLAT B2 ON 16 FLOOR OF BLOCK 1 UNIVERSAL TOWERS NOS. 18-26 KIN WAH STREET HONG KONG ",
        "FREE_FORMAT_ADDR_CHN": NaN,
        "DEV_NAME_ENG": "UNIVERSAL TOWERS",
        "DEV_NAME_CHN": NaN,
        "FIRST_REFERENCE_LOT_PRN": "C5443229"
    },
    {
        "PRN": "B5413334",
        "SEQ_NUM": 1,
        "BLOCK": "2",
        "FLOOR": "3",
        "FLAT": "A2",
        "HOUSE_NUM_PREFIX": 18.0,
        "STREET_NAME_ENG": "KIN WAH STREET",
        "STREET_NAME_CHN": "建華街",
        "AREA_DESC_ENG": "HONG KONG",
        "AREA_DESC_CHN": "香港",
        "FREE_FORMAT_ADDR_ENG": "FLAT A2 ON 3RD FLOOR OF BLOCK 2 UNIVERSAL TOWERS NOS. 18-26 KIN WAH STREET HONG KONG ",
        "FREE_FORMAT_ADDR_CHN": NaN,
        "DEV_NAME_ENG": "UNIVERSAL TOWERS",
        "DEV_NAME_CHN": NaN,
        "FIRST_REFERENCE_LOT_PRN": "C5443229"
    },
    {
        "PRN": "B5749316",
        "SEQ_NUM": 1,
        "BLOCK": "1",
        "FLOOR": "3",
        "FLAT": "B2",
        "HOUSE_NUM_PREFIX": 18.0,
        "STREET_NAME_ENG": "KIN WAH STREET",
        "STREET_NAME_CHN": "建華街",
        "AREA_DESC_ENG": "HONG KONG",
        "AREA_DESC_CHN": "香港",
        "FREE_FORMAT_ADDR_ENG": "FLAT B2 ON 3RD FLOOR OF BLOCK 1 UNIVERSAL TOWERS NOS. 18-26 KIN WAH STREET HONG KONG ",
        "FREE_FORMAT_ADDR_CHN": NaN,
        "DEV_NAME_ENG": "UNIVERSAL TOWERS",
        "DEV_NAME_CHN": NaN,
        "FIRST_REFERENCE_LOT_PRN": "C5443229"
    },
    {
        "PRN": "B5749324",
        "SEQ_NUM": 1,
        "BLOCK": "2",
        "FLOOR": "20",
        "FLAT": "A1",
        "HOUSE_NUM_PREFIX": 18.0,
        "STREET_NAME_ENG": "KIN WAH STREET",
        "STREET_NAME_CHN": "建華街",
        "AREA_DESC_ENG": "HONG KONG",
        "AREA_DESC_CHN": "香港",
        "FREE_FORMAT_ADDR_ENG": "FLAT A1 ON 20TH FLOOR OF BLOCK 2 UNIVERSAL TOWERS NOS. 18-26 KIN WAH STREET HONG KONG ",
        "FREE_FORMAT_ADDR_CHN": NaN,
        "DEV_NAME_ENG": "UNIVERSAL TOWERS",
        "DEV_NAME_CHN": NaN,
        "FIRST_REFERENCE_LOT_PRN": "C5443229"
    },
    {
        "PRN": "B6204859",
        "SEQ_NUM": 1,
        "BLOCK": "1",
        "FLOOR": "11",
        "FLAT": "B1",
        "HOUSE_NUM_PREFIX": 18.0,
        "STREET_NAME_ENG": "KIN WAH STREET",
        "STREET_NAME_CHN": "建華街",
        "AREA_DESC_ENG": "HONG KONG",
        "AREA_DESC_CHN": "香港",
        "FREE_FORMAT_ADDR_ENG": "FLAT B1 ON 11TH FLOOR OF BLOCK 1 UNIVERSAL TOWERS NOS. 18-26 KIN WAH STREET HONG KONG ",
        "FREE_FORMAT_ADDR_CHN": NaN,
        "DEV_NAME_ENG": "UNIVERSAL TOWERS",
        "DEV_NAME_CHN": NaN,
        "FIRST_REFERENCE_LOT_PRN": "C5443229"
    },
    {
        "PRN": "B6204869",
        "SEQ_NUM": 1,
        "BLOCK": "2",
        "FLOOR": "10",
        "FLAT": "A1",
        "HOUSE_NUM_PREFIX": 18.0,
        "STREET_NAME_ENG": "KIN WAH STREET",
        "STREET_NAME_CHN": "建華街",
        "AREA_DESC_ENG": "HONG KONG",
        "AREA_DESC_CHN": "香港",
        "FREE_FORMAT_ADDR_ENG": "FLAT A1 ON 10TH FLOOR OF BLOCK 2 UNIVERSAL TOWERS NOS. 18-26 KIN WAH STREET HONG KONG ",
        "FREE_FORMAT_ADDR_CHN": NaN,
        "DEV_NAME_ENG": "UNIVERSAL TOWERS",
        "DEV_NAME_CHN": NaN,
        "FIRST_REFERENCE_LOT_PRN": "C5443229"
    },
    {
        "PRN": "B6204874",
        "SEQ_NUM": 1,
        "BLOCK": "2",
        "FLOOR": "14",
        "FLAT": "A1",
        "HOUSE_NUM_PREFIX": 18.0,
        "STREET_NAME_ENG": "KIN WAH STREET",
        "STREET_NAME_CHN": "建華街",
        "AREA_DESC_ENG": "HONG KONG",
        "AREA_DESC_CHN": "香港",
        "FREE_FORMAT_ADDR_ENG": "FLAT A1 ON 14TH FLOOR OF BLOCK 2 UNIVERSAL TOWERS NOS. 18-26 KIN WAH STREET HONG KONG ",
        "FREE_FORMAT_ADDR_CHN": NaN,
        "DEV_NAME_ENG": "UNIVERSAL TOWERS",
        "DEV_NAME_CHN": NaN,
        "FIRST_REFERENCE_LOT_PRN": "C5443229"
    },
    {
        "PRN": "B6204887",
        "SEQ_NUM": 1,
        "BLOCK": "2",
        "FLOOR": "17",
        "FLAT": "A2",
        "HOUSE_NUM_PREFIX": 18.0,
        "STREET_NAME_ENG": "KIN WAH STREET",
        "STREET_NAME_CHN": "建華街",
        "AREA_DESC_ENG": "HONG KONG",
        "AREA_DESC_CHN": "香港",
        "FREE_FORMAT_ADDR_ENG": "FLAT A2 ON 17TH FLOOR OF BLOCK 2 UNIVERSAL TOWERS NOS. 18-26 KIN WAH STREET HONG KON",
        "FREE_FORMAT_ADDR_CHN": NaN,
        "DEV_NAME_ENG": "UNIVERSAL TOWERS",
        "DEV_NAME_CHN": NaN,
        "FIRST_REFERENCE_LOT_PRN": "C5443229"
    },
    {
        "PRN": "B6204895",
        "SEQ_NUM": 1,
        "BLOCK": "2",
        "FLOOR": "23",
        "FLAT": "A2",
        "HOUSE_NUM_PREFIX": 18.0,
        "STREET_NAME_ENG": "KIN WAH STREET",
        "STREET_NAME_CHN": "建華街",
        "AREA_DESC_ENG": "HONG KONG",
        "AREA_DESC_CHN": "香港",
        "FREE_FORMAT_ADDR_ENG": "FLAT A2 ON 23RD FLOOR OF BLOCK 2 UNIVERSAL TOWERS NOS. 18-26 KIN WAH STREET HONG KONG ",
        "FREE_FORMAT_ADDR_CHN": NaN,
        "DEV_NAME_ENG": "UNIVERSAL TOWERS",
        "DEV_NAME_CHN": NaN,
        "FIRST_REFERENCE_LOT_PRN": "C5443229"
    },
    {
        "PRN": "B7765158",
        "SEQ_NUM": 1,
        "BLOCK": "1",
        "FLOOR": "8",
        "FLAT": "B2",
        "HOUSE_NUM_PREFIX": 18.0,
        "STREET_NAME_ENG": "KIN WAH STREET",
        "STREET_NAME_CHN": "建華街",
        "AREA_DESC_ENG": "HONG KONG",
        "AREA_DESC_CHN": "香港",
        "FREE_FORMAT_ADDR_ENG": "FLAT B2 ON THE 8TH FLOOR OF BLOCK 1 UNIVERSAL TOWERS NOS. 18-26 KIN WAH STREET HONG KONG ",
        "FREE_FORMAT_ADDR_CHN": NaN,
        "DEV_NAME_ENG": "UNIVERSAL TOWERS",
        "DEV_NAME_CHN": NaN,
        "FIRST_REFERENCE_LOT_PRN": "C5443229"
    },
    {
        "PRN": "B8100566",
        "SEQ_NUM": 1,
        "BLOCK": "2",
        "FLOOR": "7",
        "FLAT": "A2",
        "HOUSE_NUM_PREFIX": 18.0,
        "STREET_NAME_ENG": "KIN WAH STREET",
        "STREET_NAME_CHN": "建華街",
        "AREA_DESC_ENG": "HONG KONG",
        "AREA_DESC_CHN": "香港",
        "FREE_FORMAT_ADDR_ENG": "FLAT A2 ON 7TH FLOOR OF BLOCK 2 UNIVERSAL TOWERS NOS. 18-26 KIN WAH STREET HONG KONG ",
        "FREE_FORMAT_ADDR_CHN": NaN,
        "DEV_NAME_ENG": "UNIVERSAL TOWERS",
        "DEV_NAME_CHN": NaN,
        "FIRST_REFERENCE_LOT_PRN": "C5443229"
    },
    {
        "PRN": "B8432367",
        "SEQ_NUM": 1,
        "BLOCK": "2",
        "FLOOR": "6",
        "FLAT": "A2",
        "HOUSE_NUM_PREFIX": 18.0,
        "STREET_NAME_ENG": "KIN WAH STREET",
        "STREET_NAME_CHN": "建華街",
        "AREA_DESC_ENG": "HONG KONG",
        "AREA_DESC_CHN": "香港",
        "FREE_FORMAT_ADDR_ENG": "FLAT A2 ON 6TH FLOOR OF BLOCK 2 UNIVERSAL TOWERS NOS. 18-26 KIN WAH STREET HONG KONG ",
        "FREE_FORMAT_ADDR_CHN": NaN,
        "DEV_NAME_ENG": "UNIVERSAL TOWERS",
        "DEV_NAME_CHN": NaN,
        "FIRST_REFERENCE_LOT_PRN": "C5443229"
    },
    {
        "PRN": "B8432378",
        "SEQ_NUM": 1,
        "BLOCK": "2",
        "FLOOR": "9",
        "FLAT": "A2",
        "HOUSE_NUM_PREFIX": 18.0,
        "STREET_NAME_ENG": "KIN WAH STREET",
        "STREET_NAME_CHN": "建華街",
        "AREA_DESC_ENG": "HONG KONG",
        "AREA_DESC_CHN": "香港",
        "FREE_FORMAT_ADDR_ENG": "FLAT A2 ON 9TH FLOOR OF BLOCK 2 UNIVERSAL TOWERS NOS. 18-26 KIN WAH STREET HONG KONG ",
        "FREE_FORMAT_ADDR_CHN": NaN,
        "DEV_NAME_ENG": "UNIVERSAL TOWERS",
        "DEV_NAME_CHN": NaN,
        "FIRST_REFERENCE_LOT_PRN": "C5443229"
    },
    {
        "PRN": "B8891222",
        "SEQ_NUM": 1,
        "BLOCK": "1",
        "FLOOR": "10",
        "FLAT": "B1",
        "HOUSE_NUM_PREFIX": 18.0,
        "STREET_NAME_ENG": "KIN WAH STREET",
        "STREET_NAME_CHN": "建華街",
        "AREA_DESC_ENG": "HONG KONG",
        "AREA_DESC_CHN": "香港",
        "FREE_FORMAT_ADDR_ENG": "FLAT B1 ON 10TH FLOOR OF BLOCK 1 UNIVERSAL TOWERS NOS. 18-26 KIN WAH STREET HONG KONG ",
        "FREE_FORMAT_ADDR_CHN": NaN,
        "DEV_NAME_ENG": "UNIVERSAL TOWERS",
        "DEV_NAME_CHN": NaN,
        "FIRST_REFERENCE_LOT_PRN": "C5443229"
    },
    {
        "PRN": "B8891234",
        "SEQ_NUM": 1,
        "BLOCK": "1",
        "FLOOR": "2",
        "FLAT": "B1",
        "HOUSE_NUM_PREFIX": 18.0,
        "STREET_NAME_ENG": "KIN WAH STREET",
        "STREET_NAME_CHN": "建華街",
        "AREA_DESC_ENG": "HONG KONG",
        "AREA_DESC_CHN": "香港",
        "FREE_FORMAT_ADDR_ENG": "FLAT B1 WITH ITS FLAT ROOF AND ITS CANOPY ON 2ND FLOOR OF BLOCK 1 UNIVERSAL TOWERS NOS. 18-26 KIN WAH STREET HONG KONG",
        "FREE_FORMAT_ADDR_CHN": NaN,
        "DEV_NAME_ENG": "UNIVERSAL TOWERS",
        "DEV_NAME_CHN": NaN,
        "FIRST_REFERENCE_LOT_PRN": "C5443229"
    },
    {
        "PRN": "B8891245",
        "SEQ_NUM": 1,
        "BLOCK": "1",
        "FLOOR": "9",
        "FLAT": "B1",
        "HOUSE_NUM_PREFIX": 18.0,
        "STREET_NAME_ENG": "KIN WAH STREET",
        "STREET_NAME_CHN": "建華街",
        "AREA_DESC_ENG": "HONG KONG",
        "AREA_DESC_CHN": "香港",
        "FREE_FORMAT_ADDR_ENG": "FLAT B1 ON 9TH FLOOR OF BLOCK 1 UNIVERSAL TOWERS NOS. 18-26 KIN WAH STREET HONG KONG ",
        "FREE_FORMAT_ADDR_CHN": NaN,
        "DEV_NAME_ENG": "UNIVERSAL TOWERS",
        "DEV_NAME_CHN": NaN,
        "FIRST_REFERENCE_LOT_PRN": "C5443229"
    },
    {
        "PRN": "B8891250",
        "SEQ_NUM": 1,
        "BLOCK": "1",
        "FLOOR": "24",
        "FLAT": "B2",
        "HOUSE_NUM_PREFIX": 18.0,
        "STREET_NAME_ENG": "KIN WAH STREET",
        "STREET_NAME_CHN": "建華街",
        "AREA_DESC_ENG": "HONG KONG",
        "AREA_DESC_CHN": "香港",
        "FREE_FORMAT_ADDR_ENG": "FLAT B2 ON 24TH FLOOR OF BLOCK 1 UNIVERSAL TOWERS NOS. 18-26 KIN WAH STREET HONG KONG",
        "FREE_FORMAT_ADDR_CHN": NaN,
        "DEV_NAME_ENG": "UNIVERSAL TOWERS",
        "DEV_NAME_CHN": NaN,
        "FIRST_REFERENCE_LOT_PRN": "C5443229"
    },
    {
        "PRN": "B8891267",
        "SEQ_NUM": 1,
        "BLOCK": "2",
        "FLOOR": "11",
        "FLAT": "A1",
        "HOUSE_NUM_PREFIX": 18.0,
        "STREET_NAME_ENG": "KIN WAH STREET",
        "STREET_NAME_CHN": "建華街",
        "AREA_DESC_ENG": "HONG KONG",
        "AREA_DESC_CHN": "香港",
        "FREE_FORMAT_ADDR_ENG": "FLAT A1 ON 11TH FLOOR OF BLOCK 2 UNIVERSAL TOWERS NOS. 18-26 KIN WAH STREET HONG KONG ",
        "FREE_FORMAT_ADDR_CHN": NaN,
        "DEV_NAME_ENG": "UNIVERSAL TOWERS",
        "DEV_NAME_CHN": NaN,
        "FIRST_REFERENCE_LOT_PRN": "C5443229"
    },
    {
        "PRN": "B8891276",
        "SEQ_NUM": 1,
        "BLOCK": "2",
        "FLOOR": "13",
        "FLAT": "A1",
        "HOUSE_NUM_PREFIX": 18.0,
        "STREET_NAME_ENG": "KIN WAH STREET",
        "STREET_NAME_CHN": "建華街",
        "AREA_DESC_ENG": "HONG KONG",
        "AREA_DESC_CHN": "香港",
        "FREE_FORMAT_ADDR_ENG": "FLAT A1 ON 13TH FLOOR OF BLOCK 2 UNIVERSAL TOWERS NOS. 18-26 KIN WAH STREET HONG KONG",
        "FREE_FORMAT_ADDR_CHN": NaN,
        "DEV_NAME_ENG": "UNIVERSAL TOWERS",
        "DEV_NAME_CHN": NaN,
        "FIRST_REFERENCE_LOT_PRN": "C5443229"
    },
    {
        "PRN": "B8891286",
        "SEQ_NUM": 1,
        "BLOCK": "2",
        "FLOOR": "3",
        "FLAT": "A1",
        "HOUSE_NUM_PREFIX": 18.0,
        "STREET_NAME_ENG": "KIN WAH STREET",
        "STREET_NAME_CHN": "建華街",
        "AREA_DESC_ENG": "HONG KONG",
        "AREA_DESC_CHN": "香港",
        "FREE_FORMAT_ADDR_ENG": "FLAT A1 ON 3RD FLOOR OF BLOCK 2 UNIVERSAL TOWERS NOS. 18-26 KIN WAH STREET HONG KONG ",
        "FREE_FORMAT_ADDR_CHN": NaN,
        "DEV_NAME_ENG": "UNIVERSAL TOWERS",
        "DEV_NAME_CHN": NaN,
        "FIRST_REFERENCE_LOT_PRN": "C5443229"
    },
    {
        "PRN": "C0445625",
        "SEQ_NUM": 1,
        "BLOCK": "2",
        "FLOOR": "21",
        "FLAT": "A1",
        "HOUSE_NUM_PREFIX": 18.0,
        "STREET_NAME_ENG": "KIN WAH STREET",
        "STREET_NAME_CHN": "建華街",
        "AREA_DESC_ENG": "HONG KONG",
        "AREA_DESC_CHN": "香港",
        "FREE_FORMAT_ADDR_ENG": "FLAT A1 WITH ITS FLAT ROOF ON 21ST FLOOR OF BLOCK 2 UNIVERSAL TOWERS 18-26 KIN WAH STREET HONG KONG",
        "FREE_FORMAT_ADDR_CHN": NaN,
        "DEV_NAME_ENG": "UNIVERSAL TOWERS",
        "DEV_NAME_CHN": NaN,
        "FIRST_REFERENCE_LOT_PRN": "C5443229"
    },
    {
        "PRN": "C0445630",
        "SEQ_NUM": 1,
        "BLOCK": "2",
        "FLOOR": "20",
        "FLAT": "A2",
        "HOUSE_NUM_PREFIX": 18.0,
        "STREET_NAME_ENG": "KIN WAH STREET",
        "STREET_NAME_CHN": "建華街",
        "AREA_DESC_ENG": "HONG KONG",
        "AREA_DESC_CHN": "香港",
        "FREE_FORMAT_ADDR_ENG": "FLAT A2 ON 20TH FLOOR OF BLOCK 2 UNIVERSAL TOWERS NOS. 18-26 KIN WAH STREET HONG KONG ",
        "FREE_FORMAT_ADDR_CHN": NaN,
        "DEV_NAME_ENG": "UNIVERSAL TOWERS",
        "DEV_NAME_CHN": NaN,
        "FIRST_REFERENCE_LOT_PRN": "C5443229"
    },
    {
        "PRN": "C0781644",
        "SEQ_NUM": 1,
        "BLOCK": "1",
        "FLOOR": "R",
        "FLAT": "B2",
        "HOUSE_NUM_PREFIX": 18.0,
        "STREET_NAME_ENG": "KIN WAH STREET",
        "STREET_NAME_CHN": "建華街",
        "AREA_DESC_ENG": "HONG KONG",
        "AREA_DESC_CHN": "香港",
        "FREE_FORMAT_ADDR_ENG": "ROOF ON FLAT B2 ON BLOCK 1 UNIVERSAL TOWERS NOS. 18-26 KIN WAH STREET HONG KONG ",
        "FREE_FORMAT_ADDR_CHN": NaN,
        "DEV_NAME_ENG": "UNIVERSAL TOWERS",
        "DEV_NAME_CHN": NaN,
        "FIRST_REFERENCE_LOT_PRN": "C5443229"
    },
    {
        "PRN": "C0781653",
        "SEQ_NUM": 1,
        "BLOCK": "1",
        "FLOOR": "2",
        "FLAT": "B2",
        "HOUSE_NUM_PREFIX": 18.0,
        "STREET_NAME_ENG": "KIN WAH STREET",
        "STREET_NAME_CHN": "建華街",
        "AREA_DESC_ENG": "HONG KONG",
        "AREA_DESC_CHN": "香港",
        "FREE_FORMAT_ADDR_ENG": "FLAT B2 WITH ITS FLAT ROOF AND ITS CANOPY ON 2ND FLOOR OF BLOCK 1 UNIVERSAL TOWERS NOS. 18-26 KIN WAH STREET HONG KONG",
        "FREE_FORMAT_ADDR_CHN": NaN,
        "DEV_NAME_ENG": "UNIVERSAL TOWERS",
        "DEV_NAME_CHN": NaN,
        "FIRST_REFERENCE_LOT_PRN": "C5443229"
    },
    {
        "PRN": "C0781661",
        "SEQ_NUM": 1,
        "BLOCK": "2",
        "FLOOR": "R",
        "FLAT": "A2",
        "HOUSE_NUM_PREFIX": 18.0,
        "STREET_NAME_ENG": "KIN WAH STREET",
        "STREET_NAME_CHN": "建華街",
        "AREA_DESC_ENG": "HONG KONG",
        "AREA_DESC_CHN": "香港",
        "FREE_FORMAT_ADDR_ENG": "ROOF ON FLAT A2 ON BLOCK 2 UNIVERSAL TOWERS NOS. 18-26 KIN WAH STREET HONG KONG ",
        "FREE_FORMAT_ADDR_CHN": NaN,
        "DEV_NAME_ENG": "UNIVERSAL TOWERS",
        "DEV_NAME_CHN": NaN,
        "FIRST_REFERENCE_LOT_PRN": "C5443229"
    },
    {
        "PRN": "C1115593",
        "SEQ_NUM": 1,
        "BLOCK": "2",
        "FLOOR": "9",
        "FLAT": "A1",
        "HOUSE_NUM_PREFIX": 18.0,
        "STREET_NAME_ENG": "KIN WAH STREET",
        "STREET_NAME_CHN": "建華街",
        "AREA_DESC_ENG": "HONG KONG",
        "AREA_DESC_CHN": "香港",
        "FREE_FORMAT_ADDR_ENG": "FLAT A1 ON 9TH FLOOR OF BLOCK 2 UNIVERSAL TOWERS NOS. 18-26 KIN WAH STREET HONG KONG ",
        "FREE_FORMAT_ADDR_CHN": NaN,
        "DEV_NAME_ENG": "UNIVERSAL TOWERS",
        "DEV_NAME_CHN": NaN,
        "FIRST_REFERENCE_LOT_PRN": "C5443229"
    },
    {
        "PRN": "C1115601",
        "SEQ_NUM": 1,
        "BLOCK": "2",
        "FLOOR": "16",
        "FLAT": "A2",
        "HOUSE_NUM_PREFIX": 18.0,
        "STREET_NAME_ENG": "KIN WAH STREET",
        "STREET_NAME_CHN": "建華街",
        "AREA_DESC_ENG": "HONG KONG",
        "AREA_DESC_CHN": "香港",
        "FREE_FORMAT_ADDR_ENG": "FLAT A2 ON 16TH FLOOR OF BLOCK 2 UNIVERSAL TOWERS NOS. 18-26 KIN WAH STREET HONG KONG ",
        "FREE_FORMAT_ADDR_CHN": NaN,
        "DEV_NAME_ENG": "UNIVERSAL TOWERS",
        "DEV_NAME_CHN": NaN,
        "FIRST_REFERENCE_LOT_PRN": "C5443229"
    }
]