[
    {
        "PRN": "D0749680",
        "SEQ_NUM": 1,
        "BLOCK": "CHIM",
        "FLOOR": NaN,
        "FLAT": NaN,
        "HOUSE_NUM_PREFIX": 60.0,
        "STREET_NAME_ENG": "CHUNG HAU STREET",
        "STREET_NAME_CHN": "忠孝街",
        "AREA_DESC_ENG": "KOWLOON",
        "AREA_DESC_CHN": "九龍",
        "FREE_FORMAT_ADDR_ENG": "CHIU MAN HOUSE UPPER OI MAN ESTATE NO.60 CHUNG HAU STREET KOWLOON",
        "FREE_FORMAT_ADDR_CHN": NaN,
        "DEV_NAME_ENG": "UPPER OI MAN ESTATE",
        "DEV_NAME_CHN": "愛民上邨",
        "FIRST_REFERENCE_LOT_PRN": "C4564597"
    },
    {
        "PRN": "D0749695",
        "SEQ_NUM": 1,
        "BLOCK": "CHUM",
        "FLOOR": NaN,
        "FLAT": NaN,
        "HOUSE_NUM_PREFIX": 60.0,
        "STREET_NAME_ENG": "CHUNG HAU STREET",
        "STREET_NAME_CHN": "忠孝街",
        "AREA_DESC_ENG": "KOWLOON",
        "AREA_DESC_CHN": "九龍",
        "FREE_FORMAT_ADDR_ENG": "CHUNG MAN HOUSE UPPER OI MAN ESTATE NO.60 CHUNG HAU STREET KOWLOON",
        "FREE_FORMAT_ADDR_CHN": NaN,
        "DEV_NAME_ENG": "UPPER OI MAN ESTATE",
        "DEV_NAME_CHN": "愛民上邨",
        "FIRST_REFERENCE_LOT_PRN": "C4564597"
    },
    {
        "PRN": "D0749702",
        "SEQ_NUM": 1,
        "BLOCK": "HOMA",
        "FLOOR": NaN,
        "FLAT": NaN,
        "HOUSE_NUM_PREFIX": 60.0,
        "STREET_NAME_ENG": "CHUNG HAU STREET",
        "STREET_NAME_CHN": "忠孝街",
        "AREA_DESC_ENG": "KOWLOON",
        "AREA_DESC_CHN": "九龍",
        "FREE_FORMAT_ADDR_ENG": "HONG MAN HOUSE UPPER OI MAN ESTATE NO.60 CHUNG HAU STREET KOWLOON",
        "FREE_FORMAT_ADDR_CHN": NaN,
        "DEV_NAME_ENG": "UPPER OI MAN ESTATE",
        "DEV_NAME_CHN": "愛民上邨",
        "FIRST_REFERENCE_LOT_PRN": "C4564597"
    },
    {
        "PRN": "D0749717",
        "SEQ_NUM": 1,
        "BLOCK": "KAMA",
        "FLOOR": NaN,
        "FLAT": NaN,
        "HOUSE_NUM_PREFIX": 60.0,
        "STREET_NAME_ENG": "CHUNG HAU STREET",
        "STREET_NAME_CHN": "忠孝街",
        "AREA_DESC_ENG": "KOWLOON",
        "AREA_DESC_CHN": "九龍",
        "FREE_FORMAT_ADDR_ENG": "KAR MAN HOUSE UPPER OI MAN ESTATE NO.60 CHUNG HAU STREET KOWLOON",
        "FREE_FORMAT_ADDR_CHN": NaN,
        "DEV_NAME_ENG": "UPPER OI MAN ESTATE",
        "DEV_NAME_CHN": "愛民上邨",
        "FIRST_REFERENCE_LOT_PRN": "C4564597"
    },
    {
        "PRN": "D0749727",
        "SEQ_NUM": 1,
        "BLOCK": "KIMA",
        "FLOOR": NaN,
        "FLAT": NaN,
        "HOUSE_NUM_PREFIX": 60.0,
        "STREET_NAME_ENG": "CHUNG HAU STREET",
        "STREET_NAME_CHN": "忠孝街",
        "AREA_DESC_ENG": "KOWLOON",
        "AREA_DESC_CHN": "九龍",
        "FREE_FORMAT_ADDR_ENG": "KIN MAN HOUSE UPPER OI MAN ESTATE NO.60 CHUNG HAU STREET KOWLOON",
        "FREE_FORMAT_ADDR_CHN": NaN,
        "DEV_NAME_ENG": "UPPER OI MAN ESTATE",
        "DEV_NAME_CHN": "愛民上邨",
        "FIRST_REFERENCE_LOT_PRN": "C4564597"
    },
    {
        "PRN": "D0749732",
        "SEQ_NUM": 1,
        "BLOCK": "LAMA",
        "FLOOR": NaN,
        "FLAT": NaN,
        "HOUSE_NUM_PREFIX": 60.0,
        "STREET_NAME_ENG": "CHUNG HAU STREET",
        "STREET_NAME_CHN": "忠孝街",
        "AREA_DESC_ENG": "KOWLOON",
        "AREA_DESC_CHN": "九龍",
        "FREE_FORMAT_ADDR_ENG": "LAI MAN HOUSE UPPER OI MAN ESTATE NO.60 CHUNG HAU STREET KOWLOON",
        "FREE_FORMAT_ADDR_CHN": NaN,
        "DEV_NAME_ENG": "UPPER OI MAN ESTATE",
        "DEV_NAME_CHN": "愛民上邨",
        "FIRST_REFERENCE_LOT_PRN": "C4564597"
    },
    {
        "PRN": "D0749746",
        "SEQ_NUM": 1,
        "BLOCK": "POMA",
        "FLOOR": NaN,
        "FLAT": NaN,
        "HOUSE_NUM_PREFIX": 60.0,
        "STREET_NAME_ENG": "CHUNG HAU STREET",
        "STREET_NAME_CHN": "忠孝街",
        "AREA_DESC_ENG": "KOWLOON",
        "AREA_DESC_CHN": "九龍",
        "FREE_FORMAT_ADDR_ENG": "PO MAN HOUSE UPPER OI MAN ESTATE NO.60 CHUNG HAU STREET KOWLOON",
        "FREE_FORMAT_ADDR_CHN": NaN,
        "DEV_NAME_ENG": "UPPER OI MAN ESTATE",
        "DEV_NAME_CHN": "愛民上邨",
        "FIRST_REFERENCE_LOT_PRN": "C4564597"
    }
]