[
    {
        "PRN": "B1481396",
        "SEQ_NUM": 1,
        "BLOCK": "F",
        "FLOOR": "G",
        "FLAT": NaN,
        "HOUSE_NUM_PREFIX": NaN,
        "STREET_NAME_ENG": NaN,
        "STREET_NAME_CHN": NaN,
        "AREA_DESC_ENG": NaN,
        "AREA_DESC_CHN": NaN,
        "FREE_FORMAT_ADDR_ENG": "G/F AND THE GARDEN BLOCK F OF VILLA OASIS 261 TSEUNG KONG WAI YUEN LONG NEW TERRITORIES",
        "FREE_FORMAT_ADDR_CHN": NaN,
        "DEV_NAME_ENG": "VILLA OASIS",
        "DEV_NAME_CHN": "翠麗豪園",
        "FIRST_REFERENCE_LOT_PRN": "C2925316"
    },
    {
        "PRN": "B1481409",
        "SEQ_NUM": 1,
        "BLOCK": "F",
        "FLOOR": "2",
        "FLAT": NaN,
        "HOUSE_NUM_PREFIX": NaN,
        "STREET_NAME_ENG": NaN,
        "STREET_NAME_CHN": NaN,
        "AREA_DESC_ENG": NaN,
        "AREA_DESC_CHN": NaN,
        "FREE_FORMAT_ADDR_ENG": "2/F AND THE ROOF BLOCK F OF VILLA OASIS 261 TSEUNG KONG WAI YUEN LONG NEW TERRITORIES",
        "FREE_FORMAT_ADDR_CHN": NaN,
        "DEV_NAME_ENG": "VILLA OASIS",
        "DEV_NAME_CHN": "翠麗豪園",
        "FIRST_REFERENCE_LOT_PRN": "C2925316"
    },
    {
        "PRN": "B1481522",
        "SEQ_NUM": 1,
        "BLOCK": "D",
        "FLOOR": "G",
        "FLAT": NaN,
        "HOUSE_NUM_PREFIX": NaN,
        "STREET_NAME_ENG": NaN,
        "STREET_NAME_CHN": NaN,
        "AREA_DESC_ENG": NaN,
        "AREA_DESC_CHN": NaN,
        "FREE_FORMAT_ADDR_ENG": "G/F AND THE GARDEN BLOCK D OF VILLA OASIS 263 TSEUNG KONG WAI YUEN LONG NEW TERRITORIES",
        "FREE_FORMAT_ADDR_CHN": NaN,
        "DEV_NAME_ENG": "VILLA OASIS",
        "DEV_NAME_CHN": "翠麗豪園",
        "FIRST_REFERENCE_LOT_PRN": "C2925309"
    },
    {
        "PRN": "B1481539",
        "SEQ_NUM": 1,
        "BLOCK": "D",
        "FLOOR": "1",
        "FLAT": NaN,
        "HOUSE_NUM_PREFIX": NaN,
        "STREET_NAME_ENG": NaN,
        "STREET_NAME_CHN": NaN,
        "AREA_DESC_ENG": NaN,
        "AREA_DESC_CHN": NaN,
        "FREE_FORMAT_ADDR_ENG": "1/F BLOCK D OF VILLA OASIS 263 TSEUNG KONG WAI YUEN LONG NEW TERRITORIES",
        "FREE_FORMAT_ADDR_CHN": NaN,
        "DEV_NAME_ENG": "VILLA OASIS",
        "DEV_NAME_CHN": "翠麗豪園",
        "FIRST_REFERENCE_LOT_PRN": "C2925309"
    },
    {
        "PRN": "B1481549",
        "SEQ_NUM": 1,
        "BLOCK": "D",
        "FLOOR": "2",
        "FLAT": NaN,
        "HOUSE_NUM_PREFIX": NaN,
        "STREET_NAME_ENG": NaN,
        "STREET_NAME_CHN": NaN,
        "AREA_DESC_ENG": NaN,
        "AREA_DESC_CHN": NaN,
        "FREE_FORMAT_ADDR_ENG": "2/F AND THE ROOF BLOCK D OF VILLA OASIS 263 TSEUNG KONG WAI YUEN LONG NEW TERRITORIES",
        "FREE_FORMAT_ADDR_CHN": NaN,
        "DEV_NAME_ENG": "VILLA OASIS",
        "DEV_NAME_CHN": "翠麗豪園",
        "FIRST_REFERENCE_LOT_PRN": "C2925309"
    },
    {
        "PRN": "B1481557",
        "SEQ_NUM": 1,
        "BLOCK": "K",
        "FLOOR": "1",
        "FLAT": NaN,
        "HOUSE_NUM_PREFIX": NaN,
        "STREET_NAME_ENG": NaN,
        "STREET_NAME_CHN": NaN,
        "AREA_DESC_ENG": NaN,
        "AREA_DESC_CHN": NaN,
        "FREE_FORMAT_ADDR_ENG": "1/F BLOCK K OF VILLA OASIS 256 TSEUNG KONG WAI YUEN LONG NEW TERRITORIES",
        "FREE_FORMAT_ADDR_CHN": NaN,
        "DEV_NAME_ENG": "VILLA OASIS",
        "DEV_NAME_CHN": "翠麗豪園",
        "FIRST_REFERENCE_LOT_PRN": "C5613414"
    },
    {
        "PRN": "B1481564",
        "SEQ_NUM": 1,
        "BLOCK": "N",
        "FLOOR": "G",
        "FLAT": NaN,
        "HOUSE_NUM_PREFIX": NaN,
        "STREET_NAME_ENG": NaN,
        "STREET_NAME_CHN": NaN,
        "AREA_DESC_ENG": NaN,
        "AREA_DESC_CHN": NaN,
        "FREE_FORMAT_ADDR_ENG": "G/F AND THE GARDEN BLOCK N OF VILLA OASIS 253 TSEUNG KONG WAI YUEN LONG NEW TERRITORIES",
        "FREE_FORMAT_ADDR_CHN": NaN,
        "DEV_NAME_ENG": "VILLA OASIS",
        "DEV_NAME_CHN": "翠麗豪園",
        "FIRST_REFERENCE_LOT_PRN": "C6500331"
    },
    {
        "PRN": "B1481577",
        "SEQ_NUM": 1,
        "BLOCK": "N",
        "FLOOR": "1",
        "FLAT": NaN,
        "HOUSE_NUM_PREFIX": NaN,
        "STREET_NAME_ENG": NaN,
        "STREET_NAME_CHN": NaN,
        "AREA_DESC_ENG": NaN,
        "AREA_DESC_CHN": NaN,
        "FREE_FORMAT_ADDR_ENG": "1/F BLOCK N OF VILLA OASIS 253 TSEUNG KONG WAI YUEN LONG NEW TERRITORIES",
        "FREE_FORMAT_ADDR_CHN": NaN,
        "DEV_NAME_ENG": "VILLA OASIS",
        "DEV_NAME_CHN": "翠麗豪園",
        "FIRST_REFERENCE_LOT_PRN": "C6500331"
    },
    {
        "PRN": "B1481585",
        "SEQ_NUM": 1,
        "BLOCK": "N",
        "FLOOR": "2",
        "FLAT": NaN,
        "HOUSE_NUM_PREFIX": NaN,
        "STREET_NAME_ENG": NaN,
        "STREET_NAME_CHN": NaN,
        "AREA_DESC_ENG": NaN,
        "AREA_DESC_CHN": NaN,
        "FREE_FORMAT_ADDR_ENG": "2/F AND THE ROOF BLOCK N OF VILLA OASIS 253 TSEUNG KONG WAI YUEN LONG NEW TERRITORIES",
        "FREE_FORMAT_ADDR_CHN": NaN,
        "DEV_NAME_ENG": "VILLA OASIS",
        "DEV_NAME_CHN": "翠麗豪園",
        "FIRST_REFERENCE_LOT_PRN": "C6500331"
    },
    {
        "PRN": "B1481649",
        "SEQ_NUM": 1,
        "BLOCK": "O",
        "FLOOR": "G",
        "FLAT": NaN,
        "HOUSE_NUM_PREFIX": NaN,
        "STREET_NAME_ENG": NaN,
        "STREET_NAME_CHN": NaN,
        "AREA_DESC_ENG": NaN,
        "AREA_DESC_CHN": NaN,
        "FREE_FORMAT_ADDR_ENG": "G/F AND THE GARDEN BLOCK O OF VILLA OASIS 252 TSEUNG KONG WAI YUEN LONG NEW TERRITORIES",
        "FREE_FORMAT_ADDR_CHN": NaN,
        "DEV_NAME_ENG": "VILLA OASIS",
        "DEV_NAME_CHN": "翠麗豪園",
        "FIRST_REFERENCE_LOT_PRN": "C5743022"
    },
    {
        "PRN": "B1481657",
        "SEQ_NUM": 1,
        "BLOCK": "O",
        "FLOOR": "1",
        "FLAT": NaN,
        "HOUSE_NUM_PREFIX": NaN,
        "STREET_NAME_ENG": NaN,
        "STREET_NAME_CHN": NaN,
        "AREA_DESC_ENG": NaN,
        "AREA_DESC_CHN": NaN,
        "FREE_FORMAT_ADDR_ENG": "1/F BLOCK O OF VILLA OASIS 252 TSEUNG KONG WAI YUEN LONG NEW TERRITORIES",
        "FREE_FORMAT_ADDR_CHN": NaN,
        "DEV_NAME_ENG": "VILLA OASIS",
        "DEV_NAME_CHN": "翠麗豪園",
        "FIRST_REFERENCE_LOT_PRN": "C5743022"
    },
    {
        "PRN": "B1481667",
        "SEQ_NUM": 1,
        "BLOCK": "O",
        "FLOOR": "2",
        "FLAT": NaN,
        "HOUSE_NUM_PREFIX": NaN,
        "STREET_NAME_ENG": NaN,
        "STREET_NAME_CHN": NaN,
        "AREA_DESC_ENG": NaN,
        "AREA_DESC_CHN": NaN,
        "FREE_FORMAT_ADDR_ENG": "2/F AND THE ROOF BLOCK O OF VILLA OASIS 252 TSEUNG KONG WAI YUEN LONG NEW TERRITORIES",
        "FREE_FORMAT_ADDR_CHN": NaN,
        "DEV_NAME_ENG": "VILLA OASIS",
        "DEV_NAME_CHN": "翠麗豪園",
        "FIRST_REFERENCE_LOT_PRN": "C5743022"
    },
    {
        "PRN": "B1486231",
        "SEQ_NUM": 1,
        "BLOCK": "M",
        "FLOOR": "1",
        "FLAT": NaN,
        "HOUSE_NUM_PREFIX": NaN,
        "STREET_NAME_ENG": NaN,
        "STREET_NAME_CHN": NaN,
        "AREA_DESC_ENG": NaN,
        "AREA_DESC_CHN": NaN,
        "FREE_FORMAT_ADDR_ENG": "1/F BLOCK M OF VILLA OASIS 254 TSEUNG KONG WAI YUEN LONG NEW TERRITORIES",
        "FREE_FORMAT_ADDR_CHN": NaN,
        "DEV_NAME_ENG": "VILLA OASIS",
        "DEV_NAME_CHN": "翠麗豪園",
        "FIRST_REFERENCE_LOT_PRN": "C5014955"
    },
    {
        "PRN": "B1486242",
        "SEQ_NUM": 1,
        "BLOCK": "M",
        "FLOOR": "2",
        "FLAT": NaN,
        "HOUSE_NUM_PREFIX": NaN,
        "STREET_NAME_ENG": NaN,
        "STREET_NAME_CHN": NaN,
        "AREA_DESC_ENG": NaN,
        "AREA_DESC_CHN": NaN,
        "FREE_FORMAT_ADDR_ENG": "2/F AND THE ROOF BLOCK M OF VILLA OASIS 254 TSEUNG KONG WAI YUEN LONG NEW TERRITORIES",
        "FREE_FORMAT_ADDR_CHN": NaN,
        "DEV_NAME_ENG": "VILLA OASIS",
        "DEV_NAME_CHN": "翠麗豪園",
        "FIRST_REFERENCE_LOT_PRN": "C5014955"
    },
    {
        "PRN": "B1486958",
        "SEQ_NUM": 1,
        "BLOCK": "E",
        "FLOOR": "G",
        "FLAT": NaN,
        "HOUSE_NUM_PREFIX": NaN,
        "STREET_NAME_ENG": NaN,
        "STREET_NAME_CHN": NaN,
        "AREA_DESC_ENG": NaN,
        "AREA_DESC_CHN": NaN,
        "FREE_FORMAT_ADDR_ENG": "G/F AND THE GARDEN BLOCK E OF VILLA OASIS 262 TSEUNG KONG WAI YUEN LONG NEW TERRITORIES",
        "FREE_FORMAT_ADDR_CHN": NaN,
        "DEV_NAME_ENG": "VILLA OASIS",
        "DEV_NAME_CHN": "翠麗豪園",
        "FIRST_REFERENCE_LOT_PRN": "C5831039"
    },
    {
        "PRN": "B1486963",
        "SEQ_NUM": 1,
        "BLOCK": "E",
        "FLOOR": "1",
        "FLAT": NaN,
        "HOUSE_NUM_PREFIX": NaN,
        "STREET_NAME_ENG": NaN,
        "STREET_NAME_CHN": NaN,
        "AREA_DESC_ENG": NaN,
        "AREA_DESC_CHN": NaN,
        "FREE_FORMAT_ADDR_ENG": "1/F BLOCK E OF VILLA OASIS 262 TSEUNG KONG WAI YUEN LONG NEW TERRITORIES",
        "FREE_FORMAT_ADDR_CHN": NaN,
        "DEV_NAME_ENG": "VILLA OASIS",
        "DEV_NAME_CHN": "翠麗豪園",
        "FIRST_REFERENCE_LOT_PRN": "C5831039"
    },
    {
        "PRN": "B1493255",
        "SEQ_NUM": 1,
        "BLOCK": "L",
        "FLOOR": "1",
        "FLAT": NaN,
        "HOUSE_NUM_PREFIX": NaN,
        "STREET_NAME_ENG": NaN,
        "STREET_NAME_CHN": NaN,
        "AREA_DESC_ENG": NaN,
        "AREA_DESC_CHN": NaN,
        "FREE_FORMAT_ADDR_ENG": "1/F BLOCK L OF VILLA OASIS 255 TSEUNG KONG WAI YUEN LONG NEW TERRITORIES",
        "FREE_FORMAT_ADDR_CHN": NaN,
        "DEV_NAME_ENG": "VILLA OASIS",
        "DEV_NAME_CHN": "翠麗豪園",
        "FIRST_REFERENCE_LOT_PRN": "C2925351"
    },
    {
        "PRN": "B1493262",
        "SEQ_NUM": 1,
        "BLOCK": "L",
        "FLOOR": "2",
        "FLAT": NaN,
        "HOUSE_NUM_PREFIX": NaN,
        "STREET_NAME_ENG": NaN,
        "STREET_NAME_CHN": NaN,
        "AREA_DESC_ENG": NaN,
        "AREA_DESC_CHN": NaN,
        "FREE_FORMAT_ADDR_ENG": "2/F AND THE ROOF BLOCK L OF VILLA OASIS 255 TSEUNG KONG WAI YUEN LONG NEW TERRITORIES",
        "FREE_FORMAT_ADDR_CHN": NaN,
        "DEV_NAME_ENG": "VILLA OASIS",
        "DEV_NAME_CHN": "翠麗豪園",
        "FIRST_REFERENCE_LOT_PRN": "C2925351"
    },
    {
        "PRN": "B1493369",
        "SEQ_NUM": 1,
        "BLOCK": "C",
        "FLOOR": "1",
        "FLAT": NaN,
        "HOUSE_NUM_PREFIX": NaN,
        "STREET_NAME_ENG": NaN,
        "STREET_NAME_CHN": NaN,
        "AREA_DESC_ENG": NaN,
        "AREA_DESC_CHN": NaN,
        "FREE_FORMAT_ADDR_ENG": "1/F BLOCK C OF VILLA OASIS 264 TSEUNG KONG WAI YUEN LONG NEW TERRITORIES",
        "FREE_FORMAT_ADDR_CHN": NaN,
        "DEV_NAME_ENG": "VILLA OASIS",
        "DEV_NAME_CHN": "翠麗豪園",
        "FIRST_REFERENCE_LOT_PRN": "C2925292"
    },
    {
        "PRN": "B1493375",
        "SEQ_NUM": 1,
        "BLOCK": "C",
        "FLOOR": "2",
        "FLAT": NaN,
        "HOUSE_NUM_PREFIX": NaN,
        "STREET_NAME_ENG": NaN,
        "STREET_NAME_CHN": NaN,
        "AREA_DESC_ENG": NaN,
        "AREA_DESC_CHN": NaN,
        "FREE_FORMAT_ADDR_ENG": "2/F AND THE ROOF BLOCK C OF VILLA OASIS 264 TSEUNG KONG WAI YUEN LONG NEW TERRITORIES",
        "FREE_FORMAT_ADDR_CHN": NaN,
        "DEV_NAME_ENG": "VILLA OASIS",
        "DEV_NAME_CHN": "翠麗豪園",
        "FIRST_REFERENCE_LOT_PRN": "C2925292"
    },
    {
        "PRN": "B1496589",
        "SEQ_NUM": 1,
        "BLOCK": "U",
        "FLOOR": "G",
        "FLAT": NaN,
        "HOUSE_NUM_PREFIX": NaN,
        "STREET_NAME_ENG": NaN,
        "STREET_NAME_CHN": NaN,
        "AREA_DESC_ENG": NaN,
        "AREA_DESC_CHN": NaN,
        "FREE_FORMAT_ADDR_ENG": "G/F AND THE GARDEN BLOCK U OF VILLA OASIS 268 TSEUNG KONG WAI YUEN LONG NEW TERRITORIES",
        "FREE_FORMAT_ADDR_CHN": NaN,
        "DEV_NAME_ENG": "VILLA OASIS",
        "DEV_NAME_CHN": "翠麗豪園",
        "FIRST_REFERENCE_LOT_PRN": "C2925403"
    },
    {
        "PRN": "B1496594",
        "SEQ_NUM": 1,
        "BLOCK": "U",
        "FLOOR": "1",
        "FLAT": NaN,
        "HOUSE_NUM_PREFIX": NaN,
        "STREET_NAME_ENG": NaN,
        "STREET_NAME_CHN": NaN,
        "AREA_DESC_ENG": NaN,
        "AREA_DESC_CHN": NaN,
        "FREE_FORMAT_ADDR_ENG": "1/F BLOCK U OF VILLA OASIS 268 TSEUNG KONG WAI YUEN LONG NEW TERRITORIES",
        "FREE_FORMAT_ADDR_CHN": NaN,
        "DEV_NAME_ENG": "VILLA OASIS",
        "DEV_NAME_CHN": "翠麗豪園",
        "FIRST_REFERENCE_LOT_PRN": "C2925403"
    },
    {
        "PRN": "B1496603",
        "SEQ_NUM": 1,
        "BLOCK": "U",
        "FLOOR": "2",
        "FLAT": NaN,
        "HOUSE_NUM_PREFIX": NaN,
        "STREET_NAME_ENG": NaN,
        "STREET_NAME_CHN": NaN,
        "AREA_DESC_ENG": NaN,
        "AREA_DESC_CHN": NaN,
        "FREE_FORMAT_ADDR_ENG": "2/F AND THE ROOF BLOCK U OF VILLA OASIS 268 TSEUNG KONG WAI YUEN LONG NEW TERRITORIES",
        "FREE_FORMAT_ADDR_CHN": NaN,
        "DEV_NAME_ENG": "VILLA OASIS",
        "DEV_NAME_CHN": "翠麗豪園",
        "FIRST_REFERENCE_LOT_PRN": "C2925403"
    },
    {
        "PRN": "B1498027",
        "SEQ_NUM": 1,
        "BLOCK": "H",
        "FLOOR": "G",
        "FLAT": NaN,
        "HOUSE_NUM_PREFIX": NaN,
        "STREET_NAME_ENG": NaN,
        "STREET_NAME_CHN": NaN,
        "AREA_DESC_ENG": NaN,
        "AREA_DESC_CHN": NaN,
        "FREE_FORMAT_ADDR_ENG": "G/F AND THE GARDEN BLOCK H OF VILLA OASIS 259 TSEUNG KONG WAI YUEN LONG NEW TERRITORIES",
        "FREE_FORMAT_ADDR_CHN": NaN,
        "DEV_NAME_ENG": "VILLA OASIS",
        "DEV_NAME_CHN": "翠麗豪園",
        "FIRST_REFERENCE_LOT_PRN": "C2925329"
    },
    {
        "PRN": "B1498103",
        "SEQ_NUM": 1,
        "BLOCK": "H",
        "FLOOR": "1",
        "FLAT": NaN,
        "HOUSE_NUM_PREFIX": NaN,
        "STREET_NAME_ENG": NaN,
        "STREET_NAME_CHN": NaN,
        "AREA_DESC_ENG": NaN,
        "AREA_DESC_CHN": NaN,
        "FREE_FORMAT_ADDR_ENG": "1/F BLOCK H OF VILLA OASIS 259 TSEUNG KONG WAI YUEN LONG NEW TERRITORIES",
        "FREE_FORMAT_ADDR_CHN": NaN,
        "DEV_NAME_ENG": "VILLA OASIS",
        "DEV_NAME_CHN": "翠麗豪園",
        "FIRST_REFERENCE_LOT_PRN": "C2925329"
    },
    {
        "PRN": "B6008286",
        "SEQ_NUM": 1,
        "BLOCK": "C",
        "FLOOR": "G",
        "FLAT": NaN,
        "HOUSE_NUM_PREFIX": NaN,
        "STREET_NAME_ENG": NaN,
        "STREET_NAME_CHN": NaN,
        "AREA_DESC_ENG": NaN,
        "AREA_DESC_CHN": NaN,
        "FREE_FORMAT_ADDR_ENG": "G/F AND THE GARDEN BLOCK C OF VILLA OASIS 264 TSEUNG KONG WAI YUEN LONG NEW TERRITORIES",
        "FREE_FORMAT_ADDR_CHN": NaN,
        "DEV_NAME_ENG": "VILLA OASIS",
        "DEV_NAME_CHN": "翠麗豪園",
        "FIRST_REFERENCE_LOT_PRN": "C2925292"
    },
    {
        "PRN": "B7496948",
        "SEQ_NUM": 1,
        "BLOCK": "M",
        "FLOOR": "G",
        "FLAT": NaN,
        "HOUSE_NUM_PREFIX": NaN,
        "STREET_NAME_ENG": NaN,
        "STREET_NAME_CHN": NaN,
        "AREA_DESC_ENG": NaN,
        "AREA_DESC_CHN": NaN,
        "FREE_FORMAT_ADDR_ENG": "G/F AND THE GARDEN BLOCK M OF VILLA OASIS 254 TSEUNG KONG WAI YUEN LONG NEW TERRITORIES",
        "FREE_FORMAT_ADDR_CHN": NaN,
        "DEV_NAME_ENG": "VILLA OASIS",
        "DEV_NAME_CHN": "翠麗豪園",
        "FIRST_REFERENCE_LOT_PRN": "C5014955"
    },
    {
        "PRN": "B8022043",
        "SEQ_NUM": 1,
        "BLOCK": "R",
        "FLOOR": "2",
        "FLAT": NaN,
        "HOUSE_NUM_PREFIX": NaN,
        "STREET_NAME_ENG": NaN,
        "STREET_NAME_CHN": NaN,
        "AREA_DESC_ENG": NaN,
        "AREA_DESC_CHN": NaN,
        "FREE_FORMAT_ADDR_ENG": "2/F AND THE ROOF BLOCK R OF VILLA OASIS 271 TSEUNG KONG WAI YUEN LONG NEW TERRITORIES",
        "FREE_FORMAT_ADDR_CHN": NaN,
        "DEV_NAME_ENG": "VILLA OASIS",
        "DEV_NAME_CHN": "翠麗豪園",
        "FIRST_REFERENCE_LOT_PRN": "C2925371"
    },
    {
        "PRN": "C0177888",
        "SEQ_NUM": 1,
        "BLOCK": "F",
        "FLOOR": "1",
        "FLAT": NaN,
        "HOUSE_NUM_PREFIX": NaN,
        "STREET_NAME_ENG": NaN,
        "STREET_NAME_CHN": NaN,
        "AREA_DESC_ENG": NaN,
        "AREA_DESC_CHN": NaN,
        "FREE_FORMAT_ADDR_ENG": "1/F BLOCK F OF VILLA OASIS 261 TSEUNG KONG WAI YUEN LONG NEW TERRITORIES",
        "FREE_FORMAT_ADDR_CHN": NaN,
        "DEV_NAME_ENG": "VILLA OASIS",
        "DEV_NAME_CHN": "翠麗豪園",
        "FIRST_REFERENCE_LOT_PRN": "C2925316"
    },
    {
        "PRN": "C0177927",
        "SEQ_NUM": 1,
        "BLOCK": "K",
        "FLOOR": "2",
        "FLAT": NaN,
        "HOUSE_NUM_PREFIX": NaN,
        "STREET_NAME_ENG": NaN,
        "STREET_NAME_CHN": NaN,
        "AREA_DESC_ENG": NaN,
        "AREA_DESC_CHN": NaN,
        "FREE_FORMAT_ADDR_ENG": "2/F AND THE ROOF BLOCK K OF VILLA OASIS 256 TSEUNG KONG WAI YUEN LONG NEW TERRITORIES",
        "FREE_FORMAT_ADDR_CHN": NaN,
        "DEV_NAME_ENG": "VILLA OASIS",
        "DEV_NAME_CHN": "翠麗豪園",
        "FIRST_REFERENCE_LOT_PRN": "C5613414"
    },
    {
        "PRN": "C0178675",
        "SEQ_NUM": 1,
        "BLOCK": "E",
        "FLOOR": "2",
        "FLAT": NaN,
        "HOUSE_NUM_PREFIX": NaN,
        "STREET_NAME_ENG": NaN,
        "STREET_NAME_CHN": NaN,
        "AREA_DESC_ENG": NaN,
        "AREA_DESC_CHN": NaN,
        "FREE_FORMAT_ADDR_ENG": "2/F AND THE ROOF BLOCK E OF VILLA OASIS 262 TSEUNG KONG WAI YUEN LONG NEW TERRITORIES",
        "FREE_FORMAT_ADDR_CHN": NaN,
        "DEV_NAME_ENG": "VILLA OASIS",
        "DEV_NAME_CHN": "翠麗豪園",
        "FIRST_REFERENCE_LOT_PRN": "C5831039"
    },
    {
        "PRN": "C0179538",
        "SEQ_NUM": 1,
        "BLOCK": "L",
        "FLOOR": "G",
        "FLAT": NaN,
        "HOUSE_NUM_PREFIX": NaN,
        "STREET_NAME_ENG": NaN,
        "STREET_NAME_CHN": NaN,
        "AREA_DESC_ENG": NaN,
        "AREA_DESC_CHN": NaN,
        "FREE_FORMAT_ADDR_ENG": "G/F AND THE GARDEN BLOCK L OF VILLA OASIS 255 TSEUNG KONG WAI YUEN LONG NEW TERRITORIES",
        "FREE_FORMAT_ADDR_CHN": NaN,
        "DEV_NAME_ENG": "VILLA OASIS",
        "DEV_NAME_CHN": "翠麗豪園",
        "FIRST_REFERENCE_LOT_PRN": "C2925351"
    },
    {
        "PRN": "C0704026",
        "SEQ_NUM": 1,
        "BLOCK": "K",
        "FLOOR": "G",
        "FLAT": NaN,
        "HOUSE_NUM_PREFIX": NaN,
        "STREET_NAME_ENG": NaN,
        "STREET_NAME_CHN": NaN,
        "AREA_DESC_ENG": NaN,
        "AREA_DESC_CHN": NaN,
        "FREE_FORMAT_ADDR_ENG": "G/F AND THE GARDEN BLOCK K OF VILLA OASIS 256 TSEUNG KONG WAI YUEN LONG NEW TERRITORIES",
        "FREE_FORMAT_ADDR_CHN": NaN,
        "DEV_NAME_ENG": "VILLA OASIS",
        "DEV_NAME_CHN": "翠麗豪園",
        "FIRST_REFERENCE_LOT_PRN": "C5613414"
    },
    {
        "PRN": "C0704173",
        "SEQ_NUM": 1,
        "BLOCK": "R",
        "FLOOR": "G",
        "FLAT": NaN,
        "HOUSE_NUM_PREFIX": NaN,
        "STREET_NAME_ENG": NaN,
        "STREET_NAME_CHN": NaN,
        "AREA_DESC_ENG": NaN,
        "AREA_DESC_CHN": NaN,
        "FREE_FORMAT_ADDR_ENG": "G/F AND THE GARDEN BLOCK R OF VILLA OASIS 271 TSEUNG KONG WAI YUEN LONG NEW TERRITORIES",
        "FREE_FORMAT_ADDR_CHN": NaN,
        "DEV_NAME_ENG": "VILLA OASIS",
        "DEV_NAME_CHN": "翠麗豪園",
        "FIRST_REFERENCE_LOT_PRN": "C2925371"
    },
    {
        "PRN": "C0704186",
        "SEQ_NUM": 1,
        "BLOCK": "R",
        "FLOOR": "1",
        "FLAT": NaN,
        "HOUSE_NUM_PREFIX": NaN,
        "STREET_NAME_ENG": NaN,
        "STREET_NAME_CHN": NaN,
        "AREA_DESC_ENG": NaN,
        "AREA_DESC_CHN": NaN,
        "FREE_FORMAT_ADDR_ENG": "1/F BLOCK R OF VILLA OASIS 271 TSEUNG KONG WAI YUEN LONG NEW TERRITORIES",
        "FREE_FORMAT_ADDR_CHN": NaN,
        "DEV_NAME_ENG": "VILLA OASIS",
        "DEV_NAME_CHN": "翠麗豪園",
        "FIRST_REFERENCE_LOT_PRN": "C2925371"
    },
    {
        "PRN": "C1369906",
        "SEQ_NUM": 1,
        "BLOCK": "H",
        "FLOOR": "2",
        "FLAT": NaN,
        "HOUSE_NUM_PREFIX": NaN,
        "STREET_NAME_ENG": NaN,
        "STREET_NAME_CHN": NaN,
        "AREA_DESC_ENG": NaN,
        "AREA_DESC_CHN": NaN,
        "FREE_FORMAT_ADDR_ENG": "2/F AND THE ROOF BLOCK H OF VILLA OASIS 259 TSEUNG KONG WAI YUEN LONG NEW TERRITORIES",
        "FREE_FORMAT_ADDR_CHN": NaN,
        "DEV_NAME_ENG": "VILLA OASIS",
        "DEV_NAME_CHN": "翠麗豪園",
        "FIRST_REFERENCE_LOT_PRN": "C2925329"
    },
    {
        "PRN": "D0131523",
        "SEQ_NUM": 1,
        "BLOCK": "S",
        "FLOOR": "1",
        "FLAT": NaN,
        "HOUSE_NUM_PREFIX": NaN,
        "STREET_NAME_ENG": NaN,
        "STREET_NAME_CHN": NaN,
        "AREA_DESC_ENG": NaN,
        "AREA_DESC_CHN": NaN,
        "FREE_FORMAT_ADDR_ENG": "FIRST FLOOR OF BLOCK S VILLA OASIS NO.266 TSEUNG KONG WAI YUEN LONG NEW TERRITORIES",
        "FREE_FORMAT_ADDR_CHN": NaN,
        "DEV_NAME_ENG": "VILLA OASIS",
        "DEV_NAME_CHN": "翠麗豪園",
        "FIRST_REFERENCE_LOT_PRN": "C2925386"
    },
    {
        "PRN": "D0131534",
        "SEQ_NUM": 1,
        "BLOCK": "S",
        "FLOOR": "2",
        "FLAT": NaN,
        "HOUSE_NUM_PREFIX": NaN,
        "STREET_NAME_ENG": NaN,
        "STREET_NAME_CHN": NaN,
        "AREA_DESC_ENG": NaN,
        "AREA_DESC_CHN": NaN,
        "FREE_FORMAT_ADDR_ENG": "SECOND FLOOR AND THE ROOF OF BLOCK S VILLA OASIS NO.266 TSEUNG KONG WAI YUEN LONG NEW TERRITORIES",
        "FREE_FORMAT_ADDR_CHN": NaN,
        "DEV_NAME_ENG": "VILLA OASIS",
        "DEV_NAME_CHN": "翠麗豪園",
        "FIRST_REFERENCE_LOT_PRN": "C2925386"
    },
    {
        "PRN": "D0131548",
        "SEQ_NUM": 1,
        "BLOCK": "S",
        "FLOOR": "G",
        "FLAT": NaN,
        "HOUSE_NUM_PREFIX": NaN,
        "STREET_NAME_ENG": NaN,
        "STREET_NAME_CHN": NaN,
        "AREA_DESC_ENG": NaN,
        "AREA_DESC_CHN": NaN,
        "FREE_FORMAT_ADDR_ENG": "GROUND FLOOR AND THE GARDEN OF BLOCK S VILLA OASIS NO.266 TSEUNG KONG WAI YUEN LONG NEW TERRITORIES",
        "FREE_FORMAT_ADDR_CHN": NaN,
        "DEV_NAME_ENG": "VILLA OASIS",
        "DEV_NAME_CHN": "翠麗豪園",
        "FIRST_REFERENCE_LOT_PRN": "C2925386"
    },
    {
        "PRN": "D0139614",
        "SEQ_NUM": 1,
        "BLOCK": "V",
        "FLOOR": "1",
        "FLAT": NaN,
        "HOUSE_NUM_PREFIX": NaN,
        "STREET_NAME_ENG": NaN,
        "STREET_NAME_CHN": NaN,
        "AREA_DESC_ENG": NaN,
        "AREA_DESC_CHN": NaN,
        "FREE_FORMAT_ADDR_ENG": "FIRST FLOOR BLOCK V OF VILLA OASIS NO.269 TSEUNG KONG WAI YUEN LONG NEW TERRITORIES",
        "FREE_FORMAT_ADDR_CHN": NaN,
        "DEV_NAME_ENG": "VILLA OASIS",
        "DEV_NAME_CHN": "翠麗豪園",
        "FIRST_REFERENCE_LOT_PRN": "C5613422"
    },
    {
        "PRN": "D0139624",
        "SEQ_NUM": 1,
        "BLOCK": "V",
        "FLOOR": "2",
        "FLAT": NaN,
        "HOUSE_NUM_PREFIX": NaN,
        "STREET_NAME_ENG": NaN,
        "STREET_NAME_CHN": NaN,
        "AREA_DESC_ENG": NaN,
        "AREA_DESC_CHN": NaN,
        "FREE_FORMAT_ADDR_ENG": "SECOND FLOOR AND THE ROOF BLOCK V OF VILLA OASIS NO.269 TSEUNG KONG WAI YUEN LONG NEW TERRITORIES",
        "FREE_FORMAT_ADDR_CHN": NaN,
        "DEV_NAME_ENG": "VILLA OASIS",
        "DEV_NAME_CHN": "翠麗豪園",
        "FIRST_REFERENCE_LOT_PRN": "C5613422"
    },
    {
        "PRN": "D0139638",
        "SEQ_NUM": 1,
        "BLOCK": "V",
        "FLOOR": "G",
        "FLAT": NaN,
        "HOUSE_NUM_PREFIX": NaN,
        "STREET_NAME_ENG": NaN,
        "STREET_NAME_CHN": NaN,
        "AREA_DESC_ENG": NaN,
        "AREA_DESC_CHN": NaN,
        "FREE_FORMAT_ADDR_ENG": "GROUND FLOOR AND THE GARDEN BLOCK V OF VILLA OASIS NO.269 TSEUNG KONG WAI YUEN LONG NEW TERRITORIES",
        "FREE_FORMAT_ADDR_CHN": NaN,
        "DEV_NAME_ENG": "VILLA OASIS",
        "DEV_NAME_CHN": "翠麗豪園",
        "FIRST_REFERENCE_LOT_PRN": "C5613422"
    },
    {
        "PRN": "D0140037",
        "SEQ_NUM": 1,
        "BLOCK": "G",
        "FLOOR": "1",
        "FLAT": NaN,
        "HOUSE_NUM_PREFIX": NaN,
        "STREET_NAME_ENG": NaN,
        "STREET_NAME_CHN": NaN,
        "AREA_DESC_ENG": NaN,
        "AREA_DESC_CHN": NaN,
        "FREE_FORMAT_ADDR_ENG": "FIRST FLOOR BLOCK G OF VILLA OASIS NO.260 TSEUNG KONG WAI YUEN LONG NEW TERRITORIES",
        "FREE_FORMAT_ADDR_CHN": NaN,
        "DEV_NAME_ENG": "VILLA OASIS",
        "DEV_NAME_CHN": "翠麗豪園",
        "FIRST_REFERENCE_LOT_PRN": "C6055289"
    },
    {
        "PRN": "D0140043",
        "SEQ_NUM": 1,
        "BLOCK": "G",
        "FLOOR": "2",
        "FLAT": NaN,
        "HOUSE_NUM_PREFIX": NaN,
        "STREET_NAME_ENG": NaN,
        "STREET_NAME_CHN": NaN,
        "AREA_DESC_ENG": NaN,
        "AREA_DESC_CHN": NaN,
        "FREE_FORMAT_ADDR_ENG": "SECOND FLOOR AND THE ROOF BLOCK G OF VILLA OASIS NO.260 TSEUNG KONG WAI YUEN LONG NEW TERRITORIES",
        "FREE_FORMAT_ADDR_CHN": NaN,
        "DEV_NAME_ENG": "VILLA OASIS",
        "DEV_NAME_CHN": "翠麗豪園",
        "FIRST_REFERENCE_LOT_PRN": "C6055289"
    },
    {
        "PRN": "D0140054",
        "SEQ_NUM": 1,
        "BLOCK": "G",
        "FLOOR": "G",
        "FLAT": NaN,
        "HOUSE_NUM_PREFIX": NaN,
        "STREET_NAME_ENG": NaN,
        "STREET_NAME_CHN": NaN,
        "AREA_DESC_ENG": NaN,
        "AREA_DESC_CHN": NaN,
        "FREE_FORMAT_ADDR_ENG": "GROUND FLOOR AND THE GARDEN BLOCK G OF VILLA OASIS NO.260 TSEUNG KONG WAI YUEN LONG NEW TERRITORIES",
        "FREE_FORMAT_ADDR_CHN": NaN,
        "DEV_NAME_ENG": "VILLA OASIS",
        "DEV_NAME_CHN": "翠麗豪園",
        "FIRST_REFERENCE_LOT_PRN": "C6055289"
    },
    {
        "PRN": "D0327310",
        "SEQ_NUM": 1,
        "BLOCK": "T",
        "FLOOR": "1",
        "FLAT": NaN,
        "HOUSE_NUM_PREFIX": NaN,
        "STREET_NAME_ENG": NaN,
        "STREET_NAME_CHN": NaN,
        "AREA_DESC_ENG": NaN,
        "AREA_DESC_CHN": NaN,
        "FREE_FORMAT_ADDR_ENG": "FIRST FLOOR BLOCK T OF VILLA OASIS NO. 267 TSEUNG KONG WAI YUEN LONG NEW TERRITORIES",
        "FREE_FORMAT_ADDR_CHN": NaN,
        "DEV_NAME_ENG": "VILLA OASIS",
        "DEV_NAME_CHN": "翠麗豪園",
        "FIRST_REFERENCE_LOT_PRN": "C2925390"
    },
    {
        "PRN": "D0327324",
        "SEQ_NUM": 1,
        "BLOCK": "T",
        "FLOOR": "2",
        "FLAT": NaN,
        "HOUSE_NUM_PREFIX": NaN,
        "STREET_NAME_ENG": NaN,
        "STREET_NAME_CHN": NaN,
        "AREA_DESC_ENG": NaN,
        "AREA_DESC_CHN": NaN,
        "FREE_FORMAT_ADDR_ENG": "SECOND FLOOR AND THE ROOF BLOCK T OF VILLA OASIS NO. 267 TSEUNG KONG WAI YUEN LONG NEW TERRITORIES",
        "FREE_FORMAT_ADDR_CHN": NaN,
        "DEV_NAME_ENG": "VILLA OASIS",
        "DEV_NAME_CHN": "翠麗豪園",
        "FIRST_REFERENCE_LOT_PRN": "C2925390"
    },
    {
        "PRN": "D0327338",
        "SEQ_NUM": 1,
        "BLOCK": "T",
        "FLOOR": "G",
        "FLAT": NaN,
        "HOUSE_NUM_PREFIX": NaN,
        "STREET_NAME_ENG": NaN,
        "STREET_NAME_CHN": NaN,
        "AREA_DESC_ENG": NaN,
        "AREA_DESC_CHN": NaN,
        "FREE_FORMAT_ADDR_ENG": "GROUND FLOOR AND THE GARDEN BLOCK T OF VILLA OASIS NO. 267 TSEUNG KONG WAI YUEN LONG NEW TERRITORIES",
        "FREE_FORMAT_ADDR_CHN": NaN,
        "DEV_NAME_ENG": "VILLA OASIS",
        "DEV_NAME_CHN": "翠麗豪園",
        "FIRST_REFERENCE_LOT_PRN": "C2925390"
    },
    {
        "PRN": "D1000803",
        "SEQ_NUM": 1,
        "BLOCK": "I",
        "FLOOR": "G",
        "FLAT": NaN,
        "HOUSE_NUM_PREFIX": NaN,
        "STREET_NAME_ENG": NaN,
        "STREET_NAME_CHN": NaN,
        "AREA_DESC_ENG": NaN,
        "AREA_DESC_CHN": NaN,
        "FREE_FORMAT_ADDR_ENG": "GROUND FLOOR AND THE GARDEN BLOCK I OF VILLA OASIS NO. 258 TSEUNG KONG WAI YUEN LONG NEW TERRITORIES",
        "FREE_FORMAT_ADDR_CHN": NaN,
        "DEV_NAME_ENG": "VILLA OASIS",
        "DEV_NAME_CHN": "翠麗豪園",
        "FIRST_REFERENCE_LOT_PRN": "C2925334"
    },
    {
        "PRN": "D1001025",
        "SEQ_NUM": 1,
        "BLOCK": "I",
        "FLOOR": "2",
        "FLAT": NaN,
        "HOUSE_NUM_PREFIX": NaN,
        "STREET_NAME_ENG": NaN,
        "STREET_NAME_CHN": NaN,
        "AREA_DESC_ENG": NaN,
        "AREA_DESC_CHN": NaN,
        "FREE_FORMAT_ADDR_ENG": "SECOND FLOOR AND THE ROOF BLOCK I OF VILLA OASIS NO.258 TSEUNG KONG WAI YUEN LONG NEW TERRITORIES",
        "FREE_FORMAT_ADDR_CHN": NaN,
        "DEV_NAME_ENG": "VILLA OASIS",
        "DEV_NAME_CHN": "翠麗豪園",
        "FIRST_REFERENCE_LOT_PRN": "C2925334"
    },
    {
        "PRN": "D1013067",
        "SEQ_NUM": 1,
        "BLOCK": "J",
        "FLOOR": "1",
        "FLAT": NaN,
        "HOUSE_NUM_PREFIX": NaN,
        "STREET_NAME_ENG": NaN,
        "STREET_NAME_CHN": NaN,
        "AREA_DESC_ENG": NaN,
        "AREA_DESC_CHN": NaN,
        "FREE_FORMAT_ADDR_ENG": "FIRST FLOOR BLOCK J OF VILLA OASIS NO.257 TSEUNG KONG WAI YUEN LONG NEW TERRITORIES",
        "FREE_FORMAT_ADDR_CHN": NaN,
        "DEV_NAME_ENG": "VILLA OASIS",
        "DEV_NAME_CHN": "翠麗豪園",
        "FIRST_REFERENCE_LOT_PRN": "C2925342"
    },
    {
        "PRN": "D1013075",
        "SEQ_NUM": 1,
        "BLOCK": "J",
        "FLOOR": "2",
        "FLAT": NaN,
        "HOUSE_NUM_PREFIX": NaN,
        "STREET_NAME_ENG": NaN,
        "STREET_NAME_CHN": NaN,
        "AREA_DESC_ENG": NaN,
        "AREA_DESC_CHN": NaN,
        "FREE_FORMAT_ADDR_ENG": "SECOND FLOOR AND THE ROOF BLOCK J OF VILLA OASIS NO.257 TSEUNG KONG WAI YUEN LONG NEW TERRITORIES",
        "FREE_FORMAT_ADDR_CHN": NaN,
        "DEV_NAME_ENG": "VILLA OASIS",
        "DEV_NAME_CHN": "翠麗豪園",
        "FIRST_REFERENCE_LOT_PRN": "C2925342"
    },
    {
        "PRN": "D1013085",
        "SEQ_NUM": 1,
        "BLOCK": "J",
        "FLOOR": "G",
        "FLAT": NaN,
        "HOUSE_NUM_PREFIX": NaN,
        "STREET_NAME_ENG": NaN,
        "STREET_NAME_CHN": NaN,
        "AREA_DESC_ENG": NaN,
        "AREA_DESC_CHN": NaN,
        "FREE_FORMAT_ADDR_ENG": "GROUND FLOOR AND THE GARDEN BLOCK J OF VILLA OASIS NO.257 TSEUNG KONG WAI YUEN LONG NEW TERRITORIES",
        "FREE_FORMAT_ADDR_CHN": NaN,
        "DEV_NAME_ENG": "VILLA OASIS",
        "DEV_NAME_CHN": "翠麗豪園",
        "FIRST_REFERENCE_LOT_PRN": "C2925342"
    },
    {
        "PRN": "D1175184",
        "SEQ_NUM": 1,
        "BLOCK": "B",
        "FLOOR": "1",
        "FLAT": NaN,
        "HOUSE_NUM_PREFIX": NaN,
        "STREET_NAME_ENG": NaN,
        "STREET_NAME_CHN": NaN,
        "AREA_DESC_ENG": NaN,
        "AREA_DESC_CHN": NaN,
        "FREE_FORMAT_ADDR_ENG": "FIRST FLOOR BLOCK B OF VILLA OASIS NO. 265 TSEUNG KONG WAI YUEN LONG NEW TERRITORIES",
        "FREE_FORMAT_ADDR_CHN": NaN,
        "DEV_NAME_ENG": "VILLA OASIS",
        "DEV_NAME_CHN": "翠麗豪園",
        "FIRST_REFERENCE_LOT_PRN": "C5743012"
    },
    {
        "PRN": "D1175191",
        "SEQ_NUM": 1,
        "BLOCK": "B",
        "FLOOR": "2",
        "FLAT": NaN,
        "HOUSE_NUM_PREFIX": NaN,
        "STREET_NAME_ENG": NaN,
        "STREET_NAME_CHN": NaN,
        "AREA_DESC_ENG": NaN,
        "AREA_DESC_CHN": NaN,
        "FREE_FORMAT_ADDR_ENG": "SECOND FLOOR AND THE ROOF BLOCK B OF VILLA OASIS NO. 265 TSEUNG KONG WAI YUEN LONG NEW TERRITORIES",
        "FREE_FORMAT_ADDR_CHN": NaN,
        "DEV_NAME_ENG": "VILLA OASIS",
        "DEV_NAME_CHN": "翠麗豪園",
        "FIRST_REFERENCE_LOT_PRN": "C5743012"
    },
    {
        "PRN": "D1175206",
        "SEQ_NUM": 1,
        "BLOCK": "B",
        "FLOOR": "G",
        "FLAT": NaN,
        "HOUSE_NUM_PREFIX": NaN,
        "STREET_NAME_ENG": NaN,
        "STREET_NAME_CHN": NaN,
        "AREA_DESC_ENG": NaN,
        "AREA_DESC_CHN": NaN,
        "FREE_FORMAT_ADDR_ENG": "GROUND FLOOR AND THE GARDEN BLOCK B OF VILLA OASIS NO. 265 TSEUNG KONG WAI YUEN LONG NEW TERRITORIES",
        "FREE_FORMAT_ADDR_CHN": NaN,
        "DEV_NAME_ENG": "VILLA OASIS",
        "DEV_NAME_CHN": "翠麗豪園",
        "FIRST_REFERENCE_LOT_PRN": "C5743012"
    },
    {
        "PRN": "D2031907",
        "SEQ_NUM": 1,
        "BLOCK": "Y",
        "FLOOR": "2",
        "FLAT": NaN,
        "HOUSE_NUM_PREFIX": NaN,
        "STREET_NAME_ENG": NaN,
        "STREET_NAME_CHN": NaN,
        "AREA_DESC_ENG": NaN,
        "AREA_DESC_CHN": NaN,
        "FREE_FORMAT_ADDR_ENG": "SECOND FLOOR AND THE ROOF BLOCK Y OF VILLA OASIS NO. 275 TSEUNG KONG WAI HA TSUEN YUEN LONG NEW TERRITORIES",
        "FREE_FORMAT_ADDR_CHN": NaN,
        "DEV_NAME_ENG": "VILLA OASIS",
        "DEV_NAME_CHN": "翠麗豪園",
        "FIRST_REFERENCE_LOT_PRN": "C2925423"
    },
    {
        "PRN": "D2031919",
        "SEQ_NUM": 1,
        "BLOCK": "Y",
        "FLOOR": "G",
        "FLAT": NaN,
        "HOUSE_NUM_PREFIX": NaN,
        "STREET_NAME_ENG": NaN,
        "STREET_NAME_CHN": NaN,
        "AREA_DESC_ENG": NaN,
        "AREA_DESC_CHN": NaN,
        "FREE_FORMAT_ADDR_ENG": "GROUND FLOOR AND THE GARDEN AND FIRST FLOOR BLOCK Y OF VILLA OASIS NO. 275 TSEUNG KONG WAI HA TSUEN YUEN LONG NEW TERRITORIES",
        "FREE_FORMAT_ADDR_CHN": NaN,
        "DEV_NAME_ENG": "VILLA OASIS",
        "DEV_NAME_CHN": "翠麗豪園",
        "FIRST_REFERENCE_LOT_PRN": "C2925423"
    },
    {
        "PRN": "D2032205",
        "SEQ_NUM": 1,
        "BLOCK": "AA",
        "FLOOR": "2",
        "FLAT": NaN,
        "HOUSE_NUM_PREFIX": NaN,
        "STREET_NAME_ENG": NaN,
        "STREET_NAME_CHN": NaN,
        "AREA_DESC_ENG": NaN,
        "AREA_DESC_CHN": NaN,
        "FREE_FORMAT_ADDR_ENG": "SECOND FLOOR AND THE ROOF BLOCK AA OF VILLA OASIS NO. 276 TSEUNG KONG WAI HA TSUEN YUEN LONG NEW TERRITORIES",
        "FREE_FORMAT_ADDR_CHN": "新界元朗廈村 祥降圍 276 號 翠麗豪園 AA 座 2 字樓連天台",
        "DEV_NAME_ENG": "VILLA OASIS",
        "DEV_NAME_CHN": "翠麗豪園",
        "FIRST_REFERENCE_LOT_PRN": "C2925288"
    },
    {
        "PRN": "D2032210",
        "SEQ_NUM": 1,
        "BLOCK": "AA",
        "FLOOR": "G",
        "FLAT": NaN,
        "HOUSE_NUM_PREFIX": NaN,
        "STREET_NAME_ENG": NaN,
        "STREET_NAME_CHN": NaN,
        "AREA_DESC_ENG": NaN,
        "AREA_DESC_CHN": NaN,
        "FREE_FORMAT_ADDR_ENG": "GROUND FLOOR AND THE GARDEN AND FIRST FLOOR BLOCK AA OF VILLA OASIS NO. 276 TSEUNG KONG WAI HA TSUEN YUEN LONG NEW TERRITORIES",
        "FREE_FORMAT_ADDR_CHN": "新界元朗廈村 祥降圍 276 號 翠麗豪園 AA 座 地下連花園及 1 字樓",
        "DEV_NAME_ENG": "VILLA OASIS",
        "DEV_NAME_CHN": "翠麗豪園",
        "FIRST_REFERENCE_LOT_PRN": "C2925288"
    },
    {
        "PRN": "D2032704",
        "SEQ_NUM": 1,
        "BLOCK": "X",
        "FLOOR": "2",
        "FLAT": NaN,
        "HOUSE_NUM_PREFIX": NaN,
        "STREET_NAME_ENG": NaN,
        "STREET_NAME_CHN": NaN,
        "AREA_DESC_ENG": NaN,
        "AREA_DESC_CHN": NaN,
        "FREE_FORMAT_ADDR_ENG": "SECOND FLOOR AND THE ROOF BLOCK X OF VILLA OASIS NO. 272 TSEUNG KONG WAI HA TSUEN YUEN LONG NEW TERRITORIES",
        "FREE_FORMAT_ADDR_CHN": NaN,
        "DEV_NAME_ENG": "VILLA OASIS",
        "DEV_NAME_CHN": "翠麗豪園",
        "FIRST_REFERENCE_LOT_PRN": "C2925419"
    },
    {
        "PRN": "D2032717",
        "SEQ_NUM": 1,
        "BLOCK": "X",
        "FLOOR": "G",
        "FLAT": NaN,
        "HOUSE_NUM_PREFIX": NaN,
        "STREET_NAME_ENG": NaN,
        "STREET_NAME_CHN": NaN,
        "AREA_DESC_ENG": NaN,
        "AREA_DESC_CHN": NaN,
        "FREE_FORMAT_ADDR_ENG": "GROUND FLOOR AND THE GARDEN AND FIRST FLOOR BLOCK X OF VILLA OASIS NO. 272 TSEUNG KONG WAI HA TSUEN YUEN LONG NEW TERRITORIES",
        "FREE_FORMAT_ADDR_CHN": NaN,
        "DEV_NAME_ENG": "VILLA OASIS",
        "DEV_NAME_CHN": "翠麗豪園",
        "FIRST_REFERENCE_LOT_PRN": "C2925419"
    },
    {
        "PRN": "D2051380",
        "SEQ_NUM": 1,
        "BLOCK": "W",
        "FLOOR": "1",
        "FLAT": NaN,
        "HOUSE_NUM_PREFIX": NaN,
        "STREET_NAME_ENG": NaN,
        "STREET_NAME_CHN": NaN,
        "AREA_DESC_ENG": NaN,
        "AREA_DESC_CHN": NaN,
        "FREE_FORMAT_ADDR_ENG": "FIRST FLOOR BLOCK W OF VILLA OASIS NO. 270 TSEUNG KONG WAI HA TSUEN YUEN LONG NEW TERRITORIES",
        "FREE_FORMAT_ADDR_CHN": "新界元朗廈村 祥降圍 270 號 翠麗豪園 W 座 1 字樓",
        "DEV_NAME_ENG": "VILLA OASIS",
        "DEV_NAME_CHN": "翠麗豪庭",
        "FIRST_REFERENCE_LOT_PRN": "C5014979"
    },
    {
        "PRN": "D2051395",
        "SEQ_NUM": 1,
        "BLOCK": "W",
        "FLOOR": "2",
        "FLAT": NaN,
        "HOUSE_NUM_PREFIX": NaN,
        "STREET_NAME_ENG": NaN,
        "STREET_NAME_CHN": NaN,
        "AREA_DESC_ENG": NaN,
        "AREA_DESC_CHN": NaN,
        "FREE_FORMAT_ADDR_ENG": "SECOND FLOOR AND THE ROOF BLOCK W OF VILLA OASIS NO. 270 TSEUNG KONG WAI HA TSUEN YUEN LONG NEW TERRITORIES",
        "FREE_FORMAT_ADDR_CHN": "新界元朗廈村 祥降圍 270 號 翠麗豪園 W 座 2 字樓連天台",
        "DEV_NAME_ENG": "VILLA OASIS",
        "DEV_NAME_CHN": "翠麗豪庭",
        "FIRST_REFERENCE_LOT_PRN": "C5014979"
    },
    {
        "PRN": "D2051409",
        "SEQ_NUM": 1,
        "BLOCK": "W",
        "FLOOR": "G",
        "FLAT": NaN,
        "HOUSE_NUM_PREFIX": NaN,
        "STREET_NAME_ENG": NaN,
        "STREET_NAME_CHN": NaN,
        "AREA_DESC_ENG": NaN,
        "AREA_DESC_CHN": NaN,
        "FREE_FORMAT_ADDR_ENG": "GROUND FLOOR AND THE GARDEN BLOCK W OF VILLA OASIS NO. 270 TSEUNG KONG WAI HA TSUEN YUEN LONG NEW TERRITORIES",
        "FREE_FORMAT_ADDR_CHN": "新界元朗廈村 祥降圍 270 號 翠麗豪園 W 座 地下連花園",
        "DEV_NAME_ENG": "VILLA OASIS",
        "DEV_NAME_CHN": "翠麗豪庭",
        "FIRST_REFERENCE_LOT_PRN": "C5014979"
    },
    {
        "PRN": "D2129179",
        "SEQ_NUM": 1,
        "BLOCK": "P",
        "FLOOR": "1",
        "FLAT": NaN,
        "HOUSE_NUM_PREFIX": NaN,
        "STREET_NAME_ENG": NaN,
        "STREET_NAME_CHN": NaN,
        "AREA_DESC_ENG": NaN,
        "AREA_DESC_CHN": NaN,
        "FREE_FORMAT_ADDR_ENG": "FIRST FLOOR BLOCK P OF VILLA OASIS NO. 251 TSEUNG KONG WAI HA TSUEN YUEN LONG NEW TERRITORIES",
        "FREE_FORMAT_ADDR_CHN": "新界元朗廈村 祥降圍 251 號 翠麗豪園 P 座 1 字樓",
        "DEV_NAME_ENG": "VILLA OASIS",
        "DEV_NAME_CHN": "翠麗豪園",
        "FIRST_REFERENCE_LOT_PRN": "C2925364"
    },
    {
        "PRN": "D2129180",
        "SEQ_NUM": 1,
        "BLOCK": "P",
        "FLOOR": "2",
        "FLAT": NaN,
        "HOUSE_NUM_PREFIX": NaN,
        "STREET_NAME_ENG": NaN,
        "STREET_NAME_CHN": NaN,
        "AREA_DESC_ENG": NaN,
        "AREA_DESC_CHN": NaN,
        "FREE_FORMAT_ADDR_ENG": "SECOND FLOOR AND THE ROOF BLOCK P OF VILLA OASIS NO. 251 TSEUNG KONG WAI HA TSUEN YUEN LONG NEW TERRITORIES",
        "FREE_FORMAT_ADDR_CHN": "新界 元朗 廈村祥降圍251號 翠麗豪園 P座2字樓連天台",
        "DEV_NAME_ENG": "VILLA OASIS",
        "DEV_NAME_CHN": "翠麗豪園",
        "FIRST_REFERENCE_LOT_PRN": "C2925364"
    },
    {
        "PRN": "D2129194",
        "SEQ_NUM": 1,
        "BLOCK": "P",
        "FLOOR": "G",
        "FLAT": NaN,
        "HOUSE_NUM_PREFIX": NaN,
        "STREET_NAME_ENG": NaN,
        "STREET_NAME_CHN": NaN,
        "AREA_DESC_ENG": NaN,
        "AREA_DESC_CHN": NaN,
        "FREE_FORMAT_ADDR_ENG": "GROUND FLOOR AND THE GARDEN BLOCK P OF VILLA OASIS NO. 251 TSEUNG KONG WAI HA TSUEN YUEN LONG NEW TERRITORIES",
        "FREE_FORMAT_ADDR_CHN": "新界元朗 廈村祥降圍251號 翠麗豪園P座 地下連花園",
        "DEV_NAME_ENG": "VILLA OASIS",
        "DEV_NAME_CHN": "翠麗豪園",
        "FIRST_REFERENCE_LOT_PRN": "C2925364"
    },
    {
        "PRN": "D2538066",
        "SEQ_NUM": 1,
        "BLOCK": "Z",
        "FLOOR": "2",
        "FLAT": NaN,
        "HOUSE_NUM_PREFIX": NaN,
        "STREET_NAME_ENG": NaN,
        "STREET_NAME_CHN": NaN,
        "AREA_DESC_ENG": NaN,
        "AREA_DESC_CHN": NaN,
        "FREE_FORMAT_ADDR_ENG": "SECOND FLOOR AND THE ROOF BLOCK Z OF VILLA OASIS NO. 273 TSEUNG KONG WAI HA TSUEN YUEN LONG NEW TERRITORIES",
        "FREE_FORMAT_ADDR_CHN": "新界 元朗廈村 祥降圍273號 翠麗豪園Z座 2字樓連天台",
        "DEV_NAME_ENG": "VILLA OASIS",
        "DEV_NAME_CHN": "翠麗豪園",
        "FIRST_REFERENCE_LOT_PRN": "C2925433"
    },
    {
        "PRN": "D2538078",
        "SEQ_NUM": 1,
        "BLOCK": "Z",
        "FLOOR": "G",
        "FLAT": NaN,
        "HOUSE_NUM_PREFIX": NaN,
        "STREET_NAME_ENG": NaN,
        "STREET_NAME_CHN": NaN,
        "AREA_DESC_ENG": NaN,
        "AREA_DESC_CHN": NaN,
        "FREE_FORMAT_ADDR_ENG": "GROUND FLOOR AND THE GARDEN AND FIRST FLOOR BLOCK Z OF VILLA OASIS NO. 273 TSEUNG KONG WAI HA TSUEN YUEN LONG NEW TERRITORIES",
        "FREE_FORMAT_ADDR_CHN": "新界 元朗廈村 祥降圍273號 翠麗豪園Z座 地下連花園及1字樓",
        "DEV_NAME_ENG": "VILLA OASIS",
        "DEV_NAME_CHN": "翠麗豪園",
        "FIRST_REFERENCE_LOT_PRN": "C2925433"
    },
    {
        "PRN": "D3710905",
        "SEQ_NUM": 1,
        "BLOCK": "I",
        "FLOOR": "1",
        "FLAT": NaN,
        "HOUSE_NUM_PREFIX": NaN,
        "STREET_NAME_ENG": NaN,
        "STREET_NAME_CHN": NaN,
        "AREA_DESC_ENG": NaN,
        "AREA_DESC_CHN": NaN,
        "FREE_FORMAT_ADDR_ENG": "FIRST FLOOR BLOCK I OF VILLA OASIS NO. 258 TSEUNG KONG WAI YUEN LONG NEW TERRITORIES",
        "FREE_FORMAT_ADDR_CHN": NaN,
        "DEV_NAME_ENG": "VILLA OASIS",
        "DEV_NAME_CHN": "翠麗豪園",
        "FIRST_REFERENCE_LOT_PRN": "C2925334"
    }
]