[
    {
        "PRN": "A6870062",
        "SEQ_NUM": 1,
        "BLOCK": "A",
        "FLOOR": "11",
        "FLAT": NaN,
        "HOUSE_NUM_PREFIX": 171.0,
        "STREET_NAME_ENG": "WAI YIP STREET",
        "STREET_NAME_CHN": "偉業街",
        "AREA_DESC_ENG": "KOWLOON",
        "AREA_DESC_CHN": "九龍",
        "FREE_FORMAT_ADDR_ENG": "BLOCK A ON 11/F WAI YIP INDUSTRIAL BUILDING NO.171 WAI YIP STREET KOWLOON",
        "FREE_FORMAT_ADDR_CHN": NaN,
        "DEV_NAME_ENG": "WAI YIP INDUSTRIAL BUILDING",
        "DEV_NAME_CHN": "偉業工業大廈",
        "FIRST_REFERENCE_LOT_PRN": "C4803083"
    },
    {
        "PRN": "A6870070",
        "SEQ_NUM": 1,
        "BLOCK": "A",
        "FLOOR": "2",
        "FLAT": NaN,
        "HOUSE_NUM_PREFIX": 171.0,
        "STREET_NAME_ENG": "WAI YIP STREET",
        "STREET_NAME_CHN": "偉業街",
        "AREA_DESC_ENG": "KOWLOON",
        "AREA_DESC_CHN": "九龍",
        "FREE_FORMAT_ADDR_ENG": "BLOCK A ON 2/F WAI YIP INDUSTRIAL BUILDING NO.171 WAI YIP STREET KOWLOON",
        "FREE_FORMAT_ADDR_CHN": NaN,
        "DEV_NAME_ENG": "WAI YIP INDUSTRIAL BUILDING",
        "DEV_NAME_CHN": "偉業工業大廈",
        "FIRST_REFERENCE_LOT_PRN": "C4803083"
    },
    {
        "PRN": "A6870081",
        "SEQ_NUM": 1,
        "BLOCK": "A",
        "FLOOR": "5",
        "FLAT": NaN,
        "HOUSE_NUM_PREFIX": 171.0,
        "STREET_NAME_ENG": "WAI YIP STREET",
        "STREET_NAME_CHN": "偉業街",
        "AREA_DESC_ENG": "KOWLOON",
        "AREA_DESC_CHN": "九龍",
        "FREE_FORMAT_ADDR_ENG": "BLOCK A ON 5/F WAI YIP INDUSTRIAL BUILDING NO.171 WAI YIP STREET KOWLOON",
        "FREE_FORMAT_ADDR_CHN": NaN,
        "DEV_NAME_ENG": "WAI YIP INDUSTRIAL BUILDING",
        "DEV_NAME_CHN": "偉業工業大廈",
        "FIRST_REFERENCE_LOT_PRN": "C4803083"
    },
    {
        "PRN": "A6870095",
        "SEQ_NUM": 1,
        "BLOCK": "A",
        "FLOOR": "6",
        "FLAT": NaN,
        "HOUSE_NUM_PREFIX": 171.0,
        "STREET_NAME_ENG": "WAI YIP STREET",
        "STREET_NAME_CHN": "偉業街",
        "AREA_DESC_ENG": "KOWLOON",
        "AREA_DESC_CHN": "九龍",
        "FREE_FORMAT_ADDR_ENG": "BLOCK A ON 6/F WAI YIP INDUSTRIAL BUILDING NO.171 WAI YIP STREET KOWLOON",
        "FREE_FORMAT_ADDR_CHN": NaN,
        "DEV_NAME_ENG": "WAI YIP INDUSTRIAL BUILDING",
        "DEV_NAME_CHN": "偉業工業大廈",
        "FIRST_REFERENCE_LOT_PRN": "C4803083"
    },
    {
        "PRN": "A6870108",
        "SEQ_NUM": 1,
        "BLOCK": "A",
        "FLOOR": "7",
        "FLAT": NaN,
        "HOUSE_NUM_PREFIX": 171.0,
        "STREET_NAME_ENG": "WAI YIP STREET",
        "STREET_NAME_CHN": "偉業街",
        "AREA_DESC_ENG": "KOWLOON",
        "AREA_DESC_CHN": "九龍",
        "FREE_FORMAT_ADDR_ENG": "BLOCK A ON 7/F WAI YIP INDUSTRIAL BUILDING NO.171 WAI YIP STREET KOWLOON",
        "FREE_FORMAT_ADDR_CHN": NaN,
        "DEV_NAME_ENG": "WAI YIP INDUSTRIAL BUILDING",
        "DEV_NAME_CHN": "偉業工業大廈",
        "FIRST_REFERENCE_LOT_PRN": "C4803083"
    },
    {
        "PRN": "A6870115",
        "SEQ_NUM": 1,
        "BLOCK": "A",
        "FLOOR": "8",
        "FLAT": NaN,
        "HOUSE_NUM_PREFIX": 171.0,
        "STREET_NAME_ENG": "WAI YIP STREET",
        "STREET_NAME_CHN": "偉業街",
        "AREA_DESC_ENG": "KOWLOON",
        "AREA_DESC_CHN": "九龍",
        "FREE_FORMAT_ADDR_ENG": "BLOCK A ON 8/F WAI YIP INDUSTRIAL BUILDING NO.171 WAI YIP STREET KOWLOON",
        "FREE_FORMAT_ADDR_CHN": NaN,
        "DEV_NAME_ENG": "WAI YIP INDUSTRIAL BUILDING",
        "DEV_NAME_CHN": "偉業工業大廈",
        "FIRST_REFERENCE_LOT_PRN": "C4803083"
    },
    {
        "PRN": "A6870122",
        "SEQ_NUM": 1,
        "BLOCK": "B",
        "FLOOR": "G",
        "FLAT": NaN,
        "HOUSE_NUM_PREFIX": 171.0,
        "STREET_NAME_ENG": "WAI YIP STREET",
        "STREET_NAME_CHN": "偉業街",
        "AREA_DESC_ENG": "KOWLOON",
        "AREA_DESC_CHN": "九龍",
        "FREE_FORMAT_ADDR_ENG": "BLOCK B ON G/F WAI YIP INDUSTRIAL BUILDING NO.171 WAI YIP STREET KOWLOON",
        "FREE_FORMAT_ADDR_CHN": NaN,
        "DEV_NAME_ENG": "WAI YIP INDUSTRIAL BUILDING",
        "DEV_NAME_CHN": "偉業工業大廈",
        "FIRST_REFERENCE_LOT_PRN": "C4803083"
    },
    {
        "PRN": "A6870131",
        "SEQ_NUM": 1,
        "BLOCK": "B",
        "FLOOR": "11",
        "FLAT": NaN,
        "HOUSE_NUM_PREFIX": 171.0,
        "STREET_NAME_ENG": "WAI YIP STREET",
        "STREET_NAME_CHN": "偉業街",
        "AREA_DESC_ENG": "KOWLOON",
        "AREA_DESC_CHN": "九龍",
        "FREE_FORMAT_ADDR_ENG": "BLOCK B ON 11/F WAI YIP INDUSTRIAL BUILDING NO.171 WAI YIP STREET KOWLOON",
        "FREE_FORMAT_ADDR_CHN": NaN,
        "DEV_NAME_ENG": "WAI YIP INDUSTRIAL BUILDING",
        "DEV_NAME_CHN": "偉業工業大廈",
        "FIRST_REFERENCE_LOT_PRN": "C4803083"
    },
    {
        "PRN": "A6870148",
        "SEQ_NUM": 1,
        "BLOCK": "B",
        "FLOOR": "12",
        "FLAT": NaN,
        "HOUSE_NUM_PREFIX": 171.0,
        "STREET_NAME_ENG": "WAI YIP STREET",
        "STREET_NAME_CHN": "偉業街",
        "AREA_DESC_ENG": "KOWLOON",
        "AREA_DESC_CHN": "九龍",
        "FREE_FORMAT_ADDR_ENG": "BLOCK B ON 12/F WAI YIP INDUSTRIAL BUILDING NO.171 WAI YIP STREET KOWLOON",
        "FREE_FORMAT_ADDR_CHN": "九龍 偉業街171號 偉業工業大廈 十二樓B座",
        "DEV_NAME_ENG": "WAI YIP INDUSTRIAL BUILDING",
        "DEV_NAME_CHN": "偉業工業大廈",
        "FIRST_REFERENCE_LOT_PRN": "C4803083"
    },
    {
        "PRN": "A6870159",
        "SEQ_NUM": 1,
        "BLOCK": "B",
        "FLOOR": "2",
        "FLAT": NaN,
        "HOUSE_NUM_PREFIX": 171.0,
        "STREET_NAME_ENG": "WAI YIP STREET",
        "STREET_NAME_CHN": "偉業街",
        "AREA_DESC_ENG": "KOWLOON",
        "AREA_DESC_CHN": "九龍",
        "FREE_FORMAT_ADDR_ENG": "BLOCK B ON 2/F WAI YIP INDUSTRIAL BUILDING NO.171 WAI YIP STREET KOWLOON",
        "FREE_FORMAT_ADDR_CHN": NaN,
        "DEV_NAME_ENG": "WAI YIP INDUSTRIAL BUILDING",
        "DEV_NAME_CHN": "偉業工業大廈",
        "FIRST_REFERENCE_LOT_PRN": "C4803083"
    },
    {
        "PRN": "A6870163",
        "SEQ_NUM": 1,
        "BLOCK": "B",
        "FLOOR": "4",
        "FLAT": NaN,
        "HOUSE_NUM_PREFIX": 171.0,
        "STREET_NAME_ENG": "WAI YIP STREET",
        "STREET_NAME_CHN": "偉業街",
        "AREA_DESC_ENG": "KOWLOON",
        "AREA_DESC_CHN": "九龍",
        "FREE_FORMAT_ADDR_ENG": "BLOCK B ON 4/F AND FLAT ROOF WAI YIP INDUSTRIAL BUILDING NO.171 WAI YIP STREET KOWLOON",
        "FREE_FORMAT_ADDR_CHN": NaN,
        "DEV_NAME_ENG": "WAI YIP INDUSTRIAL BUILDING",
        "DEV_NAME_CHN": "偉業工業大廈",
        "FIRST_REFERENCE_LOT_PRN": "C4803083"
    },
    {
        "PRN": "A6870170",
        "SEQ_NUM": 1,
        "BLOCK": "B",
        "FLOOR": "5",
        "FLAT": NaN,
        "HOUSE_NUM_PREFIX": 171.0,
        "STREET_NAME_ENG": "WAI YIP STREET",
        "STREET_NAME_CHN": "偉業街",
        "AREA_DESC_ENG": "KOWLOON",
        "AREA_DESC_CHN": "九龍",
        "FREE_FORMAT_ADDR_ENG": "BLOCK B ON 5/F WAI YIP INDUSTRIAL BUILDING NO.171 WAI YIP STREET KOWLOON",
        "FREE_FORMAT_ADDR_CHN": NaN,
        "DEV_NAME_ENG": "WAI YIP INDUSTRIAL BUILDING",
        "DEV_NAME_CHN": "偉業工業大廈",
        "FIRST_REFERENCE_LOT_PRN": "C4803083"
    },
    {
        "PRN": "A6870183",
        "SEQ_NUM": 1,
        "BLOCK": "B",
        "FLOOR": "6",
        "FLAT": NaN,
        "HOUSE_NUM_PREFIX": 171.0,
        "STREET_NAME_ENG": "WAI YIP STREET",
        "STREET_NAME_CHN": "偉業街",
        "AREA_DESC_ENG": "KOWLOON",
        "AREA_DESC_CHN": "九龍",
        "FREE_FORMAT_ADDR_ENG": "BLOCK B ON 6/F WAI YIP INDUSTRIAL BUILDING NO.171 WAI YIP STREET KOWLOON",
        "FREE_FORMAT_ADDR_CHN": NaN,
        "DEV_NAME_ENG": "WAI YIP INDUSTRIAL BUILDING",
        "DEV_NAME_CHN": "偉業工業大廈",
        "FIRST_REFERENCE_LOT_PRN": "C4803083"
    },
    {
        "PRN": "A6870195",
        "SEQ_NUM": 1,
        "BLOCK": "B",
        "FLOOR": "7",
        "FLAT": NaN,
        "HOUSE_NUM_PREFIX": 171.0,
        "STREET_NAME_ENG": "WAI YIP STREET",
        "STREET_NAME_CHN": "偉業街",
        "AREA_DESC_ENG": "KOWLOON",
        "AREA_DESC_CHN": "九龍",
        "FREE_FORMAT_ADDR_ENG": "BLOCK B ON 7/F WAI YIP INDUSTRIAL BUILDING NO.171 WAI YIP STREET KOWLOON",
        "FREE_FORMAT_ADDR_CHN": NaN,
        "DEV_NAME_ENG": "WAI YIP INDUSTRIAL BUILDING",
        "DEV_NAME_CHN": "偉業工業大廈",
        "FIRST_REFERENCE_LOT_PRN": "C4803083"
    },
    {
        "PRN": "A6870206",
        "SEQ_NUM": 1,
        "BLOCK": "B",
        "FLOOR": "8",
        "FLAT": NaN,
        "HOUSE_NUM_PREFIX": 171.0,
        "STREET_NAME_ENG": "WAI YIP STREET",
        "STREET_NAME_CHN": "偉業街",
        "AREA_DESC_ENG": "KOWLOON",
        "AREA_DESC_CHN": "九龍",
        "FREE_FORMAT_ADDR_ENG": "BLOCK B ON 8/F WAI YIP INDUSTRIAL BUILDING NO.171 WAI YIP STREET KOWLOON",
        "FREE_FORMAT_ADDR_CHN": NaN,
        "DEV_NAME_ENG": "WAI YIP INDUSTRIAL BUILDING",
        "DEV_NAME_CHN": "偉業工業大廈",
        "FIRST_REFERENCE_LOT_PRN": "C4803083"
    },
    {
        "PRN": "A6870217",
        "SEQ_NUM": 1,
        "BLOCK": "B",
        "FLOOR": "9",
        "FLAT": NaN,
        "HOUSE_NUM_PREFIX": 171.0,
        "STREET_NAME_ENG": "WAI YIP STREET",
        "STREET_NAME_CHN": "偉業街",
        "AREA_DESC_ENG": "KOWLOON",
        "AREA_DESC_CHN": "九龍",
        "FREE_FORMAT_ADDR_ENG": "BLOCK B ON 9/F WAI YIP INDUSTRIAL BUILDING NO.171 WAI YIP STREET KOWLOON",
        "FREE_FORMAT_ADDR_CHN": NaN,
        "DEV_NAME_ENG": "WAI YIP INDUSTRIAL BUILDING",
        "DEV_NAME_CHN": "偉業工業大廈",
        "FIRST_REFERENCE_LOT_PRN": "C4803083"
    },
    {
        "PRN": "B4236139",
        "SEQ_NUM": 1,
        "BLOCK": "A",
        "FLOOR": "G",
        "FLAT": NaN,
        "HOUSE_NUM_PREFIX": 171.0,
        "STREET_NAME_ENG": "WAI YIP STREET",
        "STREET_NAME_CHN": "偉業街",
        "AREA_DESC_ENG": "KOWLOON",
        "AREA_DESC_CHN": "九龍",
        "FREE_FORMAT_ADDR_ENG": "BLOCK A ON G/F WAI YIP INDUSTRIAL BUILDING NO.171 WAI YIP STREET KOWLOON",
        "FREE_FORMAT_ADDR_CHN": NaN,
        "DEV_NAME_ENG": "WAI YIP INDUSTRIAL BUILDING",
        "DEV_NAME_CHN": "偉業工業大廈",
        "FIRST_REFERENCE_LOT_PRN": "C4803083"
    },
    {
        "PRN": "B4236140",
        "SEQ_NUM": 1,
        "BLOCK": "A",
        "FLOOR": "4",
        "FLAT": NaN,
        "HOUSE_NUM_PREFIX": 171.0,
        "STREET_NAME_ENG": "WAI YIP STREET",
        "STREET_NAME_CHN": "偉業街",
        "AREA_DESC_ENG": "KOWLOON",
        "AREA_DESC_CHN": "九龍",
        "FREE_FORMAT_ADDR_ENG": "BLOCK A ON 4/F WAI YIP INDUSTRIAL BUILDING NO.171 WAI YIP STREET KOWLOON",
        "FREE_FORMAT_ADDR_CHN": NaN,
        "DEV_NAME_ENG": "WAI YIP INDUSTRIAL BUILDING",
        "DEV_NAME_CHN": "偉業工業大廈",
        "FIRST_REFERENCE_LOT_PRN": "C4803083"
    },
    {
        "PRN": "B4236159",
        "SEQ_NUM": 1,
        "BLOCK": "A",
        "FLOOR": NaN,
        "FLAT": "MM001",
        "HOUSE_NUM_PREFIX": 171.0,
        "STREET_NAME_ENG": "WAI YIP STREET",
        "STREET_NAME_CHN": "偉業街",
        "AREA_DESC_ENG": "KOWLOON",
        "AREA_DESC_CHN": "九龍",
        "FREE_FORMAT_ADDR_ENG": "THE WHOLE OF THE REAR PLATFORM OF BLOCK A ON 4/F AND LIFT \"L2\" WAI YIP INDUSTRIAL BUILDING NO.171 WAI YIP STREET KOWLOON",
        "FREE_FORMAT_ADDR_CHN": NaN,
        "DEV_NAME_ENG": "WAI YIP INDUSTRIAL BUILDING",
        "DEV_NAME_CHN": "偉業工業大廈",
        "FIRST_REFERENCE_LOT_PRN": "C4803083"
    },
    {
        "PRN": "B6917580",
        "SEQ_NUM": 1,
        "BLOCK": "A",
        "FLOOR": "10",
        "FLAT": NaN,
        "HOUSE_NUM_PREFIX": 171.0,
        "STREET_NAME_ENG": "WAI YIP STREET",
        "STREET_NAME_CHN": "偉業街",
        "AREA_DESC_ENG": "KOWLOON",
        "AREA_DESC_CHN": "九龍",
        "FREE_FORMAT_ADDR_ENG": "BLOCK A ON 10/F WAI YIP INDUSTRIAL BUILDING NO.171 WAI YIP STREET KOWLOON",
        "FREE_FORMAT_ADDR_CHN": NaN,
        "DEV_NAME_ENG": "WAI YIP INDUSTRIAL BUILDING",
        "DEV_NAME_CHN": "偉業工業大廈",
        "FIRST_REFERENCE_LOT_PRN": "C4803083"
    },
    {
        "PRN": "B6917595",
        "SEQ_NUM": 1,
        "BLOCK": "A",
        "FLOOR": "12",
        "FLAT": NaN,
        "HOUSE_NUM_PREFIX": 171.0,
        "STREET_NAME_ENG": "WAI YIP STREET",
        "STREET_NAME_CHN": "偉業街",
        "AREA_DESC_ENG": "KOWLOON",
        "AREA_DESC_CHN": "九龍",
        "FREE_FORMAT_ADDR_ENG": "BLOCK A ON 12/F WAI YIP INDUSTRIAL BUILDING NO.171 WAI YIP STREET KOWLOON",
        "FREE_FORMAT_ADDR_CHN": "九龍 偉業街171號 偉業工業大廈 十二樓A座",
        "DEV_NAME_ENG": "WAI YIP INDUSTRIAL BUILDING",
        "DEV_NAME_CHN": "偉業工業大廈",
        "FIRST_REFERENCE_LOT_PRN": "C4803083"
    },
    {
        "PRN": "B6917607",
        "SEQ_NUM": 1,
        "BLOCK": "A",
        "FLOOR": "9",
        "FLAT": NaN,
        "HOUSE_NUM_PREFIX": 171.0,
        "STREET_NAME_ENG": "WAI YIP STREET",
        "STREET_NAME_CHN": "偉業街",
        "AREA_DESC_ENG": "KOWLOON",
        "AREA_DESC_CHN": "九龍",
        "FREE_FORMAT_ADDR_ENG": "BLOCK A ON 9/F WAI YIP INDUSTRIAL BUILDING NO.171 WAI YIP STREET KOWL0ON",
        "FREE_FORMAT_ADDR_CHN": NaN,
        "DEV_NAME_ENG": "WAI YIP INDUSTRIAL BUILDING",
        "DEV_NAME_CHN": "偉業工業大廈",
        "FIRST_REFERENCE_LOT_PRN": "C4803083"
    },
    {
        "PRN": "B8576570",
        "SEQ_NUM": 1,
        "BLOCK": "B",
        "FLOOR": "10",
        "FLAT": NaN,
        "HOUSE_NUM_PREFIX": 171.0,
        "STREET_NAME_ENG": "WAI YIP STREET",
        "STREET_NAME_CHN": "偉業街",
        "AREA_DESC_ENG": "KOWLOON",
        "AREA_DESC_CHN": "九龍",
        "FREE_FORMAT_ADDR_ENG": "BLOCK B ON 10/F WAI YIP INDUSTRIAL BUILDING NO.171 WAI YIP STREET KOWLOON",
        "FREE_FORMAT_ADDR_CHN": NaN,
        "DEV_NAME_ENG": "WAI YIP INDUSTRIAL BUILDING",
        "DEV_NAME_CHN": "偉業工業大廈",
        "FIRST_REFERENCE_LOT_PRN": "C4803083"
    },
    {
        "PRN": "B9603499",
        "SEQ_NUM": 1,
        "BLOCK": "A",
        "FLOOR": "1",
        "FLAT": NaN,
        "HOUSE_NUM_PREFIX": 171.0,
        "STREET_NAME_ENG": "WAI YIP STREET",
        "STREET_NAME_CHN": "偉業街",
        "AREA_DESC_ENG": "KOWLOON",
        "AREA_DESC_CHN": "九龍",
        "FREE_FORMAT_ADDR_ENG": "BLOCK A ON 1/F WAI YIP INDUSTRIAL BUILDING NO.171 WAI YIP STREET KOWLOON",
        "FREE_FORMAT_ADDR_CHN": NaN,
        "DEV_NAME_ENG": "WAI YIP INDUSTRIAL BUILDING",
        "DEV_NAME_CHN": "偉業工業大廈",
        "FIRST_REFERENCE_LOT_PRN": "C4803083"
    },
    {
        "PRN": "B9603502",
        "SEQ_NUM": 1,
        "BLOCK": "B",
        "FLOOR": "1",
        "FLAT": NaN,
        "HOUSE_NUM_PREFIX": 171.0,
        "STREET_NAME_ENG": "WAI YIP STREET",
        "STREET_NAME_CHN": "偉業街",
        "AREA_DESC_ENG": "KOWLOON",
        "AREA_DESC_CHN": "九龍",
        "FREE_FORMAT_ADDR_ENG": "BLOCK B ON 1/F WAI YIP INDUSTRIAL BUILDING NO.171 WAI YIP STREET KOWLOON",
        "FREE_FORMAT_ADDR_CHN": NaN,
        "DEV_NAME_ENG": "WAI YIP INDUSTRIAL BUILDING",
        "DEV_NAME_CHN": "偉業工業大廈",
        "FIRST_REFERENCE_LOT_PRN": "C4803083"
    },
    {
        "PRN": "C0589267",
        "SEQ_NUM": 1,
        "BLOCK": "A",
        "FLOOR": "3",
        "FLAT": NaN,
        "HOUSE_NUM_PREFIX": 171.0,
        "STREET_NAME_ENG": "WAI YIP STREET",
        "STREET_NAME_CHN": "偉業街",
        "AREA_DESC_ENG": "KOWLOON",
        "AREA_DESC_CHN": "九龍",
        "FREE_FORMAT_ADDR_ENG": "BLOCK A ON 3/F WAI YIP INDUSTRIAL BUILDING NO.171 WAI YIP STREET KOWLOON",
        "FREE_FORMAT_ADDR_CHN": NaN,
        "DEV_NAME_ENG": "WAI YIP INDUSTRIAL BUILDING",
        "DEV_NAME_CHN": "偉業工業大廈",
        "FIRST_REFERENCE_LOT_PRN": "C4803083"
    },
    {
        "PRN": "C0589273",
        "SEQ_NUM": 1,
        "BLOCK": "B",
        "FLOOR": "3",
        "FLAT": NaN,
        "HOUSE_NUM_PREFIX": 171.0,
        "STREET_NAME_ENG": "WAI YIP STREET",
        "STREET_NAME_CHN": "偉業街",
        "AREA_DESC_ENG": "KOWLOON",
        "AREA_DESC_CHN": "九龍",
        "FREE_FORMAT_ADDR_ENG": "BLOCK B ON 3/F WAI YIP INDUSTRIAL BUILDING NO.171 WAI YIP STREET KOWLOON",
        "FREE_FORMAT_ADDR_CHN": NaN,
        "DEV_NAME_ENG": "WAI YIP INDUSTRIAL BUILDING",
        "DEV_NAME_CHN": "偉業工業大廈",
        "FIRST_REFERENCE_LOT_PRN": "C4803083"
    }
]