[
    {
        "PRN": "D3619788",
        "SEQ_NUM": 1,
        "BLOCK": "7",
        "FLOOR": "1",
        "FLAT": NaN,
        "HOUSE_NUM_PREFIX": NaN,
        "STREET_NAME_ENG": NaN,
        "STREET_NAME_CHN": NaN,
        "AREA_DESC_ENG": NaN,
        "AREA_DESC_CHN": NaN,
        "FREE_FORMAT_ADDR_ENG": "FIRST FLOOR INCLUDING THE BALCONY BLOCK 7 OF WEALTHY VILLAS NO. 175 MONG TSENG WAI YUEN LONG NEW TERRITORIES",
        "FREE_FORMAT_ADDR_CHN": NaN,
        "DEV_NAME_ENG": "WEALTHY VILLAS",
        "DEV_NAME_CHN": "和富豪庭",
        "FIRST_REFERENCE_LOT_PRN": "C2966681"
    },
    {
        "PRN": "D3619792",
        "SEQ_NUM": 1,
        "BLOCK": "7",
        "FLOOR": "2",
        "FLAT": NaN,
        "HOUSE_NUM_PREFIX": NaN,
        "STREET_NAME_ENG": NaN,
        "STREET_NAME_CHN": NaN,
        "AREA_DESC_ENG": NaN,
        "AREA_DESC_CHN": NaN,
        "FREE_FORMAT_ADDR_ENG": "SECOND FLOOR INCLUDING THE BALCONY AND THE ROOF BLOCK 7 OF WEALTHY VILLAS NO. 175 MONG TSENG WAI YUEN LONG NEW TERRITORIES",
        "FREE_FORMAT_ADDR_CHN": NaN,
        "DEV_NAME_ENG": "WEALTHY VILLAS",
        "DEV_NAME_CHN": "和富豪庭",
        "FIRST_REFERENCE_LOT_PRN": "C2966681"
    },
    {
        "PRN": "D3619804",
        "SEQ_NUM": 1,
        "BLOCK": "7",
        "FLOOR": "G",
        "FLAT": NaN,
        "HOUSE_NUM_PREFIX": NaN,
        "STREET_NAME_ENG": NaN,
        "STREET_NAME_CHN": NaN,
        "AREA_DESC_ENG": NaN,
        "AREA_DESC_CHN": NaN,
        "FREE_FORMAT_ADDR_ENG": "GROUND FLOOR TOGETHER WITH THE GARDEN BLOCK 7 OF WEALTHY VILLAS NO. 175 MONG TSENG WAI YUEN LONG NEW TERRITORIES",
        "FREE_FORMAT_ADDR_CHN": NaN,
        "DEV_NAME_ENG": "WEALTHY VILLAS",
        "DEV_NAME_CHN": "和富豪庭",
        "FIRST_REFERENCE_LOT_PRN": "C2966681"
    },
    {
        "PRN": "D3622622",
        "SEQ_NUM": 1,
        "BLOCK": "8",
        "FLOOR": "1",
        "FLAT": NaN,
        "HOUSE_NUM_PREFIX": NaN,
        "STREET_NAME_ENG": NaN,
        "STREET_NAME_CHN": NaN,
        "AREA_DESC_ENG": NaN,
        "AREA_DESC_CHN": NaN,
        "FREE_FORMAT_ADDR_ENG": "FIRST FLOOR INCLUDING THE BALCONY BLOCK 8 OF WEALTHY VILLAS NO. 180 MONG TSENG WAI YUEN LONG NEW TERRITORIES",
        "FREE_FORMAT_ADDR_CHN": NaN,
        "DEV_NAME_ENG": "WEALTHY VILLAS",
        "DEV_NAME_CHN": "和富豪庭",
        "FIRST_REFERENCE_LOT_PRN": "C6283681"
    },
    {
        "PRN": "D3622639",
        "SEQ_NUM": 1,
        "BLOCK": "8",
        "FLOOR": "2",
        "FLAT": NaN,
        "HOUSE_NUM_PREFIX": NaN,
        "STREET_NAME_ENG": NaN,
        "STREET_NAME_CHN": NaN,
        "AREA_DESC_ENG": NaN,
        "AREA_DESC_CHN": NaN,
        "FREE_FORMAT_ADDR_ENG": "SECOND FLOOR INCLUDING THE BALCONY AND THE ROOF BLOCK 8 OF WEALTHY VILLAS NO. 180 MONG TSENG WAI YUEN LONG NEW TERRITORIES",
        "FREE_FORMAT_ADDR_CHN": NaN,
        "DEV_NAME_ENG": "WEALTHY VILLAS",
        "DEV_NAME_CHN": "和富豪庭",
        "FIRST_REFERENCE_LOT_PRN": "C6283681"
    },
    {
        "PRN": "D3622641",
        "SEQ_NUM": 1,
        "BLOCK": "8",
        "FLOOR": "G",
        "FLAT": NaN,
        "HOUSE_NUM_PREFIX": NaN,
        "STREET_NAME_ENG": NaN,
        "STREET_NAME_CHN": NaN,
        "AREA_DESC_ENG": NaN,
        "AREA_DESC_CHN": NaN,
        "FREE_FORMAT_ADDR_ENG": "GROUND FLOOR TOGETHER WITH THE GARDEN BLOCK 8 OF WEALTHY VILLAS NO. 180 MONG TSENG WAI YUEN LONG NEW TERRITORIES",
        "FREE_FORMAT_ADDR_CHN": NaN,
        "DEV_NAME_ENG": "WEALTHY VILLAS",
        "DEV_NAME_CHN": "和富豪庭",
        "FIRST_REFERENCE_LOT_PRN": "C6283681"
    },
    {
        "PRN": "D3624822",
        "SEQ_NUM": 1,
        "BLOCK": "4",
        "FLOOR": "1",
        "FLAT": NaN,
        "HOUSE_NUM_PREFIX": NaN,
        "STREET_NAME_ENG": NaN,
        "STREET_NAME_CHN": NaN,
        "AREA_DESC_ENG": NaN,
        "AREA_DESC_CHN": NaN,
        "FREE_FORMAT_ADDR_ENG": "FIRST FLOOR INCLUDING THE BALCONY BLOCK 4 OF WEALTHY VILLAS NO. 170 MONG TSENG WAI YUEN LONG NEW TERRITORIES",
        "FREE_FORMAT_ADDR_CHN": NaN,
        "DEV_NAME_ENG": "WEALTHY VILLAS",
        "DEV_NAME_CHN": "和富豪庭",
        "FIRST_REFERENCE_LOT_PRN": "C2966785"
    },
    {
        "PRN": "D3624831",
        "SEQ_NUM": 1,
        "BLOCK": "4",
        "FLOOR": "2",
        "FLAT": NaN,
        "HOUSE_NUM_PREFIX": NaN,
        "STREET_NAME_ENG": NaN,
        "STREET_NAME_CHN": NaN,
        "AREA_DESC_ENG": NaN,
        "AREA_DESC_CHN": NaN,
        "FREE_FORMAT_ADDR_ENG": "SECOND FLOOR INCLUDING THE BALCONY AND THE ROOF BLOCK 4 OF WEALTHY VILLAS NO. 170 MONG TSENG WAI YUEN LONG NEW TERRITORIES",
        "FREE_FORMAT_ADDR_CHN": NaN,
        "DEV_NAME_ENG": "WEALTHY VILLAS",
        "DEV_NAME_CHN": "和富豪庭",
        "FIRST_REFERENCE_LOT_PRN": "C2966785"
    },
    {
        "PRN": "D3624843",
        "SEQ_NUM": 1,
        "BLOCK": "4",
        "FLOOR": "G",
        "FLAT": NaN,
        "HOUSE_NUM_PREFIX": NaN,
        "STREET_NAME_ENG": NaN,
        "STREET_NAME_CHN": NaN,
        "AREA_DESC_ENG": NaN,
        "AREA_DESC_CHN": NaN,
        "FREE_FORMAT_ADDR_ENG": "GROUND FLOOR TOGETHER WITH THE GARDEN BLOCK 4 OF WEALTHY VILLAS NO. 170 MONG TSENG WAI YUEN LONG NEW TERRITORIES",
        "FREE_FORMAT_ADDR_CHN": NaN,
        "DEV_NAME_ENG": "WEALTHY VILLAS",
        "DEV_NAME_CHN": "和富豪庭",
        "FIRST_REFERENCE_LOT_PRN": "C2966785"
    },
    {
        "PRN": "D3636501",
        "SEQ_NUM": 1,
        "BLOCK": "9",
        "FLOOR": "1",
        "FLAT": NaN,
        "HOUSE_NUM_PREFIX": NaN,
        "STREET_NAME_ENG": NaN,
        "STREET_NAME_CHN": NaN,
        "AREA_DESC_ENG": NaN,
        "AREA_DESC_CHN": NaN,
        "FREE_FORMAT_ADDR_ENG": "FIRST FLOOR INCLUDING THE BALCONY BLOCK 9 OF WEALTHY VILLAS NO. 179 MONG TSENG WAI YUEN LONG NEW TERRITORIES",
        "FREE_FORMAT_ADDR_CHN": NaN,
        "DEV_NAME_ENG": "WEALTHY VILLAS",
        "DEV_NAME_CHN": "和富豪庭",
        "FIRST_REFERENCE_LOT_PRN": "C2967113"
    },
    {
        "PRN": "D3636514",
        "SEQ_NUM": 1,
        "BLOCK": "9",
        "FLOOR": "2",
        "FLAT": NaN,
        "HOUSE_NUM_PREFIX": NaN,
        "STREET_NAME_ENG": NaN,
        "STREET_NAME_CHN": NaN,
        "AREA_DESC_ENG": NaN,
        "AREA_DESC_CHN": NaN,
        "FREE_FORMAT_ADDR_ENG": "SECOND FLOOR INCLUDING THE BALCONY AND THE ROOF BLOCK 9 OF WEALTHY VILLAS NO. 179 MONG TSENG WAI YUEN LONG NEW TERRITORIES",
        "FREE_FORMAT_ADDR_CHN": NaN,
        "DEV_NAME_ENG": "WEALTHY VILLAS",
        "DEV_NAME_CHN": "和富豪庭",
        "FIRST_REFERENCE_LOT_PRN": "C2967113"
    },
    {
        "PRN": "D3636527",
        "SEQ_NUM": 1,
        "BLOCK": "9",
        "FLOOR": "G",
        "FLAT": NaN,
        "HOUSE_NUM_PREFIX": NaN,
        "STREET_NAME_ENG": NaN,
        "STREET_NAME_CHN": NaN,
        "AREA_DESC_ENG": NaN,
        "AREA_DESC_CHN": NaN,
        "FREE_FORMAT_ADDR_ENG": "GROUND FLOOR TOGETHER WITH THE GARDEN BLOCK 9 OF WEALTHY VILLAS NO. 179 MONG TSENG WAI YUEN LONG NEW TERRITORIES",
        "FREE_FORMAT_ADDR_CHN": NaN,
        "DEV_NAME_ENG": "WEALTHY VILLAS",
        "DEV_NAME_CHN": "和富豪庭",
        "FIRST_REFERENCE_LOT_PRN": "C2967113"
    },
    {
        "PRN": "D3655581",
        "SEQ_NUM": 1,
        "BLOCK": "6",
        "FLOOR": "1",
        "FLAT": NaN,
        "HOUSE_NUM_PREFIX": NaN,
        "STREET_NAME_ENG": NaN,
        "STREET_NAME_CHN": NaN,
        "AREA_DESC_ENG": NaN,
        "AREA_DESC_CHN": NaN,
        "FREE_FORMAT_ADDR_ENG": "FIRST FLOOR INCLUDING THE BALCONY BLOCK 6 OF WEALTHY VILLAS NO. 176 MONG TSENG WAI YUEN LONG NEW TERRITORIES",
        "FREE_FORMAT_ADDR_CHN": NaN,
        "DEV_NAME_ENG": "WEALTHY VILLAS",
        "DEV_NAME_CHN": "和富豪庭",
        "FIRST_REFERENCE_LOT_PRN": "C2966704"
    },
    {
        "PRN": "D3655599",
        "SEQ_NUM": 1,
        "BLOCK": "6",
        "FLOOR": "2",
        "FLAT": NaN,
        "HOUSE_NUM_PREFIX": NaN,
        "STREET_NAME_ENG": NaN,
        "STREET_NAME_CHN": NaN,
        "AREA_DESC_ENG": NaN,
        "AREA_DESC_CHN": NaN,
        "FREE_FORMAT_ADDR_ENG": "SECOND FLOOR INCLUDING THE BALCONY AND THE ROOF BLOCK 6 OF WEALTHY VILLAS NO. 176 MONG TSENG WAI YUEN LONG NEW TERRITORIES",
        "FREE_FORMAT_ADDR_CHN": NaN,
        "DEV_NAME_ENG": "WEALTHY VILLAS",
        "DEV_NAME_CHN": "和富豪庭",
        "FIRST_REFERENCE_LOT_PRN": "C2966704"
    },
    {
        "PRN": "D3655607",
        "SEQ_NUM": 1,
        "BLOCK": "6",
        "FLOOR": "G",
        "FLAT": NaN,
        "HOUSE_NUM_PREFIX": NaN,
        "STREET_NAME_ENG": NaN,
        "STREET_NAME_CHN": NaN,
        "AREA_DESC_ENG": NaN,
        "AREA_DESC_CHN": NaN,
        "FREE_FORMAT_ADDR_ENG": "GROUND FLOOR TOGETHER WITH THE GARDEN BLOCK 6 OF WEALTHY VILLAS NO. 176 MONG TSENG WAI YUEN LONG NEW TERRITORIES",
        "FREE_FORMAT_ADDR_CHN": NaN,
        "DEV_NAME_ENG": "WEALTHY VILLAS",
        "DEV_NAME_CHN": "和富豪庭",
        "FIRST_REFERENCE_LOT_PRN": "C2966704"
    },
    {
        "PRN": "D3668165",
        "SEQ_NUM": 1,
        "BLOCK": "3",
        "FLOOR": "1",
        "FLAT": NaN,
        "HOUSE_NUM_PREFIX": NaN,
        "STREET_NAME_ENG": NaN,
        "STREET_NAME_CHN": NaN,
        "AREA_DESC_ENG": NaN,
        "AREA_DESC_CHN": NaN,
        "FREE_FORMAT_ADDR_ENG": "FIRST FLOOR INCLUDING THE BALCONY BLOCK 3 OF WEALTHY VILLAS NO. 171 MONG TSENG WAI YUEN LONG NEW TERRITORIES",
        "FREE_FORMAT_ADDR_CHN": NaN,
        "DEV_NAME_ENG": "WEALTHY VILLAS",
        "DEV_NAME_CHN": "和富豪庭",
        "FIRST_REFERENCE_LOT_PRN": "C2966779"
    },
    {
        "PRN": "D3668170",
        "SEQ_NUM": 1,
        "BLOCK": "3",
        "FLOOR": "2",
        "FLAT": NaN,
        "HOUSE_NUM_PREFIX": NaN,
        "STREET_NAME_ENG": NaN,
        "STREET_NAME_CHN": NaN,
        "AREA_DESC_ENG": NaN,
        "AREA_DESC_CHN": NaN,
        "FREE_FORMAT_ADDR_ENG": "SECOND FLOOR INCLUDING THE BALCONY AND THE ROOF BLOCK 3 OF WEALTHY VILLAS NO. 171 MONG TSENG WAI YUEN LONG NEW TERRITORIES",
        "FREE_FORMAT_ADDR_CHN": NaN,
        "DEV_NAME_ENG": "WEALTHY VILLAS",
        "DEV_NAME_CHN": "和富豪庭",
        "FIRST_REFERENCE_LOT_PRN": "C2966779"
    },
    {
        "PRN": "D3668185",
        "SEQ_NUM": 1,
        "BLOCK": "3",
        "FLOOR": "G",
        "FLAT": NaN,
        "HOUSE_NUM_PREFIX": NaN,
        "STREET_NAME_ENG": NaN,
        "STREET_NAME_CHN": NaN,
        "AREA_DESC_ENG": NaN,
        "AREA_DESC_CHN": NaN,
        "FREE_FORMAT_ADDR_ENG": "GROUND FLOOR TOGETHER WITH THE GARDEN BLOCK 3 OF WEALTHY VILLAS NO. 171 MONG TSENG WAI YUEN LONG NEW TERRITORIES",
        "FREE_FORMAT_ADDR_CHN": NaN,
        "DEV_NAME_ENG": "WEALTHY VILLAS",
        "DEV_NAME_CHN": "和富豪庭",
        "FIRST_REFERENCE_LOT_PRN": "C2966779"
    },
    {
        "PRN": "D3688890",
        "SEQ_NUM": 1,
        "BLOCK": "5",
        "FLOOR": "1",
        "FLAT": NaN,
        "HOUSE_NUM_PREFIX": NaN,
        "STREET_NAME_ENG": NaN,
        "STREET_NAME_CHN": NaN,
        "AREA_DESC_ENG": NaN,
        "AREA_DESC_CHN": NaN,
        "FREE_FORMAT_ADDR_ENG": "FIRST FLOOR INCLUDING THE BALCONY BLOCK 5 OF WEALTHY VILLAS NO. 177 MONG TSENG WAI YUEN LONG NEW TERRITORIES",
        "FREE_FORMAT_ADDR_CHN": NaN,
        "DEV_NAME_ENG": "WEALTHY VILLAS",
        "DEV_NAME_CHN": "和富豪庭",
        "FIRST_REFERENCE_LOT_PRN": "C2966698"
    },
    {
        "PRN": "D3688905",
        "SEQ_NUM": 1,
        "BLOCK": "5",
        "FLOOR": "2",
        "FLAT": NaN,
        "HOUSE_NUM_PREFIX": NaN,
        "STREET_NAME_ENG": NaN,
        "STREET_NAME_CHN": NaN,
        "AREA_DESC_ENG": NaN,
        "AREA_DESC_CHN": NaN,
        "FREE_FORMAT_ADDR_ENG": "SECOND FLOOR INCLUDING THE BALCONY AND THE ROOF BLOCK 5 OF WEALTHY VILLAS NO. 177 MONG TSENG WAI YUEN LONG NEW TERRITORIES",
        "FREE_FORMAT_ADDR_CHN": NaN,
        "DEV_NAME_ENG": "WEALTHY VILLAS",
        "DEV_NAME_CHN": "和富豪庭",
        "FIRST_REFERENCE_LOT_PRN": "C2966698"
    },
    {
        "PRN": "D3688913",
        "SEQ_NUM": 1,
        "BLOCK": "5",
        "FLOOR": "G",
        "FLAT": NaN,
        "HOUSE_NUM_PREFIX": NaN,
        "STREET_NAME_ENG": NaN,
        "STREET_NAME_CHN": NaN,
        "AREA_DESC_ENG": NaN,
        "AREA_DESC_CHN": NaN,
        "FREE_FORMAT_ADDR_ENG": "GROUND FLOOR TOGETHER WITH THE GARDEN BLOCK 5 OF WEALTHY VILLAS NO. 177 MONG TSENG WAI YUEN LONG NEW TERRITORIES",
        "FREE_FORMAT_ADDR_CHN": "新界 元朗 輞井圍177號 和富豪庭第5座 地下連花園",
        "DEV_NAME_ENG": "WEALTHY VILLAS",
        "DEV_NAME_CHN": "和富豪庭",
        "FIRST_REFERENCE_LOT_PRN": "C2966698"
    },
    {
        "PRN": "D3890450",
        "SEQ_NUM": 1,
        "BLOCK": "10",
        "FLOOR": "1",
        "FLAT": NaN,
        "HOUSE_NUM_PREFIX": NaN,
        "STREET_NAME_ENG": NaN,
        "STREET_NAME_CHN": NaN,
        "AREA_DESC_ENG": NaN,
        "AREA_DESC_CHN": NaN,
        "FREE_FORMAT_ADDR_ENG": "FIRST FLOOR INCLUDING THE BALCONY BLOCK 10 OF WEALTHY VILLAS NO. 178 MONG TSENG WAI YUEN LONG NEW TERRITORIES",
        "FREE_FORMAT_ADDR_CHN": NaN,
        "DEV_NAME_ENG": "WEALTHY VILLAS",
        "DEV_NAME_CHN": "和富豪庭",
        "FIRST_REFERENCE_LOT_PRN": "C2967108"
    },
    {
        "PRN": "D3890463",
        "SEQ_NUM": 1,
        "BLOCK": "10",
        "FLOOR": "2",
        "FLAT": NaN,
        "HOUSE_NUM_PREFIX": NaN,
        "STREET_NAME_ENG": NaN,
        "STREET_NAME_CHN": NaN,
        "AREA_DESC_ENG": NaN,
        "AREA_DESC_CHN": NaN,
        "FREE_FORMAT_ADDR_ENG": "SECOND FLOOR INCLUDING THE BALCONY AND THE ROOF BLOCK 10 OF WEALTHY VILLAS NO. 178 MONG TSENG WAI YUEN LONG NEW TERRITORIES",
        "FREE_FORMAT_ADDR_CHN": NaN,
        "DEV_NAME_ENG": "WEALTHY VILLAS",
        "DEV_NAME_CHN": "和富豪庭",
        "FIRST_REFERENCE_LOT_PRN": "C2967108"
    },
    {
        "PRN": "D3890476",
        "SEQ_NUM": 1,
        "BLOCK": "10",
        "FLOOR": "G",
        "FLAT": NaN,
        "HOUSE_NUM_PREFIX": NaN,
        "STREET_NAME_ENG": NaN,
        "STREET_NAME_CHN": NaN,
        "AREA_DESC_ENG": NaN,
        "AREA_DESC_CHN": NaN,
        "FREE_FORMAT_ADDR_ENG": "GROUND FLOOR AND THE GARDEN AND THE STORE ROOM BLOCK 10 OF WEALTHY VILLAS NO. 178 MONG TSENG WAI YUEN LONG NEW TERRITORIES",
        "FREE_FORMAT_ADDR_CHN": NaN,
        "DEV_NAME_ENG": "WEALTHY VILLAS",
        "DEV_NAME_CHN": "和富豪庭",
        "FIRST_REFERENCE_LOT_PRN": "C2967108"
    },
    {
        "PRN": "D3943411",
        "SEQ_NUM": 1,
        "BLOCK": "1",
        "FLOOR": "1",
        "FLAT": NaN,
        "HOUSE_NUM_PREFIX": NaN,
        "STREET_NAME_ENG": NaN,
        "STREET_NAME_CHN": NaN,
        "AREA_DESC_ENG": NaN,
        "AREA_DESC_CHN": NaN,
        "FREE_FORMAT_ADDR_ENG": "FIRST FLOOR INCLUDING THE BALCONY BLOCK 1 OF WEALTHY VILLAS NO. 173 MONG TSENG WAI YUEN LONG NEW TERRITORIES",
        "FREE_FORMAT_ADDR_CHN": NaN,
        "DEV_NAME_ENG": "WEALTHY VILLAS",
        "DEV_NAME_CHN": "和富豪庭",
        "FIRST_REFERENCE_LOT_PRN": "C5020369"
    },
    {
        "PRN": "D3943422",
        "SEQ_NUM": 1,
        "BLOCK": "1",
        "FLOOR": "2",
        "FLAT": NaN,
        "HOUSE_NUM_PREFIX": NaN,
        "STREET_NAME_ENG": NaN,
        "STREET_NAME_CHN": NaN,
        "AREA_DESC_ENG": NaN,
        "AREA_DESC_CHN": NaN,
        "FREE_FORMAT_ADDR_ENG": "SECOND FLOOR INCLUDING THE BALCONY AND THE ROOF BLOCK 1 OF WEALTHY VILLAS NO. 173 MONG TSENG WAI YUEN LONG NEW TERRITORIES",
        "FREE_FORMAT_ADDR_CHN": NaN,
        "DEV_NAME_ENG": "WEALTHY VILLAS",
        "DEV_NAME_CHN": "和富豪庭",
        "FIRST_REFERENCE_LOT_PRN": "C5020369"
    },
    {
        "PRN": "D3943430",
        "SEQ_NUM": 1,
        "BLOCK": "1",
        "FLOOR": "G",
        "FLAT": NaN,
        "HOUSE_NUM_PREFIX": NaN,
        "STREET_NAME_ENG": NaN,
        "STREET_NAME_CHN": NaN,
        "AREA_DESC_ENG": NaN,
        "AREA_DESC_CHN": NaN,
        "FREE_FORMAT_ADDR_ENG": "GROUND FLOOR AND THE GARDEN AND THE STORE ROOM BLOCK 1 OF WEALTHY VILLAS NO. 173 MONG TSENG WAI YUEN LONG NEW TERRITORIES",
        "FREE_FORMAT_ADDR_CHN": NaN,
        "DEV_NAME_ENG": "WEALTHY VILLAS",
        "DEV_NAME_CHN": "和富豪庭",
        "FIRST_REFERENCE_LOT_PRN": "C5020369"
    },
    {
        "PRN": "D5890331",
        "SEQ_NUM": 1,
        "BLOCK": "18",
        "FLOOR": "1",
        "FLAT": NaN,
        "HOUSE_NUM_PREFIX": NaN,
        "STREET_NAME_ENG": NaN,
        "STREET_NAME_CHN": NaN,
        "AREA_DESC_ENG": NaN,
        "AREA_DESC_CHN": NaN,
        "FREE_FORMAT_ADDR_ENG": "FIRST FLOOR INCLUDING THE BALCONY BLOCK 18 OF WEALTHY VILLAS NO. 301 MONG TSENG TSUEN PING SHAN YUEN LONG NEW TERRITORIES",
        "FREE_FORMAT_ADDR_CHN": NaN,
        "DEV_NAME_ENG": "WEALTHY VILLAS",
        "DEV_NAME_CHN": "和富豪庭",
        "FIRST_REFERENCE_LOT_PRN": "C5023475"
    },
    {
        "PRN": "D5890345",
        "SEQ_NUM": 1,
        "BLOCK": "18",
        "FLOOR": "2",
        "FLAT": NaN,
        "HOUSE_NUM_PREFIX": NaN,
        "STREET_NAME_ENG": NaN,
        "STREET_NAME_CHN": NaN,
        "AREA_DESC_ENG": NaN,
        "AREA_DESC_CHN": NaN,
        "FREE_FORMAT_ADDR_ENG": "SECOND FLOOR INCLUDING THE BALCONY AND THE ROOF BLOCK 18 OF WEALTHY VILLAS NO. 301 MONG TSENG TSUEN PING SHAN YUEN LONG NEW TERRITORIES",
        "FREE_FORMAT_ADDR_CHN": NaN,
        "DEV_NAME_ENG": "WEALTHY VILLAS",
        "DEV_NAME_CHN": "和富豪庭",
        "FIRST_REFERENCE_LOT_PRN": "C5023475"
    },
    {
        "PRN": "D5890350",
        "SEQ_NUM": 1,
        "BLOCK": "18",
        "FLOOR": "G",
        "FLAT": NaN,
        "HOUSE_NUM_PREFIX": NaN,
        "STREET_NAME_ENG": NaN,
        "STREET_NAME_CHN": NaN,
        "AREA_DESC_ENG": NaN,
        "AREA_DESC_CHN": NaN,
        "FREE_FORMAT_ADDR_ENG": "GROUND FLOOR AND THE GARDEN BLOCK 18 OF WEALTHY VILLAS NO. 301 MONG TSENG TSUEN PING SHAN YUEN LONG NEW TERRITORIES",
        "FREE_FORMAT_ADDR_CHN": NaN,
        "DEV_NAME_ENG": "WEALTHY VILLAS",
        "DEV_NAME_CHN": "和富豪庭",
        "FIRST_REFERENCE_LOT_PRN": "C5023475"
    },
    {
        "PRN": "D5914084",
        "SEQ_NUM": 1,
        "BLOCK": "16",
        "FLOOR": "1",
        "FLAT": NaN,
        "HOUSE_NUM_PREFIX": NaN,
        "STREET_NAME_ENG": NaN,
        "STREET_NAME_CHN": NaN,
        "AREA_DESC_ENG": NaN,
        "AREA_DESC_CHN": NaN,
        "FREE_FORMAT_ADDR_ENG": "FIRST FLOOR INCLUDING THE BALCONY BLOCK 16 OF WEALTHY VILLAS NO. 303 MONG TSENG TSUEN PING SHAN YUEN LONG NEW TERRITORIES",
        "FREE_FORMAT_ADDR_CHN": NaN,
        "DEV_NAME_ENG": "WEALTHY VILLAS",
        "DEV_NAME_CHN": NaN,
        "FIRST_REFERENCE_LOT_PRN": "C5023485"
    },
    {
        "PRN": "D5914096",
        "SEQ_NUM": 1,
        "BLOCK": "16",
        "FLOOR": "2",
        "FLAT": NaN,
        "HOUSE_NUM_PREFIX": NaN,
        "STREET_NAME_ENG": NaN,
        "STREET_NAME_CHN": NaN,
        "AREA_DESC_ENG": NaN,
        "AREA_DESC_CHN": NaN,
        "FREE_FORMAT_ADDR_ENG": "SECOND FLOOR INCLUDING THE BALCONY AND THE ROOF BLOCK 16 OF WEALTHY VILLAS NO. 303 MONG TSENG TSUEN PING SHAN YUEN LONG NEW TERRITORIES",
        "FREE_FORMAT_ADDR_CHN": NaN,
        "DEV_NAME_ENG": "WEALTHY VILLAS",
        "DEV_NAME_CHN": NaN,
        "FIRST_REFERENCE_LOT_PRN": "C5023485"
    },
    {
        "PRN": "D5914102",
        "SEQ_NUM": 1,
        "BLOCK": "16",
        "FLOOR": "G",
        "FLAT": NaN,
        "HOUSE_NUM_PREFIX": NaN,
        "STREET_NAME_ENG": NaN,
        "STREET_NAME_CHN": NaN,
        "AREA_DESC_ENG": NaN,
        "AREA_DESC_CHN": NaN,
        "FREE_FORMAT_ADDR_ENG": "GROUND FLOOR AND THE GARDEN BLOCK 16 OF WEALTHY VILLAS NO. 303 MONG TSENG TSUEN PING SHAN YUEN LONG NEW TERRITORIES",
        "FREE_FORMAT_ADDR_CHN": NaN,
        "DEV_NAME_ENG": "WEALTHY VILLAS",
        "DEV_NAME_CHN": NaN,
        "FIRST_REFERENCE_LOT_PRN": "C5023485"
    },
    {
        "PRN": "D5934544",
        "SEQ_NUM": 1,
        "BLOCK": "12",
        "FLOOR": "1",
        "FLAT": NaN,
        "HOUSE_NUM_PREFIX": NaN,
        "STREET_NAME_ENG": NaN,
        "STREET_NAME_CHN": NaN,
        "AREA_DESC_ENG": NaN,
        "AREA_DESC_CHN": NaN,
        "FREE_FORMAT_ADDR_ENG": "FIRST FLOOR INCLUDING THE BALCONY BLOCK 12 OF WEALTHY VILLAS NO. 183 MONG TSENG WAI YUEN LONG NEW TERRITORIES",
        "FREE_FORMAT_ADDR_CHN": NaN,
        "DEV_NAME_ENG": "WEALTHY VILLAS",
        "DEV_NAME_CHN": "和富豪庭",
        "FIRST_REFERENCE_LOT_PRN": "C2966732"
    },
    {
        "PRN": "D5934557",
        "SEQ_NUM": 1,
        "BLOCK": "12",
        "FLOOR": "2",
        "FLAT": NaN,
        "HOUSE_NUM_PREFIX": NaN,
        "STREET_NAME_ENG": NaN,
        "STREET_NAME_CHN": NaN,
        "AREA_DESC_ENG": NaN,
        "AREA_DESC_CHN": NaN,
        "FREE_FORMAT_ADDR_ENG": "SECOND FLOOR INCLUDING THE BALCONY AND THE ROOF BLOCK 12 OF WEALTHY VILLAS NO. 183 MONG TSENG WAI YUEN LONG NEW TERRITORIES",
        "FREE_FORMAT_ADDR_CHN": NaN,
        "DEV_NAME_ENG": "WEALTHY VILLAS",
        "DEV_NAME_CHN": "和富豪庭",
        "FIRST_REFERENCE_LOT_PRN": "C2966732"
    },
    {
        "PRN": "D5934566",
        "SEQ_NUM": 1,
        "BLOCK": "12",
        "FLOOR": "G",
        "FLAT": NaN,
        "HOUSE_NUM_PREFIX": NaN,
        "STREET_NAME_ENG": NaN,
        "STREET_NAME_CHN": NaN,
        "AREA_DESC_ENG": NaN,
        "AREA_DESC_CHN": NaN,
        "FREE_FORMAT_ADDR_ENG": "GROUND FLOOR AND THE GARDEN BLOCK 12 OF WEALTHY VILLAS NO. 183 MONG TSENG WAI YUEN LONG NEW TERRITORIES",
        "FREE_FORMAT_ADDR_CHN": NaN,
        "DEV_NAME_ENG": "WEALTHY VILLAS",
        "DEV_NAME_CHN": "和富豪庭",
        "FIRST_REFERENCE_LOT_PRN": "C2966732"
    },
    {
        "PRN": "D5936173",
        "SEQ_NUM": 1,
        "BLOCK": "17",
        "FLOOR": "1",
        "FLAT": NaN,
        "HOUSE_NUM_PREFIX": NaN,
        "STREET_NAME_ENG": NaN,
        "STREET_NAME_CHN": NaN,
        "AREA_DESC_ENG": NaN,
        "AREA_DESC_CHN": NaN,
        "FREE_FORMAT_ADDR_ENG": "FIRST FLOOR INCLUDING THE BALCONY BLOCK 17 OF WEALTHY VILLAS NO. 302 MONG TSENG TSUEN PING SHAN YUEN LONG NEW TERRITORIES",
        "FREE_FORMAT_ADDR_CHN": NaN,
        "DEV_NAME_ENG": "WEALTHY VILLAS",
        "DEV_NAME_CHN": "和富豪庭",
        "FIRST_REFERENCE_LOT_PRN": "C6081220"
    },
    {
        "PRN": "D5936187",
        "SEQ_NUM": 1,
        "BLOCK": "17",
        "FLOOR": "2",
        "FLAT": NaN,
        "HOUSE_NUM_PREFIX": NaN,
        "STREET_NAME_ENG": NaN,
        "STREET_NAME_CHN": NaN,
        "AREA_DESC_ENG": NaN,
        "AREA_DESC_CHN": NaN,
        "FREE_FORMAT_ADDR_ENG": "SECOND FLOOR INCLUDING THE BALCONY AND THE ROOF BLOCK 17 OF WEALTHY VILLAS NO. 302 MONG TSENG TSUEN PING SHAN YUEN LONG NEW TERRITORIES",
        "FREE_FORMAT_ADDR_CHN": NaN,
        "DEV_NAME_ENG": "WEALTHY VILLAS",
        "DEV_NAME_CHN": "和富豪庭",
        "FIRST_REFERENCE_LOT_PRN": "C6081220"
    },
    {
        "PRN": "D5936195",
        "SEQ_NUM": 1,
        "BLOCK": "17",
        "FLOOR": "G",
        "FLAT": NaN,
        "HOUSE_NUM_PREFIX": NaN,
        "STREET_NAME_ENG": NaN,
        "STREET_NAME_CHN": NaN,
        "AREA_DESC_ENG": NaN,
        "AREA_DESC_CHN": NaN,
        "FREE_FORMAT_ADDR_ENG": "GROUND FLOOR AND THE GARDEN BLOCK 17 OF WEALTHY VILLAS NO. 302 MONG TSENG TSUEN PING SHAN YUEN LONG NEW TERRITORIES",
        "FREE_FORMAT_ADDR_CHN": NaN,
        "DEV_NAME_ENG": "WEALTHY VILLAS",
        "DEV_NAME_CHN": "和富豪庭",
        "FIRST_REFERENCE_LOT_PRN": "C6081220"
    },
    {
        "PRN": "D5944694",
        "SEQ_NUM": 1,
        "BLOCK": "11",
        "FLOOR": "1",
        "FLAT": NaN,
        "HOUSE_NUM_PREFIX": NaN,
        "STREET_NAME_ENG": NaN,
        "STREET_NAME_CHN": NaN,
        "AREA_DESC_ENG": NaN,
        "AREA_DESC_CHN": NaN,
        "FREE_FORMAT_ADDR_ENG": "FIRST FLOOR INCLUDING THE BALCONY BLOCK 11 OF WEALTHY VILLAS NO. 182 MONG TSENG WAI YUEN LONG NEW TERRITORIES",
        "FREE_FORMAT_ADDR_CHN": NaN,
        "DEV_NAME_ENG": "WEALTHY VILLAS",
        "DEV_NAME_CHN": "和富豪庭",
        "FIRST_REFERENCE_LOT_PRN": "C2966723"
    },
    {
        "PRN": "D5944706",
        "SEQ_NUM": 1,
        "BLOCK": "11",
        "FLOOR": "2",
        "FLAT": NaN,
        "HOUSE_NUM_PREFIX": NaN,
        "STREET_NAME_ENG": NaN,
        "STREET_NAME_CHN": NaN,
        "AREA_DESC_ENG": NaN,
        "AREA_DESC_CHN": NaN,
        "FREE_FORMAT_ADDR_ENG": "SECOND FLOOR INCLUDING THE BALCONY AND THE ROOF BLOCK 11 OF WEALTHY VILLAS NO. 182 MONG TSENG WAI YUEN LONG NEW TERRITORIES",
        "FREE_FORMAT_ADDR_CHN": NaN,
        "DEV_NAME_ENG": "WEALTHY VILLAS",
        "DEV_NAME_CHN": "和富豪庭",
        "FIRST_REFERENCE_LOT_PRN": "C2966723"
    },
    {
        "PRN": "D5944712",
        "SEQ_NUM": 1,
        "BLOCK": "11",
        "FLOOR": "G",
        "FLAT": NaN,
        "HOUSE_NUM_PREFIX": NaN,
        "STREET_NAME_ENG": NaN,
        "STREET_NAME_CHN": NaN,
        "AREA_DESC_ENG": NaN,
        "AREA_DESC_CHN": NaN,
        "FREE_FORMAT_ADDR_ENG": "GROUND FLOOR AND THE GARDEN BLOCK 11 OF WEALTHY VILLAS NO. 182 MONG TSENG WAI YUEN LONG NEW TERRITORIES",
        "FREE_FORMAT_ADDR_CHN": NaN,
        "DEV_NAME_ENG": "WEALTHY VILLAS",
        "DEV_NAME_CHN": "和富豪庭",
        "FIRST_REFERENCE_LOT_PRN": "C2966723"
    }
]