[
    {
        "PRN": "A2803064",
        "SEQ_NUM": 1,
        "BLOCK": "A",
        "FLOOR": "1",
        "FLAT": "A1",
        "HOUSE_NUM_PREFIX": 200.0,
        "STREET_NAME_ENG": "TIN HAU TEMPLE ROAD",
        "STREET_NAME_CHN": "天后廟道",
        "AREA_DESC_ENG": "HONG KONG",
        "AREA_DESC_CHN": "香港",
        "FREE_FORMAT_ADDR_ENG": "FLAT A-1 ON 1ST FLOOR OF TOWER A WILSHIRE TOWERS 200 TIN HAU TEMPLE ROAD HONG KONG ",
        "FREE_FORMAT_ADDR_CHN": NaN,
        "DEV_NAME_ENG": "WILSHIRE TOWERS",
        "DEV_NAME_CHN": "慧雅閣",
        "FIRST_REFERENCE_LOT_PRN": "C4456887"
    },
    {
        "PRN": "A2803077",
        "SEQ_NUM": 1,
        "BLOCK": "A",
        "FLOOR": "10",
        "FLAT": "A1",
        "HOUSE_NUM_PREFIX": 200.0,
        "STREET_NAME_ENG": "TIN HAU TEMPLE ROAD",
        "STREET_NAME_CHN": "天后廟道",
        "AREA_DESC_ENG": "HONG KONG",
        "AREA_DESC_CHN": "香港",
        "FREE_FORMAT_ADDR_ENG": "FLAT A1 ON 10TH FLOOR OF TOWER A WILSHIRE TOWERS 200 TIN HAU TEMPLE ROAD HONG KONG ",
        "FREE_FORMAT_ADDR_CHN": NaN,
        "DEV_NAME_ENG": "WILSHIRE TOWERS",
        "DEV_NAME_CHN": "慧雅閣",
        "FIRST_REFERENCE_LOT_PRN": "C4456887"
    },
    {
        "PRN": "A2803082",
        "SEQ_NUM": 1,
        "BLOCK": "A",
        "FLOOR": "11",
        "FLAT": "A1",
        "HOUSE_NUM_PREFIX": 200.0,
        "STREET_NAME_ENG": "TIN HAU TEMPLE ROAD",
        "STREET_NAME_CHN": "天后廟道",
        "AREA_DESC_ENG": "HONG KONG",
        "AREA_DESC_CHN": "香港",
        "FREE_FORMAT_ADDR_ENG": "FLAT A1 ON 11TH FLOOR OF TOWER A WILSHIRE TOWERS 200 TIN HAU TEMPLE ROAD HONG KONG ",
        "FREE_FORMAT_ADDR_CHN": NaN,
        "DEV_NAME_ENG": "WILSHIRE TOWERS",
        "DEV_NAME_CHN": "慧雅閣",
        "FIRST_REFERENCE_LOT_PRN": "C4456887"
    },
    {
        "PRN": "A2803097",
        "SEQ_NUM": 1,
        "BLOCK": "A",
        "FLOOR": "12",
        "FLAT": "A1",
        "HOUSE_NUM_PREFIX": 200.0,
        "STREET_NAME_ENG": "TIN HAU TEMPLE ROAD",
        "STREET_NAME_CHN": "天后廟道",
        "AREA_DESC_ENG": "HONG KONG",
        "AREA_DESC_CHN": "香港",
        "FREE_FORMAT_ADDR_ENG": "FLAT A1 ON 12TH FLOOR OF TOWER A WILSHIRE TOWERS 200 TIN HAU TEMPLE ROAD HONG KONG ",
        "FREE_FORMAT_ADDR_CHN": NaN,
        "DEV_NAME_ENG": "WILSHIRE TOWERS",
        "DEV_NAME_CHN": "慧雅閣",
        "FIRST_REFERENCE_LOT_PRN": "C4456887"
    },
    {
        "PRN": "A2803107",
        "SEQ_NUM": 1,
        "BLOCK": "A",
        "FLOOR": "2",
        "FLAT": "A1",
        "HOUSE_NUM_PREFIX": 200.0,
        "STREET_NAME_ENG": "TIN HAU TEMPLE ROAD",
        "STREET_NAME_CHN": "天后廟道",
        "AREA_DESC_ENG": "HONG KONG",
        "AREA_DESC_CHN": "香港",
        "FREE_FORMAT_ADDR_ENG": "FLAT A1 ON THE 2ND FLOOR OF TOWER A WILSHIRE TOWERS 200 TIN HAU TEMPLE ROAD HONG KONG ",
        "FREE_FORMAT_ADDR_CHN": NaN,
        "DEV_NAME_ENG": "WILSHIRE TOWERS",
        "DEV_NAME_CHN": "慧雅閣",
        "FIRST_REFERENCE_LOT_PRN": "C4456887"
    },
    {
        "PRN": "A2803117",
        "SEQ_NUM": 1,
        "BLOCK": "A",
        "FLOOR": "4",
        "FLAT": "A1",
        "HOUSE_NUM_PREFIX": 200.0,
        "STREET_NAME_ENG": "TIN HAU TEMPLE ROAD",
        "STREET_NAME_CHN": "天后廟道",
        "AREA_DESC_ENG": "HONG KONG",
        "AREA_DESC_CHN": "香港",
        "FREE_FORMAT_ADDR_ENG": "FLAT A1 ON 4/F OF TOWER A WILSHIRE TOWERS 200 TIN HAU TEMPLE ROAD HONG KONG ",
        "FREE_FORMAT_ADDR_CHN": NaN,
        "DEV_NAME_ENG": "WILSHIRE TOWERS",
        "DEV_NAME_CHN": "慧雅閣",
        "FIRST_REFERENCE_LOT_PRN": "C4456887"
    },
    {
        "PRN": "A2803128",
        "SEQ_NUM": 1,
        "BLOCK": "A",
        "FLOOR": "6",
        "FLAT": "A1",
        "HOUSE_NUM_PREFIX": 200.0,
        "STREET_NAME_ENG": "TIN HAU TEMPLE ROAD",
        "STREET_NAME_CHN": "天后廟道",
        "AREA_DESC_ENG": "HONG KONG",
        "AREA_DESC_CHN": "香港",
        "FREE_FORMAT_ADDR_ENG": "FLAT A1 ON 6TH FLOOR OF TOWER A WILSHIRE TOWERS 200 TIN HAU TEMPLE ROAD HONG KONG ",
        "FREE_FORMAT_ADDR_CHN": NaN,
        "DEV_NAME_ENG": "WILSHIRE TOWERS",
        "DEV_NAME_CHN": "慧雅閣",
        "FIRST_REFERENCE_LOT_PRN": "C4456887"
    },
    {
        "PRN": "A2803139",
        "SEQ_NUM": 1,
        "BLOCK": "A",
        "FLOOR": "8",
        "FLAT": "A1",
        "HOUSE_NUM_PREFIX": 200.0,
        "STREET_NAME_ENG": "TIN HAU TEMPLE ROAD",
        "STREET_NAME_CHN": "天后廟道",
        "AREA_DESC_ENG": "HONG KONG",
        "AREA_DESC_CHN": "香港",
        "FREE_FORMAT_ADDR_ENG": "FLAT A1 ON 8TH FLOOR OF TOWER A WILSHIRE TOWERS 200 TIN HAU TEMPLE ROAD HONG KONG ",
        "FREE_FORMAT_ADDR_CHN": NaN,
        "DEV_NAME_ENG": "WILSHIRE TOWERS",
        "DEV_NAME_CHN": "慧雅閣",
        "FIRST_REFERENCE_LOT_PRN": "C4456887"
    },
    {
        "PRN": "A2803146",
        "SEQ_NUM": 1,
        "BLOCK": "A",
        "FLOOR": "9",
        "FLAT": "A1",
        "HOUSE_NUM_PREFIX": 200.0,
        "STREET_NAME_ENG": "TIN HAU TEMPLE ROAD",
        "STREET_NAME_CHN": "天后廟道",
        "AREA_DESC_ENG": "HONG KONG",
        "AREA_DESC_CHN": "香港",
        "FREE_FORMAT_ADDR_ENG": "FLAT A1 ON 9TH FLOOR OF TOWER A WILSHIRE TOWERS 200 TIN HAU TEMPLE ROAD HONG KONG ",
        "FREE_FORMAT_ADDR_CHN": NaN,
        "DEV_NAME_ENG": "WILSHIRE TOWERS",
        "DEV_NAME_CHN": "慧雅閣",
        "FIRST_REFERENCE_LOT_PRN": "C4456887"
    },
    {
        "PRN": "A2803153",
        "SEQ_NUM": 1,
        "BLOCK": "A",
        "FLOOR": "G",
        "FLAT": "A2",
        "HOUSE_NUM_PREFIX": 200.0,
        "STREET_NAME_ENG": "TIN HAU TEMPLE ROAD",
        "STREET_NAME_CHN": "天后廟道",
        "AREA_DESC_ENG": "HONG KONG",
        "AREA_DESC_CHN": "香港",
        "FREE_FORMAT_ADDR_ENG": "FLAT A-2 ON GROUND FLOOR OF TOWER A WILSHIRE TOWERS 200 TIN HAU TEMPLE ROAD HONG KONG ",
        "FREE_FORMAT_ADDR_CHN": NaN,
        "DEV_NAME_ENG": "WILSHIRE TOWERS",
        "DEV_NAME_CHN": "慧雅閣",
        "FIRST_REFERENCE_LOT_PRN": "C4456887"
    },
    {
        "PRN": "A2803166",
        "SEQ_NUM": 1,
        "BLOCK": "A",
        "FLOOR": "1",
        "FLAT": "A2",
        "HOUSE_NUM_PREFIX": 200.0,
        "STREET_NAME_ENG": "TIN HAU TEMPLE ROAD",
        "STREET_NAME_CHN": "天后廟道",
        "AREA_DESC_ENG": "HONG KONG",
        "AREA_DESC_CHN": "香港",
        "FREE_FORMAT_ADDR_ENG": "FLAT A-2 ON 1ST FLOOR OF TOWER A WILSHIRE TOWERS 200 TIN HAU TEMPLE ROAD HONG KONG ",
        "FREE_FORMAT_ADDR_CHN": NaN,
        "DEV_NAME_ENG": "WILSHIRE TOWERS",
        "DEV_NAME_CHN": "慧雅閣",
        "FIRST_REFERENCE_LOT_PRN": "C4456887"
    },
    {
        "PRN": "A2803177",
        "SEQ_NUM": 1,
        "BLOCK": "A",
        "FLOOR": "10",
        "FLAT": "A2",
        "HOUSE_NUM_PREFIX": 200.0,
        "STREET_NAME_ENG": "TIN HAU TEMPLE ROAD",
        "STREET_NAME_CHN": "天后廟道",
        "AREA_DESC_ENG": "HONG KONG",
        "AREA_DESC_CHN": "香港",
        "FREE_FORMAT_ADDR_ENG": "FLAT A2 ON 10TH FLOOR OF TOWER A WILSHIRE TOWERS 200 TIN HAU TEMPLE ROAD HONG KONG ",
        "FREE_FORMAT_ADDR_CHN": NaN,
        "DEV_NAME_ENG": "WILSHIRE TOWERS",
        "DEV_NAME_CHN": "慧雅閣",
        "FIRST_REFERENCE_LOT_PRN": "C4456887"
    },
    {
        "PRN": "A2803183",
        "SEQ_NUM": 1,
        "BLOCK": "A",
        "FLOOR": "11",
        "FLAT": "A2",
        "HOUSE_NUM_PREFIX": 200.0,
        "STREET_NAME_ENG": "TIN HAU TEMPLE ROAD",
        "STREET_NAME_CHN": "天后廟道",
        "AREA_DESC_ENG": "HONG KONG",
        "AREA_DESC_CHN": "香港",
        "FREE_FORMAT_ADDR_ENG": "FLAT A2 ON 11TH FLOOR OF TOWER A WILSHIRE TOWERS 200 TIN HAU TEMPLE ROAD HONG KONG ",
        "FREE_FORMAT_ADDR_CHN": NaN,
        "DEV_NAME_ENG": "WILSHIRE TOWERS",
        "DEV_NAME_CHN": "慧雅閣",
        "FIRST_REFERENCE_LOT_PRN": "C4456887"
    },
    {
        "PRN": "A2803191",
        "SEQ_NUM": 1,
        "BLOCK": "A",
        "FLOOR": "14",
        "FLAT": "A2",
        "HOUSE_NUM_PREFIX": 200.0,
        "STREET_NAME_ENG": "TIN HAU TEMPLE ROAD",
        "STREET_NAME_CHN": "天后廟道",
        "AREA_DESC_ENG": "HONG KONG",
        "AREA_DESC_CHN": "香港",
        "FREE_FORMAT_ADDR_ENG": "FLAT A-2 ON 14TH FLOOR AND ROOF A2 TOWER A WILSHIRE TOWERS 200 TIN HAU TEMPLE ROAD HONG KONG",
        "FREE_FORMAT_ADDR_CHN": NaN,
        "DEV_NAME_ENG": "WILSHIRE TOWERS",
        "DEV_NAME_CHN": "慧雅閣",
        "FIRST_REFERENCE_LOT_PRN": "C4456887"
    },
    {
        "PRN": "A2803207",
        "SEQ_NUM": 1,
        "BLOCK": "A",
        "FLOOR": "2",
        "FLAT": "A2",
        "HOUSE_NUM_PREFIX": 200.0,
        "STREET_NAME_ENG": "TIN HAU TEMPLE ROAD",
        "STREET_NAME_CHN": "天后廟道",
        "AREA_DESC_ENG": "HONG KONG",
        "AREA_DESC_CHN": "香港",
        "FREE_FORMAT_ADDR_ENG": "FLAT A2 ON 2ND FLOOR OF TOWER A WILSHIRE TOWERS 200 TIN HAU TEMPLE ROAD HONG KONG ",
        "FREE_FORMAT_ADDR_CHN": NaN,
        "DEV_NAME_ENG": "WILSHIRE TOWERS",
        "DEV_NAME_CHN": "慧雅閣",
        "FIRST_REFERENCE_LOT_PRN": "C4456887"
    },
    {
        "PRN": "A2803219",
        "SEQ_NUM": 1,
        "BLOCK": "A",
        "FLOOR": "6",
        "FLAT": "A2",
        "HOUSE_NUM_PREFIX": 200.0,
        "STREET_NAME_ENG": "TIN HAU TEMPLE ROAD",
        "STREET_NAME_CHN": "天后廟道",
        "AREA_DESC_ENG": "HONG KONG",
        "AREA_DESC_CHN": "香港",
        "FREE_FORMAT_ADDR_ENG": "FLAT A2 ON 6TH FLOOR OF TOWER A WILSHIRE TOWERS 200 TIN HAU TEMPLE ROAD HONG KONG ",
        "FREE_FORMAT_ADDR_CHN": NaN,
        "DEV_NAME_ENG": "WILSHIRE TOWERS",
        "DEV_NAME_CHN": "慧雅閣",
        "FIRST_REFERENCE_LOT_PRN": "C4456887"
    },
    {
        "PRN": "A2803224",
        "SEQ_NUM": 1,
        "BLOCK": "A",
        "FLOOR": "7",
        "FLAT": "A2",
        "HOUSE_NUM_PREFIX": 200.0,
        "STREET_NAME_ENG": "TIN HAU TEMPLE ROAD",
        "STREET_NAME_CHN": "天后廟道",
        "AREA_DESC_ENG": "HONG KONG",
        "AREA_DESC_CHN": "香港",
        "FREE_FORMAT_ADDR_ENG": "FLAT A2 ON 7TH FLOOR OF TOWER A WILSHIRE TOWERS 200 TIN HAU TEMPLE ROAD HONG KONG",
        "FREE_FORMAT_ADDR_CHN": NaN,
        "DEV_NAME_ENG": "WILSHIRE TOWERS",
        "DEV_NAME_CHN": "慧雅閣",
        "FIRST_REFERENCE_LOT_PRN": "C4456887"
    },
    {
        "PRN": "A2803230",
        "SEQ_NUM": 1,
        "BLOCK": "A",
        "FLOOR": "8",
        "FLAT": "A2",
        "HOUSE_NUM_PREFIX": 200.0,
        "STREET_NAME_ENG": "TIN HAU TEMPLE ROAD",
        "STREET_NAME_CHN": "天后廟道",
        "AREA_DESC_ENG": "HONG KONG",
        "AREA_DESC_CHN": "香港",
        "FREE_FORMAT_ADDR_ENG": "FLAT A2 ON 8TH FLOOR OF TOWER A WILSHIRE TOWERS 200 TIN HAU TEMPLE ROAD HONG KONG ",
        "FREE_FORMAT_ADDR_CHN": "香港 天后廟道200號 慧雅閣A座 8樓A2室",
        "DEV_NAME_ENG": "WILSHIRE TOWERS",
        "DEV_NAME_CHN": "慧雅閣",
        "FIRST_REFERENCE_LOT_PRN": "C4456887"
    },
    {
        "PRN": "A2803247",
        "SEQ_NUM": 1,
        "BLOCK": "A",
        "FLOOR": "9",
        "FLAT": "A2",
        "HOUSE_NUM_PREFIX": 200.0,
        "STREET_NAME_ENG": "TIN HAU TEMPLE ROAD",
        "STREET_NAME_CHN": "天后廟道",
        "AREA_DESC_ENG": "HONG KONG",
        "AREA_DESC_CHN": "香港",
        "FREE_FORMAT_ADDR_ENG": "FLAT A2 ON 9TH FLOOR OF TOWER A WILSHIRE TOWERS 200 TIN HAU TEMPLE ROAD HONG KONG ",
        "FREE_FORMAT_ADDR_CHN": NaN,
        "DEV_NAME_ENG": "WILSHIRE TOWERS",
        "DEV_NAME_CHN": "慧雅閣",
        "FIRST_REFERENCE_LOT_PRN": "C4456887"
    },
    {
        "PRN": "A2803253",
        "SEQ_NUM": 1,
        "BLOCK": "B",
        "FLOOR": "10",
        "FLAT": "B1",
        "HOUSE_NUM_PREFIX": 200.0,
        "STREET_NAME_ENG": "TIN HAU TEMPLE ROAD",
        "STREET_NAME_CHN": "天后廟道",
        "AREA_DESC_ENG": "HONG KONG",
        "AREA_DESC_CHN": "香港",
        "FREE_FORMAT_ADDR_ENG": "FLAT B-1 ON 10TH FLOOR OF TOWER B WILSHIRE TOWERS 200 TIN HAU TEMPLE ROAD HONG KONG",
        "FREE_FORMAT_ADDR_CHN": NaN,
        "DEV_NAME_ENG": "WILSHIRE TOWERS",
        "DEV_NAME_CHN": "慧雅閣",
        "FIRST_REFERENCE_LOT_PRN": "C4456887"
    },
    {
        "PRN": "A2803268",
        "SEQ_NUM": 1,
        "BLOCK": "B",
        "FLOOR": "15",
        "FLAT": "B1",
        "HOUSE_NUM_PREFIX": 200.0,
        "STREET_NAME_ENG": "TIN HAU TEMPLE ROAD",
        "STREET_NAME_CHN": "天后廟道",
        "AREA_DESC_ENG": "HONG KONG",
        "AREA_DESC_CHN": "香港",
        "FREE_FORMAT_ADDR_ENG": "FLAT B-1 ON 15TH FLOOR OF TOWER B WILSHIRE TOWERS 200 TIN HAU TEMPLE ROAD HONG KONG",
        "FREE_FORMAT_ADDR_CHN": NaN,
        "DEV_NAME_ENG": "WILSHIRE TOWERS",
        "DEV_NAME_CHN": "慧雅閣",
        "FIRST_REFERENCE_LOT_PRN": "C4456887"
    },
    {
        "PRN": "A2803276",
        "SEQ_NUM": 1,
        "BLOCK": "B",
        "FLOOR": "17",
        "FLAT": "B1",
        "HOUSE_NUM_PREFIX": 200.0,
        "STREET_NAME_ENG": "TIN HAU TEMPLE ROAD",
        "STREET_NAME_CHN": "天后廟道",
        "AREA_DESC_ENG": "HONG KONG",
        "AREA_DESC_CHN": "香港",
        "FREE_FORMAT_ADDR_ENG": "FLAT B-1 ON 17TH FLOOR OF TOWER B WILSHIRE TOWERS 200 TIN HAU TEMPLE ROAD HONG KONG",
        "FREE_FORMAT_ADDR_CHN": NaN,
        "DEV_NAME_ENG": "WILSHIRE TOWERS",
        "DEV_NAME_CHN": "慧雅閣",
        "FIRST_REFERENCE_LOT_PRN": "C4456887"
    },
    {
        "PRN": "A2803286",
        "SEQ_NUM": 1,
        "BLOCK": "B",
        "FLOOR": "2",
        "FLAT": "B1",
        "HOUSE_NUM_PREFIX": 200.0,
        "STREET_NAME_ENG": "TIN HAU TEMPLE ROAD",
        "STREET_NAME_CHN": "天后廟道",
        "AREA_DESC_ENG": "HONG KONG",
        "AREA_DESC_CHN": "香港",
        "FREE_FORMAT_ADDR_ENG": "FLAT B-1 ON 2ND FLOOR OF TOWER B WILSHIRE TOWERS 200 TIN HAU TEMPLE ROAD HONG KONG",
        "FREE_FORMAT_ADDR_CHN": NaN,
        "DEV_NAME_ENG": "WILSHIRE TOWERS",
        "DEV_NAME_CHN": "慧雅閣",
        "FIRST_REFERENCE_LOT_PRN": "C4456887"
    },
    {
        "PRN": "A2803298",
        "SEQ_NUM": 1,
        "BLOCK": "B",
        "FLOOR": "20",
        "FLAT": "B1",
        "HOUSE_NUM_PREFIX": 200.0,
        "STREET_NAME_ENG": "TIN HAU TEMPLE ROAD",
        "STREET_NAME_CHN": "天后廟道",
        "AREA_DESC_ENG": "HONG KONG",
        "AREA_DESC_CHN": "香港",
        "FREE_FORMAT_ADDR_ENG": "FLAT B-1 ON 20TH FLOOR OF TOWER B WILSHIRE TOWERS 200 TIN HAU TEMPLE ROAD HONG KONG",
        "FREE_FORMAT_ADDR_CHN": NaN,
        "DEV_NAME_ENG": "WILSHIRE TOWERS",
        "DEV_NAME_CHN": "慧雅閣",
        "FIRST_REFERENCE_LOT_PRN": "C4456887"
    },
    {
        "PRN": "A2803306",
        "SEQ_NUM": 1,
        "BLOCK": "B",
        "FLOOR": "21",
        "FLAT": "B1",
        "HOUSE_NUM_PREFIX": 200.0,
        "STREET_NAME_ENG": "TIN HAU TEMPLE ROAD",
        "STREET_NAME_CHN": "天后廟道",
        "AREA_DESC_ENG": "HONG KONG",
        "AREA_DESC_CHN": "香港",
        "FREE_FORMAT_ADDR_ENG": "FLAT B-1 ON 21/F (& ROOF B-1) OF TOWER B WILSHIRE TOWERS 200 TIN HAU TEMPLE ROAD HONG KONG",
        "FREE_FORMAT_ADDR_CHN": NaN,
        "DEV_NAME_ENG": "WILSHIRE TOWERS",
        "DEV_NAME_CHN": "慧雅閣",
        "FIRST_REFERENCE_LOT_PRN": "C4456887"
    },
    {
        "PRN": "A2803313",
        "SEQ_NUM": 1,
        "BLOCK": "B",
        "FLOOR": "6",
        "FLAT": "B1",
        "HOUSE_NUM_PREFIX": 200.0,
        "STREET_NAME_ENG": "TIN HAU TEMPLE ROAD",
        "STREET_NAME_CHN": "天后廟道",
        "AREA_DESC_ENG": "HONG KONG",
        "AREA_DESC_CHN": "香港",
        "FREE_FORMAT_ADDR_ENG": "FLAT B-1 ON 6TH FLOOR OF TOWER B WILSHIRE TOWERS 200 TIN HAU TEMPLE ROAD HONG KONG",
        "FREE_FORMAT_ADDR_CHN": NaN,
        "DEV_NAME_ENG": "WILSHIRE TOWERS",
        "DEV_NAME_CHN": "慧雅閣",
        "FIRST_REFERENCE_LOT_PRN": "C4456887"
    },
    {
        "PRN": "A2803321",
        "SEQ_NUM": 1,
        "BLOCK": "B",
        "FLOOR": "7",
        "FLAT": "B1",
        "HOUSE_NUM_PREFIX": 200.0,
        "STREET_NAME_ENG": "TIN HAU TEMPLE ROAD",
        "STREET_NAME_CHN": "天后廟道",
        "AREA_DESC_ENG": "HONG KONG",
        "AREA_DESC_CHN": "香港",
        "FREE_FORMAT_ADDR_ENG": "FLAT B-1 ON 7TH FLOOR OF TOWER B WILSHIRE TOWERS 200 TIN HAU TEMPLE ROAD HONG KONG",
        "FREE_FORMAT_ADDR_CHN": NaN,
        "DEV_NAME_ENG": "WILSHIRE TOWERS",
        "DEV_NAME_CHN": "慧雅閣",
        "FIRST_REFERENCE_LOT_PRN": "C4456887"
    },
    {
        "PRN": "A2803333",
        "SEQ_NUM": 1,
        "BLOCK": "B",
        "FLOOR": "8",
        "FLAT": "B1",
        "HOUSE_NUM_PREFIX": 200.0,
        "STREET_NAME_ENG": "TIN HAU TEMPLE ROAD",
        "STREET_NAME_CHN": "天后廟道",
        "AREA_DESC_ENG": "HONG KONG",
        "AREA_DESC_CHN": "香港",
        "FREE_FORMAT_ADDR_ENG": "FLAT B-1 ON 8TH FLOOR OF TOWER B WILSHIRE TOWERS 200 TIN HAU TEMPLE ROAD HONG KONG",
        "FREE_FORMAT_ADDR_CHN": NaN,
        "DEV_NAME_ENG": "WILSHIRE TOWERS",
        "DEV_NAME_CHN": "慧雅閣",
        "FIRST_REFERENCE_LOT_PRN": "C4456887"
    },
    {
        "PRN": "A2803342",
        "SEQ_NUM": 1,
        "BLOCK": "B",
        "FLOOR": "11",
        "FLAT": "B2",
        "HOUSE_NUM_PREFIX": 200.0,
        "STREET_NAME_ENG": "TIN HAU TEMPLE ROAD",
        "STREET_NAME_CHN": "天后廟道",
        "AREA_DESC_ENG": "HONG KONG",
        "AREA_DESC_CHN": "香港",
        "FREE_FORMAT_ADDR_ENG": "FLAT B-2 ON 11TH FLOOR OF TOWER B WILSHIRE TOWERS 200 TIN HAU TEMPLE ROAD HONG KONG",
        "FREE_FORMAT_ADDR_CHN": NaN,
        "DEV_NAME_ENG": "WILSHIRE TOWERS",
        "DEV_NAME_CHN": "慧雅閣",
        "FIRST_REFERENCE_LOT_PRN": "C4456887"
    },
    {
        "PRN": "A2803351",
        "SEQ_NUM": 1,
        "BLOCK": "B",
        "FLOOR": "12",
        "FLAT": "B2",
        "HOUSE_NUM_PREFIX": 200.0,
        "STREET_NAME_ENG": "TIN HAU TEMPLE ROAD",
        "STREET_NAME_CHN": "天后廟道",
        "AREA_DESC_ENG": "HONG KONG",
        "AREA_DESC_CHN": "香港",
        "FREE_FORMAT_ADDR_ENG": "FLAT B-2 ON 12TH FLOOR OF TOWER B WILSHIRE TOWERS 200 TIN HAU TEMPLE ROAD HONG KONG",
        "FREE_FORMAT_ADDR_CHN": NaN,
        "DEV_NAME_ENG": "WILSHIRE TOWERS",
        "DEV_NAME_CHN": "慧雅閣",
        "FIRST_REFERENCE_LOT_PRN": "C4456887"
    },
    {
        "PRN": "A2803368",
        "SEQ_NUM": 1,
        "BLOCK": "B",
        "FLOOR": "15",
        "FLAT": "B2",
        "HOUSE_NUM_PREFIX": 200.0,
        "STREET_NAME_ENG": "TIN HAU TEMPLE ROAD",
        "STREET_NAME_CHN": "天后廟道",
        "AREA_DESC_ENG": "HONG KONG",
        "AREA_DESC_CHN": "香港",
        "FREE_FORMAT_ADDR_ENG": "FLAT B-2 ON 15TH FLOOR OF TOWER B WILSHIRE TOWERS 200 TIN HAU TEMPLE ROAD HONG KONG",
        "FREE_FORMAT_ADDR_CHN": NaN,
        "DEV_NAME_ENG": "WILSHIRE TOWERS",
        "DEV_NAME_CHN": "慧雅閣",
        "FIRST_REFERENCE_LOT_PRN": "C4456887"
    },
    {
        "PRN": "A2803373",
        "SEQ_NUM": 1,
        "BLOCK": "B",
        "FLOOR": "16",
        "FLAT": "B2",
        "HOUSE_NUM_PREFIX": 200.0,
        "STREET_NAME_ENG": "TIN HAU TEMPLE ROAD",
        "STREET_NAME_CHN": "天后廟道",
        "AREA_DESC_ENG": "HONG KONG",
        "AREA_DESC_CHN": "香港",
        "FREE_FORMAT_ADDR_ENG": "FLAT B-2 ON 16TH FLOOR OF TOWER B WILSHIRE TOWERS 200 TIN HAU TEMPLE ROAD HONG KONG",
        "FREE_FORMAT_ADDR_CHN": NaN,
        "DEV_NAME_ENG": "WILSHIRE TOWERS",
        "DEV_NAME_CHN": "慧雅閣",
        "FIRST_REFERENCE_LOT_PRN": "C4456887"
    },
    {
        "PRN": "A2803386",
        "SEQ_NUM": 1,
        "BLOCK": "B",
        "FLOOR": "17",
        "FLAT": "B2",
        "HOUSE_NUM_PREFIX": 200.0,
        "STREET_NAME_ENG": "TIN HAU TEMPLE ROAD",
        "STREET_NAME_CHN": "天后廟道",
        "AREA_DESC_ENG": "HONG KONG",
        "AREA_DESC_CHN": "香港",
        "FREE_FORMAT_ADDR_ENG": "FLAT B-2 ON 17TH FLOOR OF TOWER B WILSHIRE TOWERS 200 TIN HAU TEMPLE ROAD HONG KONG",
        "FREE_FORMAT_ADDR_CHN": NaN,
        "DEV_NAME_ENG": "WILSHIRE TOWERS",
        "DEV_NAME_CHN": "慧雅閣",
        "FIRST_REFERENCE_LOT_PRN": "C4456887"
    },
    {
        "PRN": "A2803397",
        "SEQ_NUM": 1,
        "BLOCK": "B",
        "FLOOR": "18",
        "FLAT": "B2",
        "HOUSE_NUM_PREFIX": 200.0,
        "STREET_NAME_ENG": "TIN HAU TEMPLE ROAD",
        "STREET_NAME_CHN": "天后廟道",
        "AREA_DESC_ENG": "HONG KONG",
        "AREA_DESC_CHN": "香港",
        "FREE_FORMAT_ADDR_ENG": "FLAT B-2 ON 18TH FLOOR OF TOWER B WILSHIRE TOWERS 200 TIN HAU TEMPLE ROAD HONG KONG",
        "FREE_FORMAT_ADDR_CHN": NaN,
        "DEV_NAME_ENG": "WILSHIRE TOWERS",
        "DEV_NAME_CHN": "慧雅閣",
        "FIRST_REFERENCE_LOT_PRN": "C4456887"
    },
    {
        "PRN": "A2803404",
        "SEQ_NUM": 1,
        "BLOCK": "B",
        "FLOOR": "19",
        "FLAT": "B2",
        "HOUSE_NUM_PREFIX": 200.0,
        "STREET_NAME_ENG": "TIN HAU TEMPLE ROAD",
        "STREET_NAME_CHN": "天后廟道",
        "AREA_DESC_ENG": "HONG KONG",
        "AREA_DESC_CHN": "香港",
        "FREE_FORMAT_ADDR_ENG": "FLAT B-2 ON 19TH FLOOR OF TOWER B WILSHIRE TOWERS 200 TIN HAU TEMPLE ROAD HONG KONG",
        "FREE_FORMAT_ADDR_CHN": NaN,
        "DEV_NAME_ENG": "WILSHIRE TOWERS",
        "DEV_NAME_CHN": "慧雅閣",
        "FIRST_REFERENCE_LOT_PRN": "C4456887"
    },
    {
        "PRN": "A2803416",
        "SEQ_NUM": 1,
        "BLOCK": "B",
        "FLOOR": "2",
        "FLAT": "B2",
        "HOUSE_NUM_PREFIX": 200.0,
        "STREET_NAME_ENG": "TIN HAU TEMPLE ROAD",
        "STREET_NAME_CHN": "天后廟道",
        "AREA_DESC_ENG": "HONG KONG",
        "AREA_DESC_CHN": "香港",
        "FREE_FORMAT_ADDR_ENG": "FLAT B-2 ON 2/F (& COURT B-2) OF TOWER B WILSHIRE TOWERS 200 TIN HAU TEMPLE ROAD HONG KONG",
        "FREE_FORMAT_ADDR_CHN": NaN,
        "DEV_NAME_ENG": "WILSHIRE TOWERS",
        "DEV_NAME_CHN": "慧雅閣",
        "FIRST_REFERENCE_LOT_PRN": "C4456887"
    },
    {
        "PRN": "A2803429",
        "SEQ_NUM": 1,
        "BLOCK": "B",
        "FLOOR": "5",
        "FLAT": "B2",
        "HOUSE_NUM_PREFIX": 200.0,
        "STREET_NAME_ENG": "TIN HAU TEMPLE ROAD",
        "STREET_NAME_CHN": "天后廟道",
        "AREA_DESC_ENG": "HONG KONG",
        "AREA_DESC_CHN": "香港",
        "FREE_FORMAT_ADDR_ENG": "FLAT B-2 ON 5TH FLOOR OF TOWER B WILSHIRE TOWERS 200 TIN HAU TEMPLE ROAD HONG KONG",
        "FREE_FORMAT_ADDR_CHN": NaN,
        "DEV_NAME_ENG": "WILSHIRE TOWERS",
        "DEV_NAME_CHN": "慧雅閣",
        "FIRST_REFERENCE_LOT_PRN": "C4456887"
    },
    {
        "PRN": "A2803431",
        "SEQ_NUM": 1,
        "BLOCK": "B",
        "FLOOR": "6",
        "FLAT": "B2",
        "HOUSE_NUM_PREFIX": 200.0,
        "STREET_NAME_ENG": "TIN HAU TEMPLE ROAD",
        "STREET_NAME_CHN": "天后廟道",
        "AREA_DESC_ENG": "HONG KONG",
        "AREA_DESC_CHN": "香港",
        "FREE_FORMAT_ADDR_ENG": "FLAT B-2 ON 6TH FLOOR OF TOWER B WILSHIRE TOWERS 200 TIN HAU TEMPLE ROAD HONG KONG",
        "FREE_FORMAT_ADDR_CHN": NaN,
        "DEV_NAME_ENG": "WILSHIRE TOWERS",
        "DEV_NAME_CHN": "慧雅閣",
        "FIRST_REFERENCE_LOT_PRN": "C4456887"
    },
    {
        "PRN": "A2803441",
        "SEQ_NUM": 1,
        "BLOCK": "B",
        "FLOOR": "9",
        "FLAT": "B2",
        "HOUSE_NUM_PREFIX": 200.0,
        "STREET_NAME_ENG": "TIN HAU TEMPLE ROAD",
        "STREET_NAME_CHN": "天后廟道",
        "AREA_DESC_ENG": "HONG KONG",
        "AREA_DESC_CHN": "香港",
        "FREE_FORMAT_ADDR_ENG": "FLAT B-2 ON 9TH FLOOR OF TOWER B WILSHIRE TOWERS 200 TIN HAU TEMPLE ROAD HONG KONG",
        "FREE_FORMAT_ADDR_CHN": NaN,
        "DEV_NAME_ENG": "WILSHIRE TOWERS",
        "DEV_NAME_CHN": "慧雅閣",
        "FIRST_REFERENCE_LOT_PRN": "C4456887"
    },
    {
        "PRN": "A2803454",
        "SEQ_NUM": 1,
        "BLOCK": "C",
        "FLOOR": "11",
        "FLAT": "C1",
        "HOUSE_NUM_PREFIX": 200.0,
        "STREET_NAME_ENG": "TIN HAU TEMPLE ROAD",
        "STREET_NAME_CHN": "天后廟道",
        "AREA_DESC_ENG": "HONG KONG",
        "AREA_DESC_CHN": "香港",
        "FREE_FORMAT_ADDR_ENG": "FLAT C1 ON 11TH FLOOR OF TOWER C WILSHIRE TOWERS 200 TIN HAU TEMPLE ROAD HONG KONG ",
        "FREE_FORMAT_ADDR_CHN": NaN,
        "DEV_NAME_ENG": "WILSHIRE TOWERS",
        "DEV_NAME_CHN": "慧雅閣",
        "FIRST_REFERENCE_LOT_PRN": "C4456887"
    },
    {
        "PRN": "A2803469",
        "SEQ_NUM": 1,
        "BLOCK": "C",
        "FLOOR": "12",
        "FLAT": "C1",
        "HOUSE_NUM_PREFIX": 200.0,
        "STREET_NAME_ENG": "TIN HAU TEMPLE ROAD",
        "STREET_NAME_CHN": "天后廟道",
        "AREA_DESC_ENG": "HONG KONG",
        "AREA_DESC_CHN": "香港",
        "FREE_FORMAT_ADDR_ENG": "FLAT C1 ON 12TH FLOOR OF TOWER C WILSHIRE TOWERS 200 TIN HAU TEMPLE ROAD HONG KONG ",
        "FREE_FORMAT_ADDR_CHN": NaN,
        "DEV_NAME_ENG": "WILSHIRE TOWERS",
        "DEV_NAME_CHN": "慧雅閣",
        "FIRST_REFERENCE_LOT_PRN": "C4456887"
    },
    {
        "PRN": "A2803472",
        "SEQ_NUM": 1,
        "BLOCK": "C",
        "FLOOR": "15",
        "FLAT": "C1",
        "HOUSE_NUM_PREFIX": 200.0,
        "STREET_NAME_ENG": "TIN HAU TEMPLE ROAD",
        "STREET_NAME_CHN": "天后廟道",
        "AREA_DESC_ENG": "HONG KONG",
        "AREA_DESC_CHN": "香港",
        "FREE_FORMAT_ADDR_ENG": "FLAT C1 ON 15TH FLOOR OF TOWER C WILSHIRE TOWERS 200 TIN HAU TEMPLE ROAD HONG KONG ",
        "FREE_FORMAT_ADDR_CHN": NaN,
        "DEV_NAME_ENG": "WILSHIRE TOWERS",
        "DEV_NAME_CHN": "慧雅閣",
        "FIRST_REFERENCE_LOT_PRN": "C4456887"
    },
    {
        "PRN": "A2803487",
        "SEQ_NUM": 1,
        "BLOCK": "C",
        "FLOOR": "19",
        "FLAT": "C1",
        "HOUSE_NUM_PREFIX": 200.0,
        "STREET_NAME_ENG": "TIN HAU TEMPLE ROAD",
        "STREET_NAME_CHN": "天后廟道",
        "AREA_DESC_ENG": "HONG KONG",
        "AREA_DESC_CHN": "香港",
        "FREE_FORMAT_ADDR_ENG": "FLAT C1 ON 19TH FLOOR OF TOWER C WILSHIRE TOWERS 200 TIN HAU TEMPLE ROAD HONG KONG ",
        "FREE_FORMAT_ADDR_CHN": NaN,
        "DEV_NAME_ENG": "WILSHIRE TOWERS",
        "DEV_NAME_CHN": "慧雅閣",
        "FIRST_REFERENCE_LOT_PRN": "C4456887"
    },
    {
        "PRN": "A2803490",
        "SEQ_NUM": 1,
        "BLOCK": "C",
        "FLOOR": "2",
        "FLAT": "C1",
        "HOUSE_NUM_PREFIX": 200.0,
        "STREET_NAME_ENG": "TIN HAU TEMPLE ROAD",
        "STREET_NAME_CHN": "天后廟道",
        "AREA_DESC_ENG": "HONG KONG",
        "AREA_DESC_CHN": "香港",
        "FREE_FORMAT_ADDR_ENG": "FLAT C-1 ON 2ND FLOOR OF TOWER C WILSHIRE TOWERS 200 TIN HAU TEMPLE ROAD HONG KONG",
        "FREE_FORMAT_ADDR_CHN": NaN,
        "DEV_NAME_ENG": "WILSHIRE TOWERS",
        "DEV_NAME_CHN": "慧雅閣",
        "FIRST_REFERENCE_LOT_PRN": "C4456887"
    },
    {
        "PRN": "A2803501",
        "SEQ_NUM": 1,
        "BLOCK": "C",
        "FLOOR": "20",
        "FLAT": "C1",
        "HOUSE_NUM_PREFIX": 200.0,
        "STREET_NAME_ENG": "TIN HAU TEMPLE ROAD",
        "STREET_NAME_CHN": "天后廟道",
        "AREA_DESC_ENG": "HONG KONG",
        "AREA_DESC_CHN": "香港",
        "FREE_FORMAT_ADDR_ENG": "FLAT C1 ON 20TH FLOOR OF TOWER C WILSHIRE TOWERS 200 TIN HAU TEMPLE ROAD HONG KONG ",
        "FREE_FORMAT_ADDR_CHN": NaN,
        "DEV_NAME_ENG": "WILSHIRE TOWERS",
        "DEV_NAME_CHN": "慧雅閣",
        "FIRST_REFERENCE_LOT_PRN": "C4456887"
    },
    {
        "PRN": "A2803512",
        "SEQ_NUM": 1,
        "BLOCK": "C",
        "FLOOR": "21",
        "FLAT": "C1",
        "HOUSE_NUM_PREFIX": 200.0,
        "STREET_NAME_ENG": "TIN HAU TEMPLE ROAD",
        "STREET_NAME_CHN": "天后廟道",
        "AREA_DESC_ENG": "HONG KONG",
        "AREA_DESC_CHN": "香港",
        "FREE_FORMAT_ADDR_ENG": "FLAT C1 ON 21/F (& ROOF C-1) OF TOWER C WILSHIRE TOWERS 200 TIN HAU TEMPLE ROAD HONG KONG ",
        "FREE_FORMAT_ADDR_CHN": NaN,
        "DEV_NAME_ENG": "WILSHIRE TOWERS",
        "DEV_NAME_CHN": "慧雅閣",
        "FIRST_REFERENCE_LOT_PRN": "C4456887"
    },
    {
        "PRN": "A2803525",
        "SEQ_NUM": 1,
        "BLOCK": "C",
        "FLOOR": "3",
        "FLAT": "C1",
        "HOUSE_NUM_PREFIX": 200.0,
        "STREET_NAME_ENG": "TIN HAU TEMPLE ROAD",
        "STREET_NAME_CHN": "天后廟道",
        "AREA_DESC_ENG": "HONG KONG",
        "AREA_DESC_CHN": "香港",
        "FREE_FORMAT_ADDR_ENG": "FLAT C-1 ON 3RD FLOOR OF TOWER C WILSHIRE TOWERS 200 TIN HAU TEMPLE ROAD HONG KONG",
        "FREE_FORMAT_ADDR_CHN": NaN,
        "DEV_NAME_ENG": "WILSHIRE TOWERS",
        "DEV_NAME_CHN": "慧雅閣",
        "FIRST_REFERENCE_LOT_PRN": "C4456887"
    },
    {
        "PRN": "A2803534",
        "SEQ_NUM": 1,
        "BLOCK": "C",
        "FLOOR": "4",
        "FLAT": "C1",
        "HOUSE_NUM_PREFIX": 200.0,
        "STREET_NAME_ENG": "TIN HAU TEMPLE ROAD",
        "STREET_NAME_CHN": "天后廟道",
        "AREA_DESC_ENG": "HONG KONG",
        "AREA_DESC_CHN": "香港",
        "FREE_FORMAT_ADDR_ENG": "FLAT C1 ON 4TH FLOOR OF TOWER C WILSHIRE TOWERS 200 TIN HAU TEMPLE ROAD HONG KONG",
        "FREE_FORMAT_ADDR_CHN": "香港 天后廟道 200 號 慧雅閤 C 座四樓 C1 室",
        "DEV_NAME_ENG": "WILSHIRE TOWERS",
        "DEV_NAME_CHN": "慧雅閣",
        "FIRST_REFERENCE_LOT_PRN": "C4456887"
    },
    {
        "PRN": "A2803546",
        "SEQ_NUM": 1,
        "BLOCK": "C",
        "FLOOR": "5",
        "FLAT": "C1",
        "HOUSE_NUM_PREFIX": 200.0,
        "STREET_NAME_ENG": "TIN HAU TEMPLE ROAD",
        "STREET_NAME_CHN": "天后廟道",
        "AREA_DESC_ENG": "HONG KONG",
        "AREA_DESC_CHN": "香港",
        "FREE_FORMAT_ADDR_ENG": "FLAT C1 ON 5TH FLOOR OF TOWER C WILSHIRE TOWERS 200 TIN HAU TEMPLE ROAD HONG KONG ",
        "FREE_FORMAT_ADDR_CHN": NaN,
        "DEV_NAME_ENG": "WILSHIRE TOWERS",
        "DEV_NAME_CHN": "慧雅閣",
        "FIRST_REFERENCE_LOT_PRN": "C4456887"
    },
    {
        "PRN": "A2803551",
        "SEQ_NUM": 1,
        "BLOCK": "C",
        "FLOOR": "7",
        "FLAT": "C1",
        "HOUSE_NUM_PREFIX": 200.0,
        "STREET_NAME_ENG": "TIN HAU TEMPLE ROAD",
        "STREET_NAME_CHN": "天后廟道",
        "AREA_DESC_ENG": "HONG KONG",
        "AREA_DESC_CHN": "香港",
        "FREE_FORMAT_ADDR_ENG": "FLAT C1 ON 7TH FLOOR OF TOWER C WILSHIRE TOWERS 200 TIN HAU TEMPLE ROAD HONG KONG ",
        "FREE_FORMAT_ADDR_CHN": NaN,
        "DEV_NAME_ENG": "WILSHIRE TOWERS",
        "DEV_NAME_CHN": "慧雅閣",
        "FIRST_REFERENCE_LOT_PRN": "C4456887"
    },
    {
        "PRN": "A2803566",
        "SEQ_NUM": 1,
        "BLOCK": "C",
        "FLOOR": "8",
        "FLAT": "C1",
        "HOUSE_NUM_PREFIX": 200.0,
        "STREET_NAME_ENG": "TIN HAU TEMPLE ROAD",
        "STREET_NAME_CHN": "天后廟道",
        "AREA_DESC_ENG": "HONG KONG",
        "AREA_DESC_CHN": "香港",
        "FREE_FORMAT_ADDR_ENG": "FLAT C1 ON 8TH FLOOR OF TOWER C WILSHIRE TOWERS 200 TIN HAU TEMPLE ROAD HONG KONG ",
        "FREE_FORMAT_ADDR_CHN": NaN,
        "DEV_NAME_ENG": "WILSHIRE TOWERS",
        "DEV_NAME_CHN": "慧雅閣",
        "FIRST_REFERENCE_LOT_PRN": "C4456887"
    },
    {
        "PRN": "A2803575",
        "SEQ_NUM": 1,
        "BLOCK": "C",
        "FLOOR": "9",
        "FLAT": "C1",
        "HOUSE_NUM_PREFIX": 200.0,
        "STREET_NAME_ENG": "TIN HAU TEMPLE ROAD",
        "STREET_NAME_CHN": "天后廟道",
        "AREA_DESC_ENG": "HONG KONG",
        "AREA_DESC_CHN": "香港",
        "FREE_FORMAT_ADDR_ENG": "FLAT C1 ON 9TH FLOOR OF TOWER C WILSHIRE TOWERS 200 TIN HAU TEMPLE ROAD HONG KONG ",
        "FREE_FORMAT_ADDR_CHN": NaN,
        "DEV_NAME_ENG": "WILSHIRE TOWERS",
        "DEV_NAME_CHN": "慧雅閣",
        "FIRST_REFERENCE_LOT_PRN": "C4456887"
    },
    {
        "PRN": "A2803580",
        "SEQ_NUM": 1,
        "BLOCK": "C",
        "FLOOR": "11",
        "FLAT": "C2",
        "HOUSE_NUM_PREFIX": 200.0,
        "STREET_NAME_ENG": "TIN HAU TEMPLE ROAD",
        "STREET_NAME_CHN": "天后廟道",
        "AREA_DESC_ENG": "HONG KONG",
        "AREA_DESC_CHN": "香港",
        "FREE_FORMAT_ADDR_ENG": "FLAT C2 ON 11TH FLOOR OF TOWER C WILSHIRE TOWERS 200 TIN HAU TEMPLE ROAD HONG KONG ",
        "FREE_FORMAT_ADDR_CHN": NaN,
        "DEV_NAME_ENG": "WILSHIRE TOWERS",
        "DEV_NAME_CHN": "慧雅閣",
        "FIRST_REFERENCE_LOT_PRN": "C4456887"
    },
    {
        "PRN": "A2803593",
        "SEQ_NUM": 1,
        "BLOCK": "C",
        "FLOOR": "12",
        "FLAT": "C2",
        "HOUSE_NUM_PREFIX": 200.0,
        "STREET_NAME_ENG": "TIN HAU TEMPLE ROAD",
        "STREET_NAME_CHN": "天后廟道",
        "AREA_DESC_ENG": "HONG KONG",
        "AREA_DESC_CHN": "香港",
        "FREE_FORMAT_ADDR_ENG": "FLAT C2 ON 12TH FLOOR OF TOWER C WILSHIRE TOWERS 200 TIN HAU TEMPLE ROAD HONG KONG ",
        "FREE_FORMAT_ADDR_CHN": NaN,
        "DEV_NAME_ENG": "WILSHIRE TOWERS",
        "DEV_NAME_CHN": "慧雅閣",
        "FIRST_REFERENCE_LOT_PRN": "C4456887"
    },
    {
        "PRN": "A2803608",
        "SEQ_NUM": 1,
        "BLOCK": "C",
        "FLOOR": "13",
        "FLAT": "C2",
        "HOUSE_NUM_PREFIX": 200.0,
        "STREET_NAME_ENG": "TIN HAU TEMPLE ROAD",
        "STREET_NAME_CHN": "天后廟道",
        "AREA_DESC_ENG": "HONG KONG",
        "AREA_DESC_CHN": "香港",
        "FREE_FORMAT_ADDR_ENG": "FLAT C2 ON 13TH FLOOR OF TOWER C WILSHIRE TOWERS 200 TIN HAU TEMPLE ROAD HONG KONG ",
        "FREE_FORMAT_ADDR_CHN": NaN,
        "DEV_NAME_ENG": "WILSHIRE TOWERS",
        "DEV_NAME_CHN": "慧雅閣",
        "FIRST_REFERENCE_LOT_PRN": "C4456887"
    },
    {
        "PRN": "A2803616",
        "SEQ_NUM": 1,
        "BLOCK": "C",
        "FLOOR": "15",
        "FLAT": "C2",
        "HOUSE_NUM_PREFIX": 200.0,
        "STREET_NAME_ENG": "TIN HAU TEMPLE ROAD",
        "STREET_NAME_CHN": "天后廟道",
        "AREA_DESC_ENG": "HONG KONG",
        "AREA_DESC_CHN": "香港",
        "FREE_FORMAT_ADDR_ENG": "FLAT C2 ON 15TH FLOOR OF TOWER C WILSHIRE TOWERS 200 TIN HAU TEMPLE ROAD HONG KONG ",
        "FREE_FORMAT_ADDR_CHN": NaN,
        "DEV_NAME_ENG": "WILSHIRE TOWERS",
        "DEV_NAME_CHN": "慧雅閣",
        "FIRST_REFERENCE_LOT_PRN": "C4456887"
    },
    {
        "PRN": "A2803628",
        "SEQ_NUM": 1,
        "BLOCK": "C",
        "FLOOR": "17",
        "FLAT": "C2",
        "HOUSE_NUM_PREFIX": 200.0,
        "STREET_NAME_ENG": "TIN HAU TEMPLE ROAD",
        "STREET_NAME_CHN": "天后廟道",
        "AREA_DESC_ENG": "HONG KONG",
        "AREA_DESC_CHN": "香港",
        "FREE_FORMAT_ADDR_ENG": "FLAT C2 ON 17TH FLOOR OF TOWER C WILSHIRE TOWERS 200 TIN HAU TEMPLE ROAD HONG KONG ",
        "FREE_FORMAT_ADDR_CHN": NaN,
        "DEV_NAME_ENG": "WILSHIRE TOWERS",
        "DEV_NAME_CHN": "慧雅閣",
        "FIRST_REFERENCE_LOT_PRN": "C4456887"
    },
    {
        "PRN": "A2803634",
        "SEQ_NUM": 1,
        "BLOCK": "C",
        "FLOOR": "19",
        "FLAT": "C2",
        "HOUSE_NUM_PREFIX": 200.0,
        "STREET_NAME_ENG": "TIN HAU TEMPLE ROAD",
        "STREET_NAME_CHN": "天后廟道",
        "AREA_DESC_ENG": "HONG KONG",
        "AREA_DESC_CHN": "香港",
        "FREE_FORMAT_ADDR_ENG": "FLAT C2 ON 19TH FLOOR OF TOWER C WILSHIRE TOWERS 200 TIN HAU TEMPLE ROAD HONG KONG ",
        "FREE_FORMAT_ADDR_CHN": NaN,
        "DEV_NAME_ENG": "WILSHIRE TOWERS",
        "DEV_NAME_CHN": "慧雅閣",
        "FIRST_REFERENCE_LOT_PRN": "C4456887"
    },
    {
        "PRN": "A2803643",
        "SEQ_NUM": 1,
        "BLOCK": "C",
        "FLOOR": "20",
        "FLAT": "C2",
        "HOUSE_NUM_PREFIX": 200.0,
        "STREET_NAME_ENG": "TIN HAU TEMPLE ROAD",
        "STREET_NAME_CHN": "天后廟道",
        "AREA_DESC_ENG": "HONG KONG",
        "AREA_DESC_CHN": "香港",
        "FREE_FORMAT_ADDR_ENG": "FLAT C2 ON 20TH FLOOR OF TOWER C WILSHIRE TOWERS 200 TIN HAU TEMPLE ROAD HONG KONG ",
        "FREE_FORMAT_ADDR_CHN": NaN,
        "DEV_NAME_ENG": "WILSHIRE TOWERS",
        "DEV_NAME_CHN": "慧雅閣",
        "FIRST_REFERENCE_LOT_PRN": "C4456887"
    },
    {
        "PRN": "A2803656",
        "SEQ_NUM": 1,
        "BLOCK": "C",
        "FLOOR": "4",
        "FLAT": "C2",
        "HOUSE_NUM_PREFIX": 200.0,
        "STREET_NAME_ENG": "TIN HAU TEMPLE ROAD",
        "STREET_NAME_CHN": "天后廟道",
        "AREA_DESC_ENG": "HONG KONG",
        "AREA_DESC_CHN": "香港",
        "FREE_FORMAT_ADDR_ENG": "FLAT C2 ON 4TH FLOOR OF TOWER C WILSHIRE TOWERS 200 TIN HAU TEMPLE ROAD HONG KONG ",
        "FREE_FORMAT_ADDR_CHN": NaN,
        "DEV_NAME_ENG": "WILSHIRE TOWERS",
        "DEV_NAME_CHN": "慧雅閣",
        "FIRST_REFERENCE_LOT_PRN": "C4456887"
    },
    {
        "PRN": "A2803661",
        "SEQ_NUM": 1,
        "BLOCK": "C",
        "FLOOR": "5",
        "FLAT": "C2",
        "HOUSE_NUM_PREFIX": 200.0,
        "STREET_NAME_ENG": "TIN HAU TEMPLE ROAD",
        "STREET_NAME_CHN": "天后廟道",
        "AREA_DESC_ENG": "HONG KONG",
        "AREA_DESC_CHN": "香港",
        "FREE_FORMAT_ADDR_ENG": "FLAT C2 ON 5TH FLOOR OF TOWER C WILSHIRE TOWERS 200 TIN HAU TEMPLE ROAD HONG KONG ",
        "FREE_FORMAT_ADDR_CHN": NaN,
        "DEV_NAME_ENG": "WILSHIRE TOWERS",
        "DEV_NAME_CHN": "慧雅閣",
        "FIRST_REFERENCE_LOT_PRN": "C4456887"
    },
    {
        "PRN": "A2803673",
        "SEQ_NUM": 1,
        "BLOCK": "C",
        "FLOOR": "7",
        "FLAT": "C2",
        "HOUSE_NUM_PREFIX": 200.0,
        "STREET_NAME_ENG": "TIN HAU TEMPLE ROAD",
        "STREET_NAME_CHN": "天后廟道",
        "AREA_DESC_ENG": "HONG KONG",
        "AREA_DESC_CHN": "香港",
        "FREE_FORMAT_ADDR_ENG": "FLAT C2 ON 7TH FLOOR OF TOWER C WILSHIRE TOWERS 200 TIN HAU TEMPLE ROAD HONG KONG ",
        "FREE_FORMAT_ADDR_CHN": NaN,
        "DEV_NAME_ENG": "WILSHIRE TOWERS",
        "DEV_NAME_CHN": "慧雅閣",
        "FIRST_REFERENCE_LOT_PRN": "C4456887"
    },
    {
        "PRN": "A2803684",
        "SEQ_NUM": 1,
        "BLOCK": "C",
        "FLOOR": "8",
        "FLAT": "C2",
        "HOUSE_NUM_PREFIX": 200.0,
        "STREET_NAME_ENG": "TIN HAU TEMPLE ROAD",
        "STREET_NAME_CHN": "天后廟道",
        "AREA_DESC_ENG": "HONG KONG",
        "AREA_DESC_CHN": "香港",
        "FREE_FORMAT_ADDR_ENG": "FLAT C2 ON 8TH FLOOR OF TOWER C WILSHIRE TOWERS 200 TIN HAU TEMPLE ROAD HONG KONG",
        "FREE_FORMAT_ADDR_CHN": NaN,
        "DEV_NAME_ENG": "WILSHIRE TOWERS",
        "DEV_NAME_CHN": "慧雅閣",
        "FIRST_REFERENCE_LOT_PRN": "C4456887"
    },
    {
        "PRN": "A2803694",
        "SEQ_NUM": 1,
        "BLOCK": "C",
        "FLOOR": "9",
        "FLAT": "C2",
        "HOUSE_NUM_PREFIX": 200.0,
        "STREET_NAME_ENG": "TIN HAU TEMPLE ROAD",
        "STREET_NAME_CHN": "天后廟道",
        "AREA_DESC_ENG": "HONG KONG",
        "AREA_DESC_CHN": "香港",
        "FREE_FORMAT_ADDR_ENG": "FLAT C2 ON 9TH FLOOR OF TOWER C WILSHIRE TOWERS 200 TIN HAU TEMPLE ROAD HONG KONG ",
        "FREE_FORMAT_ADDR_CHN": NaN,
        "DEV_NAME_ENG": "WILSHIRE TOWERS",
        "DEV_NAME_CHN": "慧雅閣",
        "FIRST_REFERENCE_LOT_PRN": "C4456887"
    },
    {
        "PRN": "B3729454",
        "SEQ_NUM": 1,
        "BLOCK": "A",
        "FLOOR": "4",
        "FLAT": "A2",
        "HOUSE_NUM_PREFIX": 200.0,
        "STREET_NAME_ENG": "TIN HAU TEMPLE ROAD",
        "STREET_NAME_CHN": "天后廟道",
        "AREA_DESC_ENG": "HONG KONG",
        "AREA_DESC_CHN": "香港",
        "FREE_FORMAT_ADDR_ENG": "FLAT A2 ON 4TH FLOOR OF TOWER A WILSHIRE TOWERS 200 TIN HAU TEMPLE ROAD HONG KONG ",
        "FREE_FORMAT_ADDR_CHN": NaN,
        "DEV_NAME_ENG": "WILSHIRE TOWERS",
        "DEV_NAME_CHN": "慧雅閣",
        "FIRST_REFERENCE_LOT_PRN": "C4456887"
    },
    {
        "PRN": "B3729464",
        "SEQ_NUM": 1,
        "BLOCK": "A",
        "FLOOR": "5",
        "FLAT": "A2",
        "HOUSE_NUM_PREFIX": 200.0,
        "STREET_NAME_ENG": "TIN HAU TEMPLE ROAD",
        "STREET_NAME_CHN": "天后廟道",
        "AREA_DESC_ENG": "HONG KONG",
        "AREA_DESC_CHN": "香港",
        "FREE_FORMAT_ADDR_ENG": "FLAT A2 ON 5TH FLOOR OF TOWER A WILSHIRE TOWERS 200 TIN HAU TEMPLE ROAD HONG KONG ",
        "FREE_FORMAT_ADDR_CHN": NaN,
        "DEV_NAME_ENG": "WILSHIRE TOWERS",
        "DEV_NAME_CHN": "慧雅閣",
        "FIRST_REFERENCE_LOT_PRN": "C4456887"
    },
    {
        "PRN": "B3729474",
        "SEQ_NUM": 1,
        "BLOCK": "B",
        "FLOOR": "13",
        "FLAT": "B2",
        "HOUSE_NUM_PREFIX": 200.0,
        "STREET_NAME_ENG": "TIN HAU TEMPLE ROAD",
        "STREET_NAME_CHN": "天后廟道",
        "AREA_DESC_ENG": "HONG KONG",
        "AREA_DESC_CHN": "香港",
        "FREE_FORMAT_ADDR_ENG": "FLAT B-2 ON 13TH FLOOR OF TOWER B WILSHIRE TOWERS 200 TIN HAU TEMPLE ROAD HONG KONG",
        "FREE_FORMAT_ADDR_CHN": NaN,
        "DEV_NAME_ENG": "WILSHIRE TOWERS",
        "DEV_NAME_CHN": "慧雅閣",
        "FIRST_REFERENCE_LOT_PRN": "C4456887"
    },
    {
        "PRN": "B3729489",
        "SEQ_NUM": 1,
        "BLOCK": "B",
        "FLOOR": "14",
        "FLAT": "B2",
        "HOUSE_NUM_PREFIX": 200.0,
        "STREET_NAME_ENG": "TIN HAU TEMPLE ROAD",
        "STREET_NAME_CHN": "天后廟道",
        "AREA_DESC_ENG": "HONG KONG",
        "AREA_DESC_CHN": "香港",
        "FREE_FORMAT_ADDR_ENG": "FLAT B-2 ON 14TH FLOOR OF TOWER B WILSHIRE TOWERS 200 TIN HAU TEMPLE ROAD HONG KONG",
        "FREE_FORMAT_ADDR_CHN": NaN,
        "DEV_NAME_ENG": "WILSHIRE TOWERS",
        "DEV_NAME_CHN": "慧雅閣",
        "FIRST_REFERENCE_LOT_PRN": "C4456887"
    },
    {
        "PRN": "B3729492",
        "SEQ_NUM": 1,
        "BLOCK": "C",
        "FLOOR": "16",
        "FLAT": "C1",
        "HOUSE_NUM_PREFIX": 200.0,
        "STREET_NAME_ENG": "TIN HAU TEMPLE ROAD",
        "STREET_NAME_CHN": "天后廟道",
        "AREA_DESC_ENG": "HONG KONG",
        "AREA_DESC_CHN": "香港",
        "FREE_FORMAT_ADDR_ENG": "FLAT C1 ON 16TH FLOOR OF TOWER C WILSHIRE TOWERS 200 TIN HAU TEMPLE ROAD HONG KONG ",
        "FREE_FORMAT_ADDR_CHN": NaN,
        "DEV_NAME_ENG": "WILSHIRE TOWERS",
        "DEV_NAME_CHN": "慧雅閣",
        "FIRST_REFERENCE_LOT_PRN": "C4456887"
    },
    {
        "PRN": "B3729505",
        "SEQ_NUM": 1,
        "BLOCK": "C",
        "FLOOR": "18",
        "FLAT": "C2",
        "HOUSE_NUM_PREFIX": 200.0,
        "STREET_NAME_ENG": "TIN HAU TEMPLE ROAD",
        "STREET_NAME_CHN": "天后廟道",
        "AREA_DESC_ENG": "HONG KONG",
        "AREA_DESC_CHN": "香港",
        "FREE_FORMAT_ADDR_ENG": "FLAT C2 ON 18TH FLOOR OF TOWER C WILSHIRE TOWERS 200 TIN HAU TEMPLE ROAD HONG KONG ",
        "FREE_FORMAT_ADDR_CHN": NaN,
        "DEV_NAME_ENG": "WILSHIRE TOWERS",
        "DEV_NAME_CHN": "慧雅閣",
        "FIRST_REFERENCE_LOT_PRN": "C4456887"
    },
    {
        "PRN": "B3729517",
        "SEQ_NUM": 1,
        "BLOCK": "C",
        "FLOOR": "6",
        "FLAT": "C2",
        "HOUSE_NUM_PREFIX": 200.0,
        "STREET_NAME_ENG": "TIN HAU TEMPLE ROAD",
        "STREET_NAME_CHN": "天后廟道",
        "AREA_DESC_ENG": "HONG KONG",
        "AREA_DESC_CHN": "香港",
        "FREE_FORMAT_ADDR_ENG": "FLAT C2 ON 6TH FLOOR OF TOWER C WILSHIRE TOWERS 200 TIN HAU TEMPLE ROAD HONG KONG ",
        "FREE_FORMAT_ADDR_CHN": NaN,
        "DEV_NAME_ENG": "WILSHIRE TOWERS",
        "DEV_NAME_CHN": "慧雅閣",
        "FIRST_REFERENCE_LOT_PRN": "C4456887"
    },
    {
        "PRN": "B5119516",
        "SEQ_NUM": 1,
        "BLOCK": "A",
        "FLOOR": "13",
        "FLAT": "A2",
        "HOUSE_NUM_PREFIX": 200.0,
        "STREET_NAME_ENG": "TIN HAU TEMPLE ROAD",
        "STREET_NAME_CHN": "天后廟道",
        "AREA_DESC_ENG": "HONG KONG",
        "AREA_DESC_CHN": "香港",
        "FREE_FORMAT_ADDR_ENG": "FLAT A2 ON 13TH FLOOR OF TOWER A WILSHIRE TOWERS NO.200 TIN HAU TEMPLE ROAD HONG KONG",
        "FREE_FORMAT_ADDR_CHN": NaN,
        "DEV_NAME_ENG": "WILSHIRE TOWERS",
        "DEV_NAME_CHN": "慧雅閣",
        "FIRST_REFERENCE_LOT_PRN": "C4456887"
    },
    {
        "PRN": "B5119526",
        "SEQ_NUM": 1,
        "BLOCK": "B",
        "FLOOR": "16",
        "FLAT": "B1",
        "HOUSE_NUM_PREFIX": 200.0,
        "STREET_NAME_ENG": "TIN HAU TEMPLE ROAD",
        "STREET_NAME_CHN": "天后廟道",
        "AREA_DESC_ENG": "HONG KONG",
        "AREA_DESC_CHN": "香港",
        "FREE_FORMAT_ADDR_ENG": "FLAT B-1 ON 16TH FLOOR OF TOWER B WILSHIRE TOWERS 200 TIN HAU TEMPLE ROAD HONG KONG",
        "FREE_FORMAT_ADDR_CHN": NaN,
        "DEV_NAME_ENG": "WILSHIRE TOWERS",
        "DEV_NAME_CHN": "慧雅閣",
        "FIRST_REFERENCE_LOT_PRN": "C4456887"
    },
    {
        "PRN": "B5119536",
        "SEQ_NUM": 1,
        "BLOCK": "B",
        "FLOOR": "20",
        "FLAT": "B2",
        "HOUSE_NUM_PREFIX": 200.0,
        "STREET_NAME_ENG": "TIN HAU TEMPLE ROAD",
        "STREET_NAME_CHN": "天后廟道",
        "AREA_DESC_ENG": "HONG KONG",
        "AREA_DESC_CHN": "香港",
        "FREE_FORMAT_ADDR_ENG": "FLAT B-2 ON 20TH FLOOR OF TOWER B WILSHIRE TOWERS 200 TIN HAU TEMPLE ROAD HONG KONG",
        "FREE_FORMAT_ADDR_CHN": NaN,
        "DEV_NAME_ENG": "WILSHIRE TOWERS",
        "DEV_NAME_CHN": "慧雅閣",
        "FIRST_REFERENCE_LOT_PRN": "C4456887"
    },
    {
        "PRN": "B5454252",
        "SEQ_NUM": 1,
        "BLOCK": "A",
        "FLOOR": "3",
        "FLAT": "A2",
        "HOUSE_NUM_PREFIX": 200.0,
        "STREET_NAME_ENG": "TIN HAU TEMPLE ROAD",
        "STREET_NAME_CHN": "天后廟道",
        "AREA_DESC_ENG": "HONG KONG",
        "AREA_DESC_CHN": "香港",
        "FREE_FORMAT_ADDR_ENG": "FLAT A2 ON 3RD FLOOR OF TOWER A WILSHIRE TOWERS 200 TIN HAU TEMPLE ROAD HONG KONG ",
        "FREE_FORMAT_ADDR_CHN": NaN,
        "DEV_NAME_ENG": "WILSHIRE TOWERS",
        "DEV_NAME_CHN": "慧雅閣",
        "FIRST_REFERENCE_LOT_PRN": "C4456887"
    },
    {
        "PRN": "B5454263",
        "SEQ_NUM": 1,
        "BLOCK": "B",
        "FLOOR": "3",
        "FLAT": "B2",
        "HOUSE_NUM_PREFIX": 200.0,
        "STREET_NAME_ENG": "TIN HAU TEMPLE ROAD",
        "STREET_NAME_CHN": "天后廟道",
        "AREA_DESC_ENG": "HONG KONG",
        "AREA_DESC_CHN": "香港",
        "FREE_FORMAT_ADDR_ENG": "FLAT B-2 ON 3RD FLOOR OF TOWER B WILSHIRE TOWERS 200 TIN HAU TEMPLE ROAD HONG KONG",
        "FREE_FORMAT_ADDR_CHN": NaN,
        "DEV_NAME_ENG": "WILSHIRE TOWERS",
        "DEV_NAME_CHN": "慧雅閣",
        "FIRST_REFERENCE_LOT_PRN": "C4456887"
    },
    {
        "PRN": "B5790817",
        "SEQ_NUM": 1,
        "BLOCK": "B",
        "FLOOR": "10",
        "FLAT": "B2",
        "HOUSE_NUM_PREFIX": 200.0,
        "STREET_NAME_ENG": "TIN HAU TEMPLE ROAD",
        "STREET_NAME_CHN": "天后廟道",
        "AREA_DESC_ENG": "HONG KONG",
        "AREA_DESC_CHN": "香港",
        "FREE_FORMAT_ADDR_ENG": "FLAT B-2 ON 10TH FLOOR OF TOWER B WILSHIRE TOWERS 200 TIN HAU TEMPLE ROAD HONG KONG",
        "FREE_FORMAT_ADDR_CHN": NaN,
        "DEV_NAME_ENG": "WILSHIRE TOWERS",
        "DEV_NAME_CHN": "慧雅閣",
        "FIRST_REFERENCE_LOT_PRN": "C4456887"
    },
    {
        "PRN": "B5790822",
        "SEQ_NUM": 1,
        "BLOCK": "C",
        "FLOOR": "1",
        "FLAT": "C2",
        "HOUSE_NUM_PREFIX": 200.0,
        "STREET_NAME_ENG": "TIN HAU TEMPLE ROAD",
        "STREET_NAME_CHN": "天后廟道",
        "AREA_DESC_ENG": "HONG KONG",
        "AREA_DESC_CHN": "香港",
        "FREE_FORMAT_ADDR_ENG": "FLAT C-2 ON 1/F (& COURT C-2) OF TOWER C WILSHIRE TOWERS 200 TIN HAU TEMPLE ROAD HONG KONG",
        "FREE_FORMAT_ADDR_CHN": NaN,
        "DEV_NAME_ENG": "WILSHIRE TOWERS",
        "DEV_NAME_CHN": "慧雅閣",
        "FIRST_REFERENCE_LOT_PRN": "C4456887"
    },
    {
        "PRN": "B6408505",
        "SEQ_NUM": 1,
        "BLOCK": "A",
        "FLOOR": "G",
        "FLAT": "A1",
        "HOUSE_NUM_PREFIX": 200.0,
        "STREET_NAME_ENG": "TIN HAU TEMPLE ROAD",
        "STREET_NAME_CHN": "天后廟道",
        "AREA_DESC_ENG": "HONG KONG",
        "AREA_DESC_CHN": "香港",
        "FREE_FORMAT_ADDR_ENG": "FLAT A-1 ON GROUND FLOOR OF TOWER A WILSHIRE TOWERS 200 TIN HAU TEMPLE ROAD HONG KONG ",
        "FREE_FORMAT_ADDR_CHN": NaN,
        "DEV_NAME_ENG": "WILSHIRE TOWERS",
        "DEV_NAME_CHN": "慧雅閣",
        "FIRST_REFERENCE_LOT_PRN": "C4456887"
    },
    {
        "PRN": "B6408510",
        "SEQ_NUM": 1,
        "BLOCK": "A",
        "FLOOR": "5",
        "FLAT": "A1",
        "HOUSE_NUM_PREFIX": 200.0,
        "STREET_NAME_ENG": "TIN HAU TEMPLE ROAD",
        "STREET_NAME_CHN": "天后廟道",
        "AREA_DESC_ENG": "HONG KONG",
        "AREA_DESC_CHN": "香港",
        "FREE_FORMAT_ADDR_ENG": "FLAT A1 ON 5TH FLOOR OF TOWER A WILSHIRE TOWERS 200 TIN HAU TEMPLE ROAD HONG KONG ",
        "FREE_FORMAT_ADDR_CHN": NaN,
        "DEV_NAME_ENG": "WILSHIRE TOWERS",
        "DEV_NAME_CHN": "慧雅閣",
        "FIRST_REFERENCE_LOT_PRN": "C4456887"
    },
    {
        "PRN": "B6408521",
        "SEQ_NUM": 1,
        "BLOCK": "A",
        "FLOOR": "7",
        "FLAT": "A1",
        "HOUSE_NUM_PREFIX": 200.0,
        "STREET_NAME_ENG": "TIN HAU TEMPLE ROAD",
        "STREET_NAME_CHN": "天后廟道",
        "AREA_DESC_ENG": "HONG KONG",
        "AREA_DESC_CHN": "香港",
        "FREE_FORMAT_ADDR_ENG": "FLAT A1 ON 7TH FLOOR OF TOWER A WILSHIRE TOWERS 200 TIN HAU TEMPLE ROAD HONG KONG ",
        "FREE_FORMAT_ADDR_CHN": NaN,
        "DEV_NAME_ENG": "WILSHIRE TOWERS",
        "DEV_NAME_CHN": "慧雅閣",
        "FIRST_REFERENCE_LOT_PRN": "C4456887"
    },
    {
        "PRN": "B6408534",
        "SEQ_NUM": 1,
        "BLOCK": "A",
        "FLOOR": "12",
        "FLAT": "A2",
        "HOUSE_NUM_PREFIX": 200.0,
        "STREET_NAME_ENG": "TIN HAU TEMPLE ROAD",
        "STREET_NAME_CHN": "天后廟道",
        "AREA_DESC_ENG": "HONG KONG",
        "AREA_DESC_CHN": "香港",
        "FREE_FORMAT_ADDR_ENG": "FLAT A2 ON 12TH FLOOR OF TOWER A WILSHIRE TOWERS 200 TIN HAU TEMPLE ROAD HONG KONG ",
        "FREE_FORMAT_ADDR_CHN": NaN,
        "DEV_NAME_ENG": "WILSHIRE TOWERS",
        "DEV_NAME_CHN": "慧雅閣",
        "FIRST_REFERENCE_LOT_PRN": "C4456887"
    },
    {
        "PRN": "B6408541",
        "SEQ_NUM": 1,
        "BLOCK": "B",
        "FLOOR": "1",
        "FLAT": "B1",
        "HOUSE_NUM_PREFIX": 200.0,
        "STREET_NAME_ENG": "TIN HAU TEMPLE ROAD",
        "STREET_NAME_CHN": "天后廟道",
        "AREA_DESC_ENG": "HONG KONG",
        "AREA_DESC_CHN": "香港",
        "FREE_FORMAT_ADDR_ENG": "FLAT B-1 ON 1/F (& COURT B-1) OF TOWER B WILSHIRE TOWERS 200 TIN HAU TEMPLE ROAD HONG KONG",
        "FREE_FORMAT_ADDR_CHN": NaN,
        "DEV_NAME_ENG": "WILSHIRE TOWERS",
        "DEV_NAME_CHN": "慧雅閣",
        "FIRST_REFERENCE_LOT_PRN": "C4456887"
    },
    {
        "PRN": "B6408555",
        "SEQ_NUM": 1,
        "BLOCK": "B",
        "FLOOR": "12",
        "FLAT": "B1",
        "HOUSE_NUM_PREFIX": 200.0,
        "STREET_NAME_ENG": "TIN HAU TEMPLE ROAD",
        "STREET_NAME_CHN": "天后廟道",
        "AREA_DESC_ENG": "HONG KONG",
        "AREA_DESC_CHN": "香港",
        "FREE_FORMAT_ADDR_ENG": "FLAT B-1 ON 12TH FLOOR OF TOWER B WILSHIRE TOWERS 200 TIN HAU TEMPLE ROAD HONG KONG",
        "FREE_FORMAT_ADDR_CHN": NaN,
        "DEV_NAME_ENG": "WILSHIRE TOWERS",
        "DEV_NAME_CHN": "慧雅閣",
        "FIRST_REFERENCE_LOT_PRN": "C4456887"
    },
    {
        "PRN": "B6408569",
        "SEQ_NUM": 1,
        "BLOCK": "B",
        "FLOOR": "14",
        "FLAT": "B1",
        "HOUSE_NUM_PREFIX": 200.0,
        "STREET_NAME_ENG": "TIN HAU TEMPLE ROAD",
        "STREET_NAME_CHN": "天后廟道",
        "AREA_DESC_ENG": "HONG KONG",
        "AREA_DESC_CHN": "香港",
        "FREE_FORMAT_ADDR_ENG": "FLAT B-1 ON 14TH FLOOR OF TOWER B WILSHIRE TOWERS 200 TIN HAU TEMPLE ROAD HONG KONG",
        "FREE_FORMAT_ADDR_CHN": NaN,
        "DEV_NAME_ENG": "WILSHIRE TOWERS",
        "DEV_NAME_CHN": "慧雅閣",
        "FIRST_REFERENCE_LOT_PRN": "C4456887"
    },
    {
        "PRN": "B6408575",
        "SEQ_NUM": 1,
        "BLOCK": "B",
        "FLOOR": "18",
        "FLAT": "B1",
        "HOUSE_NUM_PREFIX": 200.0,
        "STREET_NAME_ENG": "TIN HAU TEMPLE ROAD",
        "STREET_NAME_CHN": "天后廟道",
        "AREA_DESC_ENG": "HONG KONG",
        "AREA_DESC_CHN": "香港",
        "FREE_FORMAT_ADDR_ENG": "FLAT B-1 ON 18TH FLOOR OF TOWER B WILSHIRE TOWERS 200 TIN HAU TEMPLE ROAD HONG KONG",
        "FREE_FORMAT_ADDR_CHN": NaN,
        "DEV_NAME_ENG": "WILSHIRE TOWERS",
        "DEV_NAME_CHN": "慧雅閣",
        "FIRST_REFERENCE_LOT_PRN": "C4456887"
    },
    {
        "PRN": "B6408589",
        "SEQ_NUM": 1,
        "BLOCK": "B",
        "FLOOR": "19",
        "FLAT": "B1",
        "HOUSE_NUM_PREFIX": 200.0,
        "STREET_NAME_ENG": "TIN HAU TEMPLE ROAD",
        "STREET_NAME_CHN": "天后廟道",
        "AREA_DESC_ENG": "HONG KONG",
        "AREA_DESC_CHN": "香港",
        "FREE_FORMAT_ADDR_ENG": "FLAT B-1 ON 19TH FLOOR OF TOWER B WILSHIRE TOWERS 200 TIN HAU TEMPLE ROAD HONG KONG",
        "FREE_FORMAT_ADDR_CHN": NaN,
        "DEV_NAME_ENG": "WILSHIRE TOWERS",
        "DEV_NAME_CHN": "慧雅閣",
        "FIRST_REFERENCE_LOT_PRN": "C4456887"
    },
    {
        "PRN": "B6408598",
        "SEQ_NUM": 1,
        "BLOCK": "B",
        "FLOOR": "3",
        "FLAT": "B1",
        "HOUSE_NUM_PREFIX": 200.0,
        "STREET_NAME_ENG": "TIN HAU TEMPLE ROAD",
        "STREET_NAME_CHN": "天后廟道",
        "AREA_DESC_ENG": "HONG KONG",
        "AREA_DESC_CHN": "香港",
        "FREE_FORMAT_ADDR_ENG": "FLAT B-1 ON 3RD FLOOR OF TOWER B WILSHIRE TOWERS 200 TIN HAU TEMPLE ROAD HONG KONG",
        "FREE_FORMAT_ADDR_CHN": NaN,
        "DEV_NAME_ENG": "WILSHIRE TOWERS",
        "DEV_NAME_CHN": "慧雅閣",
        "FIRST_REFERENCE_LOT_PRN": "C4456887"
    },
    {
        "PRN": "B6408605",
        "SEQ_NUM": 1,
        "BLOCK": "B",
        "FLOOR": "5",
        "FLAT": "B1",
        "HOUSE_NUM_PREFIX": 200.0,
        "STREET_NAME_ENG": "TIN HAU TEMPLE ROAD",
        "STREET_NAME_CHN": "天后廟道",
        "AREA_DESC_ENG": "HONG KONG",
        "AREA_DESC_CHN": "香港",
        "FREE_FORMAT_ADDR_ENG": "FLAT B-1 ON 5TH FLOOR OF TOWER B WILSHIRE TOWERS 200 TIN HAU TEMPLE ROAD HONG KONG",
        "FREE_FORMAT_ADDR_CHN": NaN,
        "DEV_NAME_ENG": "WILSHIRE TOWERS",
        "DEV_NAME_CHN": "慧雅閣",
        "FIRST_REFERENCE_LOT_PRN": "C4456887"
    },
    {
        "PRN": "B6408619",
        "SEQ_NUM": 1,
        "BLOCK": "B",
        "FLOOR": "21",
        "FLAT": "B2",
        "HOUSE_NUM_PREFIX": 200.0,
        "STREET_NAME_ENG": "TIN HAU TEMPLE ROAD",
        "STREET_NAME_CHN": "天后廟道",
        "AREA_DESC_ENG": "HONG KONG",
        "AREA_DESC_CHN": "香港",
        "FREE_FORMAT_ADDR_ENG": "FLAT B-2 ON 21/F (& ROOF B-2) OF TOWER B WILSHIRE TOWERS 200 TIN HAU TEMPLE ROAD HONG KONG",
        "FREE_FORMAT_ADDR_CHN": NaN,
        "DEV_NAME_ENG": "WILSHIRE TOWERS",
        "DEV_NAME_CHN": "慧雅閣",
        "FIRST_REFERENCE_LOT_PRN": "C4456887"
    },
    {
        "PRN": "B6408621",
        "SEQ_NUM": 1,
        "BLOCK": "B",
        "FLOOR": "4",
        "FLAT": "B2",
        "HOUSE_NUM_PREFIX": 200.0,
        "STREET_NAME_ENG": "TIN HAU TEMPLE ROAD",
        "STREET_NAME_CHN": "天后廟道",
        "AREA_DESC_ENG": "HONG KONG",
        "AREA_DESC_CHN": "香港",
        "FREE_FORMAT_ADDR_ENG": "FLAT B-2 ON 4TH FLOOR OF TOWER B WILSHIRE TOWERS 200 TIN HAU TEMPLE ROAD HONG KONG",
        "FREE_FORMAT_ADDR_CHN": NaN,
        "DEV_NAME_ENG": "WILSHIRE TOWERS",
        "DEV_NAME_CHN": "慧雅閣",
        "FIRST_REFERENCE_LOT_PRN": "C4456887"
    },
    {
        "PRN": "B6408638",
        "SEQ_NUM": 1,
        "BLOCK": "C",
        "FLOOR": "18",
        "FLAT": "C1",
        "HOUSE_NUM_PREFIX": 200.0,
        "STREET_NAME_ENG": "TIN HAU TEMPLE ROAD",
        "STREET_NAME_CHN": "天后廟道",
        "AREA_DESC_ENG": "HONG KONG",
        "AREA_DESC_CHN": "香港",
        "FREE_FORMAT_ADDR_ENG": "FLAT C1 ON 18TH FLOOR OF TOWER C WILSHIRE TOWERS 200 TIN HAU TEMPLE ROAD HONG KONG ",
        "FREE_FORMAT_ADDR_CHN": NaN,
        "DEV_NAME_ENG": "WILSHIRE TOWERS",
        "DEV_NAME_CHN": "慧雅閣",
        "FIRST_REFERENCE_LOT_PRN": "C4456887"
    },
    {
        "PRN": "B6408641",
        "SEQ_NUM": 1,
        "BLOCK": "C",
        "FLOOR": "2",
        "FLAT": "C2",
        "HOUSE_NUM_PREFIX": 200.0,
        "STREET_NAME_ENG": "TIN HAU TEMPLE ROAD",
        "STREET_NAME_CHN": "天后廟道",
        "AREA_DESC_ENG": "HONG KONG",
        "AREA_DESC_CHN": "香港",
        "FREE_FORMAT_ADDR_ENG": "FLAT C-2 ON 2ND FLOOR OF TOWER C WILSHIRE TOWERS 200 TIN HAU TEMPLE ROAD HONG KONG",
        "FREE_FORMAT_ADDR_CHN": NaN,
        "DEV_NAME_ENG": "WILSHIRE TOWERS",
        "DEV_NAME_CHN": "慧雅閣",
        "FIRST_REFERENCE_LOT_PRN": "C4456887"
    },
    {
        "PRN": "B7806218",
        "SEQ_NUM": 1,
        "BLOCK": "C",
        "FLOOR": "14",
        "FLAT": "C1",
        "HOUSE_NUM_PREFIX": 200.0,
        "STREET_NAME_ENG": "TIN HAU TEMPLE ROAD",
        "STREET_NAME_CHN": "天后廟道",
        "AREA_DESC_ENG": "HONG KONG",
        "AREA_DESC_CHN": "香港",
        "FREE_FORMAT_ADDR_ENG": "FLAT C1 ON 14TH FLOOR OF TOWER C WILSHIRE TOWERS 200 TIN HAU TEMPLE ROAD HONG KONG ",
        "FREE_FORMAT_ADDR_CHN": NaN,
        "DEV_NAME_ENG": "WILSHIRE TOWERS",
        "DEV_NAME_CHN": "慧雅閣",
        "FIRST_REFERENCE_LOT_PRN": "C4456887"
    },
    {
        "PRN": "B8141086",
        "SEQ_NUM": 1,
        "BLOCK": "C",
        "FLOOR": "16",
        "FLAT": "C2",
        "HOUSE_NUM_PREFIX": 200.0,
        "STREET_NAME_ENG": "TIN HAU TEMPLE ROAD",
        "STREET_NAME_CHN": "天后廟道",
        "AREA_DESC_ENG": "HONG KONG",
        "AREA_DESC_CHN": "香港",
        "FREE_FORMAT_ADDR_ENG": "FLAT C2 ON 16TH FLOOR OF TOWER C WILSHIRE TOWERS 200 TIN HAU TEMPLE ROAD HONG KONG ",
        "FREE_FORMAT_ADDR_CHN": NaN,
        "DEV_NAME_ENG": "WILSHIRE TOWERS",
        "DEV_NAME_CHN": "慧雅閣",
        "FIRST_REFERENCE_LOT_PRN": "C4456887"
    },
    {
        "PRN": "B8473319",
        "SEQ_NUM": 1,
        "BLOCK": "A",
        "FLOOR": "3",
        "FLAT": "A1",
        "HOUSE_NUM_PREFIX": 200.0,
        "STREET_NAME_ENG": "TIN HAU TEMPLE ROAD",
        "STREET_NAME_CHN": "天后廟道",
        "AREA_DESC_ENG": "HONG KONG",
        "AREA_DESC_CHN": "香港",
        "FREE_FORMAT_ADDR_ENG": "FLAT A1 ON 3RD FLOOR OF TOWER A WILSHIRE TOWERS 200 TIN HAU TEMPLE ROAD HONG KONG ",
        "FREE_FORMAT_ADDR_CHN": NaN,
        "DEV_NAME_ENG": "WILSHIRE TOWERS",
        "DEV_NAME_CHN": "慧雅閣",
        "FIRST_REFERENCE_LOT_PRN": "C4456887"
    },
    {
        "PRN": "B8473327",
        "SEQ_NUM": 1,
        "BLOCK": "B",
        "FLOOR": "4",
        "FLAT": "B1",
        "HOUSE_NUM_PREFIX": 200.0,
        "STREET_NAME_ENG": "TIN HAU TEMPLE ROAD",
        "STREET_NAME_CHN": "天后廟道",
        "AREA_DESC_ENG": "HONG KONG",
        "AREA_DESC_CHN": "香港",
        "FREE_FORMAT_ADDR_ENG": "FLAT B-1 ON 4TH FLOOR OF TOWER B WILSHIRE TOWERS 200 TIN HAU TEMPLE ROAD HONG KONG",
        "FREE_FORMAT_ADDR_CHN": NaN,
        "DEV_NAME_ENG": "WILSHIRE TOWERS",
        "DEV_NAME_CHN": "慧雅閣",
        "FIRST_REFERENCE_LOT_PRN": "C4456887"
    },
    {
        "PRN": "B8473332",
        "SEQ_NUM": 1,
        "BLOCK": "B",
        "FLOOR": "9",
        "FLAT": "B1",
        "HOUSE_NUM_PREFIX": 200.0,
        "STREET_NAME_ENG": "TIN HAU TEMPLE ROAD",
        "STREET_NAME_CHN": "天后廟道",
        "AREA_DESC_ENG": "HONG KONG",
        "AREA_DESC_CHN": "香港",
        "FREE_FORMAT_ADDR_ENG": "FLAT B-1 ON 9TH FLOOR OF TOWER B WILSHIRE TOWERS 200 TIN HAU TEMPLE ROAD HONG KONG",
        "FREE_FORMAT_ADDR_CHN": NaN,
        "DEV_NAME_ENG": "WILSHIRE TOWERS",
        "DEV_NAME_CHN": "慧雅閣",
        "FIRST_REFERENCE_LOT_PRN": "C4456887"
    },
    {
        "PRN": "B9094430",
        "SEQ_NUM": 1,
        "BLOCK": "A",
        "FLOOR": "13",
        "FLAT": "A1",
        "HOUSE_NUM_PREFIX": 200.0,
        "STREET_NAME_ENG": "TIN HAU TEMPLE ROAD",
        "STREET_NAME_CHN": "天后廟道",
        "AREA_DESC_ENG": "HONG KONG",
        "AREA_DESC_CHN": "香港",
        "FREE_FORMAT_ADDR_ENG": "FLAT A1 ON 13TH FLOOR OF TOWER A WILSHIRE TOWERS 200 TIN HAU TEMPLE ROAD HONG KONG ",
        "FREE_FORMAT_ADDR_CHN": NaN,
        "DEV_NAME_ENG": "WILSHIRE TOWERS",
        "DEV_NAME_CHN": "慧雅閣",
        "FIRST_REFERENCE_LOT_PRN": "C4456887"
    },
    {
        "PRN": "B9094442",
        "SEQ_NUM": 1,
        "BLOCK": "A",
        "FLOOR": "14",
        "FLAT": "A1",
        "HOUSE_NUM_PREFIX": 200.0,
        "STREET_NAME_ENG": "TIN HAU TEMPLE ROAD",
        "STREET_NAME_CHN": "天后廟道",
        "AREA_DESC_ENG": "HONG KONG",
        "AREA_DESC_CHN": "香港",
        "FREE_FORMAT_ADDR_ENG": "FLAT A-1 ON 14TH FLOOR AND ROOF A1 TOWER A WILSHIRE TOWERS 200 TIN HAU TEMPLE ROAD HONG KONG",
        "FREE_FORMAT_ADDR_CHN": NaN,
        "DEV_NAME_ENG": "WILSHIRE TOWERS",
        "DEV_NAME_CHN": "慧雅閣",
        "FIRST_REFERENCE_LOT_PRN": "C4456887"
    },
    {
        "PRN": "B9094455",
        "SEQ_NUM": 1,
        "BLOCK": "B",
        "FLOOR": "11",
        "FLAT": "B1",
        "HOUSE_NUM_PREFIX": 200.0,
        "STREET_NAME_ENG": "TIN HAU TEMPLE ROAD",
        "STREET_NAME_CHN": "天后廟道",
        "AREA_DESC_ENG": "HONG KONG",
        "AREA_DESC_CHN": "香港",
        "FREE_FORMAT_ADDR_ENG": "FLAT B-1 ON 11TH FLOOR OF TOWER B WILSHIRE TOWERS 200 TIN HAU TEMPLE ROAD HONG KONG",
        "FREE_FORMAT_ADDR_CHN": NaN,
        "DEV_NAME_ENG": "WILSHIRE TOWERS",
        "DEV_NAME_CHN": "慧雅閣",
        "FIRST_REFERENCE_LOT_PRN": "C4456887"
    },
    {
        "PRN": "B9094461",
        "SEQ_NUM": 1,
        "BLOCK": "B",
        "FLOOR": "13",
        "FLAT": "B1",
        "HOUSE_NUM_PREFIX": 200.0,
        "STREET_NAME_ENG": "TIN HAU TEMPLE ROAD",
        "STREET_NAME_CHN": "天后廟道",
        "AREA_DESC_ENG": "HONG KONG",
        "AREA_DESC_CHN": "香港",
        "FREE_FORMAT_ADDR_ENG": "FLAT B-1 ON 13TH FLOOR OF TOWER B WILSHIRE TOWERS 200 TIN HAU TEMPLE ROAD HONG KONG",
        "FREE_FORMAT_ADDR_CHN": NaN,
        "DEV_NAME_ENG": "WILSHIRE TOWERS",
        "DEV_NAME_CHN": "慧雅閣",
        "FIRST_REFERENCE_LOT_PRN": "C4456887"
    },
    {
        "PRN": "B9094478",
        "SEQ_NUM": 1,
        "BLOCK": "B",
        "FLOOR": "8",
        "FLAT": "B2",
        "HOUSE_NUM_PREFIX": 200.0,
        "STREET_NAME_ENG": "TIN HAU TEMPLE ROAD",
        "STREET_NAME_CHN": "天后廟道",
        "AREA_DESC_ENG": "HONG KONG",
        "AREA_DESC_CHN": "香港",
        "FREE_FORMAT_ADDR_ENG": "FLAT B-2 ON 8TH FLOOR OF TOWER B WILSHIRE TOWERS 200 TIN HAU TEMPLE ROAD HONG KONG",
        "FREE_FORMAT_ADDR_CHN": NaN,
        "DEV_NAME_ENG": "WILSHIRE TOWERS",
        "DEV_NAME_CHN": "慧雅閣",
        "FIRST_REFERENCE_LOT_PRN": "C4456887"
    },
    {
        "PRN": "B9094480",
        "SEQ_NUM": 1,
        "BLOCK": "C",
        "FLOOR": "13",
        "FLAT": "C1",
        "HOUSE_NUM_PREFIX": 200.0,
        "STREET_NAME_ENG": "TIN HAU TEMPLE ROAD",
        "STREET_NAME_CHN": "天后廟道",
        "AREA_DESC_ENG": "HONG KONG",
        "AREA_DESC_CHN": "香港",
        "FREE_FORMAT_ADDR_ENG": "FLAT C1 ON 13TH FLOOR OF TOWER C WILSHIRE TOWERS 200 TIN HAU TEMPLE ROAD HONG KONG ",
        "FREE_FORMAT_ADDR_CHN": NaN,
        "DEV_NAME_ENG": "WILSHIRE TOWERS",
        "DEV_NAME_CHN": "慧雅閣",
        "FIRST_REFERENCE_LOT_PRN": "C4456887"
    },
    {
        "PRN": "B9094492",
        "SEQ_NUM": 1,
        "BLOCK": "C",
        "FLOOR": "17",
        "FLAT": "C1",
        "HOUSE_NUM_PREFIX": 200.0,
        "STREET_NAME_ENG": "TIN HAU TEMPLE ROAD",
        "STREET_NAME_CHN": "天后廟道",
        "AREA_DESC_ENG": "HONG KONG",
        "AREA_DESC_CHN": "香港",
        "FREE_FORMAT_ADDR_ENG": "FLAT C1 ON 17TH FLOOR OF TOWER C WILSHIRE TOWERS 200 TIN HAU TEMPLE ROAD HONG KONG ",
        "FREE_FORMAT_ADDR_CHN": NaN,
        "DEV_NAME_ENG": "WILSHIRE TOWERS",
        "DEV_NAME_CHN": "慧雅閣",
        "FIRST_REFERENCE_LOT_PRN": "C4456887"
    },
    {
        "PRN": "B9094504",
        "SEQ_NUM": 1,
        "BLOCK": "C",
        "FLOOR": "14",
        "FLAT": "C2",
        "HOUSE_NUM_PREFIX": 200.0,
        "STREET_NAME_ENG": "TIN HAU TEMPLE ROAD",
        "STREET_NAME_CHN": "天后廟道",
        "AREA_DESC_ENG": "HONG KONG",
        "AREA_DESC_CHN": "香港",
        "FREE_FORMAT_ADDR_ENG": "FLAT C2 ON 14TH FLOOR OF TOWER C WILSHIRE TOWERS 200 TIN HAU TEMPLE ROAD HONG KONG ",
        "FREE_FORMAT_ADDR_CHN": NaN,
        "DEV_NAME_ENG": "WILSHIRE TOWERS",
        "DEV_NAME_CHN": "慧雅閣",
        "FIRST_REFERENCE_LOT_PRN": "C4456887"
    },
    {
        "PRN": "B9094512",
        "SEQ_NUM": 1,
        "BLOCK": "C",
        "FLOOR": "3",
        "FLAT": "C2",
        "HOUSE_NUM_PREFIX": 200.0,
        "STREET_NAME_ENG": "TIN HAU TEMPLE ROAD",
        "STREET_NAME_CHN": "天后廟道",
        "AREA_DESC_ENG": "HONG KONG",
        "AREA_DESC_CHN": "香港",
        "FREE_FORMAT_ADDR_ENG": "FLAT C2 ON 3RD FLOOR OF TOWER C WILSHIRE TOWERS 200 TIN HAU TEMPLE ROAD HONG KONG ",
        "FREE_FORMAT_ADDR_CHN": NaN,
        "DEV_NAME_ENG": "WILSHIRE TOWERS",
        "DEV_NAME_CHN": "慧雅閣",
        "FIRST_REFERENCE_LOT_PRN": "C4456887"
    },
    {
        "PRN": "C0485787",
        "SEQ_NUM": 1,
        "BLOCK": "C",
        "FLOOR": "10",
        "FLAT": "C1",
        "HOUSE_NUM_PREFIX": 200.0,
        "STREET_NAME_ENG": "TIN HAU TEMPLE ROAD",
        "STREET_NAME_CHN": "天后廟道",
        "AREA_DESC_ENG": "HONG KONG",
        "AREA_DESC_CHN": "香港",
        "FREE_FORMAT_ADDR_ENG": "FLAT C1 ON 10TH FLOOR OF TOWER C WILSHIRE TOWERS 200 TIN HAU TEMPLE ROAD HONG KONG ",
        "FREE_FORMAT_ADDR_CHN": NaN,
        "DEV_NAME_ENG": "WILSHIRE TOWERS",
        "DEV_NAME_CHN": "慧雅閣",
        "FIRST_REFERENCE_LOT_PRN": "C4456887"
    },
    {
        "PRN": "C0485796",
        "SEQ_NUM": 1,
        "BLOCK": "C",
        "FLOOR": "10",
        "FLAT": "C2",
        "HOUSE_NUM_PREFIX": 200.0,
        "STREET_NAME_ENG": "TIN HAU TEMPLE ROAD",
        "STREET_NAME_CHN": "天后廟道",
        "AREA_DESC_ENG": "HONG KONG",
        "AREA_DESC_CHN": "香港",
        "FREE_FORMAT_ADDR_ENG": "FLAT C2 ON 10TH FLOOR OF TOWER C WILSHIRE TOWERS 200 TIN HAU TEMPLE ROAD HONG KONG ",
        "FREE_FORMAT_ADDR_CHN": NaN,
        "DEV_NAME_ENG": "WILSHIRE TOWERS",
        "DEV_NAME_CHN": "慧雅閣",
        "FIRST_REFERENCE_LOT_PRN": "C4456887"
    },
    {
        "PRN": "C0821376",
        "SEQ_NUM": 1,
        "BLOCK": "B",
        "FLOOR": "7",
        "FLAT": "B2",
        "HOUSE_NUM_PREFIX": 200.0,
        "STREET_NAME_ENG": "TIN HAU TEMPLE ROAD",
        "STREET_NAME_CHN": "天后廟道",
        "AREA_DESC_ENG": "HONG KONG",
        "AREA_DESC_CHN": "香港",
        "FREE_FORMAT_ADDR_ENG": "FLAT B-2 ON 7TH FLOOR OF TOWER B WILSHIRE TOWERS 200 TIN HAU TEMPLE ROAD HONG KONG",
        "FREE_FORMAT_ADDR_CHN": NaN,
        "DEV_NAME_ENG": "WILSHIRE TOWERS",
        "DEV_NAME_CHN": "慧雅閣",
        "FIRST_REFERENCE_LOT_PRN": "C4456887"
    },
    {
        "PRN": "C1155639",
        "SEQ_NUM": 1,
        "BLOCK": "C",
        "FLOOR": "6",
        "FLAT": "C1",
        "HOUSE_NUM_PREFIX": 200.0,
        "STREET_NAME_ENG": "TIN HAU TEMPLE ROAD",
        "STREET_NAME_CHN": "天后廟道",
        "AREA_DESC_ENG": "HONG KONG",
        "AREA_DESC_CHN": "香港",
        "FREE_FORMAT_ADDR_ENG": "FLAT C1 ON 6TH FLOOR OF TOWER C WILSHIRE TOWERS 200 TIN HAU TEMPLE ROAD HONG KONG ",
        "FREE_FORMAT_ADDR_CHN": NaN,
        "DEV_NAME_ENG": "WILSHIRE TOWERS",
        "DEV_NAME_CHN": "慧雅閣",
        "FIRST_REFERENCE_LOT_PRN": "C4456887"
    },
    {
        "PRN": "C1155643",
        "SEQ_NUM": 1,
        "BLOCK": "C",
        "FLOOR": "21",
        "FLAT": "C2",
        "HOUSE_NUM_PREFIX": 200.0,
        "STREET_NAME_ENG": "TIN HAU TEMPLE ROAD",
        "STREET_NAME_CHN": "天后廟道",
        "AREA_DESC_ENG": "HONG KONG",
        "AREA_DESC_CHN": "香港",
        "FREE_FORMAT_ADDR_ENG": "FLAT C2 ON 21/F (& ROOF C-2) OF TOWER C WILSHIRE TOWERS 200 TIN HAU TEMPLE ROAD HONG KONG ",
        "FREE_FORMAT_ADDR_CHN": NaN,
        "DEV_NAME_ENG": "WILSHIRE TOWERS",
        "DEV_NAME_CHN": "慧雅閣",
        "FIRST_REFERENCE_LOT_PRN": "C4456887"
    }
]