[
    {
        "PRN": "A0857543",
        "SEQ_NUM": 1,
        "BLOCK": "A",
        "FLOOR": "1",
        "FLAT": "A1",
        "HOUSE_NUM_PREFIX": 5.0,
        "STREET_NAME_ENG": "HATTON ROAD",
        "STREET_NAME_CHN": "克頓道",
        "AREA_DESC_ENG": "HONG KONG",
        "AREA_DESC_CHN": "香港",
        "FREE_FORMAT_ADDR_ENG": "UNIT A1 ON 1/F OF BLOCK A WISDOM COURT 5 HATTON ROAD HONG KONG ",
        "FREE_FORMAT_ADDR_CHN": NaN,
        "DEV_NAME_ENG": "WISDOM COURT",
        "DEV_NAME_CHN": "慧苑",
        "FIRST_REFERENCE_LOT_PRN": "C4366481"
    },
    {
        "PRN": "A0857552",
        "SEQ_NUM": 1,
        "BLOCK": "A",
        "FLOOR": "2",
        "FLAT": "A1",
        "HOUSE_NUM_PREFIX": 5.0,
        "STREET_NAME_ENG": "HATTON ROAD",
        "STREET_NAME_CHN": "克頓道",
        "AREA_DESC_ENG": "HONG KONG",
        "AREA_DESC_CHN": "香港",
        "FREE_FORMAT_ADDR_ENG": "UNIT A1 ON 2/F OF BLOCK A WISDOM COURT NO.5 HATTON ROAD HONG KONG ",
        "FREE_FORMAT_ADDR_CHN": NaN,
        "DEV_NAME_ENG": "WISDOM COURT",
        "DEV_NAME_CHN": "慧苑",
        "FIRST_REFERENCE_LOT_PRN": "C4366481"
    },
    {
        "PRN": "A0857562",
        "SEQ_NUM": 1,
        "BLOCK": "A",
        "FLOOR": "3",
        "FLAT": "A1",
        "HOUSE_NUM_PREFIX": 5.0,
        "STREET_NAME_ENG": "HATTON ROAD",
        "STREET_NAME_CHN": "克頓道",
        "AREA_DESC_ENG": "HONG KONG",
        "AREA_DESC_CHN": "香港",
        "FREE_FORMAT_ADDR_ENG": "UNIT A1 ON 3/F OF BLOCK A WISDOM COURT NO.5 HATTON ROAD HONG KONG ",
        "FREE_FORMAT_ADDR_CHN": NaN,
        "DEV_NAME_ENG": "WISDOM COURT",
        "DEV_NAME_CHN": "慧苑",
        "FIRST_REFERENCE_LOT_PRN": "C4366481"
    },
    {
        "PRN": "A0857576",
        "SEQ_NUM": 1,
        "BLOCK": "A",
        "FLOOR": "4",
        "FLAT": "A1",
        "HOUSE_NUM_PREFIX": 5.0,
        "STREET_NAME_ENG": "HATTON ROAD",
        "STREET_NAME_CHN": "克頓道",
        "AREA_DESC_ENG": "HONG KONG",
        "AREA_DESC_CHN": "香港",
        "FREE_FORMAT_ADDR_ENG": "UNIT A1 ON 4/F OF BLOCK A WISDOM COURT NO.5 HATTON ROAD HONG KONG ",
        "FREE_FORMAT_ADDR_CHN": NaN,
        "DEV_NAME_ENG": "WISDOM COURT",
        "DEV_NAME_CHN": "慧苑",
        "FIRST_REFERENCE_LOT_PRN": "C4366481"
    },
    {
        "PRN": "A0857588",
        "SEQ_NUM": 1,
        "BLOCK": "A",
        "FLOOR": "5",
        "FLAT": "A1",
        "HOUSE_NUM_PREFIX": 5.0,
        "STREET_NAME_ENG": "HATTON ROAD",
        "STREET_NAME_CHN": "克頓道",
        "AREA_DESC_ENG": "HONG KONG",
        "AREA_DESC_CHN": "香港",
        "FREE_FORMAT_ADDR_ENG": "UNIT A1 ON 5/F OF BLOCK A WISDOM COURT NO.5 HATTON ROAD HONG KONG ",
        "FREE_FORMAT_ADDR_CHN": NaN,
        "DEV_NAME_ENG": "WISDOM COURT",
        "DEV_NAME_CHN": "慧苑",
        "FIRST_REFERENCE_LOT_PRN": "C4366481"
    },
    {
        "PRN": "A0857599",
        "SEQ_NUM": 1,
        "BLOCK": "A",
        "FLOOR": "6",
        "FLAT": "A1",
        "HOUSE_NUM_PREFIX": 5.0,
        "STREET_NAME_ENG": "HATTON ROAD",
        "STREET_NAME_CHN": "克頓道",
        "AREA_DESC_ENG": "HONG KONG",
        "AREA_DESC_CHN": "香港",
        "FREE_FORMAT_ADDR_ENG": "UNIT A1 ON 6/F OF BLOCK A WISDOM COURT 5 HATTON ROAD HONG KONG ",
        "FREE_FORMAT_ADDR_CHN": NaN,
        "DEV_NAME_ENG": "WISDOM COURT",
        "DEV_NAME_CHN": "慧苑",
        "FIRST_REFERENCE_LOT_PRN": "C4366481"
    },
    {
        "PRN": "A0857607",
        "SEQ_NUM": 1,
        "BLOCK": "A",
        "FLOOR": "9",
        "FLAT": "A1",
        "HOUSE_NUM_PREFIX": 5.0,
        "STREET_NAME_ENG": "HATTON ROAD",
        "STREET_NAME_CHN": "克頓道",
        "AREA_DESC_ENG": "HONG KONG",
        "AREA_DESC_CHN": "香港",
        "FREE_FORMAT_ADDR_ENG": "UNIT A1 ON 9TH FLOOR OF BLOCK A WISDOM COURT 5 HATTON ROAD HONG KONG ",
        "FREE_FORMAT_ADDR_CHN": NaN,
        "DEV_NAME_ENG": "WISDOM COURT",
        "DEV_NAME_CHN": "慧苑",
        "FIRST_REFERENCE_LOT_PRN": "C4366481"
    },
    {
        "PRN": "A0857613",
        "SEQ_NUM": 1,
        "BLOCK": "A",
        "FLOOR": "1",
        "FLAT": "A2",
        "HOUSE_NUM_PREFIX": 5.0,
        "STREET_NAME_ENG": "HATTON ROAD",
        "STREET_NAME_CHN": "克頓道",
        "AREA_DESC_ENG": "HONG KONG",
        "AREA_DESC_CHN": "香港",
        "FREE_FORMAT_ADDR_ENG": "UNIT A2 ON 1/F OF BLOCK A WISDOM COURT 5 HATTON ROAD HONG KONG ",
        "FREE_FORMAT_ADDR_CHN": NaN,
        "DEV_NAME_ENG": "WISDOM COURT",
        "DEV_NAME_CHN": "慧苑",
        "FIRST_REFERENCE_LOT_PRN": "C4366481"
    },
    {
        "PRN": "A0857622",
        "SEQ_NUM": 1,
        "BLOCK": "A",
        "FLOOR": "10",
        "FLAT": "A2",
        "HOUSE_NUM_PREFIX": 5.0,
        "STREET_NAME_ENG": "HATTON ROAD",
        "STREET_NAME_CHN": "克頓道",
        "AREA_DESC_ENG": "HONG KONG",
        "AREA_DESC_CHN": "香港",
        "FREE_FORMAT_ADDR_ENG": "UNIT A2 ON 10TH FLOOR WITH ITS MAIN ROOF OF BLOCK A WISDOM COURT NO.5 HATTON ROAD HONG KONG ",
        "FREE_FORMAT_ADDR_CHN": NaN,
        "DEV_NAME_ENG": "WISDOM COURT",
        "DEV_NAME_CHN": "慧苑",
        "FIRST_REFERENCE_LOT_PRN": "C4366481"
    },
    {
        "PRN": "A0857635",
        "SEQ_NUM": 1,
        "BLOCK": "A",
        "FLOOR": "2",
        "FLAT": "A2",
        "HOUSE_NUM_PREFIX": 5.0,
        "STREET_NAME_ENG": "HATTON ROAD",
        "STREET_NAME_CHN": "克頓道",
        "AREA_DESC_ENG": "HONG KONG",
        "AREA_DESC_CHN": "香港",
        "FREE_FORMAT_ADDR_ENG": "UNIT A 2 ON 2/F OF BLOCK A WISDOM COURT NO.5 HATTON ROAD HONG KONG ",
        "FREE_FORMAT_ADDR_CHN": NaN,
        "DEV_NAME_ENG": "WISDOM COURT",
        "DEV_NAME_CHN": "慧苑",
        "FIRST_REFERENCE_LOT_PRN": "C4366481"
    },
    {
        "PRN": "A0857641",
        "SEQ_NUM": 1,
        "BLOCK": "A",
        "FLOOR": "3",
        "FLAT": "A2",
        "HOUSE_NUM_PREFIX": 5.0,
        "STREET_NAME_ENG": "HATTON ROAD",
        "STREET_NAME_CHN": "克頓道",
        "AREA_DESC_ENG": "HONG KONG",
        "AREA_DESC_CHN": "香港",
        "FREE_FORMAT_ADDR_ENG": "UNIT A2 ON 3/F OF BLOCK A WISDOM COURT NO.5 HATTON ROAD HONG KONG ",
        "FREE_FORMAT_ADDR_CHN": NaN,
        "DEV_NAME_ENG": "WISDOM COURT",
        "DEV_NAME_CHN": "慧苑",
        "FIRST_REFERENCE_LOT_PRN": "C4366481"
    },
    {
        "PRN": "A0857654",
        "SEQ_NUM": 1,
        "BLOCK": "A",
        "FLOOR": "5",
        "FLAT": "A2",
        "HOUSE_NUM_PREFIX": 5.0,
        "STREET_NAME_ENG": "HATTON ROAD",
        "STREET_NAME_CHN": "克頓道",
        "AREA_DESC_ENG": "HONG KONG",
        "AREA_DESC_CHN": "香港",
        "FREE_FORMAT_ADDR_ENG": "UNIT A2 ON 5/F OF BLOCK A WISDOM COURT 5 HATTON ROAD HONG KONG ",
        "FREE_FORMAT_ADDR_CHN": NaN,
        "DEV_NAME_ENG": "WISDOM COURT",
        "DEV_NAME_CHN": "慧苑",
        "FIRST_REFERENCE_LOT_PRN": "C4366481"
    },
    {
        "PRN": "A0857663",
        "SEQ_NUM": 1,
        "BLOCK": "A",
        "FLOOR": "8",
        "FLAT": "A2",
        "HOUSE_NUM_PREFIX": 5.0,
        "STREET_NAME_ENG": "HATTON ROAD",
        "STREET_NAME_CHN": "克頓道",
        "AREA_DESC_ENG": "HONG KONG",
        "AREA_DESC_CHN": "香港",
        "FREE_FORMAT_ADDR_ENG": "UNIT A2 ON 8TH FLOOR OF BLOCK A WISDOM COURT 5 HATTON ROAD HONG KONG ",
        "FREE_FORMAT_ADDR_CHN": NaN,
        "DEV_NAME_ENG": "WISDOM COURT",
        "DEV_NAME_CHN": "慧苑",
        "FIRST_REFERENCE_LOT_PRN": "C4366481"
    },
    {
        "PRN": "A0857670",
        "SEQ_NUM": 1,
        "BLOCK": "A",
        "FLOOR": "9",
        "FLAT": "A2",
        "HOUSE_NUM_PREFIX": 5.0,
        "STREET_NAME_ENG": "HATTON ROAD",
        "STREET_NAME_CHN": "克頓道",
        "AREA_DESC_ENG": "HONG KONG",
        "AREA_DESC_CHN": "香港",
        "FREE_FORMAT_ADDR_ENG": "UNIT A2 ON 9TH FLOOR OF BLOCK A WISDOM COURT 5 HATTON ROAD HONG KONG ",
        "FREE_FORMAT_ADDR_CHN": NaN,
        "DEV_NAME_ENG": "WISDOM COURT",
        "DEV_NAME_CHN": "慧苑",
        "FIRST_REFERENCE_LOT_PRN": "C4366481"
    },
    {
        "PRN": "A0857688",
        "SEQ_NUM": 1,
        "BLOCK": "A",
        "FLOOR": "1",
        "FLAT": "A3",
        "HOUSE_NUM_PREFIX": 5.0,
        "STREET_NAME_ENG": "HATTON ROAD",
        "STREET_NAME_CHN": "克頓道",
        "AREA_DESC_ENG": "HONG KONG",
        "AREA_DESC_CHN": "香港",
        "FREE_FORMAT_ADDR_ENG": "UNIT A3 ON 1/F OF BLOCK A WISDOM COURT 5 HATTON ROAD HONG KONG ",
        "FREE_FORMAT_ADDR_CHN": NaN,
        "DEV_NAME_ENG": "WISDOM COURT",
        "DEV_NAME_CHN": "慧苑",
        "FIRST_REFERENCE_LOT_PRN": "C4366481"
    },
    {
        "PRN": "A0857691",
        "SEQ_NUM": 1,
        "BLOCK": "A",
        "FLOOR": "3",
        "FLAT": "A3",
        "HOUSE_NUM_PREFIX": 5.0,
        "STREET_NAME_ENG": "HATTON ROAD",
        "STREET_NAME_CHN": "克頓道",
        "AREA_DESC_ENG": "HONG KONG",
        "AREA_DESC_CHN": "香港",
        "FREE_FORMAT_ADDR_ENG": "UNIT A3 ON 3/F OF BLOCK A WISDOM COURT NO.5 HATTON ROAD HONG KONG ",
        "FREE_FORMAT_ADDR_CHN": NaN,
        "DEV_NAME_ENG": "WISDOM COURT",
        "DEV_NAME_CHN": "慧苑",
        "FIRST_REFERENCE_LOT_PRN": "C4366481"
    },
    {
        "PRN": "A0857708",
        "SEQ_NUM": 1,
        "BLOCK": "A",
        "FLOOR": "5",
        "FLAT": "A3",
        "HOUSE_NUM_PREFIX": 5.0,
        "STREET_NAME_ENG": "HATTON ROAD",
        "STREET_NAME_CHN": "克頓道",
        "AREA_DESC_ENG": "HONG KONG",
        "AREA_DESC_CHN": "香港",
        "FREE_FORMAT_ADDR_ENG": "UNIT A3 ON 5/F OF BLOCK A WISDOM COURT 5 HATTON ROAD HONG KONG ",
        "FREE_FORMAT_ADDR_CHN": NaN,
        "DEV_NAME_ENG": "WISDOM COURT",
        "DEV_NAME_CHN": "慧苑",
        "FIRST_REFERENCE_LOT_PRN": "C4366481"
    },
    {
        "PRN": "A0857713",
        "SEQ_NUM": 1,
        "BLOCK": "A",
        "FLOOR": "6",
        "FLAT": "A3",
        "HOUSE_NUM_PREFIX": 5.0,
        "STREET_NAME_ENG": "HATTON ROAD",
        "STREET_NAME_CHN": "克頓道",
        "AREA_DESC_ENG": "HONG KONG",
        "AREA_DESC_CHN": "香港",
        "FREE_FORMAT_ADDR_ENG": "UNIT A3 ON 6/F OF BLOCK A WISDOM COURT 5 HATTON ROAD HONG KONG ",
        "FREE_FORMAT_ADDR_CHN": NaN,
        "DEV_NAME_ENG": "WISDOM COURT",
        "DEV_NAME_CHN": "慧苑",
        "FIRST_REFERENCE_LOT_PRN": "C4366481"
    },
    {
        "PRN": "A0857726",
        "SEQ_NUM": 1,
        "BLOCK": "A",
        "FLOOR": "7",
        "FLAT": "A3",
        "HOUSE_NUM_PREFIX": 5.0,
        "STREET_NAME_ENG": "HATTON ROAD",
        "STREET_NAME_CHN": "克頓道",
        "AREA_DESC_ENG": "HONG KONG",
        "AREA_DESC_CHN": "香港",
        "FREE_FORMAT_ADDR_ENG": "UNIT A3 ON 7TH FLOOR OF BLOCK A WISDOM COURT 5 HATTON ROAD HONG KONG ",
        "FREE_FORMAT_ADDR_CHN": NaN,
        "DEV_NAME_ENG": "WISDOM COURT",
        "DEV_NAME_CHN": "慧苑",
        "FIRST_REFERENCE_LOT_PRN": "C4366481"
    },
    {
        "PRN": "A0857735",
        "SEQ_NUM": 1,
        "BLOCK": "A",
        "FLOOR": "8",
        "FLAT": "A3",
        "HOUSE_NUM_PREFIX": 5.0,
        "STREET_NAME_ENG": "HATTON ROAD",
        "STREET_NAME_CHN": "克頓道",
        "AREA_DESC_ENG": "HONG KONG",
        "AREA_DESC_CHN": "香港",
        "FREE_FORMAT_ADDR_ENG": "UNIT A3 ON 8TH FLOOR OF BLOCK A WISDOM COURT 5 HATTON ROAD HONG KONG ",
        "FREE_FORMAT_ADDR_CHN": NaN,
        "DEV_NAME_ENG": "WISDOM COURT",
        "DEV_NAME_CHN": "慧苑",
        "FIRST_REFERENCE_LOT_PRN": "C4366481"
    },
    {
        "PRN": "A0857743",
        "SEQ_NUM": 1,
        "BLOCK": "A",
        "FLOOR": "9",
        "FLAT": "A3",
        "HOUSE_NUM_PREFIX": 5.0,
        "STREET_NAME_ENG": "HATTON ROAD",
        "STREET_NAME_CHN": "克頓道",
        "AREA_DESC_ENG": "HONG KONG",
        "AREA_DESC_CHN": "香港",
        "FREE_FORMAT_ADDR_ENG": "UNIT A3 ON 9TH FLOOR OF BLOCK A WISDOM COURT 5 HATTON ROAD HONG KONG ",
        "FREE_FORMAT_ADDR_CHN": NaN,
        "DEV_NAME_ENG": "WISDOM COURT",
        "DEV_NAME_CHN": "慧苑",
        "FIRST_REFERENCE_LOT_PRN": "C4366481"
    },
    {
        "PRN": "A0857755",
        "SEQ_NUM": 1,
        "BLOCK": "B",
        "FLOOR": "2",
        "FLAT": "B1",
        "HOUSE_NUM_PREFIX": 5.0,
        "STREET_NAME_ENG": "HATTON ROAD",
        "STREET_NAME_CHN": "克頓道",
        "AREA_DESC_ENG": "HONG KONG",
        "AREA_DESC_CHN": "香港",
        "FREE_FORMAT_ADDR_ENG": "UNIT B1 ON 2ND FLOOR OF BLOCK B WISDOM COURT 5 HATTON ROAD HONG KONG ",
        "FREE_FORMAT_ADDR_CHN": NaN,
        "DEV_NAME_ENG": "WISDOM COURT",
        "DEV_NAME_CHN": "慧苑",
        "FIRST_REFERENCE_LOT_PRN": "C4366481"
    },
    {
        "PRN": "A0857760",
        "SEQ_NUM": 1,
        "BLOCK": "B",
        "FLOOR": "4",
        "FLAT": "B1",
        "HOUSE_NUM_PREFIX": 5.0,
        "STREET_NAME_ENG": "HATTON ROAD",
        "STREET_NAME_CHN": "克頓道",
        "AREA_DESC_ENG": "HONG KONG",
        "AREA_DESC_CHN": "香港",
        "FREE_FORMAT_ADDR_ENG": "UNIT B1 ON 4TH FLOOR OF BLOCK B WISDOM COURT 5 HATTON ROAD HONG KONG ",
        "FREE_FORMAT_ADDR_CHN": NaN,
        "DEV_NAME_ENG": "WISDOM COURT",
        "DEV_NAME_CHN": "慧苑",
        "FIRST_REFERENCE_LOT_PRN": "C4366481"
    },
    {
        "PRN": "A0857778",
        "SEQ_NUM": 1,
        "BLOCK": "B",
        "FLOOR": "9",
        "FLAT": "B1",
        "HOUSE_NUM_PREFIX": 5.0,
        "STREET_NAME_ENG": "HATTON ROAD",
        "STREET_NAME_CHN": "克頓道",
        "AREA_DESC_ENG": "HONG KONG",
        "AREA_DESC_CHN": "香港",
        "FREE_FORMAT_ADDR_ENG": "UNIT B1 ON 9/F OF BLOCK B WISDOM COURT 5 HATTON ROAD HONG KONG ",
        "FREE_FORMAT_ADDR_CHN": NaN,
        "DEV_NAME_ENG": "WISDOM COURT",
        "DEV_NAME_CHN": "慧苑",
        "FIRST_REFERENCE_LOT_PRN": "C4366481"
    },
    {
        "PRN": "A0857783",
        "SEQ_NUM": 1,
        "BLOCK": "B",
        "FLOOR": "10",
        "FLAT": "B2",
        "HOUSE_NUM_PREFIX": 5.0,
        "STREET_NAME_ENG": "HATTON ROAD",
        "STREET_NAME_CHN": "克頓道",
        "AREA_DESC_ENG": "HONG KONG",
        "AREA_DESC_CHN": "香港",
        "FREE_FORMAT_ADDR_ENG": "UNIT B2 ON 10/F & ITS MAIN ROOF OF BLOCK B WISDOM COURT 5 HATTON ROAD HONG KONG ",
        "FREE_FORMAT_ADDR_CHN": NaN,
        "DEV_NAME_ENG": "WISDOM COURT",
        "DEV_NAME_CHN": "慧苑",
        "FIRST_REFERENCE_LOT_PRN": "C4366481"
    },
    {
        "PRN": "A0857790",
        "SEQ_NUM": 1,
        "BLOCK": "B",
        "FLOOR": "2",
        "FLAT": "B2",
        "HOUSE_NUM_PREFIX": 5.0,
        "STREET_NAME_ENG": "HATTON ROAD",
        "STREET_NAME_CHN": "克頓道",
        "AREA_DESC_ENG": "HONG KONG",
        "AREA_DESC_CHN": "香港",
        "FREE_FORMAT_ADDR_ENG": "UNIT B2 ON 2ND FLOOR OF BLOCK B WISDOM COURT 5 HATTON ROAD HONG KONG ",
        "FREE_FORMAT_ADDR_CHN": NaN,
        "DEV_NAME_ENG": "WISDOM COURT",
        "DEV_NAME_CHN": "慧苑",
        "FIRST_REFERENCE_LOT_PRN": "C4366481"
    },
    {
        "PRN": "A0857804",
        "SEQ_NUM": 1,
        "BLOCK": "B",
        "FLOOR": "3",
        "FLAT": "B2",
        "HOUSE_NUM_PREFIX": 5.0,
        "STREET_NAME_ENG": "HATTON ROAD",
        "STREET_NAME_CHN": "克頓道",
        "AREA_DESC_ENG": "HONG KONG",
        "AREA_DESC_CHN": "香港",
        "FREE_FORMAT_ADDR_ENG": "UNIT B2 ON 3RD FLOOR OF BLOCK B WISDOM COURT 5 HATTON ROAD HONG KONG ",
        "FREE_FORMAT_ADDR_CHN": NaN,
        "DEV_NAME_ENG": "WISDOM COURT",
        "DEV_NAME_CHN": "慧苑",
        "FIRST_REFERENCE_LOT_PRN": "C4366481"
    },
    {
        "PRN": "A0857817",
        "SEQ_NUM": 1,
        "BLOCK": "B",
        "FLOOR": "4",
        "FLAT": "B2",
        "HOUSE_NUM_PREFIX": 5.0,
        "STREET_NAME_ENG": "HATTON ROAD",
        "STREET_NAME_CHN": "克頓道",
        "AREA_DESC_ENG": "HONG KONG",
        "AREA_DESC_CHN": "香港",
        "FREE_FORMAT_ADDR_ENG": "UNIT B2 ON 4TH FLOOR OF BLOCK B WISDOM COURT 5 HATTON ROAD HONG KONG ",
        "FREE_FORMAT_ADDR_CHN": NaN,
        "DEV_NAME_ENG": "WISDOM COURT",
        "DEV_NAME_CHN": "慧苑",
        "FIRST_REFERENCE_LOT_PRN": "C4366481"
    },
    {
        "PRN": "A0857820",
        "SEQ_NUM": 1,
        "BLOCK": "B",
        "FLOOR": "5",
        "FLAT": "B2",
        "HOUSE_NUM_PREFIX": 5.0,
        "STREET_NAME_ENG": "HATTON ROAD",
        "STREET_NAME_CHN": "克頓道",
        "AREA_DESC_ENG": "HONG KONG",
        "AREA_DESC_CHN": "香港",
        "FREE_FORMAT_ADDR_ENG": "UNIT B2 ON 5TH FLOOR OF BLOCK B WISDOM COURT 5 HATTON ROAD HONG KONG ",
        "FREE_FORMAT_ADDR_CHN": NaN,
        "DEV_NAME_ENG": "WISDOM COURT",
        "DEV_NAME_CHN": "慧苑",
        "FIRST_REFERENCE_LOT_PRN": "C4366481"
    },
    {
        "PRN": "A0857832",
        "SEQ_NUM": 1,
        "BLOCK": "B",
        "FLOOR": "6",
        "FLAT": "B2",
        "HOUSE_NUM_PREFIX": 5.0,
        "STREET_NAME_ENG": "HATTON ROAD",
        "STREET_NAME_CHN": "克頓道",
        "AREA_DESC_ENG": "HONG KONG",
        "AREA_DESC_CHN": "香港",
        "FREE_FORMAT_ADDR_ENG": "UNIT B2 ON 6/F OF BLOCK B WISDOM COURT NO.5 HATTON ROAD HONG KONG ",
        "FREE_FORMAT_ADDR_CHN": NaN,
        "DEV_NAME_ENG": "WISDOM COURT",
        "DEV_NAME_CHN": "慧苑",
        "FIRST_REFERENCE_LOT_PRN": "C4366481"
    },
    {
        "PRN": "A0857847",
        "SEQ_NUM": 1,
        "BLOCK": "B",
        "FLOOR": "7",
        "FLAT": "B2",
        "HOUSE_NUM_PREFIX": 5.0,
        "STREET_NAME_ENG": "HATTON ROAD",
        "STREET_NAME_CHN": "克頓道",
        "AREA_DESC_ENG": "HONG KONG",
        "AREA_DESC_CHN": "香港",
        "FREE_FORMAT_ADDR_ENG": "UNIT B2 ON 7/F OF BLOCK B WISDOM COURT 5 HATTON ROAD HONG KONG ",
        "FREE_FORMAT_ADDR_CHN": NaN,
        "DEV_NAME_ENG": "WISDOM COURT",
        "DEV_NAME_CHN": "慧苑",
        "FIRST_REFERENCE_LOT_PRN": "C4366481"
    },
    {
        "PRN": "A0857851",
        "SEQ_NUM": 1,
        "BLOCK": "B",
        "FLOOR": "9",
        "FLAT": "B2",
        "HOUSE_NUM_PREFIX": 5.0,
        "STREET_NAME_ENG": "HATTON ROAD",
        "STREET_NAME_CHN": "克頓道",
        "AREA_DESC_ENG": "HONG KONG",
        "AREA_DESC_CHN": "香港",
        "FREE_FORMAT_ADDR_ENG": "UNIT B2 ON 9/F OF BLOCK B WISDOM COURT 5 HATTON ROAD HONG KONG ",
        "FREE_FORMAT_ADDR_CHN": NaN,
        "DEV_NAME_ENG": "WISDOM COURT",
        "DEV_NAME_CHN": "慧苑",
        "FIRST_REFERENCE_LOT_PRN": "C4366481"
    },
    {
        "PRN": "A0857869",
        "SEQ_NUM": 1,
        "BLOCK": "B",
        "FLOOR": "1",
        "FLAT": "B3",
        "HOUSE_NUM_PREFIX": 5.0,
        "STREET_NAME_ENG": "HATTON ROAD",
        "STREET_NAME_CHN": "克頓道",
        "AREA_DESC_ENG": "HONG KONG",
        "AREA_DESC_CHN": "香港",
        "FREE_FORMAT_ADDR_ENG": "UNIT B3 ON 1ST FLOOR OF BLOCK B WISDOM COURT 5 HATTON ROAD HONG KONG ",
        "FREE_FORMAT_ADDR_CHN": NaN,
        "DEV_NAME_ENG": "WISDOM COURT",
        "DEV_NAME_CHN": "慧苑",
        "FIRST_REFERENCE_LOT_PRN": "C4366481"
    },
    {
        "PRN": "A0857874",
        "SEQ_NUM": 1,
        "BLOCK": "B",
        "FLOOR": "10",
        "FLAT": "B3",
        "HOUSE_NUM_PREFIX": 5.0,
        "STREET_NAME_ENG": "HATTON ROAD",
        "STREET_NAME_CHN": "克頓道",
        "AREA_DESC_ENG": "HONG KONG",
        "AREA_DESC_CHN": "香港",
        "FREE_FORMAT_ADDR_ENG": "UNIT B3 ON 10/F & ITS MAIN ROOF OF BLOCK B WISDOM COURT 5 HATTON ROAD HONG KONG ",
        "FREE_FORMAT_ADDR_CHN": NaN,
        "DEV_NAME_ENG": "WISDOM COURT",
        "DEV_NAME_CHN": "慧苑",
        "FIRST_REFERENCE_LOT_PRN": "C4366481"
    },
    {
        "PRN": "A0857883",
        "SEQ_NUM": 1,
        "BLOCK": "B",
        "FLOOR": "2",
        "FLAT": "B3",
        "HOUSE_NUM_PREFIX": 5.0,
        "STREET_NAME_ENG": "HATTON ROAD",
        "STREET_NAME_CHN": "克頓道",
        "AREA_DESC_ENG": "HONG KONG",
        "AREA_DESC_CHN": "香港",
        "FREE_FORMAT_ADDR_ENG": "UNIT B3 ON 2ND FLOOR OF BLOCK B WISDOM COURT 5 HATTON ROAD HONG KONG ",
        "FREE_FORMAT_ADDR_CHN": NaN,
        "DEV_NAME_ENG": "WISDOM COURT",
        "DEV_NAME_CHN": "慧苑",
        "FIRST_REFERENCE_LOT_PRN": "C4366481"
    },
    {
        "PRN": "A0857891",
        "SEQ_NUM": 1,
        "BLOCK": "B",
        "FLOOR": "5",
        "FLAT": "B3",
        "HOUSE_NUM_PREFIX": 5.0,
        "STREET_NAME_ENG": "HATTON ROAD",
        "STREET_NAME_CHN": "克頓道",
        "AREA_DESC_ENG": "HONG KONG",
        "AREA_DESC_CHN": "香港",
        "FREE_FORMAT_ADDR_ENG": "UNIT B3 ON 5TH FLOOR OF BLOCK B WISDOM COURT 5 HATTON ROAD HONG KONG ",
        "FREE_FORMAT_ADDR_CHN": NaN,
        "DEV_NAME_ENG": "WISDOM COURT",
        "DEV_NAME_CHN": "慧苑",
        "FIRST_REFERENCE_LOT_PRN": "C4366481"
    },
    {
        "PRN": "A0857903",
        "SEQ_NUM": 1,
        "BLOCK": "B",
        "FLOOR": "6",
        "FLAT": "B3",
        "HOUSE_NUM_PREFIX": 5.0,
        "STREET_NAME_ENG": "HATTON ROAD",
        "STREET_NAME_CHN": "克頓道",
        "AREA_DESC_ENG": "HONG KONG",
        "AREA_DESC_CHN": "香港",
        "FREE_FORMAT_ADDR_ENG": "UNIT B3 ON 6/F OF BLOCK B WISDOM COURT NO.5 HATTON ROAD HONG KONG ",
        "FREE_FORMAT_ADDR_CHN": NaN,
        "DEV_NAME_ENG": "WISDOM COURT",
        "DEV_NAME_CHN": "慧苑",
        "FIRST_REFERENCE_LOT_PRN": "C4366481"
    },
    {
        "PRN": "A0857915",
        "SEQ_NUM": 1,
        "BLOCK": "B",
        "FLOOR": "7",
        "FLAT": "B3",
        "HOUSE_NUM_PREFIX": 5.0,
        "STREET_NAME_ENG": "HATTON ROAD",
        "STREET_NAME_CHN": "克頓道",
        "AREA_DESC_ENG": "HONG KONG",
        "AREA_DESC_CHN": "香港",
        "FREE_FORMAT_ADDR_ENG": "UNIT B3 ON 7/F OF BLOCK B WISDOM COURT 5 HATTON ROAD HONG KONG ",
        "FREE_FORMAT_ADDR_CHN": NaN,
        "DEV_NAME_ENG": "WISDOM COURT",
        "DEV_NAME_CHN": "慧苑",
        "FIRST_REFERENCE_LOT_PRN": "C4366481"
    },
    {
        "PRN": "A0857920",
        "SEQ_NUM": 1,
        "BLOCK": "B",
        "FLOOR": "8",
        "FLAT": "B3",
        "HOUSE_NUM_PREFIX": 5.0,
        "STREET_NAME_ENG": "HATTON ROAD",
        "STREET_NAME_CHN": "克頓道",
        "AREA_DESC_ENG": "HONG KONG",
        "AREA_DESC_CHN": "香港",
        "FREE_FORMAT_ADDR_ENG": "UNIT B3 ON 8/F OF BLOCK B WISDOM COURT 5 HATTON ROAD HONG KONG ",
        "FREE_FORMAT_ADDR_CHN": NaN,
        "DEV_NAME_ENG": "WISDOM COURT",
        "DEV_NAME_CHN": "慧苑",
        "FIRST_REFERENCE_LOT_PRN": "C4366481"
    },
    {
        "PRN": "A0857936",
        "SEQ_NUM": 1,
        "BLOCK": "B",
        "FLOOR": "9",
        "FLAT": "B3",
        "HOUSE_NUM_PREFIX": 5.0,
        "STREET_NAME_ENG": "HATTON ROAD",
        "STREET_NAME_CHN": "克頓道",
        "AREA_DESC_ENG": "HONG KONG",
        "AREA_DESC_CHN": "香港",
        "FREE_FORMAT_ADDR_ENG": "UNIT B3 ON 9/F OF BLOCK B WISDOM COURT 5 HATTON ROAD HONG KONG ",
        "FREE_FORMAT_ADDR_CHN": NaN,
        "DEV_NAME_ENG": "WISDOM COURT",
        "DEV_NAME_CHN": "慧苑",
        "FIRST_REFERENCE_LOT_PRN": "C4366481"
    },
    {
        "PRN": "A0857948",
        "SEQ_NUM": 1,
        "BLOCK": "C",
        "FLOOR": "1",
        "FLAT": "C1",
        "HOUSE_NUM_PREFIX": 5.0,
        "STREET_NAME_ENG": "HATTON ROAD",
        "STREET_NAME_CHN": "克頓道",
        "AREA_DESC_ENG": "HONG KONG",
        "AREA_DESC_CHN": "香港",
        "FREE_FORMAT_ADDR_ENG": "UNIT C1 ON 1/F OF BLOCK C WISDOM COURT NO.5 HATTON ROAD HONG KONG ",
        "FREE_FORMAT_ADDR_CHN": NaN,
        "DEV_NAME_ENG": "WISDOM COURT",
        "DEV_NAME_CHN": "慧苑",
        "FIRST_REFERENCE_LOT_PRN": "C4366481"
    },
    {
        "PRN": "A0857954",
        "SEQ_NUM": 1,
        "BLOCK": "C",
        "FLOOR": "4",
        "FLAT": "C1",
        "HOUSE_NUM_PREFIX": 5.0,
        "STREET_NAME_ENG": "HATTON ROAD",
        "STREET_NAME_CHN": "克頓道",
        "AREA_DESC_ENG": "HONG KONG",
        "AREA_DESC_CHN": "香港",
        "FREE_FORMAT_ADDR_ENG": "UNIT C1 ON 4/F OF BLOCK C WISDOM COURT NO.5 HATTON ROAD HONG KONG ",
        "FREE_FORMAT_ADDR_CHN": NaN,
        "DEV_NAME_ENG": "WISDOM COURT",
        "DEV_NAME_CHN": "慧苑",
        "FIRST_REFERENCE_LOT_PRN": "C4366481"
    },
    {
        "PRN": "A0857962",
        "SEQ_NUM": 1,
        "BLOCK": "C",
        "FLOOR": "6",
        "FLAT": "C1",
        "HOUSE_NUM_PREFIX": 5.0,
        "STREET_NAME_ENG": "HATTON ROAD",
        "STREET_NAME_CHN": "克頓道",
        "AREA_DESC_ENG": "HONG KONG",
        "AREA_DESC_CHN": "香港",
        "FREE_FORMAT_ADDR_ENG": "UNIT C1 ON 6/F OF BLOCK C WISDOM COURT NO.5 HATTON ROAD HONG KONG ",
        "FREE_FORMAT_ADDR_CHN": NaN,
        "DEV_NAME_ENG": "WISDOM COURT",
        "DEV_NAME_CHN": "慧苑",
        "FIRST_REFERENCE_LOT_PRN": "C4366481"
    },
    {
        "PRN": "A0857973",
        "SEQ_NUM": 1,
        "BLOCK": "C",
        "FLOOR": "8",
        "FLAT": "C1",
        "HOUSE_NUM_PREFIX": 5.0,
        "STREET_NAME_ENG": "HATTON ROAD",
        "STREET_NAME_CHN": "克頓道",
        "AREA_DESC_ENG": "HONG KONG",
        "AREA_DESC_CHN": "香港",
        "FREE_FORMAT_ADDR_ENG": "UNIT C1 ON 8/F OF BLOCK C WISDOM COURT NO.5 HATTON ROAD HONG KONG ",
        "FREE_FORMAT_ADDR_CHN": NaN,
        "DEV_NAME_ENG": "WISDOM COURT",
        "DEV_NAME_CHN": "慧苑",
        "FIRST_REFERENCE_LOT_PRN": "C4366481"
    },
    {
        "PRN": "A0857985",
        "SEQ_NUM": 1,
        "BLOCK": "C",
        "FLOOR": "1",
        "FLAT": "C2",
        "HOUSE_NUM_PREFIX": 5.0,
        "STREET_NAME_ENG": "HATTON ROAD",
        "STREET_NAME_CHN": "克頓道",
        "AREA_DESC_ENG": "HONG KONG",
        "AREA_DESC_CHN": "香港",
        "FREE_FORMAT_ADDR_ENG": "UNIT C2 ON 1/F OF BLOCK C WISDOM COURT NO.5 HATTON ROAD HONG KONG ",
        "FREE_FORMAT_ADDR_CHN": NaN,
        "DEV_NAME_ENG": "WISDOM COURT",
        "DEV_NAME_CHN": "慧苑",
        "FIRST_REFERENCE_LOT_PRN": "C4366481"
    },
    {
        "PRN": "A0857999",
        "SEQ_NUM": 1,
        "BLOCK": "C",
        "FLOOR": "10",
        "FLAT": "C2",
        "HOUSE_NUM_PREFIX": 5.0,
        "STREET_NAME_ENG": "HATTON ROAD",
        "STREET_NAME_CHN": "克頓道",
        "AREA_DESC_ENG": "HONG KONG",
        "AREA_DESC_CHN": "香港",
        "FREE_FORMAT_ADDR_ENG": "UNIT C2 ON 10/F AND ITS MAIN ROOF OF BLOCK C WISDOM COURT 5 HATTON ROAD HONG KONG ",
        "FREE_FORMAT_ADDR_CHN": NaN,
        "DEV_NAME_ENG": "WISDOM COURT",
        "DEV_NAME_CHN": "慧苑",
        "FIRST_REFERENCE_LOT_PRN": "C4366481"
    },
    {
        "PRN": "A0858003",
        "SEQ_NUM": 1,
        "BLOCK": "C",
        "FLOOR": "2",
        "FLAT": "C2",
        "HOUSE_NUM_PREFIX": 5.0,
        "STREET_NAME_ENG": "HATTON ROAD",
        "STREET_NAME_CHN": "克頓道",
        "AREA_DESC_ENG": "HONG KONG",
        "AREA_DESC_CHN": "香港",
        "FREE_FORMAT_ADDR_ENG": "UNIT C2 ON 2/F OF BLOCK C WISDOM COURT NO.5 HATTON ROAD HONG KONG ",
        "FREE_FORMAT_ADDR_CHN": NaN,
        "DEV_NAME_ENG": "WISDOM COURT",
        "DEV_NAME_CHN": "慧苑",
        "FIRST_REFERENCE_LOT_PRN": "C4366481"
    },
    {
        "PRN": "A0858019",
        "SEQ_NUM": 1,
        "BLOCK": "C",
        "FLOOR": "3",
        "FLAT": "C2",
        "HOUSE_NUM_PREFIX": 5.0,
        "STREET_NAME_ENG": "HATTON ROAD",
        "STREET_NAME_CHN": "克頓道",
        "AREA_DESC_ENG": "HONG KONG",
        "AREA_DESC_CHN": "香港",
        "FREE_FORMAT_ADDR_ENG": "UNIT C2 ON 3/F OF BLOCK C WISDOM COURT NO.5 HATTON ROAD HONG KONG ",
        "FREE_FORMAT_ADDR_CHN": NaN,
        "DEV_NAME_ENG": "WISDOM COURT",
        "DEV_NAME_CHN": "慧苑",
        "FIRST_REFERENCE_LOT_PRN": "C4366481"
    },
    {
        "PRN": "A0858020",
        "SEQ_NUM": 1,
        "BLOCK": "C",
        "FLOOR": "6",
        "FLAT": "C2",
        "HOUSE_NUM_PREFIX": 5.0,
        "STREET_NAME_ENG": "HATTON ROAD",
        "STREET_NAME_CHN": "克頓道",
        "AREA_DESC_ENG": "HONG KONG",
        "AREA_DESC_CHN": "香港",
        "FREE_FORMAT_ADDR_ENG": "UNIT C2 ON 6/F OF BLOCK C WISDOM COURT NO.5 HATTON ROAD HONG KONG ",
        "FREE_FORMAT_ADDR_CHN": NaN,
        "DEV_NAME_ENG": "WISDOM COURT",
        "DEV_NAME_CHN": "慧苑",
        "FIRST_REFERENCE_LOT_PRN": "C4366481"
    },
    {
        "PRN": "A0858038",
        "SEQ_NUM": 1,
        "BLOCK": "C",
        "FLOOR": "7",
        "FLAT": "C2",
        "HOUSE_NUM_PREFIX": 5.0,
        "STREET_NAME_ENG": "HATTON ROAD",
        "STREET_NAME_CHN": "克頓道",
        "AREA_DESC_ENG": "HONG KONG",
        "AREA_DESC_CHN": "香港",
        "FREE_FORMAT_ADDR_ENG": "UNIT C2 ON 7/F OF BLOCK C WISDOM COURT NO.5 HATTON ROAD HONG KONG ",
        "FREE_FORMAT_ADDR_CHN": NaN,
        "DEV_NAME_ENG": "WISDOM COURT",
        "DEV_NAME_CHN": "慧苑",
        "FIRST_REFERENCE_LOT_PRN": "C4366481"
    },
    {
        "PRN": "A0858044",
        "SEQ_NUM": 1,
        "BLOCK": "D",
        "FLOOR": "1",
        "FLAT": "D1",
        "HOUSE_NUM_PREFIX": 5.0,
        "STREET_NAME_ENG": "HATTON ROAD",
        "STREET_NAME_CHN": "克頓道",
        "AREA_DESC_ENG": "HONG KONG",
        "AREA_DESC_CHN": "香港",
        "FREE_FORMAT_ADDR_ENG": "UNIT D1 ON 1/F OF BLOCK D WISDOM COURT NO.5 HATTON ROAD HONG KONG ",
        "FREE_FORMAT_ADDR_CHN": NaN,
        "DEV_NAME_ENG": "WISDOM COURT",
        "DEV_NAME_CHN": "慧苑",
        "FIRST_REFERENCE_LOT_PRN": "C4366481"
    },
    {
        "PRN": "A0858057",
        "SEQ_NUM": 1,
        "BLOCK": "D",
        "FLOOR": "10",
        "FLAT": "D1",
        "HOUSE_NUM_PREFIX": 5.0,
        "STREET_NAME_ENG": "HATTON ROAD",
        "STREET_NAME_CHN": "克頓道",
        "AREA_DESC_ENG": "HONG KONG",
        "AREA_DESC_CHN": "香港",
        "FREE_FORMAT_ADDR_ENG": "UNIT D1 ON 10/F WITH ITS MAIN ROOF OF BLOCK D WISDOM COURT 5 HATTON ROAD HONG KONG ",
        "FREE_FORMAT_ADDR_CHN": NaN,
        "DEV_NAME_ENG": "WISDOM COURT",
        "DEV_NAME_CHN": "慧苑",
        "FIRST_REFERENCE_LOT_PRN": "C4366481"
    },
    {
        "PRN": "A0858062",
        "SEQ_NUM": 1,
        "BLOCK": "D",
        "FLOOR": "2",
        "FLAT": "D1",
        "HOUSE_NUM_PREFIX": 5.0,
        "STREET_NAME_ENG": "HATTON ROAD",
        "STREET_NAME_CHN": "克頓道",
        "AREA_DESC_ENG": "HONG KONG",
        "AREA_DESC_CHN": "香港",
        "FREE_FORMAT_ADDR_ENG": "UNIT D1 ON 2ND FLOOR OF BLOCK D WISDOM COURT 5 HATTON ROAD HONG KONG",
        "FREE_FORMAT_ADDR_CHN": NaN,
        "DEV_NAME_ENG": "WISDOM COURT",
        "DEV_NAME_CHN": "慧苑",
        "FIRST_REFERENCE_LOT_PRN": "C4366481"
    },
    {
        "PRN": "A0858073",
        "SEQ_NUM": 1,
        "BLOCK": "D",
        "FLOOR": "3",
        "FLAT": "D1",
        "HOUSE_NUM_PREFIX": 5.0,
        "STREET_NAME_ENG": "HATTON ROAD",
        "STREET_NAME_CHN": "克頓道",
        "AREA_DESC_ENG": "HONG KONG",
        "AREA_DESC_CHN": "香港",
        "FREE_FORMAT_ADDR_ENG": "UNIT D1 ON 3RD FLOOR OF BLOCK D WISDOM COURT 5 HATTON ROAD HONG KONG ",
        "FREE_FORMAT_ADDR_CHN": NaN,
        "DEV_NAME_ENG": "WISDOM COURT",
        "DEV_NAME_CHN": "慧苑",
        "FIRST_REFERENCE_LOT_PRN": "C4366481"
    },
    {
        "PRN": "A0858085",
        "SEQ_NUM": 1,
        "BLOCK": "D",
        "FLOOR": "4",
        "FLAT": "D1",
        "HOUSE_NUM_PREFIX": 5.0,
        "STREET_NAME_ENG": "HATTON ROAD",
        "STREET_NAME_CHN": "克頓道",
        "AREA_DESC_ENG": "HONG KONG",
        "AREA_DESC_CHN": "香港",
        "FREE_FORMAT_ADDR_ENG": "UNIT D1 ON 4/F OF BLOCK D WISDOM COURT 5 HATTON ROAD HONG KONG ",
        "FREE_FORMAT_ADDR_CHN": NaN,
        "DEV_NAME_ENG": "WISDOM COURT",
        "DEV_NAME_CHN": "慧苑",
        "FIRST_REFERENCE_LOT_PRN": "C4366481"
    },
    {
        "PRN": "A0858092",
        "SEQ_NUM": 1,
        "BLOCK": "D",
        "FLOOR": "5",
        "FLAT": "D1",
        "HOUSE_NUM_PREFIX": 5.0,
        "STREET_NAME_ENG": "HATTON ROAD",
        "STREET_NAME_CHN": "克頓道",
        "AREA_DESC_ENG": "HONG KONG",
        "AREA_DESC_CHN": "香港",
        "FREE_FORMAT_ADDR_ENG": "UNIT D1 ON 5/F OF BLOCK D WISDOM COURT 5 HATTON ROAD HONG KONG ",
        "FREE_FORMAT_ADDR_CHN": NaN,
        "DEV_NAME_ENG": "WISDOM COURT",
        "DEV_NAME_CHN": "慧苑",
        "FIRST_REFERENCE_LOT_PRN": "C4366481"
    },
    {
        "PRN": "A0858104",
        "SEQ_NUM": 1,
        "BLOCK": "D",
        "FLOOR": "6",
        "FLAT": "D1",
        "HOUSE_NUM_PREFIX": 5.0,
        "STREET_NAME_ENG": "HATTON ROAD",
        "STREET_NAME_CHN": "克頓道",
        "AREA_DESC_ENG": "HONG KONG",
        "AREA_DESC_CHN": "香港",
        "FREE_FORMAT_ADDR_ENG": "UNIT D1 ON 6/F OF BLOCK D WISDOM COURT 5 HATTON ROAD HONG KONG ",
        "FREE_FORMAT_ADDR_CHN": NaN,
        "DEV_NAME_ENG": "WISDOM COURT",
        "DEV_NAME_CHN": "慧苑",
        "FIRST_REFERENCE_LOT_PRN": "C4366481"
    },
    {
        "PRN": "A0858117",
        "SEQ_NUM": 1,
        "BLOCK": "D",
        "FLOOR": "7",
        "FLAT": "D1",
        "HOUSE_NUM_PREFIX": 5.0,
        "STREET_NAME_ENG": "HATTON ROAD",
        "STREET_NAME_CHN": "克頓道",
        "AREA_DESC_ENG": "HONG KONG",
        "AREA_DESC_CHN": "香港",
        "FREE_FORMAT_ADDR_ENG": "UNIT D1 ON 7/F OF BLOCK D WISDOM COURT 5 HATTON ROAD HONG KONG ",
        "FREE_FORMAT_ADDR_CHN": NaN,
        "DEV_NAME_ENG": "WISDOM COURT",
        "DEV_NAME_CHN": "慧苑",
        "FIRST_REFERENCE_LOT_PRN": "C4366481"
    },
    {
        "PRN": "A0858122",
        "SEQ_NUM": 1,
        "BLOCK": "D",
        "FLOOR": "1",
        "FLAT": "D2",
        "HOUSE_NUM_PREFIX": 5.0,
        "STREET_NAME_ENG": "HATTON ROAD",
        "STREET_NAME_CHN": "克頓道",
        "AREA_DESC_ENG": "HONG KONG",
        "AREA_DESC_CHN": "香港",
        "FREE_FORMAT_ADDR_ENG": "UNIT D2 ON 1ST FLOOR OF BLOCK D WISDOM COURT 5 HATTON ROAD HONG KONG ",
        "FREE_FORMAT_ADDR_CHN": NaN,
        "DEV_NAME_ENG": "WISDOM COURT",
        "DEV_NAME_CHN": "慧苑",
        "FIRST_REFERENCE_LOT_PRN": "C4366481"
    },
    {
        "PRN": "A0858134",
        "SEQ_NUM": 1,
        "BLOCK": "D",
        "FLOOR": "10",
        "FLAT": "D2",
        "HOUSE_NUM_PREFIX": 5.0,
        "STREET_NAME_ENG": "HATTON ROAD",
        "STREET_NAME_CHN": "克頓道",
        "AREA_DESC_ENG": "HONG KONG",
        "AREA_DESC_CHN": "香港",
        "FREE_FORMAT_ADDR_ENG": "UNIT D2 ON 10/F & ITS MAIN ROOF OF BLOCK D WISDOM COURT 5 HATTON ROAD HONG KONG ",
        "FREE_FORMAT_ADDR_CHN": NaN,
        "DEV_NAME_ENG": "WISDOM COURT",
        "DEV_NAME_CHN": "慧苑",
        "FIRST_REFERENCE_LOT_PRN": "C4366481"
    },
    {
        "PRN": "A0858141",
        "SEQ_NUM": 1,
        "BLOCK": "D",
        "FLOOR": "5",
        "FLAT": "D2",
        "HOUSE_NUM_PREFIX": 5.0,
        "STREET_NAME_ENG": "HATTON ROAD",
        "STREET_NAME_CHN": "克頓道",
        "AREA_DESC_ENG": "HONG KONG",
        "AREA_DESC_CHN": "香港",
        "FREE_FORMAT_ADDR_ENG": "UNIT D2 ON 5/F OF BLOCK D WISDOM COURT 5 HATTON ROAD HONG KONG ",
        "FREE_FORMAT_ADDR_CHN": NaN,
        "DEV_NAME_ENG": "WISDOM COURT",
        "DEV_NAME_CHN": "慧苑",
        "FIRST_REFERENCE_LOT_PRN": "C4366481"
    },
    {
        "PRN": "A0858157",
        "SEQ_NUM": 1,
        "BLOCK": "D",
        "FLOOR": "6",
        "FLAT": "D2",
        "HOUSE_NUM_PREFIX": 5.0,
        "STREET_NAME_ENG": "HATTON ROAD",
        "STREET_NAME_CHN": "克頓道",
        "AREA_DESC_ENG": "HONG KONG",
        "AREA_DESC_CHN": "香港",
        "FREE_FORMAT_ADDR_ENG": "UNIT D2 ON 6/F OF BLOCK D WISDOM COURT 5 HATTON ROAD HONG KONG ",
        "FREE_FORMAT_ADDR_CHN": NaN,
        "DEV_NAME_ENG": "WISDOM COURT",
        "DEV_NAME_CHN": "慧苑",
        "FIRST_REFERENCE_LOT_PRN": "C4366481"
    },
    {
        "PRN": "A0858161",
        "SEQ_NUM": 1,
        "BLOCK": "D",
        "FLOOR": "7",
        "FLAT": "D2",
        "HOUSE_NUM_PREFIX": 5.0,
        "STREET_NAME_ENG": "HATTON ROAD",
        "STREET_NAME_CHN": "克頓道",
        "AREA_DESC_ENG": "HONG KONG",
        "AREA_DESC_CHN": "香港",
        "FREE_FORMAT_ADDR_ENG": "UNIT D2 ON 7/F OF BLOCK D WISDOM COURT 5 HATTON ROAD HONG KONG ",
        "FREE_FORMAT_ADDR_CHN": NaN,
        "DEV_NAME_ENG": "WISDOM COURT",
        "DEV_NAME_CHN": "慧苑",
        "FIRST_REFERENCE_LOT_PRN": "C4366481"
    },
    {
        "PRN": "A0858176",
        "SEQ_NUM": 1,
        "BLOCK": "D",
        "FLOOR": "9",
        "FLAT": "D2",
        "HOUSE_NUM_PREFIX": 5.0,
        "STREET_NAME_ENG": "HATTON ROAD",
        "STREET_NAME_CHN": "克頓道",
        "AREA_DESC_ENG": "HONG KONG",
        "AREA_DESC_CHN": "香港",
        "FREE_FORMAT_ADDR_ENG": "UNIT D2 ON 9/F OF BLOCK D WISDOM COURT 5 HATTON ROAD HONG KONG ",
        "FREE_FORMAT_ADDR_CHN": NaN,
        "DEV_NAME_ENG": "WISDOM COURT",
        "DEV_NAME_CHN": "慧苑",
        "FIRST_REFERENCE_LOT_PRN": "C4366481"
    },
    {
        "PRN": "B3487632",
        "SEQ_NUM": 1,
        "BLOCK": "B",
        "FLOOR": "3",
        "FLAT": "B1",
        "HOUSE_NUM_PREFIX": 5.0,
        "STREET_NAME_ENG": "HATTON ROAD",
        "STREET_NAME_CHN": "克頓道",
        "AREA_DESC_ENG": "HONG KONG",
        "AREA_DESC_CHN": "香港",
        "FREE_FORMAT_ADDR_ENG": "UNIT B1 ON 3RD FLOOR OF BLOCK B WISDOM COURT 5 HATTON ROAD HONG KONG ",
        "FREE_FORMAT_ADDR_CHN": NaN,
        "DEV_NAME_ENG": "WISDOM COURT",
        "DEV_NAME_CHN": "慧苑",
        "FIRST_REFERENCE_LOT_PRN": "C4366481"
    },
    {
        "PRN": "B3487646",
        "SEQ_NUM": 1,
        "BLOCK": "B",
        "FLOOR": "5",
        "FLAT": "B1",
        "HOUSE_NUM_PREFIX": 5.0,
        "STREET_NAME_ENG": "HATTON ROAD",
        "STREET_NAME_CHN": "克頓道",
        "AREA_DESC_ENG": "HONG KONG",
        "AREA_DESC_CHN": "香港",
        "FREE_FORMAT_ADDR_ENG": "UNIT B1 ON 5TH FLOOR OF BLOCK B WISDOM COURT 5 HATTON ROAD HONG KONG ",
        "FREE_FORMAT_ADDR_CHN": NaN,
        "DEV_NAME_ENG": "WISDOM COURT",
        "DEV_NAME_CHN": "慧苑",
        "FIRST_REFERENCE_LOT_PRN": "C4366481"
    },
    {
        "PRN": "B3487658",
        "SEQ_NUM": 1,
        "BLOCK": "B",
        "FLOOR": "1",
        "FLAT": "B2",
        "HOUSE_NUM_PREFIX": 5.0,
        "STREET_NAME_ENG": "HATTON ROAD",
        "STREET_NAME_CHN": "克頓道",
        "AREA_DESC_ENG": "HONG KONG",
        "AREA_DESC_CHN": "香港",
        "FREE_FORMAT_ADDR_ENG": "UNIT B2 ON 1ST FLOOR OF BLOCK B WISDOM COURT 5 HATTON ROAD HONG KONG ",
        "FREE_FORMAT_ADDR_CHN": NaN,
        "DEV_NAME_ENG": "WISDOM COURT",
        "DEV_NAME_CHN": "慧苑",
        "FIRST_REFERENCE_LOT_PRN": "C4366481"
    },
    {
        "PRN": "B3487666",
        "SEQ_NUM": 1,
        "BLOCK": "B",
        "FLOOR": "8",
        "FLAT": "B2",
        "HOUSE_NUM_PREFIX": 5.0,
        "STREET_NAME_ENG": "HATTON ROAD",
        "STREET_NAME_CHN": "克頓道",
        "AREA_DESC_ENG": "HONG KONG",
        "AREA_DESC_CHN": "香港",
        "FREE_FORMAT_ADDR_ENG": "UNIT B2 ON 8/F OF BLOCK B WISDOM COURT 5 HATTON ROAD HONG KONG ",
        "FREE_FORMAT_ADDR_CHN": NaN,
        "DEV_NAME_ENG": "WISDOM COURT",
        "DEV_NAME_CHN": "慧苑",
        "FIRST_REFERENCE_LOT_PRN": "C4366481"
    },
    {
        "PRN": "B3487677",
        "SEQ_NUM": 1,
        "BLOCK": "C",
        "FLOOR": "2",
        "FLAT": "C1",
        "HOUSE_NUM_PREFIX": 5.0,
        "STREET_NAME_ENG": "HATTON ROAD",
        "STREET_NAME_CHN": "克頓道",
        "AREA_DESC_ENG": "HONG KONG",
        "AREA_DESC_CHN": "香港",
        "FREE_FORMAT_ADDR_ENG": "UNIT C1 ON 2/F OF BLOCK C WISDOM COURT NO.5 HATTON ROAD HONG KONG ",
        "FREE_FORMAT_ADDR_CHN": NaN,
        "DEV_NAME_ENG": "WISDOM COURT",
        "DEV_NAME_CHN": "慧苑",
        "FIRST_REFERENCE_LOT_PRN": "C4366481"
    },
    {
        "PRN": "B3487688",
        "SEQ_NUM": 1,
        "BLOCK": "C",
        "FLOOR": "3",
        "FLAT": "C1",
        "HOUSE_NUM_PREFIX": 5.0,
        "STREET_NAME_ENG": "HATTON ROAD",
        "STREET_NAME_CHN": "克頓道",
        "AREA_DESC_ENG": "HONG KONG",
        "AREA_DESC_CHN": "香港",
        "FREE_FORMAT_ADDR_ENG": "UNIT C1 ON 3/F OF BLOCK C WISDOM COURT NO.5 HATTON ROAD HONG KONG ",
        "FREE_FORMAT_ADDR_CHN": NaN,
        "DEV_NAME_ENG": "WISDOM COURT",
        "DEV_NAME_CHN": "慧苑",
        "FIRST_REFERENCE_LOT_PRN": "C4366481"
    },
    {
        "PRN": "B3487694",
        "SEQ_NUM": 1,
        "BLOCK": "C",
        "FLOOR": "5",
        "FLAT": "C1",
        "HOUSE_NUM_PREFIX": 5.0,
        "STREET_NAME_ENG": "HATTON ROAD",
        "STREET_NAME_CHN": "克頓道",
        "AREA_DESC_ENG": "HONG KONG",
        "AREA_DESC_CHN": "香港",
        "FREE_FORMAT_ADDR_ENG": "UNIT C1 ON 5/F OF BLOCK C WISDOM COURT NO.5 HATTON ROAD HONG KONG ",
        "FREE_FORMAT_ADDR_CHN": NaN,
        "DEV_NAME_ENG": "WISDOM COURT",
        "DEV_NAME_CHN": "慧苑",
        "FIRST_REFERENCE_LOT_PRN": "C4366481"
    },
    {
        "PRN": "B3487701",
        "SEQ_NUM": 1,
        "BLOCK": "C",
        "FLOOR": "7",
        "FLAT": "C1",
        "HOUSE_NUM_PREFIX": 5.0,
        "STREET_NAME_ENG": "HATTON ROAD",
        "STREET_NAME_CHN": "克頓道",
        "AREA_DESC_ENG": "HONG KONG",
        "AREA_DESC_CHN": "香港",
        "FREE_FORMAT_ADDR_ENG": "UNIT C1 ON 7/F OF BLOCK C WISDOM COURT NO.5 HATTON ROAD HONG KONG ",
        "FREE_FORMAT_ADDR_CHN": NaN,
        "DEV_NAME_ENG": "WISDOM COURT",
        "DEV_NAME_CHN": "慧苑",
        "FIRST_REFERENCE_LOT_PRN": "C4366481"
    },
    {
        "PRN": "B5071491",
        "SEQ_NUM": 1,
        "BLOCK": "A",
        "FLOOR": "6",
        "FLAT": "A2",
        "HOUSE_NUM_PREFIX": 5.0,
        "STREET_NAME_ENG": "HATTON ROAD",
        "STREET_NAME_CHN": "克頓道",
        "AREA_DESC_ENG": "HONG KONG",
        "AREA_DESC_CHN": "香港",
        "FREE_FORMAT_ADDR_ENG": "UNIT A2 ON 6TH FLOOR OF BLOCK A WISDOM COURT 5 HATTON ROAD HONG KONG",
        "FREE_FORMAT_ADDR_CHN": NaN,
        "DEV_NAME_ENG": "WISDOM COURT",
        "DEV_NAME_CHN": "慧苑",
        "FIRST_REFERENCE_LOT_PRN": "C4366481"
    },
    {
        "PRN": "B5405054",
        "SEQ_NUM": 1,
        "BLOCK": "C",
        "FLOOR": "4",
        "FLAT": "C2",
        "HOUSE_NUM_PREFIX": 5.0,
        "STREET_NAME_ENG": "HATTON ROAD",
        "STREET_NAME_CHN": "克頓道",
        "AREA_DESC_ENG": "HONG KONG",
        "AREA_DESC_CHN": "香港",
        "FREE_FORMAT_ADDR_ENG": "UNIT C2 ON 4/F OF BLOCK C WISDOM COURT NO.5 HATTON ROAD HONG KONG ",
        "FREE_FORMAT_ADDR_CHN": NaN,
        "DEV_NAME_ENG": "WISDOM COURT",
        "DEV_NAME_CHN": "慧苑",
        "FIRST_REFERENCE_LOT_PRN": "C4366481"
    },
    {
        "PRN": "B6163879",
        "SEQ_NUM": 1,
        "BLOCK": "A",
        "FLOOR": "10",
        "FLAT": "A1",
        "HOUSE_NUM_PREFIX": 5.0,
        "STREET_NAME_ENG": "HATTON ROAD",
        "STREET_NAME_CHN": "克頓道",
        "AREA_DESC_ENG": "HONG KONG",
        "AREA_DESC_CHN": "香港",
        "FREE_FORMAT_ADDR_ENG": "UNIT A1 ON 10TH FLOOR WITH ITS MAIN ROOF OF BLOCK A WISDOM COURT 5 HATTON ROAD HONG KONG ",
        "FREE_FORMAT_ADDR_CHN": NaN,
        "DEV_NAME_ENG": "WISDOM COURT",
        "DEV_NAME_CHN": "慧苑",
        "FIRST_REFERENCE_LOT_PRN": "C4366481"
    },
    {
        "PRN": "B6163883",
        "SEQ_NUM": 1,
        "BLOCK": "A",
        "FLOOR": "7",
        "FLAT": "A2",
        "HOUSE_NUM_PREFIX": 5.0,
        "STREET_NAME_ENG": "HATTON ROAD",
        "STREET_NAME_CHN": "克頓道",
        "AREA_DESC_ENG": "HONG KONG",
        "AREA_DESC_CHN": "香港",
        "FREE_FORMAT_ADDR_ENG": "UNIT A2 ON 7TH FLOOR OF BLOCK A WISDOM COURT 5 HATTON ROAD HONG KONG ",
        "FREE_FORMAT_ADDR_CHN": NaN,
        "DEV_NAME_ENG": "WISDOM COURT",
        "DEV_NAME_CHN": "慧苑",
        "FIRST_REFERENCE_LOT_PRN": "C4366481"
    },
    {
        "PRN": "B6163897",
        "SEQ_NUM": 1,
        "BLOCK": "A",
        "FLOOR": "10",
        "FLAT": "A3",
        "HOUSE_NUM_PREFIX": 5.0,
        "STREET_NAME_ENG": "HATTON ROAD",
        "STREET_NAME_CHN": "克頓道",
        "AREA_DESC_ENG": "HONG KONG",
        "AREA_DESC_CHN": "香港",
        "FREE_FORMAT_ADDR_ENG": "UNIT A3 ON 10TH FLOOR WITH ITS MAIN ROOF OF BLOCK A WISDOM COURT 5 HATTON ROAD HONG KONG ",
        "FREE_FORMAT_ADDR_CHN": NaN,
        "DEV_NAME_ENG": "WISDOM COURT",
        "DEV_NAME_CHN": "慧苑",
        "FIRST_REFERENCE_LOT_PRN": "C4366481"
    },
    {
        "PRN": "B6163901",
        "SEQ_NUM": 1,
        "BLOCK": "A",
        "FLOOR": "2",
        "FLAT": "A3",
        "HOUSE_NUM_PREFIX": 5.0,
        "STREET_NAME_ENG": "HATTON ROAD",
        "STREET_NAME_CHN": "克頓道",
        "AREA_DESC_ENG": "HONG KONG",
        "AREA_DESC_CHN": "香港",
        "FREE_FORMAT_ADDR_ENG": "UNIT A3 ON 2/F OF BLOCK A WISDOM COURT NO.5 HATTON ROAD HONG KONG ",
        "FREE_FORMAT_ADDR_CHN": NaN,
        "DEV_NAME_ENG": "WISDOM COURT",
        "DEV_NAME_CHN": "慧苑",
        "FIRST_REFERENCE_LOT_PRN": "C4366481"
    },
    {
        "PRN": "B6163917",
        "SEQ_NUM": 1,
        "BLOCK": "D",
        "FLOOR": "9",
        "FLAT": "D1",
        "HOUSE_NUM_PREFIX": 5.0,
        "STREET_NAME_ENG": "HATTON ROAD",
        "STREET_NAME_CHN": "克頓道",
        "AREA_DESC_ENG": "HONG KONG",
        "AREA_DESC_CHN": "香港",
        "FREE_FORMAT_ADDR_ENG": "UNIT D1 ON 9/F OF BLOCK D WISDOM COURT 5 HATTON ROAD HONG KONG ",
        "FREE_FORMAT_ADDR_CHN": NaN,
        "DEV_NAME_ENG": "WISDOM COURT",
        "DEV_NAME_CHN": "慧苑",
        "FIRST_REFERENCE_LOT_PRN": "C4366481"
    },
    {
        "PRN": "B6163920",
        "SEQ_NUM": 1,
        "BLOCK": "D",
        "FLOOR": "2",
        "FLAT": "D2",
        "HOUSE_NUM_PREFIX": 5.0,
        "STREET_NAME_ENG": "HATTON ROAD",
        "STREET_NAME_CHN": "克頓道",
        "AREA_DESC_ENG": "HONG KONG",
        "AREA_DESC_CHN": "香港",
        "FREE_FORMAT_ADDR_ENG": "UNIT D2 ON 2ND FLOOR OF BLOCK D WISDOM COURT 5 HATTON ROAD HONG KONG ",
        "FREE_FORMAT_ADDR_CHN": NaN,
        "DEV_NAME_ENG": "WISDOM COURT",
        "DEV_NAME_CHN": "慧苑",
        "FIRST_REFERENCE_LOT_PRN": "C4366481"
    },
    {
        "PRN": "B7756635",
        "SEQ_NUM": 1,
        "BLOCK": "D",
        "FLOOR": "8",
        "FLAT": "D2",
        "HOUSE_NUM_PREFIX": 5.0,
        "STREET_NAME_ENG": "HATTON ROAD",
        "STREET_NAME_CHN": "克頓道",
        "AREA_DESC_ENG": "HONG KONG",
        "AREA_DESC_CHN": "香港",
        "FREE_FORMAT_ADDR_ENG": "UNIT D2 ON 8/F OF BLOCK D WISDOM COURT 5 HATTON ROAD HONG KONG ",
        "FREE_FORMAT_ADDR_CHN": NaN,
        "DEV_NAME_ENG": "WISDOM COURT",
        "DEV_NAME_CHN": "慧苑",
        "FIRST_REFERENCE_LOT_PRN": "C4366481"
    },
    {
        "PRN": "B8092371",
        "SEQ_NUM": 1,
        "BLOCK": "B",
        "FLOOR": "1",
        "FLAT": "B1",
        "HOUSE_NUM_PREFIX": 5.0,
        "STREET_NAME_ENG": "HATTON ROAD",
        "STREET_NAME_CHN": "克頓道",
        "AREA_DESC_ENG": "HONG KONG",
        "AREA_DESC_CHN": "香港",
        "FREE_FORMAT_ADDR_ENG": "UNIT B1 ON 1ST FLOOR OF BLOCK B WISDOM COURT 5 HATTON ROAD HONG KONG ",
        "FREE_FORMAT_ADDR_CHN": NaN,
        "DEV_NAME_ENG": "WISDOM COURT",
        "DEV_NAME_CHN": "慧苑",
        "FIRST_REFERENCE_LOT_PRN": "C4366481"
    },
    {
        "PRN": "B8092385",
        "SEQ_NUM": 1,
        "BLOCK": "B",
        "FLOOR": "6",
        "FLAT": "B1",
        "HOUSE_NUM_PREFIX": 5.0,
        "STREET_NAME_ENG": "HATTON ROAD",
        "STREET_NAME_CHN": "克頓道",
        "AREA_DESC_ENG": "HONG KONG",
        "AREA_DESC_CHN": "香港",
        "FREE_FORMAT_ADDR_ENG": "UNIT B1 ON 6TH FLOOR OF BLOCK B WISDOM COURT 5 HATTON ROAD HONG KONG ",
        "FREE_FORMAT_ADDR_CHN": NaN,
        "DEV_NAME_ENG": "WISDOM COURT",
        "DEV_NAME_CHN": "慧苑",
        "FIRST_REFERENCE_LOT_PRN": "C4366481"
    },
    {
        "PRN": "B8424305",
        "SEQ_NUM": 1,
        "BLOCK": "A",
        "FLOOR": "4",
        "FLAT": "A2",
        "HOUSE_NUM_PREFIX": 5.0,
        "STREET_NAME_ENG": "HATTON ROAD",
        "STREET_NAME_CHN": "克頓道",
        "AREA_DESC_ENG": "HONG KONG",
        "AREA_DESC_CHN": "香港",
        "FREE_FORMAT_ADDR_ENG": "UNIT A2 ON 4/F OF BLOCK A WISDOM COURT NO.5 HATTON ROAD HONG KONG ",
        "FREE_FORMAT_ADDR_CHN": NaN,
        "DEV_NAME_ENG": "WISDOM COURT",
        "DEV_NAME_CHN": "慧苑",
        "FIRST_REFERENCE_LOT_PRN": "C4366481"
    },
    {
        "PRN": "B8424317",
        "SEQ_NUM": 1,
        "BLOCK": "B",
        "FLOOR": "4",
        "FLAT": "B3",
        "HOUSE_NUM_PREFIX": 5.0,
        "STREET_NAME_ENG": "HATTON ROAD",
        "STREET_NAME_CHN": "克頓道",
        "AREA_DESC_ENG": "HONG KONG",
        "AREA_DESC_CHN": "香港",
        "FREE_FORMAT_ADDR_ENG": "UNIT B3 ON 4TH FLOOR OF BLOCK B WISDOM COURT 5 HATTON ROAD HONG KONG ",
        "FREE_FORMAT_ADDR_CHN": NaN,
        "DEV_NAME_ENG": "WISDOM COURT",
        "DEV_NAME_CHN": "慧苑",
        "FIRST_REFERENCE_LOT_PRN": "C4366481"
    },
    {
        "PRN": "B8849810",
        "SEQ_NUM": 1,
        "BLOCK": "A",
        "FLOOR": "7",
        "FLAT": "A1",
        "HOUSE_NUM_PREFIX": 5.0,
        "STREET_NAME_ENG": "HATTON ROAD",
        "STREET_NAME_CHN": "克頓道",
        "AREA_DESC_ENG": "HONG KONG",
        "AREA_DESC_CHN": "香港",
        "FREE_FORMAT_ADDR_ENG": "UNIT A1 ON 7TH FLOOR OF BLOCK A WISDOM COURT 5 HATTON ROAD HONG KONG ",
        "FREE_FORMAT_ADDR_CHN": NaN,
        "DEV_NAME_ENG": "WISDOM COURT",
        "DEV_NAME_CHN": "慧苑",
        "FIRST_REFERENCE_LOT_PRN": "C4366481"
    },
    {
        "PRN": "B8849825",
        "SEQ_NUM": 1,
        "BLOCK": "A",
        "FLOOR": "8",
        "FLAT": "A1",
        "HOUSE_NUM_PREFIX": 5.0,
        "STREET_NAME_ENG": "HATTON ROAD",
        "STREET_NAME_CHN": "克頓道",
        "AREA_DESC_ENG": "HONG KONG",
        "AREA_DESC_CHN": "香港",
        "FREE_FORMAT_ADDR_ENG": "UNIT A1 ON 8TH FLOOR OF BLOCK A WISDOM COURT 5 HATTON ROAD HONG KONG ",
        "FREE_FORMAT_ADDR_CHN": NaN,
        "DEV_NAME_ENG": "WISDOM COURT",
        "DEV_NAME_CHN": "慧苑",
        "FIRST_REFERENCE_LOT_PRN": "C4366481"
    },
    {
        "PRN": "B8849839",
        "SEQ_NUM": 1,
        "BLOCK": "B",
        "FLOOR": "7",
        "FLAT": "B1",
        "HOUSE_NUM_PREFIX": 5.0,
        "STREET_NAME_ENG": "HATTON ROAD",
        "STREET_NAME_CHN": "克頓道",
        "AREA_DESC_ENG": "HONG KONG",
        "AREA_DESC_CHN": "香港",
        "FREE_FORMAT_ADDR_ENG": "UNIT B1 ON 7/F OF BLOCK B WISDOM COURT 5 HATTON ROAD HONG KONG ",
        "FREE_FORMAT_ADDR_CHN": NaN,
        "DEV_NAME_ENG": "WISDOM COURT",
        "DEV_NAME_CHN": "慧苑",
        "FIRST_REFERENCE_LOT_PRN": "C4366481"
    },
    {
        "PRN": "B8849843",
        "SEQ_NUM": 1,
        "BLOCK": "B",
        "FLOOR": "8",
        "FLAT": "B1",
        "HOUSE_NUM_PREFIX": 5.0,
        "STREET_NAME_ENG": "HATTON ROAD",
        "STREET_NAME_CHN": "克頓道",
        "AREA_DESC_ENG": "HONG KONG",
        "AREA_DESC_CHN": "香港",
        "FREE_FORMAT_ADDR_ENG": "UNIT B1 ON 8/F OF BLOCK B WISDOM COURT 5 HATTON ROAD HONG KONG ",
        "FREE_FORMAT_ADDR_CHN": NaN,
        "DEV_NAME_ENG": "WISDOM COURT",
        "DEV_NAME_CHN": "慧苑",
        "FIRST_REFERENCE_LOT_PRN": "C4366481"
    },
    {
        "PRN": "B8849850",
        "SEQ_NUM": 1,
        "BLOCK": "C",
        "FLOOR": "5",
        "FLAT": "C2",
        "HOUSE_NUM_PREFIX": 5.0,
        "STREET_NAME_ENG": "HATTON ROAD",
        "STREET_NAME_CHN": "克頓道",
        "AREA_DESC_ENG": "HONG KONG",
        "AREA_DESC_CHN": "香港",
        "FREE_FORMAT_ADDR_ENG": "UNIT C2 ON 5TH FLOOR OF BLOCK C WISDOM COURT NO.5 HATTON ROAD HONG KONG ",
        "FREE_FORMAT_ADDR_CHN": NaN,
        "DEV_NAME_ENG": "WISDOM COURT",
        "DEV_NAME_CHN": "慧苑",
        "FIRST_REFERENCE_LOT_PRN": "C4366481"
    },
    {
        "PRN": "B8849860",
        "SEQ_NUM": 1,
        "BLOCK": "C",
        "FLOOR": "8",
        "FLAT": "C2",
        "HOUSE_NUM_PREFIX": 5.0,
        "STREET_NAME_ENG": "HATTON ROAD",
        "STREET_NAME_CHN": "克頓道",
        "AREA_DESC_ENG": "HONG KONG",
        "AREA_DESC_CHN": "香港",
        "FREE_FORMAT_ADDR_ENG": "UNIT C2 ON 8/F OF BLOCK C WISDOM COURT NO.5 HATTON ROAD HONG KONG ",
        "FREE_FORMAT_ADDR_CHN": NaN,
        "DEV_NAME_ENG": "WISDOM COURT",
        "DEV_NAME_CHN": "慧苑",
        "FIRST_REFERENCE_LOT_PRN": "C4366481"
    },
    {
        "PRN": "B8849878",
        "SEQ_NUM": 1,
        "BLOCK": "D",
        "FLOOR": "8",
        "FLAT": "D1",
        "HOUSE_NUM_PREFIX": 5.0,
        "STREET_NAME_ENG": "HATTON ROAD",
        "STREET_NAME_CHN": "克頓道",
        "AREA_DESC_ENG": "HONG KONG",
        "AREA_DESC_CHN": "香港",
        "FREE_FORMAT_ADDR_ENG": "UNIT D1 ON 8/F OF BLOCK D WISDOM COURT 5 HATTON ROAD HONG KONG ",
        "FREE_FORMAT_ADDR_CHN": NaN,
        "DEV_NAME_ENG": "WISDOM COURT",
        "DEV_NAME_CHN": "慧苑",
        "FIRST_REFERENCE_LOT_PRN": "C4366481"
    },
    {
        "PRN": "B8849884",
        "SEQ_NUM": 1,
        "BLOCK": "D",
        "FLOOR": "4",
        "FLAT": "D2",
        "HOUSE_NUM_PREFIX": 5.0,
        "STREET_NAME_ENG": "HATTON ROAD",
        "STREET_NAME_CHN": "克頓道",
        "AREA_DESC_ENG": "HONG KONG",
        "AREA_DESC_CHN": "香港",
        "FREE_FORMAT_ADDR_ENG": "UNIT D2 ON 4/F OF BLOCK D WISDOM COURT 5 HATTON ROAD HONG KONG ",
        "FREE_FORMAT_ADDR_CHN": NaN,
        "DEV_NAME_ENG": "WISDOM COURT",
        "DEV_NAME_CHN": "慧苑",
        "FIRST_REFERENCE_LOT_PRN": "C4366481"
    },
    {
        "PRN": "C0437126",
        "SEQ_NUM": 1,
        "BLOCK": "C",
        "FLOOR": "9",
        "FLAT": "C1",
        "HOUSE_NUM_PREFIX": 5.0,
        "STREET_NAME_ENG": "HATTON ROAD",
        "STREET_NAME_CHN": "克頓道",
        "AREA_DESC_ENG": "HONG KONG",
        "AREA_DESC_CHN": "香港",
        "FREE_FORMAT_ADDR_ENG": "UNIT C1 ON 9/F OF BLOCK C WISDOM COURT NO.5 HATTON ROAD HONG KONG ",
        "FREE_FORMAT_ADDR_CHN": NaN,
        "DEV_NAME_ENG": "WISDOM COURT",
        "DEV_NAME_CHN": "慧苑",
        "FIRST_REFERENCE_LOT_PRN": "C4366481"
    },
    {
        "PRN": "C0437136",
        "SEQ_NUM": 1,
        "BLOCK": "D",
        "FLOOR": "3",
        "FLAT": "D2",
        "HOUSE_NUM_PREFIX": 5.0,
        "STREET_NAME_ENG": "HATTON ROAD",
        "STREET_NAME_CHN": "克頓道",
        "AREA_DESC_ENG": "HONG KONG",
        "AREA_DESC_CHN": "香港",
        "FREE_FORMAT_ADDR_ENG": "UNIT D2 ON 3RD FLOOR OF BLOCK D WISDOM COURT 5 HATTON ROAD HONG KONG ",
        "FREE_FORMAT_ADDR_CHN": NaN,
        "DEV_NAME_ENG": "WISDOM COURT",
        "DEV_NAME_CHN": "慧苑",
        "FIRST_REFERENCE_LOT_PRN": "C4366481"
    },
    {
        "PRN": "C0772987",
        "SEQ_NUM": 1,
        "BLOCK": "A",
        "FLOOR": "4",
        "FLAT": "A3",
        "HOUSE_NUM_PREFIX": 5.0,
        "STREET_NAME_ENG": "HATTON ROAD",
        "STREET_NAME_CHN": "克頓道",
        "AREA_DESC_ENG": "HONG KONG",
        "AREA_DESC_CHN": "香港",
        "FREE_FORMAT_ADDR_ENG": "UNIT A3 ON 4/F OF BLOCK A WISDOM COURT NO.5 HATTON ROAD HONG KONG ",
        "FREE_FORMAT_ADDR_CHN": NaN,
        "DEV_NAME_ENG": "WISDOM COURT",
        "DEV_NAME_CHN": "慧苑",
        "FIRST_REFERENCE_LOT_PRN": "C4366481"
    },
    {
        "PRN": "C0772996",
        "SEQ_NUM": 1,
        "BLOCK": "B",
        "FLOOR": "10",
        "FLAT": "B1",
        "HOUSE_NUM_PREFIX": 5.0,
        "STREET_NAME_ENG": "HATTON ROAD",
        "STREET_NAME_CHN": "克頓道",
        "AREA_DESC_ENG": "HONG KONG",
        "AREA_DESC_CHN": "香港",
        "FREE_FORMAT_ADDR_ENG": "UNIT B1 ON 10/F & ITS MAIN ROOF OF BLOCK B WISDOM COURT 5 HATTON ROAD HONG KONG ",
        "FREE_FORMAT_ADDR_CHN": NaN,
        "DEV_NAME_ENG": "WISDOM COURT",
        "DEV_NAME_CHN": "慧苑",
        "FIRST_REFERENCE_LOT_PRN": "C4366481"
    },
    {
        "PRN": "C0773000",
        "SEQ_NUM": 1,
        "BLOCK": "B",
        "FLOOR": "3",
        "FLAT": "B3",
        "HOUSE_NUM_PREFIX": 5.0,
        "STREET_NAME_ENG": "HATTON ROAD",
        "STREET_NAME_CHN": "克頓道",
        "AREA_DESC_ENG": "HONG KONG",
        "AREA_DESC_CHN": "香港",
        "FREE_FORMAT_ADDR_ENG": "UNIT B3 ON 3RD FLOOR OF BLOCK B WISDOM COURT 5 HATTON ROAD HONG KONG ",
        "FREE_FORMAT_ADDR_CHN": NaN,
        "DEV_NAME_ENG": "WISDOM COURT",
        "DEV_NAME_CHN": "慧苑",
        "FIRST_REFERENCE_LOT_PRN": "C4366481"
    },
    {
        "PRN": "C0773018",
        "SEQ_NUM": 1,
        "BLOCK": "C",
        "FLOOR": "9",
        "FLAT": "C2",
        "HOUSE_NUM_PREFIX": 5.0,
        "STREET_NAME_ENG": "HATTON ROAD",
        "STREET_NAME_CHN": "克頓道",
        "AREA_DESC_ENG": "HONG KONG",
        "AREA_DESC_CHN": "香港",
        "FREE_FORMAT_ADDR_ENG": "UNIT C2 ON 9/F OF BLOCK C WISDOM COURT NO.5 HATTON ROAD HONG KONG ",
        "FREE_FORMAT_ADDR_CHN": NaN,
        "DEV_NAME_ENG": "WISDOM COURT",
        "DEV_NAME_CHN": "慧苑",
        "FIRST_REFERENCE_LOT_PRN": "C4366481"
    },
    {
        "PRN": "C1107435",
        "SEQ_NUM": 1,
        "BLOCK": "C",
        "FLOOR": "10",
        "FLAT": "C1",
        "HOUSE_NUM_PREFIX": 5.0,
        "STREET_NAME_ENG": "HATTON ROAD",
        "STREET_NAME_CHN": "克頓道",
        "AREA_DESC_ENG": "HONG KONG",
        "AREA_DESC_CHN": "香港",
        "FREE_FORMAT_ADDR_ENG": "UNIT C1 ON 10/F AND ITS MAIN ROOF OF BLOCK C WISDOM COURT 5 HATTON ROAD HONG KONG ",
        "FREE_FORMAT_ADDR_CHN": NaN,
        "DEV_NAME_ENG": "WISDOM COURT",
        "DEV_NAME_CHN": "慧苑",
        "FIRST_REFERENCE_LOT_PRN": "C4366481"
    }
]