[
    {
        "PRN": "D1568899",
        "SEQ_NUM": 1,
        "BLOCK": "CHAY",
        "FLOOR": NaN,
        "FLAT": NaN,
        "HOUSE_NUM_PREFIX": 8.0,
        "STREET_NAME_ENG": "YAT TUNG STREET",
        "STREET_NAME_CHN": NaN,
        "AREA_DESC_ENG": "ISLANDS",
        "AREA_DESC_CHN": "離島",
        "FREE_FORMAT_ADDR_ENG": "CHAU YAT HOUSE AND TAI YAT HOUSE YAT TUNG ESTATE NO.8 YAT TUNG STREET TUNG CHUNG LANTAU ISLAND NEW TERRITORIES",
        "FREE_FORMAT_ADDR_CHN": NaN,
        "DEV_NAME_ENG": "YAT TUNG ESTATE",
        "DEV_NAME_CHN": "逸東邨",
        "FIRST_REFERENCE_LOT_PRN": "D1327784"
    },
    {
        "PRN": "D1568905",
        "SEQ_NUM": 1,
        "BLOCK": "CHIY",
        "FLOOR": NaN,
        "FLAT": NaN,
        "HOUSE_NUM_PREFIX": 8.0,
        "STREET_NAME_ENG": "YAT TUNG STREET",
        "STREET_NAME_CHN": NaN,
        "AREA_DESC_ENG": "ISLANDS",
        "AREA_DESC_CHN": "離島",
        "FREE_FORMAT_ADDR_ENG": "CHI YAT HOUSE AND SIN YAT HOUSE YAT TUNG ESTATE NO.8 YAT TUNG STREET TUNG CHUNG LANTAU ISLAND NEW TERRITORIES",
        "FREE_FORMAT_ADDR_CHN": NaN,
        "DEV_NAME_ENG": "YAT TUNG ESTATE",
        "DEV_NAME_CHN": "逸東邨",
        "FIRST_REFERENCE_LOT_PRN": "D1327784"
    },
    {
        "PRN": "D1568916",
        "SEQ_NUM": 1,
        "BLOCK": "CHUY",
        "FLOOR": NaN,
        "FLAT": NaN,
        "HOUSE_NUM_PREFIX": 8.0,
        "STREET_NAME_ENG": "YAT TUNG STREET",
        "STREET_NAME_CHN": NaN,
        "AREA_DESC_ENG": "ISLANDS",
        "AREA_DESC_CHN": "離島",
        "FREE_FORMAT_ADDR_ENG": "CHUI YAT HOUSE YAT TUNG ESTATE NO.8 YAT TUNG STREET TUNG CHUNG LANTAU ISLAND NEW TERRITORIES",
        "FREE_FORMAT_ADDR_CHN": NaN,
        "DEV_NAME_ENG": "YAT TUNG ESTATE",
        "DEV_NAME_CHN": "逸東邨",
        "FIRST_REFERENCE_LOT_PRN": "D1327784"
    },
    {
        "PRN": "D1568921",
        "SEQ_NUM": 1,
        "BLOCK": "CHYA",
        "FLOOR": NaN,
        "FLAT": NaN,
        "HOUSE_NUM_PREFIX": 8.0,
        "STREET_NAME_ENG": "YAT TUNG STREET",
        "STREET_NAME_CHN": NaN,
        "AREA_DESC_ENG": "ISLANDS",
        "AREA_DESC_CHN": "離島",
        "FREE_FORMAT_ADDR_ENG": "CHING YAT HOUSE YAT TUNG ESTATE NO.8 YAT TUNG STREET TUNG CHUNG LANTAU ISLAND NEW TERRITORIES",
        "FREE_FORMAT_ADDR_CHN": NaN,
        "DEV_NAME_ENG": "YAT TUNG ESTATE",
        "DEV_NAME_CHN": "逸東邨",
        "FIRST_REFERENCE_LOT_PRN": "D1327784"
    },
    {
        "PRN": "D1568936",
        "SEQ_NUM": 1,
        "BLOCK": "FUYA",
        "FLOOR": NaN,
        "FLAT": NaN,
        "HOUSE_NUM_PREFIX": 8.0,
        "STREET_NAME_ENG": "YAT TUNG STREET",
        "STREET_NAME_CHN": NaN,
        "AREA_DESC_ENG": "ISLANDS",
        "AREA_DESC_CHN": "離島",
        "FREE_FORMAT_ADDR_ENG": "FUK YAT HOUSE AND LUK YAT HOUSE YAT TUNG ESTATE NO.8 YAT TUNG STREET TUNG CHUNG LANTAU ISLAND NEW TERRITORIES",
        "FREE_FORMAT_ADDR_CHN": NaN,
        "DEV_NAME_ENG": "YAT TUNG ESTATE",
        "DEV_NAME_CHN": "逸東邨",
        "FIRST_REFERENCE_LOT_PRN": "D1327784"
    },
    {
        "PRN": "D1568942",
        "SEQ_NUM": 1,
        "BLOCK": "HEYA",
        "FLOOR": NaN,
        "FLAT": NaN,
        "HOUSE_NUM_PREFIX": 8.0,
        "STREET_NAME_ENG": "YAT TUNG STREET",
        "STREET_NAME_CHN": NaN,
        "AREA_DESC_ENG": "ISLANDS",
        "AREA_DESC_CHN": "離島",
        "FREE_FORMAT_ADDR_ENG": "HEUNG YAT HOUSE YAT TUNG ESTATE NO.8 YAT TUNG STREET TUNG CHUNG LANTAU ISLAND NEW TERRITORIES",
        "FREE_FORMAT_ADDR_CHN": NaN,
        "DEV_NAME_ENG": "YAT TUNG ESTATE",
        "DEV_NAME_CHN": "逸東邨",
        "FIRST_REFERENCE_LOT_PRN": "D1327784"
    },
    {
        "PRN": "D1568952",
        "SEQ_NUM": 1,
        "BLOCK": "HIYA",
        "FLOOR": NaN,
        "FLAT": NaN,
        "HOUSE_NUM_PREFIX": 8.0,
        "STREET_NAME_ENG": "YAT TUNG STREET",
        "STREET_NAME_CHN": NaN,
        "AREA_DESC_ENG": "ISLANDS",
        "AREA_DESC_CHN": "離島",
        "FREE_FORMAT_ADDR_ENG": "HIM YAT HOUSE YAT TUNG ESTATE NO.8 YAT TUNG STREET TUNG CHUNG LANTAU ISLAND NEW TERRITORIES",
        "FREE_FORMAT_ADDR_CHN": NaN,
        "DEV_NAME_ENG": "YAT TUNG ESTATE",
        "DEV_NAME_CHN": "逸東邨",
        "FIRST_REFERENCE_LOT_PRN": "D1327784"
    },
    {
        "PRN": "D1568962",
        "SEQ_NUM": 1,
        "BLOCK": "HOYA",
        "FLOOR": NaN,
        "FLAT": NaN,
        "HOUSE_NUM_PREFIX": 8.0,
        "STREET_NAME_ENG": "YAT TUNG STREET",
        "STREET_NAME_CHN": NaN,
        "AREA_DESC_ENG": "ISLANDS",
        "AREA_DESC_CHN": "離島",
        "FREE_FORMAT_ADDR_ENG": "HONG YAT HOUSE YAT TUNG ESTATE NO.8 YAT TUNG STREET TUNG CHUNG LANTAU ISLAND NEW TERRITORIES",
        "FREE_FORMAT_ADDR_CHN": NaN,
        "DEV_NAME_ENG": "YAT TUNG ESTATE",
        "DEV_NAME_CHN": "逸東邨",
        "FIRST_REFERENCE_LOT_PRN": "D1327784"
    },
    {
        "PRN": "D1568971",
        "SEQ_NUM": 1,
        "BLOCK": "KAYA",
        "FLOOR": NaN,
        "FLAT": NaN,
        "HOUSE_NUM_PREFIX": 8.0,
        "STREET_NAME_ENG": "YAT TUNG STREET",
        "STREET_NAME_CHN": NaN,
        "AREA_DESC_ENG": "ISLANDS",
        "AREA_DESC_CHN": "離島",
        "FREE_FORMAT_ADDR_ENG": "KAN YAT HOUSE YAT TUNG ESTATE NO.8 YAT TUNG STREET TUNG CHUNG LANTAU ISLAND NEW TERRITORIES",
        "FREE_FORMAT_ADDR_CHN": NaN,
        "DEV_NAME_ENG": "YAT TUNG ESTATE",
        "DEV_NAME_CHN": "逸東邨",
        "FIRST_REFERENCE_LOT_PRN": "D1327784"
    },
    {
        "PRN": "D1568987",
        "SEQ_NUM": 1,
        "BLOCK": "KIYA",
        "FLOOR": NaN,
        "FLAT": NaN,
        "HOUSE_NUM_PREFIX": 8.0,
        "STREET_NAME_ENG": "YAT TUNG STREET",
        "STREET_NAME_CHN": NaN,
        "AREA_DESC_ENG": "ISLANDS",
        "AREA_DESC_CHN": "離島",
        "FREE_FORMAT_ADDR_ENG": "KIT YAT HOUSE YAT TUNG ESTATE NO.8 YAT TUNG STREET TUNG CHUNG LANTAU ISLAND NEW TERRITORIES",
        "FREE_FORMAT_ADDR_CHN": NaN,
        "DEV_NAME_ENG": "YAT TUNG ESTATE",
        "DEV_NAME_CHN": "逸東邨",
        "FIRST_REFERENCE_LOT_PRN": "D1327784"
    },
    {
        "PRN": "D1568998",
        "SEQ_NUM": 1,
        "BLOCK": "KUYA",
        "FLOOR": NaN,
        "FLAT": NaN,
        "HOUSE_NUM_PREFIX": 8.0,
        "STREET_NAME_ENG": "YAT TUNG STREET",
        "STREET_NAME_CHN": NaN,
        "AREA_DESC_ENG": "ISLANDS",
        "AREA_DESC_CHN": "離島",
        "FREE_FORMAT_ADDR_ENG": "KUI YAT HOUSE YAT TUNG ESTATE NO.8 YAT TUNG STREET TUNG CHUNG LANTAU ISLAND NEW TERRITORIES",
        "FREE_FORMAT_ADDR_CHN": NaN,
        "DEV_NAME_ENG": "YAT TUNG ESTATE",
        "DEV_NAME_CHN": "逸東邨",
        "FIRST_REFERENCE_LOT_PRN": "D1327784"
    },
    {
        "PRN": "D1569002",
        "SEQ_NUM": 1,
        "BLOCK": "MEYA",
        "FLOOR": NaN,
        "FLAT": NaN,
        "HOUSE_NUM_PREFIX": 8.0,
        "STREET_NAME_ENG": "YAT TUNG STREET",
        "STREET_NAME_CHN": NaN,
        "AREA_DESC_ENG": "ISLANDS",
        "AREA_DESC_CHN": "離島",
        "FREE_FORMAT_ADDR_ENG": "MEI YAT HOUSE YAT TUNG ESTATE NO.8 YAT TUNG STREET TUNG CHUNG LANTAU ISLAND NEW TERRITORIES",
        "FREE_FORMAT_ADDR_CHN": NaN,
        "DEV_NAME_ENG": "YAT TUNG ESTATE",
        "DEV_NAME_CHN": "逸東邨",
        "FIRST_REFERENCE_LOT_PRN": "D1327784"
    },
    {
        "PRN": "D1569015",
        "SEQ_NUM": 1,
        "BLOCK": "MUYA",
        "FLOOR": NaN,
        "FLAT": NaN,
        "HOUSE_NUM_PREFIX": 8.0,
        "STREET_NAME_ENG": "YAT TUNG STREET",
        "STREET_NAME_CHN": NaN,
        "AREA_DESC_ENG": "ISLANDS",
        "AREA_DESC_CHN": "離島",
        "FREE_FORMAT_ADDR_ENG": "MUN YAT HOUSE YAT TUNG ESTATE NO.8 YAT TUNG STREET TUNG CHUNG LANTAU ISLAND NEW TERRITORIES",
        "FREE_FORMAT_ADDR_CHN": NaN,
        "DEV_NAME_ENG": "YAT TUNG ESTATE",
        "DEV_NAME_CHN": "逸東邨",
        "FIRST_REFERENCE_LOT_PRN": "D1327784"
    },
    {
        "PRN": "D1569029",
        "SEQ_NUM": 1,
        "BLOCK": "PIYA",
        "FLOOR": NaN,
        "FLAT": NaN,
        "HOUSE_NUM_PREFIX": 8.0,
        "STREET_NAME_ENG": "YAT TUNG STREET",
        "STREET_NAME_CHN": NaN,
        "AREA_DESC_ENG": "ISLANDS",
        "AREA_DESC_CHN": "離島",
        "FREE_FORMAT_ADDR_ENG": "PING YAT HOUSE YAT TUNG ESTATE NO.8 YAT TUNG STREET TUNG CHUNG LANTAU ISLAND NEW TERRITORIES",
        "FREE_FORMAT_ADDR_CHN": NaN,
        "DEV_NAME_ENG": "YAT TUNG ESTATE",
        "DEV_NAME_CHN": "逸東邨",
        "FIRST_REFERENCE_LOT_PRN": "D1327784"
    },
    {
        "PRN": "D1569039",
        "SEQ_NUM": 1,
        "BLOCK": "POYA",
        "FLOOR": NaN,
        "FLAT": NaN,
        "HOUSE_NUM_PREFIX": 8.0,
        "STREET_NAME_ENG": "YAT TUNG STREET",
        "STREET_NAME_CHN": NaN,
        "AREA_DESC_ENG": "ISLANDS",
        "AREA_DESC_CHN": "離島",
        "FREE_FORMAT_ADDR_ENG": "PO YAT HOUSE YAT TUNG ESTATE NO.8 YAT TUNG STREET TUNG CHUNG LANTAU ISLAND NEW TERRITORIES",
        "FREE_FORMAT_ADDR_CHN": NaN,
        "DEV_NAME_ENG": "YAT TUNG ESTATE",
        "DEV_NAME_CHN": "逸東邨",
        "FIRST_REFERENCE_LOT_PRN": "D1327784"
    },
    {
        "PRN": "D1569041",
        "SEQ_NUM": 1,
        "BLOCK": "SHYA",
        "FLOOR": NaN,
        "FLAT": NaN,
        "HOUSE_NUM_PREFIX": 8.0,
        "STREET_NAME_ENG": "YAT TUNG STREET",
        "STREET_NAME_CHN": NaN,
        "AREA_DESC_ENG": "ISLANDS",
        "AREA_DESC_CHN": "離島",
        "FREE_FORMAT_ADDR_ENG": "SHUN YAT HOUSE YAT TUNG ESTATE NO.8 YAT TUNG STREET TUNG CHUNG LANTAU ISLAND NEW TERRITORIES",
        "FREE_FORMAT_ADDR_CHN": NaN,
        "DEV_NAME_ENG": "YAT TUNG ESTATE",
        "DEV_NAME_CHN": "逸東邨",
        "FIRST_REFERENCE_LOT_PRN": "D1327784"
    },
    {
        "PRN": "D1569056",
        "SEQ_NUM": 1,
        "BLOCK": "SUYA",
        "FLOOR": NaN,
        "FLAT": NaN,
        "HOUSE_NUM_PREFIX": 8.0,
        "STREET_NAME_ENG": "YAT TUNG STREET",
        "STREET_NAME_CHN": NaN,
        "AREA_DESC_ENG": "ISLANDS",
        "AREA_DESC_CHN": "離島",
        "FREE_FORMAT_ADDR_ENG": "SUI YAT HOUSE YAT TUNG ESTATE NO.8 YAT TUNG STREET TUNG CHUNG LANTAU ISLAND NEW TERRITORIES",
        "FREE_FORMAT_ADDR_CHN": NaN,
        "DEV_NAME_ENG": "YAT TUNG ESTATE",
        "DEV_NAME_CHN": "逸東邨",
        "FIRST_REFERENCE_LOT_PRN": "D1327784"
    },
    {
        "PRN": "D1569065",
        "SEQ_NUM": 1,
        "BLOCK": "TAKY",
        "FLOOR": NaN,
        "FLAT": NaN,
        "HOUSE_NUM_PREFIX": 8.0,
        "STREET_NAME_ENG": "YAT TUNG STREET",
        "STREET_NAME_CHN": NaN,
        "AREA_DESC_ENG": "ISLANDS",
        "AREA_DESC_CHN": "離島",
        "FREE_FORMAT_ADDR_ENG": "TAK YAT HOUSE YAT TUNG ESTATE NO.8 YAT TUNG STREET TUNG CHUNG LANTAU ISLAND NEW TERRITORIES",
        "FREE_FORMAT_ADDR_CHN": NaN,
        "DEV_NAME_ENG": "YAT TUNG ESTATE",
        "DEV_NAME_CHN": "逸東邨",
        "FIRST_REFERENCE_LOT_PRN": "D1327784"
    },
    {
        "PRN": "D1569078",
        "SEQ_NUM": 1,
        "BLOCK": "YIYA",
        "FLOOR": NaN,
        "FLAT": NaN,
        "HOUSE_NUM_PREFIX": 8.0,
        "STREET_NAME_ENG": "YAT TUNG STREET",
        "STREET_NAME_CHN": NaN,
        "AREA_DESC_ENG": "ISLANDS",
        "AREA_DESC_CHN": "離島",
        "FREE_FORMAT_ADDR_ENG": "YING YAT HOUSE AND YU YAT HOUSE YAT TUNG ESTATE NO.8 YAT TUNG STREET TUNG CHUNG LANTAU ISLAND NEW TERRITORIES",
        "FREE_FORMAT_ADDR_CHN": NaN,
        "DEV_NAME_ENG": "YAT TUNG ESTATE",
        "DEV_NAME_CHN": "逸東邨",
        "FIRST_REFERENCE_LOT_PRN": "D1327784"
    },
    {
        "PRN": "D1569087",
        "SEQ_NUM": 1,
        "BLOCK": "YUEY",
        "FLOOR": NaN,
        "FLAT": NaN,
        "HOUSE_NUM_PREFIX": 8.0,
        "STREET_NAME_ENG": "YAT TUNG STREET",
        "STREET_NAME_CHN": NaN,
        "AREA_DESC_ENG": "ISLANDS",
        "AREA_DESC_CHN": "離島",
        "FREE_FORMAT_ADDR_ENG": "YUET YAT HOUSE YAT TUNG ESTATE NO.8 YAT TUNG STREET TUNG CHUNG LANTAU ISLAND NEW TERRITORIES",
        "FREE_FORMAT_ADDR_CHN": NaN,
        "DEV_NAME_ENG": "YAT TUNG ESTATE",
        "DEV_NAME_CHN": "逸東邨",
        "FIRST_REFERENCE_LOT_PRN": "D1327784"
    },
    {
        "PRN": "D1569090",
        "SEQ_NUM": 1,
        "BLOCK": "YUNY",
        "FLOOR": NaN,
        "FLAT": NaN,
        "HOUSE_NUM_PREFIX": 8.0,
        "STREET_NAME_ENG": "YAT TUNG STREET",
        "STREET_NAME_CHN": NaN,
        "AREA_DESC_ENG": "ISLANDS",
        "AREA_DESC_CHN": "離島",
        "FREE_FORMAT_ADDR_ENG": "YUNG YAT HOUSE YAT TUNG ESTATE NO.8 YAT TUNG STREET TUNG CHUNG LANTAU ISLAND NEW TERRITORIES",
        "FREE_FORMAT_ADDR_CHN": NaN,
        "DEV_NAME_ENG": "YAT TUNG ESTATE",
        "DEV_NAME_CHN": "逸東邨",
        "FIRST_REFERENCE_LOT_PRN": "D1327784"
    }
]