[
    {
        "PRN": "D1772159",
        "SEQ_NUM": 1,
        "BLOCK": "OICH",
        "FLOOR": NaN,
        "FLAT": NaN,
        "HOUSE_NUM_PREFIX": 4.0,
        "STREET_NAME_ENG": "YAU OI ROAD",
        "STREET_NAME_CHN": "友愛路",
        "AREA_DESC_ENG": "TUEN MUN",
        "AREA_DESC_CHN": "屯門",
        "FREE_FORMAT_ADDR_ENG": "OI CHI HOUSE YAU OI ESTATE NO.4 YAU OI ROAD TUEN MUN NEW TERRITORIES",
        "FREE_FORMAT_ADDR_CHN": NaN,
        "DEV_NAME_ENG": "YAU OI ESTATE",
        "DEV_NAME_CHN": "友愛邨",
        "FIRST_REFERENCE_LOT_PRN": "D1735917"
    },
    {
        "PRN": "D1772169",
        "SEQ_NUM": 1,
        "BLOCK": "OIFA",
        "FLOOR": NaN,
        "FLAT": NaN,
        "HOUSE_NUM_PREFIX": 10.0,
        "STREET_NAME_ENG": "YAU OI ROAD",
        "STREET_NAME_CHN": "友愛路",
        "AREA_DESC_ENG": "TUEN MUN",
        "AREA_DESC_CHN": "屯門",
        "FREE_FORMAT_ADDR_ENG": "OI FAI HOUSE YAU OI ESTATE NO.10 YAU OI ROAD TUEN MUN NEW TERRITORIES",
        "FREE_FORMAT_ADDR_CHN": NaN,
        "DEV_NAME_ENG": "YAU OI ESTATE",
        "DEV_NAME_CHN": "友愛邨",
        "FIRST_REFERENCE_LOT_PRN": "D1735917"
    },
    {
        "PRN": "D1772174",
        "SEQ_NUM": 1,
        "BLOCK": "OIHE",
        "FLOOR": NaN,
        "FLAT": NaN,
        "HOUSE_NUM_PREFIX": 15.0,
        "STREET_NAME_ENG": "YAU OI ROAD",
        "STREET_NAME_CHN": "友愛路",
        "AREA_DESC_ENG": "TUEN MUN",
        "AREA_DESC_CHN": "屯門",
        "FREE_FORMAT_ADDR_ENG": "OI HEI HOUSE YAU OI ESTATE NO.15 YAU OI ROAD TUEN MUN NEW TERRITORIES",
        "FREE_FORMAT_ADDR_CHN": NaN,
        "DEV_NAME_ENG": "YAU OI ESTATE",
        "DEV_NAME_CHN": "友愛邨",
        "FIRST_REFERENCE_LOT_PRN": "D1735917"
    },
    {
        "PRN": "D1772186",
        "SEQ_NUM": 1,
        "BLOCK": "OILA",
        "FLOOR": NaN,
        "FLAT": NaN,
        "HOUSE_NUM_PREFIX": 4.0,
        "STREET_NAME_ENG": "OI LAI LANE",
        "STREET_NAME_CHN": "愛禮里",
        "AREA_DESC_ENG": "TUEN MUN",
        "AREA_DESC_CHN": "屯門",
        "FREE_FORMAT_ADDR_ENG": "OI LAI HOUSE YAU OI ESTATE NO.4 OI LAI LANE TUEN MUN NEW TERRITORIES",
        "FREE_FORMAT_ADDR_CHN": NaN,
        "DEV_NAME_ENG": "YAU OI ESTATE",
        "DEV_NAME_CHN": "友愛邨",
        "FIRST_REFERENCE_LOT_PRN": "D1735917"
    },
    {
        "PRN": "D1772192",
        "SEQ_NUM": 1,
        "BLOCK": "OILI",
        "FLOOR": NaN,
        "FLAT": NaN,
        "HOUSE_NUM_PREFIX": 1.0,
        "STREET_NAME_ENG": "YAU OI ROAD",
        "STREET_NAME_CHN": "友愛路",
        "AREA_DESC_ENG": "TUEN MUN",
        "AREA_DESC_CHN": "屯門",
        "FREE_FORMAT_ADDR_ENG": "OI LIM HOUSE YAU OI ESTATE NO.1 YAU OI ROAD TUEN MUN NEW TERRITORIES",
        "FREE_FORMAT_ADDR_CHN": NaN,
        "DEV_NAME_ENG": "YAU OI ESTATE",
        "DEV_NAME_CHN": "友愛邨",
        "FIRST_REFERENCE_LOT_PRN": "D1735917"
    },
    {
        "PRN": "D1772204",
        "SEQ_NUM": 1,
        "BLOCK": "OILO",
        "FLOOR": NaN,
        "FLAT": NaN,
        "HOUSE_NUM_PREFIX": 8.0,
        "STREET_NAME_ENG": "YAU OI ROAD",
        "STREET_NAME_CHN": "友愛路",
        "AREA_DESC_ENG": "TUEN MUN",
        "AREA_DESC_CHN": "屯門",
        "FREE_FORMAT_ADDR_ENG": "OI LOK HOUSE YAU OI ESTATE NO.8 YAU OI ROAD TUEN MUN NEW TERRITORIES",
        "FREE_FORMAT_ADDR_CHN": NaN,
        "DEV_NAME_ENG": "YAU OI ESTATE",
        "DEV_NAME_CHN": "友愛邨",
        "FIRST_REFERENCE_LOT_PRN": "D1735917"
    },
    {
        "PRN": "D1772217",
        "SEQ_NUM": 1,
        "BLOCK": "OIMI",
        "FLOOR": NaN,
        "FLAT": NaN,
        "HOUSE_NUM_PREFIX": 11.0,
        "STREET_NAME_ENG": "YAU OI ROAD",
        "STREET_NAME_CHN": "友愛路",
        "AREA_DESC_ENG": "TUEN MUN",
        "AREA_DESC_CHN": "屯門",
        "FREE_FORMAT_ADDR_ENG": "OI MING HOUSE YAU OI ESTATE NO.11 YAU OI ROAD TUEN MUN NEW TERRITORIES",
        "FREE_FORMAT_ADDR_CHN": NaN,
        "DEV_NAME_ENG": "YAU OI ESTATE",
        "DEV_NAME_CHN": "友愛邨",
        "FIRST_REFERENCE_LOT_PRN": "D1735917"
    },
    {
        "PRN": "D1772224",
        "SEQ_NUM": 1,
        "BLOCK": "OISH",
        "FLOOR": NaN,
        "FLAT": NaN,
        "HOUSE_NUM_PREFIX": 1.0,
        "STREET_NAME_ENG": "OI LAI LANE",
        "STREET_NAME_CHN": "愛禮里",
        "AREA_DESC_ENG": "TUEN MUN",
        "AREA_DESC_CHN": "屯門",
        "FREE_FORMAT_ADDR_ENG": "OI SHUN HOUSE YAU OI ESTATE NO.1 OI LAI LANE TUEN MUN NEW TERRITORIES",
        "FREE_FORMAT_ADDR_CHN": NaN,
        "DEV_NAME_ENG": "YAU OI ESTATE",
        "DEV_NAME_CHN": "友愛邨",
        "FIRST_REFERENCE_LOT_PRN": "D1735917"
    },
    {
        "PRN": "D1772239",
        "SEQ_NUM": 1,
        "BLOCK": "OITA",
        "FLOOR": NaN,
        "FLAT": NaN,
        "HOUSE_NUM_PREFIX": 1.0,
        "STREET_NAME_ENG": "OI TAK LANE",
        "STREET_NAME_CHN": "愛德里",
        "AREA_DESC_ENG": "TUEN MUN",
        "AREA_DESC_CHN": "屯門",
        "FREE_FORMAT_ADDR_ENG": "OI TAK HOUSE YAU OI ESTATE NO.1 OI TAK LANE TUEN MUN NEW TERRITORIES",
        "FREE_FORMAT_ADDR_CHN": NaN,
        "DEV_NAME_ENG": "YAU OI ESTATE",
        "DEV_NAME_CHN": "友愛邨",
        "FIRST_REFERENCE_LOT_PRN": "D1735917"
    },
    {
        "PRN": "D1772242",
        "SEQ_NUM": 1,
        "BLOCK": "OIYE",
        "FLOOR": NaN,
        "FLAT": NaN,
        "HOUSE_NUM_PREFIX": 3.0,
        "STREET_NAME_ENG": "YAU OI ROAD",
        "STREET_NAME_CHN": "友愛路",
        "AREA_DESC_ENG": "TUEN MUN",
        "AREA_DESC_CHN": "屯門",
        "FREE_FORMAT_ADDR_ENG": "OI YEE HOUSE YAU OI ESTATE NO.3 YAU OI ROAD TUEN MUN NEW TERRITORIES",
        "FREE_FORMAT_ADDR_CHN": NaN,
        "DEV_NAME_ENG": "YAU OI ESTATE",
        "DEV_NAME_CHN": "友愛邨",
        "FIRST_REFERENCE_LOT_PRN": "D1735917"
    },
    {
        "PRN": "D1772254",
        "SEQ_NUM": 1,
        "BLOCK": "OIYU",
        "FLOOR": NaN,
        "FLAT": NaN,
        "HOUSE_NUM_PREFIX": 4.0,
        "STREET_NAME_ENG": "OI YUNG STREET",
        "STREET_NAME_CHN": "愛勇街",
        "AREA_DESC_ENG": "TUEN MUN",
        "AREA_DESC_CHN": "屯門",
        "FREE_FORMAT_ADDR_ENG": "OI YUNG HOUSE YAU OI ESTATE NO.4 OI YUNG STREET TUEN MUN NEW TERRITORIES",
        "FREE_FORMAT_ADDR_CHN": NaN,
        "DEV_NAME_ENG": "YAU OI ESTATE",
        "DEV_NAME_CHN": "友愛邨",
        "FIRST_REFERENCE_LOT_PRN": "D1735917"
    }
]