[
    {
        "PRN": "B1445247",
        "SEQ_NUM": 1,
        "BLOCK": "F",
        "FLOOR": "1",
        "FLAT": NaN,
        "HOUSE_NUM_PREFIX": NaN,
        "STREET_NAME_ENG": NaN,
        "STREET_NAME_CHN": NaN,
        "AREA_DESC_ENG": NaN,
        "AREA_DESC_CHN": NaN,
        "FREE_FORMAT_ADDR_ENG": "1/F INCLUDING THE BALCONY BLOCK F OF YEE HONG GARDEN S.F OF LOT NO.1546 IN DD106 YUEN LONG NEW TERRITORIES",
        "FREE_FORMAT_ADDR_CHN": NaN,
        "DEV_NAME_ENG": "YEE HONG GARDEN",
        "DEV_NAME_CHN": "怡康花園",
        "FIRST_REFERENCE_LOT_PRN": "C6246286"
    },
    {
        "PRN": "B1445564",
        "SEQ_NUM": 1,
        "BLOCK": "A",
        "FLOOR": "G",
        "FLAT": NaN,
        "HOUSE_NUM_PREFIX": NaN,
        "STREET_NAME_ENG": NaN,
        "STREET_NAME_CHN": NaN,
        "AREA_DESC_ENG": NaN,
        "AREA_DESC_CHN": NaN,
        "FREE_FORMAT_ADDR_ENG": "G/F & THE GARDEN YARD OF BLOCK A YEE HONG GARDEN 190 YUEN KONG YUEN LONG NEW TERRITORIES",
        "FREE_FORMAT_ADDR_CHN": NaN,
        "DEV_NAME_ENG": "YEE HONG GARDEN",
        "DEV_NAME_CHN": "怡康花園",
        "FIRST_REFERENCE_LOT_PRN": "C2481929"
    },
    {
        "PRN": "B1445571",
        "SEQ_NUM": 1,
        "BLOCK": "A",
        "FLOOR": "2",
        "FLAT": NaN,
        "HOUSE_NUM_PREFIX": NaN,
        "STREET_NAME_ENG": NaN,
        "STREET_NAME_CHN": NaN,
        "AREA_DESC_ENG": NaN,
        "AREA_DESC_CHN": NaN,
        "FREE_FORMAT_ADDR_ENG": "2/F & THE BALCONY & ROOF OF BLOCK A YEE HONG GARDEN 190 YUEN KONG YUEN LONG NEW TERRITORIES",
        "FREE_FORMAT_ADDR_CHN": NaN,
        "DEV_NAME_ENG": "YEE HONG GARDEN",
        "DEV_NAME_CHN": "怡康花園",
        "FIRST_REFERENCE_LOT_PRN": "C2481929"
    },
    {
        "PRN": "B1445586",
        "SEQ_NUM": 1,
        "BLOCK": "B",
        "FLOOR": "G",
        "FLAT": NaN,
        "HOUSE_NUM_PREFIX": NaN,
        "STREET_NAME_ENG": NaN,
        "STREET_NAME_CHN": NaN,
        "AREA_DESC_ENG": NaN,
        "AREA_DESC_CHN": NaN,
        "FREE_FORMAT_ADDR_ENG": "G/F INCLUDING THE GARDEN YARD BLOCK B OF YEE HONG GARDEN 191 YUEN KONG TSUEN S.B OF LOT NO. 1546 IN DD106 YUEN LONG N.T.",
        "FREE_FORMAT_ADDR_CHN": NaN,
        "DEV_NAME_ENG": "YEE HONG GARDEN",
        "DEV_NAME_CHN": "怡康花園",
        "FIRST_REFERENCE_LOT_PRN": "C5578973"
    },
    {
        "PRN": "B1445593",
        "SEQ_NUM": 1,
        "BLOCK": "B",
        "FLOOR": "1",
        "FLAT": NaN,
        "HOUSE_NUM_PREFIX": NaN,
        "STREET_NAME_ENG": NaN,
        "STREET_NAME_CHN": NaN,
        "AREA_DESC_ENG": NaN,
        "AREA_DESC_CHN": NaN,
        "FREE_FORMAT_ADDR_ENG": "1/F INCLUDING THE BALCONY BLOCK B OF YEE HONG GARDEN 191 YUEN KONG TSUEN S.B OF LOT NO. 1546 IN DD106 YUEN LONG N.T.",
        "FREE_FORMAT_ADDR_CHN": NaN,
        "DEV_NAME_ENG": "YEE HONG GARDEN",
        "DEV_NAME_CHN": "怡康花園",
        "FIRST_REFERENCE_LOT_PRN": "C5578973"
    },
    {
        "PRN": "B1445608",
        "SEQ_NUM": 1,
        "BLOCK": "B",
        "FLOOR": "2",
        "FLAT": NaN,
        "HOUSE_NUM_PREFIX": NaN,
        "STREET_NAME_ENG": NaN,
        "STREET_NAME_CHN": NaN,
        "AREA_DESC_ENG": NaN,
        "AREA_DESC_CHN": NaN,
        "FREE_FORMAT_ADDR_ENG": "2/F INCLUDING THE BALCONY & ROOF BLOCK B OF YEE HONG GARDEN 191 YUEN KONG TSUEN S.B OF LOT NO. 1546 IN DD106 YUEN LONG N.T.",
        "FREE_FORMAT_ADDR_CHN": NaN,
        "DEV_NAME_ENG": "YEE HONG GARDEN",
        "DEV_NAME_CHN": "怡康花園",
        "FIRST_REFERENCE_LOT_PRN": "C5578973"
    },
    {
        "PRN": "B1445616",
        "SEQ_NUM": 1,
        "BLOCK": "D",
        "FLOOR": "G",
        "FLAT": NaN,
        "HOUSE_NUM_PREFIX": NaN,
        "STREET_NAME_ENG": NaN,
        "STREET_NAME_CHN": NaN,
        "AREA_DESC_ENG": NaN,
        "AREA_DESC_CHN": NaN,
        "FREE_FORMAT_ADDR_ENG": "G/F INCLUDING THE GARDEN YARD BLOCK D OF YEE HONG GARDEN S.D OF LOT NO. 1546 IN DD106 YUEN LONG NEW TERRITORIES",
        "FREE_FORMAT_ADDR_CHN": NaN,
        "DEV_NAME_ENG": "YEE HONG GARDEN",
        "DEV_NAME_CHN": "怡康花園",
        "FIRST_REFERENCE_LOT_PRN": "C5578981"
    },
    {
        "PRN": "B1445785",
        "SEQ_NUM": 1,
        "BLOCK": "G",
        "FLOOR": "G",
        "FLAT": NaN,
        "HOUSE_NUM_PREFIX": NaN,
        "STREET_NAME_ENG": NaN,
        "STREET_NAME_CHN": NaN,
        "AREA_DESC_ENG": NaN,
        "AREA_DESC_CHN": NaN,
        "FREE_FORMAT_ADDR_ENG": "G/F INCLUDING THE GARDEN YARD BLOCK G OF YEE HONG GARDEN SECTION G OF LOT NO.1546 IN DD106 YUEN LONG NEW TERRITORIES",
        "FREE_FORMAT_ADDR_CHN": NaN,
        "DEV_NAME_ENG": "YEE HONG GARDEN",
        "DEV_NAME_CHN": "怡康花園",
        "FIRST_REFERENCE_LOT_PRN": "C2481950"
    },
    {
        "PRN": "B1446478",
        "SEQ_NUM": 1,
        "BLOCK": "E",
        "FLOOR": "G",
        "FLAT": NaN,
        "HOUSE_NUM_PREFIX": NaN,
        "STREET_NAME_ENG": NaN,
        "STREET_NAME_CHN": NaN,
        "AREA_DESC_ENG": NaN,
        "AREA_DESC_CHN": NaN,
        "FREE_FORMAT_ADDR_ENG": "G/F INCLUDING THE GARDEN YARD BLOCK E OF YEE HONG GARDEN SECTION E OF LOT NO.1546 IN DD106 YUEN LONG NEW TERRITORIES",
        "FREE_FORMAT_ADDR_CHN": NaN,
        "DEV_NAME_ENG": "YEE HONG GARDEN",
        "DEV_NAME_CHN": "怡康花園",
        "FIRST_REFERENCE_LOT_PRN": "C2481945"
    },
    {
        "PRN": "B1447114",
        "SEQ_NUM": 1,
        "BLOCK": "C",
        "FLOOR": "G",
        "FLAT": NaN,
        "HOUSE_NUM_PREFIX": NaN,
        "STREET_NAME_ENG": NaN,
        "STREET_NAME_CHN": NaN,
        "AREA_DESC_ENG": NaN,
        "AREA_DESC_CHN": NaN,
        "FREE_FORMAT_ADDR_ENG": "G/F INCLUDING THE GARDEN YARD BLK C OF YEE HONG GARDEN S.C OF LOT NO.1546 IN DD106 NO.192 YUEN KONG TSUEN YUEN LONG NEW TERRITORIES",
        "FREE_FORMAT_ADDR_CHN": NaN,
        "DEV_NAME_ENG": "YEE HONG GARDEN",
        "DEV_NAME_CHN": "怡康花園",
        "FIRST_REFERENCE_LOT_PRN": "C2481933"
    },
    {
        "PRN": "B1447122",
        "SEQ_NUM": 1,
        "BLOCK": "C",
        "FLOOR": "2",
        "FLAT": NaN,
        "HOUSE_NUM_PREFIX": NaN,
        "STREET_NAME_ENG": NaN,
        "STREET_NAME_CHN": NaN,
        "AREA_DESC_ENG": NaN,
        "AREA_DESC_CHN": NaN,
        "FREE_FORMAT_ADDR_ENG": "2/F INCLUDING THE BALCONY & ROOF BLK C OF YEE HONG GARDEN S.C OF LOT NO.1546 IN DD106 NO.192 YUEN KONG TSUEN YUEN LONG NEW TERRITORIES",
        "FREE_FORMAT_ADDR_CHN": NaN,
        "DEV_NAME_ENG": "YEE HONG GARDEN",
        "DEV_NAME_CHN": "怡康花園",
        "FIRST_REFERENCE_LOT_PRN": "C2481933"
    },
    {
        "PRN": "B4805875",
        "SEQ_NUM": 1,
        "BLOCK": "A",
        "FLOOR": "1",
        "FLAT": NaN,
        "HOUSE_NUM_PREFIX": NaN,
        "STREET_NAME_ENG": NaN,
        "STREET_NAME_CHN": NaN,
        "AREA_DESC_ENG": NaN,
        "AREA_DESC_CHN": NaN,
        "FREE_FORMAT_ADDR_ENG": "1/F & THE BALCONY OF BLOCK A YEE HONG GARDEN 190 YUEN KONG YUEN LONG NEW TERRITORIES",
        "FREE_FORMAT_ADDR_CHN": NaN,
        "DEV_NAME_ENG": "YEE HONG GARDEN",
        "DEV_NAME_CHN": "怡康花園",
        "FIRST_REFERENCE_LOT_PRN": "C2481929"
    },
    {
        "PRN": "B4805936",
        "SEQ_NUM": 1,
        "BLOCK": "G",
        "FLOOR": "1",
        "FLAT": NaN,
        "HOUSE_NUM_PREFIX": NaN,
        "STREET_NAME_ENG": NaN,
        "STREET_NAME_CHN": NaN,
        "AREA_DESC_ENG": NaN,
        "AREA_DESC_CHN": NaN,
        "FREE_FORMAT_ADDR_ENG": "1/F INCLUDING THE BALCONY BLOCK G OF YEE HONG GARDEN SECTION G OF LOT NO.1546 IN DD106 YUEN LONG NEW TERRITORIES",
        "FREE_FORMAT_ADDR_CHN": NaN,
        "DEV_NAME_ENG": "YEE HONG GARDEN",
        "DEV_NAME_CHN": "怡康花園",
        "FIRST_REFERENCE_LOT_PRN": "C2481950"
    },
    {
        "PRN": "B4806061",
        "SEQ_NUM": 1,
        "BLOCK": "E",
        "FLOOR": "1",
        "FLAT": NaN,
        "HOUSE_NUM_PREFIX": NaN,
        "STREET_NAME_ENG": NaN,
        "STREET_NAME_CHN": NaN,
        "AREA_DESC_ENG": NaN,
        "AREA_DESC_CHN": NaN,
        "FREE_FORMAT_ADDR_ENG": "1/F INCLUDING THE BALCONY BLOCK E OF YEE HONG GARDEN SECTION E OF LOT NO.1546 IN DD106 YUEN LONG NEW TERRITORIES",
        "FREE_FORMAT_ADDR_CHN": NaN,
        "DEV_NAME_ENG": "YEE HONG GARDEN",
        "DEV_NAME_CHN": "怡康花園",
        "FIRST_REFERENCE_LOT_PRN": "C2481945"
    },
    {
        "PRN": "B5671728",
        "SEQ_NUM": 1,
        "BLOCK": "C",
        "FLOOR": "1",
        "FLAT": NaN,
        "HOUSE_NUM_PREFIX": NaN,
        "STREET_NAME_ENG": NaN,
        "STREET_NAME_CHN": NaN,
        "AREA_DESC_ENG": NaN,
        "AREA_DESC_CHN": NaN,
        "FREE_FORMAT_ADDR_ENG": "1/F INCLUDING THE BALCONY BLK C OF YEE HONG GARDEN S.C OF LOT NO.1546 IN DD106 NO.192 YUEN KONG TSUEN YUEN LONG NEW TERRITORIES",
        "FREE_FORMAT_ADDR_CHN": NaN,
        "DEV_NAME_ENG": "YEE HONG GARDEN",
        "DEV_NAME_CHN": "怡康花園",
        "FIRST_REFERENCE_LOT_PRN": "C2481933"
    },
    {
        "PRN": "B7491632",
        "SEQ_NUM": 1,
        "BLOCK": "D",
        "FLOOR": "2",
        "FLAT": NaN,
        "HOUSE_NUM_PREFIX": NaN,
        "STREET_NAME_ENG": NaN,
        "STREET_NAME_CHN": NaN,
        "AREA_DESC_ENG": NaN,
        "AREA_DESC_CHN": NaN,
        "FREE_FORMAT_ADDR_ENG": "2/F INCLUDING THE BALCONY & ROOF BLOCK D OF YEE HONG GARDEN S.D OF LOT NO. 1546 IN DD106 YUEN LONG NEW TERRITORIES",
        "FREE_FORMAT_ADDR_CHN": NaN,
        "DEV_NAME_ENG": "YEE HONG GARDEN",
        "DEV_NAME_CHN": "怡康花園",
        "FIRST_REFERENCE_LOT_PRN": "C5578981"
    },
    {
        "PRN": "C0173229",
        "SEQ_NUM": 1,
        "BLOCK": "F",
        "FLOOR": "2",
        "FLAT": NaN,
        "HOUSE_NUM_PREFIX": NaN,
        "STREET_NAME_ENG": NaN,
        "STREET_NAME_CHN": NaN,
        "AREA_DESC_ENG": NaN,
        "AREA_DESC_CHN": NaN,
        "FREE_FORMAT_ADDR_ENG": "2/F INCLUDING THE BALCONY & ROOF OF S.F OF LOT NO.1546 IN DD106 BLOCK F OF YEE HONG GARDEN YUEN LONG NEW TERRITORIES.",
        "FREE_FORMAT_ADDR_CHN": NaN,
        "DEV_NAME_ENG": "YEE HONG GARDEN",
        "DEV_NAME_CHN": "怡康花園",
        "FIRST_REFERENCE_LOT_PRN": "C6246286"
    },
    {
        "PRN": "C0173397",
        "SEQ_NUM": 1,
        "BLOCK": "E",
        "FLOOR": "2",
        "FLAT": NaN,
        "HOUSE_NUM_PREFIX": NaN,
        "STREET_NAME_ENG": NaN,
        "STREET_NAME_CHN": NaN,
        "AREA_DESC_ENG": NaN,
        "AREA_DESC_CHN": NaN,
        "FREE_FORMAT_ADDR_ENG": "2/F INCLUDING THE BALCONY & ROOF BLOCK E OF YEE HONG GARDEN SECTION E OF LOT NO.1546 IN DD106 YUEN LONG NEW TERRITORIES",
        "FREE_FORMAT_ADDR_CHN": NaN,
        "DEV_NAME_ENG": "YEE HONG GARDEN",
        "DEV_NAME_CHN": "怡康花園",
        "FIRST_REFERENCE_LOT_PRN": "C2481945"
    },
    {
        "PRN": "C0703130",
        "SEQ_NUM": 1,
        "BLOCK": "F",
        "FLOOR": "G",
        "FLAT": NaN,
        "HOUSE_NUM_PREFIX": NaN,
        "STREET_NAME_ENG": NaN,
        "STREET_NAME_CHN": NaN,
        "AREA_DESC_ENG": NaN,
        "AREA_DESC_CHN": NaN,
        "FREE_FORMAT_ADDR_ENG": "G/F INCLUDING THE GARDEN YARD BLOCK F OF YEE HONG GARDEN S.F OF LOT NO.1546 IN DD106 YUEN LONG NEW TERRITORIES",
        "FREE_FORMAT_ADDR_CHN": NaN,
        "DEV_NAME_ENG": "YEE HONG GARDEN",
        "DEV_NAME_CHN": "怡康花園",
        "FIRST_REFERENCE_LOT_PRN": "C6246286"
    },
    {
        "PRN": "C0703168",
        "SEQ_NUM": 1,
        "BLOCK": "G",
        "FLOOR": "2",
        "FLAT": NaN,
        "HOUSE_NUM_PREFIX": NaN,
        "STREET_NAME_ENG": NaN,
        "STREET_NAME_CHN": NaN,
        "AREA_DESC_ENG": NaN,
        "AREA_DESC_CHN": NaN,
        "FREE_FORMAT_ADDR_ENG": "2/F INCLUDING THE BALCONY & ROOF BLOCK G OF YEE HONG GARDEN SECTION G OF LOT NO.1546 IN DD106 YUEN LONG NEW TERRITORIES",
        "FREE_FORMAT_ADDR_CHN": NaN,
        "DEV_NAME_ENG": "YEE HONG GARDEN",
        "DEV_NAME_CHN": "怡康花園",
        "FIRST_REFERENCE_LOT_PRN": "C2481950"
    },
    {
        "PRN": "C1037093",
        "SEQ_NUM": 1,
        "BLOCK": "D",
        "FLOOR": "1",
        "FLAT": NaN,
        "HOUSE_NUM_PREFIX": NaN,
        "STREET_NAME_ENG": NaN,
        "STREET_NAME_CHN": NaN,
        "AREA_DESC_ENG": NaN,
        "AREA_DESC_CHN": NaN,
        "FREE_FORMAT_ADDR_ENG": "1/F INCLUDING THE BALCONY BLOCK D OF YEE HONG GARDEN S.D OF LOT NO. 1546 IN DD106 YUEN LONG NEW TERRITORIES",
        "FREE_FORMAT_ADDR_CHN": NaN,
        "DEV_NAME_ENG": "YEE HONG GARDEN",
        "DEV_NAME_CHN": "怡康花園",
        "FIRST_REFERENCE_LOT_PRN": "C5578981"
    }
]